Boylam,Enlem,YANGIN_DURUMU,score_probability_mlp,rank_probability_mlp,score_topsis_pi,rank_topsis_pi,score_topsis_shap,rank_topsis_shap,score_topsis_equal,rank_topsis_equal,score_topsis_entropy,rank_topsis_entropy,score_topsis_critic,rank_topsis_critic,score_vikor_pi,rank_vikor_pi,score_vikor_shap,rank_vikor_shap,score_vikor_equal,rank_vikor_equal,score_vikor_entropy,rank_vikor_entropy,score_vikor_critic,rank_vikor_critic
5987750.0,1752550.0,1,0.9999999975187439,549,0.8927349864270728,586,0.7436897162843403,75,0.6357481491213931,182,0.6680921630261939,1,0.6372717053376084,19,0.9620581285694179,654,0.927922499142862,358,0.7856856958192655,89,0.9687617185691988,2,0.839955594871222,171
5988250.0,1754550.0,1,0.9999999999940814,161,0.8921849767355439,609,0.7341665322368569,229,0.6137691802800721,866,0.6553958139972502,2,0.6186064678381666,71,0.9644388484079199,539,0.9362636782085235,207,0.6909629073469015,224,0.979804376423907,1,0.9322577927796318,33
5988950.0,1754150.0,1,0.9999999997599829,378,0.8917373343260611,637,0.7374677863084043,175,0.6333862314439898,235,0.6520238248130978,3,0.6436901205265088,10,0.9606641213550902,727,0.9237582910367155,470,0.8310750650808969,41,0.8814184997260847,24,0.8521972653462973,135
5989950.0,1754850.0,0,7.48761764192696e-12,19025,0.40826517729366557,16857,0.4439833623727172,15332,0.6341049738411518,217,0.6369590552435174,4,0.6254056827413631,42,0.40810638881460204,15895,0.4896366256564457,12449,0.6083057562943481,486,0.9171336318763238,10,0.6393046848707677,3214
6003250.0,1760450.0,0,4.953159564144466e-08,15166,0.5341738449438881,10656,0.511375179533663,9155,0.5974245449169768,2212,0.6346126230028507,5,0.5845370973317039,345,0.5104170846246893,11246,0.5636014115410972,8266,0.5387693689970408,962,0.8640428475798203,34,0.7409700795806096,1031
5988250.0,1752050.0,1,0.9999999999378513,295,0.8977559380294233,258,0.7438345979696419,74,0.6167377404002111,732,0.634575051559164,6,0.6209587225233203,60,0.975129719075849,119,0.9329085544614482,262,0.784216243575551,92,0.9230936538176123,6,0.8345042811270345,199
5988050.0,1752050.0,1,0.9999999994923776,433,0.891857541387894,628,0.7382904718351797,156,0.6187750628698477,662,0.6340862295732583,7,0.6220707247671119,56,0.9611903682403281,703,0.9251044681217488,428,0.7852017133131738,90,0.9289504707984991,5,0.836427715464485,190
5988150.0,1752050.0,1,0.9999999999433051,291,0.8976133236132201,269,0.7436028544011969,76,0.6208583541487559,590,0.633140708365553,8,0.6292916730302015,36,0.9753341131134207,115,0.9342475527625643,238,0.7481306106370982,137,0.9296852690446162,4,0.8493546023206695,141
5988150.0,1751950.0,0,7.977792184468538e-10,17159,0.46685096711729923,13906,0.48118250012949504,11995,0.6142972775064445,845,0.6295549402050005,9,0.6039084008250584,182,0.43492250871448146,14694,0.49237050374185576,12296,0.5152951221478962,1284,0.8895479218887407,16,0.6824432368767479,2095
5987950.0,1754150.0,0,0.00025711650438571635,8732,0.6649314792187382,4069,0.5589892540984761,5230,0.5988691379936555,2026,0.6287838816434717,10,0.601695615460309,195,0.646995839183985,5054,0.645022186294398,4639,0.3408771069452654,7352,0.8803493100861289,26,0.798774309677698,396
5988950.0,1753650.0,1,0.9999999998471818,339,0.8920020521083166,617,0.7403926969864649,120,0.6398033542592279,123,0.6287653558142203,11,0.6069993290829946,154,0.959139698139174,813,0.9166179740941516,665,0.6523226466998302,322,0.7146652181319931,463,0.5090902875911689,8074
5988050.0,1752650.0,1,0.999999998965956,490,0.8914120625699862,655,0.729046616289276,320,0.589762568289007,3446,0.6261239289466066,12,0.5902673861621534,281,0.9602438115017765,756,0.9187548215785034,607,0.5784430601002629,645,0.9173878368677535,9,0.8165937466621321,285
5988950.0,1756250.0,1,0.9999999999999263,14,0.8926371204043374,591,0.7562913676992361,9,0.6561223937031734,21,0.6249490156787638,13,0.6562350272555404,3,0.9700204469056519,273,0.940850978991672,164,0.9632295233379009,4,0.9391424226008136,3,0.9626846717518,8
6008950.0,1765050.0,0,1.0653977173719695e-05,11816,0.3098784209307306,21184,0.3933772203275349,18958,0.5747195626928762,6843,0.6210579669889553,14,0.5113991036608264,5470,0.3004917416396794,20496,0.3577561459830776,19416,0.2908059486687643,10632,0.5647268759564478,2230,0.2512172229070746,15901
5987250.0,1750850.0,0,0.0001954120806430401,9037,0.3945973600199718,17510,0.4973288575587298,10443,0.632942131044516,247,0.6167013241897493,15,0.626096208058793,41,0.38808324983528486,16819,0.47493831861254643,13312,0.664334447513335,285,0.8239470021411053,78,0.7981755137833121,402
5987050.0,1752250.0,1,0.9999999532845907,773,0.898459290719396,198,0.7275258486784526,354,0.613643367643506,876,0.6164363485191553,16,0.621290556249475,58,0.9704407330468381,253,0.9392966186498015,174,0.604786192136553,505,0.9065161425048708,12,0.8384984384520637,178
5988850.0,1754250.0,0,4.1787262263531225e-09,16420,0.6243178413625735,6163,0.5638895676089963,4909,0.6139842068484521,856,0.6160001223068666,17,0.6093235130389568,136,0.6064230460332041,6902,0.6356068680938485,5031,0.5605737163182285,769,0.8539564623062357,44,0.6820587369739378,2102
5989850.0,1756450.0,1,0.9999999999996352,43,0.8920928085884342,614,0.752206289664048,25,0.6541676360844891,28,0.6073687962367293,18,0.6542912631824466,5,0.9694967039747981,295,0.9385526888064788,182,0.8687911254431295,12,0.9073955251319628,11,0.9501171332772702,17
6031750.0,1712450.0,0,0.0011933319650634018,7118,0.5543262795972377,9741,0.5833009026551517,3670,0.614203528408546,848,0.6068405755966839,19,0.5658645597095139,668,0.5485961051546323,9581,0.5983740801690732,6602,0.4155504840513845,3900,0.608760478289069,1501,0.32856932542652717,13212
5987250.0,1751750.0,1,0.9999998633809555,874,0.8986227803492742,188,0.7288116102803839,327,0.6349324564776824,195,0.6060924741051916,20,0.6261157347211341,40,0.9696505751051935,288,0.9355506211880605,220,0.6000025336134049,525,0.8431215332164068,54,0.8202574198352355,270
5987750.0,1755550.0,0,0.07315087596698563,3020,0.6738910635225174,3626,0.6502537215931641,1510,0.6504209054656646,39,0.6028822299876586,21,0.6535410936693797,6,0.6891753795468467,3246,0.7530001531494146,1868,0.8233627074685999,51,0.9204364487949155,7,0.9452858272656645,22
6000950.0,1768050.0,0,0.00011280675161904214,9603,0.44976326877120393,14770,0.4867321612230235,11465,0.5542020621965593,13726,0.6020115525663219,22,0.5822494928798677,370,0.43599182749843535,14644,0.49175193219362345,12329,0.38584481475338217,5142,0.8837481418988601,22,0.853436872462706,133
6003550.0,1760750.0,0,1.333277431463629e-07,14631,0.6970887843792194,2668,0.6104291864815177,2473,0.5983051267658934,2099,0.6005650954869801,23,0.5906308716458165,275,0.6975158846025858,2946,0.7254630565955592,2253,0.5687648864858458,714,0.8960155924958467,14,0.8093840041783661,338
5987150.0,1750950.0,0,6.012380432844944e-06,12252,0.5161925816886536,11522,0.5512638722148046,5793,0.634246475568677,214,0.599460910850545,24,0.6160793057783824,83,0.5337692260735234,10241,0.5855354019174306,7201,0.5731422980333053,682,0.8269419557348126,75,0.7802781570596642,549
5989050.0,1756250.0,1,0.9999999999999243,15,0.8918720163421121,626,0.7586919997514757,6,0.6537361904473389,31,0.599073787846806,25,0.6608714796149334,1,0.9700088621418286,274,0.9444329578274435,138,0.8005909935231479,73,0.8803586380798133,25,0.9703973091483503,4
6034050.0,1711050.0,0,0.006614192768405587,5332,0.7347200485327818,1728,0.6994829675922324,936,0.6591391874331508,15,0.5969189669231744,26,0.659381555663423,2,0.7735578002310526,1605,0.8224969920881602,1365,0.5760337221001953,666,0.8857999950608562,21,0.5728000020865377,5699
6003450.0,1760450.0,0,2.3214744098417552e-07,14329,0.4055590154310146,16996,0.41878566130078126,17350,0.5677660460758325,8787,0.5967043806624065,27,0.575835565526516,465,0.372907071828358,17541,0.4041972431006895,17378,0.30373195294039723,9707,0.8654932344135634,33,0.8029884108632461,372
5989050.0,1756850.0,0,7.584717954485822e-12,19023,0.3334754112951424,20440,0.4028018190265491,18439,0.6378113927099743,146,0.5965210783905163,28,0.6045858006772253,179,0.31002839646588,20171,0.39623449817406087,17762,0.5300504312306693,1075,0.8892142851972114,17,0.5826206121039639,5297
5988650.0,1754050.0,1,0.9999999999480447,284,0.8909825248752811,680,0.7405225417672975,118,0.62690251479305,413,0.5963725636745064,29,0.6396799153426224,16,0.96030641160807,750,0.9250562169325547,431,0.8259813301090423,48,0.8761722064513269,28,0.8455268217670331,153
5989950.0,1753450.0,1,0.9999999999782196,238,0.8964046675318523,374,0.7337939188590114,238,0.6107310717961826,1030,0.5959019052446075,30,0.610174884328827,124,0.9718385957481385,214,0.9201551233701183,564,0.7870517123729961,87,0.7855179118202085,161,0.8134161988591637,312
6001450.0,1769550.0,0,0.00010637702617691106,9664,0.5942585951882655,7625,0.5582649864044585,5295,0.5261482027236113,20276,0.5945595464133289,31,0.5045990252940715,6728,0.583333345312366,7960,0.618902741209503,5715,0.36039640534660566,6314,0.7561130948082133,244,0.5494354767131672,6624
5988050.0,1754250.0,1,0.9999999999995841,46,0.8918195105158462,630,0.7397970568432217,127,0.6273490104274032,397,0.5944696670118166,32,0.6334790017953836,25,0.9645003790887235,534,0.9389595391721098,178,0.860934541077986,19,0.9182513765383922,8,0.9777873078016167,3
5988650.0,1754250.0,0,1.1513959324645944e-16,21473,0.4242959995434038,16029,0.4256644960495156,16827,0.5831126711329735,4794,0.5940988631731531,33,0.5742093290178003,490,0.40079959053532654,16240,0.4634101265061751,13974,0.39619317435592305,4688,0.8565659616054881,41,0.5306610345819406,7335
5988250.0,1753950.0,1,0.9999999999453819,289,0.8908530678318699,690,0.7383272092321119,154,0.6256295259357106,452,0.5935271163418605,34,0.6388387011249826,17,0.9602714455416229,752,0.924637696900561,441,0.8289490868637355,44,0.8630822874629931,36,0.8513966435185029,138
5987250.0,1751650.0,1,0.9999998610318177,876,0.8978943105695808,240,0.7228584780320574,466,0.6155944840297765,778,0.5911088938370224,35,0.6071787461610842,152,0.9688265594977872,340,0.9318484715485862,286,0.5867086654942991,588,0.8403512359679697,55,0.8124106516662648,317
5988050.0,1753550.0,0,3.908198858305923e-10,17485,0.6892286081095375,2979,0.5956521016957185,3041,0.6226556939123649,535,0.5880374250537357,36,0.5855807495563605,329,0.6977275557057863,2938,0.6397925268775648,4880,0.6607114718959157,294,0.7447270442483318,297,0.5366643940934537,7124
5983450.0,1761450.0,0,2.4356854440972624e-10,17709,0.42620495923215024,15930,0.4348587654582281,16091,0.5693999697675252,8352,0.5880325125807966,37,0.557216668205135,930,0.3867563812732089,16876,0.431874011859102,15841,0.47786852001087154,2017,0.8133229052017497,91,0.5881568676361091,5058
5987650.0,1754150.0,1,0.9999999999999047,20,0.8917968185592781,632,0.7378205186490663,169,0.6265163867382959,423,0.5879112594530114,38,0.6049878787850428,176,0.9628039169284703,623,0.9315887222256974,290,0.8283909186893595,45,0.8356792218128042,61,0.7397434088890822,1046
5986250.0,1750550.0,0,4.630617268881376e-09,16381,0.4118209102315595,16672,0.4584464049800136,14031,0.6255286385841655,456,0.5850268132303676,39,0.6127390045259619,107,0.412404072311779,15699,0.48425799649055823,12762,0.6745671854311794,256,0.8376124634362923,58,0.7204612531485308,1372
6034750.0,1717450.0,0,4.005241231854775e-16,21348,0.6742670819852313,3609,0.5392450035937242,6736,0.6254503260780683,459,0.584100101438719,40,0.5614443075554032,778,0.6603680131907717,4453,0.537689002531439,9657,0.24234455143433498,14188,0.6174351442911902,1386,0.3199699602454765,13435
5986550.0,1752650.0,1,0.9999999998063658,355,0.8989301996560058,160,0.7367033168361158,189,0.6010338589923014,1800,0.5832691055225669,41,0.6060869734817487,163,0.9703716023644451,255,0.9414083995313984,156,0.6692829394711324,272,0.8487994994929196,46,0.8362895917012486,191
5988350.0,1753550.0,1,0.9999999998743216,325,0.8912438283605225,665,0.7361789925523085,198,0.6176086013339953,701,0.5825114943088503,42,0.5747375985521865,482,0.9582313522490365,864,0.9125438271819495,788,0.421362169100276,3692,0.6048585120074562,1551,0.3678360108010793,12227
5987850.0,1752250.0,0,3.3778267660616545e-05,10823,0.5721723977789801,8790,0.5651878401263555,4828,0.5971220867900052,2261,0.5807609961411843,43,0.5913005298164604,267,0.556318519508944,9224,0.6049224953867188,6330,0.5025835806975592,1508,0.8825776102367592,23,0.7645329580311157,734
5987250.0,1751450.0,1,0.999999999171181,476,0.8991073136321303,148,0.7500712508111383,33,0.6539842847594779,29,0.5804944586659117,44,0.6375303493803725,18,0.9664251357017231,436,0.9365620205506577,202,0.8588295766897762,21,0.8390154955591926,56,0.8262866299601805,238
6007350.0,1764250.0,0,3.0943351088064187e-09,16569,0.5473893517030807,10057,0.5043148148097326,9809,0.6040911617768351,1476,0.5804836575001232,45,0.5518232820411743,1136,0.5166816700344773,10975,0.5413647823880393,9451,0.5079575831549066,1415,0.6876276288474018,649,0.5345899144646764,7192
5987850.0,1750450.0,0,0.00019400829890501954,9053,0.5095087303967701,11836,0.5157433742192655,8782,0.5975473654071846,2191,0.5803886701355537,46,0.5774008251320648,434,0.5032805068538981,11561,0.5534361231601339,8796,0.5836063645088004,612,0.7263157110877179,390,0.7508883330820433,897
5993650.0,1748950.0,1,0.9999999997282192,387,0.8902717461180938,729,0.7325583498056875,259,0.6565760197006281,20,0.5799584359652317,47,0.6411128298945389,12,0.9646915508216415,523,0.9158756672030102,693,0.7315559248111523,167,0.7595965279954449,235,0.8491887638856375,142
5993750.0,1749250.0,0,1.9135722403488943e-05,11368,0.4427208580881448,15103,0.48652545320596985,11487,0.650112936961447,42,0.5792689853660244,48,0.6432392647519066,11,0.42084405328396346,15326,0.47724218543462704,13181,0.6291274218225457,402,0.7824286924863613,168,0.79463291722241,427
5989750.0,1753750.0,1,0.9999999999913973,176,0.895589754357645,428,0.732083604550652,272,0.6038858073093192,1496,0.5792610192622178,49,0.6138691661720354,100,0.9718931694388077,213,0.9224119636989205,508,0.7737645276635315,104,0.7957808432967513,130,0.8338202752241878,202
5993550.0,1748950.0,0,0.004085990024175717,5827,0.6108194541128993,6817,0.5773225451138949,4036,0.6389776433980574,132,0.5792502509853071,50,0.6112135815949788,116,0.6232442755811645,6165,0.6678646394015284,3800,0.6471618597230006,339,0.7131131817349085,475,0.7778918964895817,575
5987950.0,1754550.0,1,0.9999999999965457,130,0.8913979280453685,656,0.7217401021485662,496,0.585325065200605,4325,0.5785078271188852,51,0.5775498472626628,430,0.9626747124690209,630,0.9255390871493231,415,0.5203611515130004,1211,0.8630018261147472,37,0.8711710329626694,103
5984850.0,1753050.0,0,1.1836414595503105e-07,14700,0.6182164055709053,6472,0.5685768948586589,4604,0.6324194050019203,264,0.5774195089877375,52,0.6111872771645289,117,0.6174308539369766,6418,0.6517201637700283,4397,0.36027630325255877,6323,0.8361150700804885,60,0.5589357357002811,6237
5987450.0,1753750.0,1,0.9999999993752633,451,0.8984364618777807,201,0.7389074985655428,140,0.6100008776488689,1066,0.5762515064944254,53,0.6033200010180979,184,0.964125384612473,553,0.9260531836463664,400,0.7419616274836924,146,0.8559582018897383,42,0.8061290944805871,351
5908750.0,1758950.0,0,1.309747463540071e-12,19618,0.5170393170256047,11488,0.4681963173630263,13166,0.6246444411174124,482,0.5756795372789127,54,0.5913439925648478,266,0.48904253678835463,12207,0.4874977233804658,12591,0.3914519838938132,4869,0.7993088657353654,122,0.5124560765779309,7948
5987650.0,1753950.0,0,3.396290132385451e-06,12641,0.43219539561374914,15610,0.4691487913647801,13078,0.6037205796987997,1514,0.5736631005643541,55,0.5851952609427757,336,0.4366119158763022,14624,0.4982911745448133,11932,0.6313231878021318,392,0.8292530659067806,71,0.7226407258736178,1321
5988250.0,1752150.0,1,0.999999999988191,195,0.8964427235471784,368,0.7428663670222855,82,0.6108808889907051,1020,0.5734622876998089,56,0.6122348684802857,112,0.9741051677120863,143,0.9309123592485093,305,0.7164708133442397,180,0.8139467271651087,89,0.8262134456701243,239
5988350.0,1754450.0,1,0.9999999999990703,72,0.8919217809088458,624,0.733350612458772,246,0.6099569790971847,1069,0.5719131028681073,57,0.6065545157121208,157,0.9638440256437915,573,0.932897085634562,263,0.8111354890765097,63,0.888406581351367,18,0.9538245899470664,11
6000550.0,1768250.0,0,0.01334226632792835,4638,0.6976241505715267,2653,0.6216802497774585,2094,0.555132186535985,13245,0.5719066537914846,58,0.5674595017099423,629,0.7072428498172618,2628,0.7416252840110068,2020,0.43637166944768524,3160,0.8960548834601586,13,0.8490968710150307,144
5990350.0,1749150.0,0,0.0021764035946334782,6477,0.634144483985818,5644,0.627949549290231,1944,0.6347200545839621,197,0.5710088656490645,59,0.6309510518122932,32,0.6487446888608794,4978,0.7050067108354549,2687,0.7849288154716599,91,0.7896352077301728,148,0.8118337592442555,320
6005250.0,1766150.0,0,2.5116044780114135e-13,20150,0.40939444865306174,16792,0.4152726495855435,17599,0.5801709776769338,5477,0.5703740347471573,60,0.5310590438508473,2698,0.3759925781502017,17397,0.4284712059432897,16042,0.37238014817917675,5718,0.661050824449589,888,0.42361372838129996,10723
5987250.0,1751550.0,1,0.9999998470295789,887,0.8963217642321929,381,0.7198212042825566,538,0.6112410642691355,1002,0.5701194516385584,61,0.5991622715761737,218,0.9633569236617233,599,0.9206631287329182,546,0.578685819286638,644,0.8170668749437161,85,0.8031359709729173,370
5988450.0,1752150.0,1,0.999999999242315,472,0.8923099701839654,599,0.7400306077111948,123,0.6271055751300046,404,0.5701018310847796,62,0.6030515851830325,187,0.9604774896011856,737,0.9185063025851005,614,0.8255751526272792,49,0.8670208170328204,31,0.7766685684357459,596
5987650.0,1752050.0,1,0.9999999998487012,337,0.8897976562830887,767,0.7227096316447084,471,0.5897456026972333,3452,0.5699343331805858,63,0.5898632851214268,288,0.9588425618766356,836,0.9153001596825686,709,0.5565981154749748,800,0.8327944143649637,64,0.8232325076633696,259
5985150.0,1752750.0,1,0.9999993078926465,1051,0.8993039087024308,141,0.745716699614368,61,0.6363363019494747,172,0.5691405480443917,64,0.614601793017675,95,0.9680864688460856,372,0.9331558421073494,257,0.4110433603617266,4087,0.7957896632302525,129,0.5913358766559442,4918
5989850.0,1756350.0,1,0.9999999999997238,34,0.8919508778695554,620,0.7484533532545063,39,0.6462171060849936,66,0.5691257924326881,65,0.6406918530610347,14,0.969114742266275,319,0.9349141981000549,227,0.8621278351006644,16,0.8904672983900271,15,0.9468744111424192,20
5989750.0,1754450.0,0,1.951354108617756e-05,11345,0.6096484678577646,6871,0.5799687169370368,3869,0.5941039191373337,2694,0.5689712645108996,66,0.605880507846309,170,0.5938313246973518,7477,0.6388501618257318,4911,0.5465135301975165,896,0.8030263643205079,113,0.7783513629712815,570
5987950.0,1751650.0,0,0.00023444684570863295,8830,0.6123555776101939,6737,0.5769141624841876,4058,0.5894351225045967,3496,0.5687241293095702,67,0.5835394544414115,354,0.6249486280030392,6071,0.6690476529769473,3760,0.5705249159385299,701,0.8140476108608721,88,0.7792866663200695,562
6035650.0,1710450.0,0,3.8029244973581097e-07,14037,0.4124795115316455,16647,0.5000410711619387,10212,0.6299019536428999,328,0.5686528843520848,68,0.6187850132191567,70,0.42960459602429013,14929,0.5069863733533125,11404,0.5183817983867705,1239,0.829267241358119,70,0.5206717379378691,7688
6008650.0,1732150.0,0,0.004615218243262856,5712,0.6080468307386239,6964,0.5878491272931461,3423,0.5906852690271946,3276,0.5674591860437186,69,0.582993862973049,359,0.6185158805352385,6368,0.6641413266208708,3932,0.5088350199331967,1400,0.7365319114489921,326,0.7884865965213923,475
5988950.0,1754050.0,1,0.9999999998482045,338,0.8910596932383386,673,0.7301003840029412,303,0.6124695451845209,938,0.5673774060388853,70,0.609762738420554,132,0.9590631511529855,816,0.9140499961477043,742,0.7998948314631276,74,0.8165114607119597,86,0.825366787960065,246
5989950.0,1753350.0,1,0.9999999999941076,160,0.895900432986692,402,0.7324903071951522,261,0.6045560807863004,1428,0.5672633063099454,71,0.5957021900243015,235,0.9710178824814552,234,0.9173834273883497,639,0.7547721400167124,130,0.7504650317414798,270,0.7933083020008761,435
5988350.0,1752150.0,1,0.9999999997060829,391,0.8917022774318085,641,0.7427870095147797,85,0.6288366972742608,354,0.5671528394255715,72,0.6083699012627422,142,0.9602508738583232,754,0.9207757891298635,541,0.7868879521507448,88,0.8286328017276161,72,0.7355861823942575,1116
5984250.0,1752750.0,0,1.929119185735535e-08,15673,0.6601969995730904,4308,0.560717874402368,5123,0.5708724352100879,7927,0.5671510154680911,73,0.5652550373396912,682,0.6535398293861852,4779,0.6361552272885336,5013,0.2752378680351474,11714,0.7594940639368277,236,0.5265046890017215,7488
5989650.0,1754350.0,0,0.07534908104407918,2987,0.6137462958928829,6677,0.6201386183547702,2139,0.6258348374874496,442,0.5662162818676526,74,0.6409668286346907,13,0.6384047656750965,5463,0.7004284166276491,2800,0.6898945374698564,225,0.8256983140440867,76,0.8270551000398719,233
6003850.0,1760350.0,0,6.536652889653355e-08,15034,0.4248146036051488,15996,0.4402604061613846,15647,0.5569439037773306,12371,0.5659645620057657,75,0.5604009298447798,814,0.4203246957096467,15356,0.45328808103455753,14605,0.3165292878162037,8858,0.8546018742355672,43,0.8233899545540937,258
5985250.0,1753450.0,1,0.9999999999969236,124,0.8987830280860741,172,0.7398010803620302,126,0.6091931810174732,1115,0.5654056443912765,76,0.6109012881849618,121,0.9734929320382824,159,0.9561161016783847,65,0.7492525361729524,135,0.8467462550470177,50,0.9415514968401966,25
5989150.0,1756850.0,0,0.0004940389411404422,8060,0.5653771945816144,9147,0.5824430332957347,3717,0.6283396445763049,372,0.5652955690919801,77,0.6200509179535783,65,0.5824139674068793,7999,0.6564764517722816,4224,0.7818659347768817,98,0.865749828220161,32,0.9217754010098675,38
5989950.0,1756450.0,1,0.999999999998924,80,0.8894861192068979,792,0.7296516593867294,311,0.5814246139088275,5190,0.5651430034332987,78,0.5887640311850766,297,0.9666790999054745,423,0.9272473175509252,369,0.6274486201940135,413,0.8041134146409703,111,0.9098304084315972,50
5988750.0,1756950.0,1,0.9999999999944329,154,0.8928863570044961,580,0.7521443017028367,26,0.6491277271144525,52,0.5639903807967326,79,0.6311611310443944,31,0.9703119651244057,258,0.937577309907473,191,0.8844854577293034,8,0.8485080321770416,48,0.9505750914391338,16
6009050.0,1733750.0,0,1.6109107402412389e-12,19559,0.6550479827651404,4582,0.5428267795422347,6441,0.5967284125415911,2301,0.5637600958224291,80,0.5605589634188898,804,0.6548190071660918,4723,0.5575123840022405,8578,0.4834754807808266,1901,0.6829276587747011,693,0.51844632011204,7757
5988150.0,1753150.0,0,1.1037465765183414e-12,19673,0.3419183036951969,20097,0.3944161668888092,18907,0.5876392007669579,3818,0.5636610787291174,81,0.5251007097738126,3402,0.3320375991311211,19314,0.39014014942955266,18040,0.4096050944711055,4142,0.5893385126676465,1789,0.32685917912596096,13262
5984450.0,1755050.0,0,7.770440377154451e-10,17167,0.38814060634243686,17830,0.42972929533288223,16505,0.5890036609847534,3591,0.5631082536477748,82,0.5383600710412648,2008,0.372714928355776,17548,0.43082087555940207,15919,0.40965283414658027,4141,0.6674883730050003,828,0.4467937497622738,10038
6033950.0,1711550.0,0,1.0972801945519184e-10,18077,0.6652248506769597,4056,0.5983885140762851,2915,0.6465578064831513,64,0.5630929843884191,83,0.5883982009170277,300,0.6809164079568092,3568,0.6949436152206083,2953,0.3313852164362374,7909,0.5621214853132486,2276,0.27304738018055197,15026
5983250.0,1752750.0,0,3.4782321739083426e-06,12620,0.5115023941504963,11739,0.5166205748763404,8715,0.6047577171851809,1414,0.5628481235968245,84,0.5843169371026782,349,0.4954780305698324,11920,0.5379819491553495,9642,0.32894935626875654,8051,0.7051707771793756,517,0.542658448479535,6886
5987150.0,1752250.0,1,0.9999999978033922,539,0.900389684688218,109,0.748603316420034,38,0.6510492771369174,35,0.5621855187466156,85,0.6270391134628875,38,0.9673731688098286,394,0.9343495870326851,236,0.8584522328397712,22,0.8123632103529086,93,0.8297833038989944,222
5983050.0,1754950.0,0,1.6717336597926223e-08,15744,0.6245220051028034,6149,0.5566395923365123,5406,0.568938671154879,8483,0.5619136654904645,86,0.5600053096957364,826,0.6147943006579355,6535,0.6454110798084587,4626,0.4818188021472488,1939,0.7585440699814109,239,0.726227831300365,1259
5985150.0,1753450.0,1,0.9999999994291877,442,0.897949389032148,235,0.7457649319980927,60,0.628524802584993,364,0.5615020612906395,87,0.6313191031568439,30,0.9664624842233847,433,0.939978297631089,170,0.7567781959722255,128,0.829455542334562,68,0.8740930412959964,98
5989450.0,1753650.0,1,0.9999999999082165,310,0.8903690124285089,725,0.7270426661861045,371,0.604598684307181,1425,0.561117986261892,88,0.6062824881817499,159,0.9583390009149801,860,0.9126557133849067,782,0.7651773291860673,111,0.7728826908414935,198,0.8219432952268513,265
5988950.0,1751550.0,1,0.9999999999988076,85,0.8958739599506068,404,0.73791147901172,165,0.6147428348777411,815,0.5609022347955611,89,0.6147894263445873,94,0.9733292711630462,165,0.9280877141836839,356,0.7348523345450111,157,0.8069352002946777,101,0.827552722554185,228
5987750.0,1752450.0,1,0.9999999992453332,471,0.8917787331921025,634,0.7382589620356125,158,0.6252365843593788,464,0.5608185438883496,90,0.6134625027282984,104,0.9604814204362984,736,0.9200123827180191,568,0.73727688970418,154,0.8707279597866775,29,0.823577420212173,256
5987950.0,1755550.0,0,4.607048374333811e-11,18396,0.5739958645373948,8700,0.5078638561127319,9469,0.5609024841169229,10761,0.5606999937397968,91,0.5516291125389129,1143,0.5600455143165113,9059,0.5878930902596804,7091,0.4963439327597884,1636,0.79517597764329,132,0.6515040040921015,2856
5986850.0,1751050.0,1,0.9999999985757602,513,0.8973513442450373,293,0.7392159814752635,135,0.6208464107868337,591,0.5606084985630212,92,0.6239579684237854,46,0.9664886211969038,430,0.9373440741624426,196,0.7218442243522571,175,0.8188086906616345,84,0.8549292167439945,130
5985150.0,1750650.0,0,2.9133008181580874e-16,21392,0.3663481666028957,18898,0.3955732547142448,18848,0.6211012760962201,581,0.5603312698026272,93,0.5801106633107026,397,0.31060811515015607,20146,0.35932182842929783,19363,0.3057839784785773,9557,0.7360737098515775,330,0.43436655781857403,10421
5989550.0,1756550.0,1,0.9999999999997959,30,0.8908599666954516,688,0.7423453003934473,91,0.6223524327598993,547,0.5599819857418685,94,0.6236851788664288,48,0.968212806135375,367,0.9328440348168437,264,0.7563919863432877,129,0.8379262227140754,57,0.9420386452832402,24
6009050.0,1763750.0,0,9.447915808098433e-15,20887,0.6477344162477263,4964,0.5351246767133793,7069,0.5830785789652317,4801,0.5591217717393888,95,0.5544147180247068,1023,0.6386258816700647,5452,0.498502005268908,11915,0.304879574415593,9630,0.786837252215992,156,0.4329634624788806,10463
5988250.0,1755750.0,0,0.0012643926195981235,7060,0.5784313423719146,8468,0.6053953541740315,2624,0.6188886893991322,657,0.5586195934005791,96,0.6293620939115321,35,0.5950024158295268,7430,0.6737127971506683,3595,0.6785210827564627,248,0.8239257258623149,79,0.9376713533226452,31
5987550.0,1753350.0,1,0.9999999948116036,594,0.8908881447740654,686,0.7282284840489001,340,0.5891497915354268,3564,0.5584972729429166,97,0.5453509499464045,1524,0.9575592017256136,890,0.9073214603829844,920,0.4074927273031056,4217,0.5909117729162827,1765,0.35510900702109094,12539
5988050.0,1754950.0,1,0.9999999999995917,45,0.8919428756636709,622,0.744917063842695,66,0.6324247379794135,263,0.5583042130997952,98,0.61181520986807,114,0.9633310957170341,602,0.9350663873784917,224,0.833086583419318,37,0.8582121371247785,40,0.810722475389447,327
5988850.0,1755450.0,0,0.0009766723311580806,7338,0.46933216528736244,13798,0.5251010580902359,7964,0.5937705669315553,2748,0.5581222997605205,99,0.5836206738603397,353,0.4648980704031058,13325,0.5419842544662188,9408,0.43181338289214866,3331,0.8588364874065804,39,0.8165391415451682,286
5989450.0,1756550.0,1,0.9999999999995526,47,0.8914523831261113,651,0.7477971734298273,48,0.6434405853167244,84,0.5575346321046684,100,0.6397407196327837,15,0.9689602059659643,332,0.9354273493445914,222,0.8309640445544111,42,0.8604732330096113,38,0.9497433828839075,18
5985950.0,1750650.0,1,0.999999998194959,529,0.8985742632088125,190,0.7470134142774958,54,0.6427282528814104,93,0.5573726040265836,101,0.6222160424148653,54,0.9661548341210083,455,0.9355310106058341,221,0.8370582713542809,34,0.8136803063501024,90,0.8173696413760174,281
5988350.0,1754050.0,1,0.9999999999608471,276,0.8897042070854321,774,0.7342619215547521,227,0.6104568363634074,1039,0.5573686616048729,102,0.6207771795648874,61,0.9590220813281359,820,0.9203461529454409,555,0.6792252796457586,243,0.8053780487827704,107,0.8367342004984155,188
6033350.0,1717550.0,0,2.1206153854459602e-15,21145,0.5987058435826392,7428,0.48892647624656665,11261,0.5598209281184398,11134,0.5569683350643925,103,0.5316871205810011,2633,0.5687182471681328,8637,0.5143151804257927,10962,0.21896979030626407,16024,0.7841520087731535,164,0.3990870035890971,11441
5986350.0,1750650.0,1,0.9999999909551524,628,0.8970946290378856,313,0.7419989573034033,97,0.6315049554570928,286,0.5560840937181786,104,0.6329906526577707,27,0.966435499864588,434,0.9392616125225269,175,0.6769792501639664,254,0.8022790696534879,116,0.8589813596837357,122
5989750.0,1752850.0,1,0.999999999994033,163,0.8956088399934424,426,0.725346195113049,411,0.5846547049275125,4470,0.5556402458321482,105,0.5474363546068582,1368,0.9696731406927067,287,0.9094388641138771,874,0.3598372443966442,6347,0.5678278913649937,2178,0.32871951974722646,13210
6008150.0,1732250.0,0,3.9900833222948936e-10,17472,0.5007681386772042,12253,0.45987528738696365,13904,0.581419794736059,5192,0.5554987607022756,106,0.5473892193089501,1376,0.48217580712428765,12530,0.48125936344593623,12911,0.2653844780405036,12490,0.6364686236418537,1145,0.5692179612685384,5827
6007250.0,1736850.0,0,0.0011241203729740405,7177,0.3668430912513403,18875,0.4625566977148868,13669,0.5791145288445496,5713,0.5554922127264591,107,0.5761386875914033,456,0.34418634559382,18799,0.4213017917083699,16484,0.46706093070970556,2294,0.741838167690928,305,0.7772979649397461,587
5989050.0,1756150.0,1,0.9999999999999685,9,0.8920191142456805,616,0.7523191284468973,24,0.6424277950835484,94,0.555013269284893,108,0.6358189070904482,21,0.969183668016757,314,0.9361363888749672,210,0.8605541709377106,20,0.8696107392870654,30,0.9513711375910188,14
5988650.0,1756450.0,1,0.9999999999999487,10,0.8922977754754363,601,0.7484347074393668,41,0.6303478359618394,317,0.5547054570395346,109,0.6184554970415918,72,0.9689836956744606,328,0.9332550829054297,254,0.927977391799244,6,0.887392313855677,20,0.9391685709517358,27
5992450.0,1748450.0,0,8.411184177902228e-06,11992,0.5809778325968596,8336,0.5589877533888514,5231,0.6381394040964642,141,0.5544187469615517,110,0.6206230140772874,63,0.5828896244319024,7974,0.632627497799398,5144,0.7242040507484242,171,0.7531809420268569,256,0.7775589072541917,581
5990850.0,1748750.0,0,3.0728082826259184e-09,16572,0.571631641993651,8828,0.5286266178340822,7649,0.6214990198373388,574,0.554114217980845,111,0.6062443742544741,160,0.5699391612626544,8566,0.5991234931811971,6566,0.6647438894655378,282,0.7403818039696517,309,0.7562635062413399,817
6009550.0,1732050.0,0,0.008364450514458454,5092,0.6008237444479531,7327,0.5817892661292023,3754,0.6240408679127617,500,0.5535514076102885,112,0.6164428649850556,80,0.6193119243704464,6331,0.6676861987447164,3805,0.5891262233751993,577,0.720717409791014,423,0.8090907602731515,339
5987450.0,1752750.0,1,0.9999999999472948,285,0.8912731578071836,663,0.7387726032106909,143,0.6117764318078971,972,0.5531723971860617,113,0.6120371235651331,113,0.9609763675848815,716,0.9239106972717307,468,0.7980357207122658,75,0.8434270189241245,53,0.8384645684621628,179
5988750.0,1752050.0,0,9.263078855971153e-10,17091,0.5288990681107404,10908,0.4952983895961469,10658,0.576750358429266,6304,0.5530910719856518,114,0.5514216266138964,1146,0.5234399930162132,10687,0.5593018772523488,8489,0.480112975498557,1978,0.7725557862677696,200,0.5962929202268821,4716
5987950.0,1753550.0,1,0.9999999997304843,386,0.8914282578426387,654,0.7364127125248208,193,0.6111386370653035,1007,0.5530514804581931,115,0.5810377367854114,388,0.958853488273188,834,0.9137133418889541,757,0.7797209118387592,100,0.7517219306955385,266,0.5964685223125936,4707
5991150.0,1748850.0,0,2.1915037703707131e-07,14363,0.5568889843083467,9595,0.530378650531431,7496,0.6221191184689635,557,0.5528636402424895,116,0.6074153744537559,151,0.5675734747622907,8684,0.5817810560093184,7400,0.3363640634973082,7616,0.696814495826865,577,0.7671059781233804,705
5987250.0,1751950.0,1,0.9999999895538539,641,0.8973272888736941,295,0.7222802331549542,481,0.6123211515947091,945,0.5526694518382359,117,0.6138383736463926,101,0.9690787587365206,323,0.9333339498143411,251,0.5977933439514699,534,0.8436325031408469,51,0.8377687164237269,182
6007350.0,1764050.0,0,1.3626801702584445e-10,17966,0.581495105313514,8311,0.5081597448223659,9436,0.5905285296846956,3304,0.5523660694999467,118,0.5394333296944773,1923,0.5810140809916216,8071,0.5264110985455391,10256,0.3240115259163694,8378,0.681779899681725,704,0.43540298146580314,10391
5988550.0,1756350.0,1,0.9999999999999478,12,0.8925943334987116,592,0.7535369527541135,19,0.6521946938340089,34,0.5518841753125467,119,0.6337269378316552,24,0.9691476409263512,316,0.9343590020374325,235,0.9611343574637266,5,0.8793341719765203,27,0.9389839836860587,28
5987450.0,1753550.0,1,0.9999999954199161,587,0.8908489117553736,691,0.7289508965404886,324,0.6045731450856704,1426,0.5517241482848159,120,0.5531602783470926,1083,0.9570847841955576,908,0.9055642600428443,966,0.3798474767580533,5408,0.5717204804098619,2111,0.33612574012204366,13012
5988750.0,1751450.0,0,0.0028891943056118296,6177,0.3967283598019727,17401,0.490601138982242,11083,0.5975153972949947,2195,0.5516993554254023,121,0.6060404559500818,164,0.3716794443156346,17591,0.4529110694501519,14624,0.5664029438449603,732,0.7920261827905757,137,0.7879220141209345,484
5989750.0,1752550.0,1,0.9999999999952116,146,0.8956535032634143,419,0.7273804101202762,363,0.5856087539736525,4258,0.5516991109153463,122,0.5585404137962388,872,0.9702164970165453,265,0.9120236896121445,815,0.6547638177683983,311,0.6911712796894421,618,0.5088777939924085,8079
5983650.0,1761950.0,0,7.313963850053699e-06,12099,0.4371366622155424,15370,0.48174617962318245,11938,0.5662437348234052,9205,0.5515005879660207,123,0.5770097973196099,440,0.44302105736895425,14348,0.5190039067368094,10689,0.6697915888220769,271,0.8250852082037353,77,0.8163839101031822,288
5985750.0,1750750.0,0,1.6034059105003103e-13,20271,0.6637749159954969,4126,0.5535215394916271,5625,0.6140665432178507,851,0.5513565801680409,124,0.5867955041149626,316,0.6718762703471619,3940,0.6568219316300756,4211,0.3081771982997642,9393,0.7742445745311552,191,0.5241762018857034,7588
5987350.0,1754150.0,1,0.9999999999997986,29,0.8984585147094722,199,0.7348212610200973,216,0.5989383589358906,2014,0.5510572040049941,125,0.5586127559826191,870,0.9660860136152246,459,0.9326626134433967,268,0.6125542465045344,458,0.6749411730451977,762,0.5029300330292343,8250
5993450.0,1749250.0,0,2.020841835531927e-05,11316,0.4009188413857369,17206,0.4779515497860117,12305,0.6314936897713869,287,0.5508739099080578,126,0.6248219459989099,43,0.4077907951414419,15904,0.4750683983696665,13306,0.6685567416057214,273,0.7479455339788561,279,0.8056712196904673,353
5988850.0,1751550.0,1,0.9999999999975469,110,0.895378123224225,446,0.7299096685488565,307,0.5922886070970829,2991,0.5504633330958313,127,0.5831679509564834,358,0.9720661453817709,210,0.9209006839712325,538,0.6637890267005385,288,0.7769966671003812,181,0.7985049008815241,398
5989450.0,1753750.0,1,0.9999999999458247,288,0.8901894229817469,736,0.7260631376339187,399,0.5995116243784134,1948,0.5499579741834055,128,0.6009858934748282,199,0.9583993877386562,858,0.9124210176608756,798,0.7896972857256264,84,0.7809240021678829,172,0.8230931832416495,260
5984250.0,1754950.0,0,7.992676745889675e-07,13578,0.5916449532196172,7771,0.5741132645483383,4241,0.5608976454027077,10763,0.5497998711210355,129,0.5309284926679844,2715,0.5905478143809436,7622,0.6193224881049428,5694,0.4149491329541868,3930,0.6338063856677719,1175,0.40179059270095785,11369
5989850.0,1752450.0,1,0.9999999999897153,188,0.8955057268272132,435,0.72744638718424,360,0.5908720499301929,3246,0.5497871096746318,130,0.5728416111064856,510,0.9699885189005802,277,0.9120993183937413,813,0.6946026831715445,217,0.7317728401678675,356,0.70446935573865,1655
5984650.0,1757450.0,0,0.00010102037261713497,9722,0.34227223971646636,20078,0.4324793588978029,16296,0.5735128662813873,7178,0.549465649788062,131,0.5721684433584331,525,0.30904182062817953,20203,0.38247508076016523,18399,0.4737961249029048,2116,0.8050106173393231,110,0.8158404380422764,291
5997650.0,1741250.0,0,7.249922565922286e-14,20460,0.4028767966524826,17123,0.41777034256234924,17417,0.5917530365825542,3089,0.5492115639748582,132,0.5300954712050346,2816,0.39649898957217533,16439,0.44084411747962493,15319,0.3033891022297267,9725,0.6244248534179195,1295,0.47154841914588796,9225
5992450.0,1749050.0,0,3.227200561882988e-16,21374,0.5818650415773515,8288,0.5120485125982139,9098,0.6382589136659746,139,0.5492036529393474,133,0.5827165004753726,361,0.558668683671929,9125,0.4917764457035134,12328,0.3505798814025427,6816,0.7295245650302764,368,0.4352451081995218,10397
5992450.0,1748150.0,0,0.0030023925023514955,6134,0.565946543509546,9118,0.5684103778767795,4612,0.6336978031968437,227,0.5486077199739171,134,0.6159034716815635,86,0.5721130017324852,8477,0.6268470859457419,5386,0.641593015621168,353,0.7198399291136208,428,0.7991583698429494,393
5989150.0,1750250.0,0,4.923568663076325e-05,10461,0.4693580595845084,13796,0.4878912874285781,11361,0.602058985465667,1672,0.5476281427348533,135,0.5853220467299651,335,0.44981144103771764,14000,0.49059919515786476,12392,0.6532001061004445,319,0.7250454371873324,399,0.7337007035027382,1146
5984750.0,1753350.0,1,0.9999999997608626,376,0.8970265604238622,317,0.7320956997231091,271,0.5989348598073755,2016,0.5474714917871961,136,0.5820833075638329,373,0.9643356140321864,541,0.9285250686541221,346,0.6491205527023514,328,0.7852601017627892,162,0.7752853478099877,608
5988150.0,1754250.0,1,0.9999999999992786,63,0.8916882227933597,642,0.7374243695244619,176,0.6268560187067995,416,0.5473769972939908,137,0.622600091081912,53,0.9640450574996223,560,0.9352135392464829,223,0.8534381688329162,26,0.8882071779478111,19,0.9691401560365575,5
5987350.0,1752050.0,0,9.995837700892117e-05,9736,0.4971404661776792,12429,0.5397954445525063,6690,0.616679853876885,738,0.5472654913609891,138,0.6061965558753424,161,0.49083746654263816,12128,0.5559832104319767,8656,0.640168982286923,358,0.8523037374760067,45,0.7879543844615081,483
5984750.0,1753250.0,1,0.999999999789356,361,0.8969473774064303,321,0.7317377997614466,274,0.596165892831264,2367,0.545996153294511,139,0.5768648548055815,448,0.9641263114089075,552,0.9278850580443743,362,0.6777986623222974,251,0.7767503102662172,183,0.723400261943584,1304
5988350.0,1751750.0,1,0.99999999987913,322,0.8977683186588461,256,0.7389025901177325,141,0.6262606917651611,435,0.5458449412409874,140,0.6079938337603482,146,0.9746423453231781,130,0.9253774311837271,420,0.7519500706933882,133,0.8319072852400223,65,0.8281527923490936,226
5984450.0,1753450.0,0,3.375289330298757e-11,18503,0.5134292084245031,11653,0.4887360856014541,11278,0.5649982810343402,9577,0.5451682921620409,141,0.5318467655892718,2617,0.4882467729066109,12241,0.5265714384855128,10246,0.41345469571445614,3989,0.7718469842886563,201,0.6198966909416466,3818
5983350.0,1752950.0,0,0.007015566247942618,5262,0.6024654823594378,7254,0.5997226101781592,2853,0.5751988610405375,6706,0.5451449854307205,142,0.5769229824266185,446,0.6404623186680254,5366,0.6986715428993996,2847,0.5112398456176697,1349,0.7712826774852435,203,0.8437674897628613,159
5989850.0,1753450.0,1,0.9999999999902409,183,0.8949925140668322,479,0.7276303865810989,351,0.5915949126470779,3112,0.5446990148887937,143,0.5884085368695924,299,0.9703227447955401,257,0.9149158064184677,721,0.7143969205581542,186,0.747484203853425,284,0.7984574007435556,399
6041250.0,1736050.0,0,2.707811898871204e-13,20128,0.542196222516577,10288,0.4650602868050538,13476,0.5837064054792271,4658,0.5446919592903908,144,0.5721375960969813,526,0.5010165024943447,11672,0.47050716138766313,13572,0.21093479625460687,16640,0.6881206638486548,642,0.326073230537829,13284
5981150.0,1752650.0,0,8.665197163677753e-06,11973,0.3500099494129866,19724,0.41864320343355943,17360,0.594507729918803,2623,0.5437865741493497,145,0.5687684555438965,594,0.34548829517545054,18744,0.4153637340523644,16804,0.587987708999191,584,0.6897761320514137,628,0.7367639334575817,1095
5989850.0,1753350.0,1,0.9999999999945295,153,0.8950221140966266,476,0.7251358925780774,414,0.5848873115053668,4412,0.5435616079070545,146,0.5775324088233407,431,0.9700035864658576,275,0.9125445176359602,787,0.703180259555178,205,0.7290832439191863,372,0.7867622593294088,496
6034850.0,1713450.0,0,1.0815470680716464e-12,19678,0.6615964796658176,4244,0.5576339711195745,5340,0.5730370892970048,7327,0.543410861281925,147,0.547623468862456,1360,0.6680767226880036,4109,0.5785326723364357,7568,0.46148510745095594,2437,0.8065149299707759,104,0.4648235750834294,9444
5985850.0,1750650.0,1,0.9999976004999647,1137,0.8975457666502987,277,0.7365423341168896,191,0.6217516621861398,566,0.5431725882788795,148,0.5933195647704445,249,0.9670329894915983,407,0.9297548872286481,325,0.40311383414348967,4391,0.7966677804917226,127,0.584187411598112,5214
5988250.0,1751750.0,1,0.9999999999072411,311,0.8977337405862903,260,0.7404376886371128,119,0.6298010558581557,332,0.5429191394940832,149,0.6155678412643338,89,0.9750102157054849,122,0.9275947478977418,364,0.8081748003404433,65,0.846869590269772,49,0.8395308367801015,173
5988550.0,1752950.0,0,7.11304584523121e-17,21507,0.5493162422828578,9974,0.4878869343436537,11362,0.5916268936928888,3107,0.5425720916122985,150,0.5686371001785674,601,0.5235700213409787,10682,0.4795964116883551,13018,0.3326161879383924,7838,0.7931636958670949,135,0.46361753084404056,9481
6006850.0,1764250.0,0,8.207824411419682e-05,9959,0.5983537557251596,7449,0.5861169128939974,3514,0.5569257542512177,12381,0.5423758590631735,151,0.5559992637405146,965,0.59177965539128,7565,0.6308194328439637,5219,0.44534071560772326,2906,0.7674670439468705,217,0.7455424870969998,968
5985450.0,1751450.0,1,0.9999985144657874,1116,0.8974848565780289,283,0.7251336005571222,415,0.5918684344989802,3070,0.5423752109364142,152,0.5674246426672449,631,0.9659521904768914,467,0.9219021338047039,517,0.3787813098168251,5456,0.7467061535499813,288,0.5648419456035509,6009
6005250.0,1733550.0,1,0.9996616835666332,1248,0.7915585872426724,1311,0.6840837639447014,1128,0.630517832067935,309,0.5420347815552542,153,0.5969719813691191,226,0.8225941010999966,1318,0.8457862733260744,1261,0.5850990997810135,602,0.6609410115851903,889,0.7490758642135636,923
5989450.0,1752050.0,0,3.7665678876691886e-07,14047,0.5659222245901457,9121,0.5166472672477328,8710,0.5972042490130018,2250,0.5414988960377916,154,0.5933100637655524,250,0.5722078728242473,8475,0.5783568780435571,7571,0.31011034658187475,9267,0.7589127816528651,237,0.7511491541623382,894
6001950.0,1769050.0,0,2.8875084802592747e-05,10977,0.5945752117757827,7616,0.5032633412064403,9910,0.5125226887964627,20917,0.5409733425872103,155,0.4850156486655957,10511,0.5690740859001804,8613,0.5492034542878924,9019,0.21209289874685422,16555,0.5986006048036511,1644,0.6344649982489687,3353
5987950.0,1751850.0,0,1.496754323555883e-09,16891,0.44899683247079497,14811,0.4498892324886853,14797,0.6009081675003896,1811,0.5408723893540245,156,0.5737618327152938,498,0.44492170366836126,14235,0.4833773972712372,12808,0.5430858568028359,928,0.815713430059909,87,0.7037525674925449,1673
5985150.0,1757750.0,0,1.9586852883164945e-07,14434,0.5073509599705502,11949,0.48937850229444463,11208,0.5640656086079913,9815,0.5408535804421676,157,0.5562754623030844,958,0.48642582273184587,12317,0.5262012668075327,10281,0.49616497349465005,1643,0.8293876440157321,69,0.8094299134625633,337
5986850.0,1750850.0,1,0.9999999991296358,482,0.8987753900180927,173,0.7440379270109249,73,0.6313428865325308,290,0.5407988751055232,158,0.6300304629756932,33,0.9712858952199847,225,0.9458847038415573,130,0.7312515711459818,168,0.8102528187024339,99,0.8544663385281859,132
5986250.0,1753750.0,1,0.9999999999635192,272,0.8996283473093143,129,0.7592224587431342,4,0.6624959679078045,10,0.5407149323843643,159,0.6548621985880019,4,0.9710098163767256,235,0.9567542112271953,63,0.8758695978375657,9,0.8633154386244222,35,0.9847918401600918,2
5989150.0,1752950.0,0,3.8164227266832946e-05,10719,0.5953996251971192,7579,0.5684914210125233,4606,0.5602959600296658,10958,0.5404765013408974,160,0.5636226204507165,726,0.5841891543421767,7916,0.6195290409785292,5686,0.4532215813113438,2668,0.7699525090467807,208,0.7495315321332074,916
5984850.0,1753550.0,0,0.0004010806228143906,8242,0.5918558545242624,7757,0.5943730028137555,3105,0.5983948936759911,2092,0.5397850143251367,161,0.5903549888796873,279,0.6031820090562631,7036,0.6610815197752987,4039,0.6276158612440013,411,0.7896936054104329,147,0.811568192869812,322
5986850.0,1750950.0,1,0.9999999994334767,440,0.8982979256335999,214,0.7380465049925755,162,0.6139066457214457,859,0.5397400849313765,162,0.6134937055067198,103,0.97067621919235,244,0.942680227176055,149,0.7071781676932337,198,0.8030178638595564,114,0.8473383460506291,146
6035150.0,1718050.0,0,7.506054627625071e-08,14943,0.4286163853570933,15802,0.4702047579972836,12999,0.6128524234459602,915,0.5395369397663156,163,0.5339381437387076,2409,0.411273304950475,15756,0.45529383868457285,14473,0.26792160042269786,12302,0.5138241541601398,3400,0.21684032173623635,17440
5947750.0,1761750.0,0,1.5975530976332992e-10,17881,0.33094861148879257,20531,0.4053789159869946,18259,0.5979172067788103,2143,0.5394543744105711,164,0.5745751690614148,485,0.31788415194867947,19854,0.37006812394366917,18927,0.3266428857077832,8216,0.7339783431804433,341,0.6871557768068961,1998
5998050.0,1741450.0,0,0.0006558730169054815,7754,0.4039373722749832,17072,0.47910299818973057,12215,0.5641013685366317,9807,0.5392380431588394,165,0.5273137330018925,3129,0.3896065914143627,16752,0.4538031732625679,14562,0.38009407901454995,5399,0.5818365768103485,1919,0.33334697718392836,13077
5985250.0,1751250.0,1,0.9999998648448173,873,0.8976866973257784,263,0.7435542017204798,77,0.6497724039973162,44,0.5387784591874404,166,0.6337774115857584,23,0.968428053385032,355,0.9374314703840655,194,0.4383982666475722,3101,0.7915604884043583,140,0.6276395346744933,3568
6040850.0,1735850.0,0,1.1486001732933597e-05,11765,0.32738003684496486,20653,0.43363737252931756,16192,0.5991253068243997,1991,0.5387517718904699,167,0.5864441043067109,322,0.3236300715303927,19623,0.3827830536214176,18384,0.2913215222802521,10597,0.7002941557736453,550,0.3755608887017161,12042
6044250.0,1752350.0,0,0.0011070738508162142,7192,0.6516372271654415,4775,0.6063791146278826,2594,0.6476326452498297,59,0.5387381903953206,168,0.5562981991639724,957,0.6638707231038095,4302,0.681817590048087,3325,0.3093831862304226,9311,0.4224754240699857,6222,0.24013148418181407,16411
5983450.0,1750850.0,1,0.9999999682300714,732,0.8966043531148336,351,0.7323101703294004,264,0.6356028038460637,188,0.5382688749427735,169,0.6193299104159388,67,0.9669457220549266,414,0.9314112470635078,295,0.4271064849381262,3485,0.7088752483354533,494,0.6235735842420825,3690
5986950.0,1754050.0,1,0.9999999999974636,114,0.8998510293351216,122,0.7479158904218643,46,0.6339622577690034,222,0.5381741861226488,170,0.6000023213444753,208,0.9685430999987562,351,0.9423265548270194,152,0.8516528161641825,28,0.7976169187330758,125,0.7976990276334353,410
5989350.0,1750450.0,0,2.2945977350794225e-14,20709,0.4283329729732498,15819,0.4281435250088986,16626,0.6289567901385684,348,0.5377456318061671,171,0.5756196297267302,467,0.3940127363515802,16549,0.4392336861644275,15419,0.3851230045022862,5173,0.726319959940414,389,0.4615930160691296,9551
5989550.0,1756850.0,0,0.009982199497322394,4931,0.7427658593890503,1615,0.6829267684202218,1136,0.6269971876404448,408,0.5376882482761919,172,0.6188401205969672,69,0.7618103260824025,1672,0.8136115255160662,1483,0.8125552768642152,61,0.8271984966389239,74,0.9178161295427972,43
5908950.0,1758850.0,0,1.7464378314435159e-09,16827,0.5465376505504623,10087,0.49424553612909106,10746,0.6080839497011739,1191,0.5376630715671914,173,0.5806107775672606,393,0.5539920145251584,9341,0.5707546250771085,7916,0.5249258049465606,1142,0.7773422709151376,179,0.5867750798997615,5113
5990750.0,1748750.0,0,7.128843050762687e-08,14978,0.6802782574926839,3336,0.5919737365746479,3210,0.6252883483916497,461,0.5376566960946905,174,0.6058092263236836,171,0.6905461009088798,3189,0.6726083504741966,3629,0.6544386621927619,314,0.7365275268796667,327,0.6964502582460994,1803
5982050.0,1755650.0,0,1.9427168088403694e-12,19497,0.5236698064714701,11196,0.4495374913209441,14824,0.5664819694772975,9122,0.5375843625771484,175,0.5567533176374502,942,0.4868432620456685,12306,0.4800712744900334,12986,0.2629978676607785,12679,0.7238052665740049,406,0.6551362488186612,2737
5997850.0,1748950.0,0,0.0005046421780073763,8035,0.4311118716746446,15671,0.48515841337521637,11599,0.6347000089546391,198,0.5373965380987819,176,0.6181862410975624,73,0.4376599025816763,14575,0.49389736838313225,12197,0.5622154914499009,761,0.6876873930126477,648,0.7789124552949446,566
5988650.0,1756750.0,0,1.4841488481882492e-09,16895,0.3238298199619264,20778,0.39881818878294817,18678,0.6215508511781186,572,0.5373933392044286,177,0.5995467107169893,213,0.31655237196477826,19905,0.3941932438021176,17849,0.6837016592592472,235,0.8065736719426736,103,0.7497786867036751,914
6041750.0,1736350.0,0,1.6040239379393088e-08,15766,0.4596747598966644,14296,0.4906809765146517,11072,0.594909812080623,2568,0.5373800955323851,178,0.5999887764146196,209,0.46114916576222165,13491,0.4694930345144752,13632,0.2632687468741516,12662,0.7173430506923557,446,0.3904673555304282,11663
6041950.0,1737350.0,0,6.359357418709727e-05,10222,0.5056934056941201,12039,0.540838016311873,6599,0.5832460157538688,4773,0.5367083899879567,179,0.5693370956279991,580,0.5026924158931716,11597,0.53828130635558,9620,0.273126301661646,11883,0.6878721064222565,646,0.35445633445755864,12554
5984250.0,1751050.0,0,5.6309210610107254e-05,10339,0.5558380431931497,9647,0.5437305953350388,6381,0.6376367492986886,148,0.5364445298104014,180,0.6175150369472742,78,0.5644026615095931,8850,0.6113565356172584,6004,0.37720283711482205,5511,0.7497345682872651,271,0.5778976091270678,5495
5988950.0,1753150.0,1,0.9999999999126175,305,0.8911907760498925,666,0.7395739536082264,131,0.6235245605008573,514,0.5362785440056776,181,0.605894001527766,169,0.9590303647922891,819,0.9162564952255248,681,0.794342656463927,79,0.812786435046359,92,0.7760618497873892,602
5988850.0,1756950.0,1,0.9999999999961269,136,0.8922488656001598,604,0.7412165920213024,107,0.6380520227350579,142,0.5358110490095753,182,0.6153544030084873,91,0.9692913758424906,306,0.9310038227892165,303,0.8558087743416471,25,0.7661842845479594,220,0.9257895809318697,35
5981950.0,1756350.0,0,5.0042555279892394e-06,12388,0.7085600671731886,2290,0.5996400265684572,2858,0.5511754606292445,15021,0.5355718632668613,183,0.5532130679401543,1078,0.7208609118203103,2270,0.7297599033226267,2195,0.47401114926394206,2110,0.7803911314417304,174,0.7950140942257558,424
5985050.0,1753450.0,1,0.9999999997763787,367,0.8985580302532906,191,0.7422731527821793,93,0.618469287277261,676,0.5346901965046792,184,0.6163070699160371,81,0.9708437789280733,238,0.9453036365010382,133,0.7043959663376071,199,0.7987134661088986,123,0.866651748363019,110
5997750.0,1741250.0,0,1.0035090611899833e-12,19697,0.5510545749702179,9883,0.4939249324371102,10772,0.5792117183375913,5689,0.53459430652914,185,0.5273457630457943,3125,0.5174695370505469,10942,0.5312867441092224,9976,0.46341278105433414,2393,0.6468859218470453,1023,0.5096592017206099,8051
5982750.0,1756350.0,0,0.0012111357771469938,7100,0.60403556685965,7177,0.5591724655481172,5221,0.5745252315735548,6904,0.5345784916964917,186,0.5455320827147513,1512,0.61498315280289,6529,0.6380824283052984,4935,0.49081734422225776,1742,0.741631017786722,306,0.6809339328748933,2125
5985250.0,1751350.0,1,0.9999994710230402,1023,0.8967660762823918,335,0.7394250778475038,133,0.627948527773446,383,0.5342252433477205,187,0.6032880049529945,185,0.967026066520755,410,0.9329796897542892,259,0.4098606634370954,4130,0.7531309295193943,257,0.5901933967041422,4975
5988250.0,1754450.0,1,0.9999999999982265,98,0.892546397776822,595,0.7407488093319018,114,0.6392201394548482,128,0.5340817131531769,188,0.6243096073869863,44,0.964756861763797,520,0.936217184816087,209,0.8581837437136688,23,0.7903379555191257,142,0.9531566557777685,12
5985350.0,1752850.0,1,0.9999989821987779,1084,0.8988700166431024,164,0.7423348832411222,92,0.6205101057077407,604,0.5340250672951776,189,0.5789166542562773,413,0.9668195698457234,419,0.9268377928326432,381,0.38182932036924266,5316,0.6213384579297972,1336,0.4107244742277333,11124
5986050.0,1752450.0,1,0.9999999996196554,408,0.8987051250302239,180,0.7339074775986587,233,0.6077934085741565,1204,0.5339422056922158,190,0.5976950765228551,222,0.9698173728548567,285,0.9363581198652566,204,0.6574864008405074,303,0.8218449569376334,82,0.8263440692119499,237
5988650.0,1754150.0,1,0.9999999998420159,343,0.8918185890884648,631,0.7379847306851991,163,0.6305776538070734,307,0.5338033572895862,191,0.6220905271163008,55,0.9603997710838307,743,0.9187226025598947,608,0.8176896242372216,54,0.8368107708852601,59,0.8329954934160613,205
5986750.0,1750450.0,1,0.999999994697151,596,0.8961169334871907,391,0.7359327674538165,201,0.6114145788131486,995,0.5333145817239021,192,0.6126310785110475,109,0.9646856734144458,525,0.9326409848260192,271,0.5714991874255462,694,0.7585946457392354,238,0.8423974750416565,162
5987650.0,1753550.0,1,0.9999999996503128,405,0.8911084917418484,670,0.732041038149557,273,0.6128641199625874,914,0.5331163383297725,193,0.5578221971798372,898,0.9574794717143111,893,0.9067826284973356,931,0.3728879234900908,5698,0.5602422793705145,2322,0.33150780134375046,13131
5989450.0,1751050.0,0,1.0653058082518063e-05,11817,0.5626841776284156,9311,0.532075978755784,7351,0.6019754250904982,1686,0.5327418754250526,194,0.5943475048994749,245,0.5365145404346696,10112,0.5621993539489579,8344,0.4668793311808397,2298,0.7519837384910466,264,0.7444825458925868,981
6006050.0,1738950.0,0,9.894004731332398e-13,19700,0.3590440808246861,19273,0.3807082195076467,19630,0.5593407197540304,11327,0.5326172099027807,195,0.5254668665138829,3347,0.34939325560367007,18580,0.38717704764236327,18176,0.3747157400411131,5609,0.7054619790608528,516,0.5686556372438099,5852
5980250.0,1760450.0,0,0.00036311131591461093,8336,0.7203986557539258,1994,0.6366788013428957,1783,0.5143078005441442,20852,0.532526343774965,196,0.5096488154408101,5808,0.7289453549471863,2111,0.7519048648651849,1880,0.3952113282091463,4725,0.7216066799816571,418,0.5280516881382344,7435
5989850.0,1753750.0,1,0.9999999999874483,198,0.8943130171675048,520,0.7221177740139207,488,0.5711141593605412,7860,0.5317970006737407,197,0.5535111047252992,1067,0.9688973159325732,335,0.9086621181965814,890,0.6029784417849947,514,0.7094665644374529,491,0.5877962294437469,5073
5947450.0,1763450.0,0,0.0006924643816896048,7705,0.3566762549979187,19405,0.4473272599466633,15027,0.6184731335433331,675,0.5315419515547847,198,0.6008573366204196,200,0.3178036345566866,19857,0.38330182558226134,18355,0.43042384187756,3372,0.7044068138982708,523,0.5559683952010533,6349
5988350.0,1751250.0,0,1.7074352875019278e-18,21675,0.527367492075612,11012,0.45470136773965275,14374,0.589902632199009,3423,0.531145913247188,199,0.566463165594905,648,0.5108662207176471,11236,0.4767273067382082,13207,0.34987980790848017,6851,0.7541713591634756,253,0.4705805802789351,9262
5942350.0,1799850.0,0,0.00047404132715394247,8101,0.3987367780425644,17303,0.4925223322935241,10922,0.623734586661936,508,0.5309206666151449,200,0.620369107467365,64,0.40699283064589287,15939,0.49789291929694657,11963,0.6400349206715772,360,0.7707428837435581,206,0.8652243733399321,114
5989650.0,1752750.0,1,0.9999999998900286,319,0.8949417299477067,486,0.7259096638530584,403,0.5900154208107898,3399,0.5306718326968504,201,0.5447855307433049,1558,0.9689611641887641,331,0.9074362707401584,916,0.35955171031664523,6362,0.5560640504040433,2396,0.3265341839396416,13272
5967250.0,1733750.0,0,2.245423991980043e-08,15589,0.48688597805540146,12954,0.4646765753526025,13504,0.5589636228944449,11478,0.5305006462229166,202,0.5514078513393675,1147,0.4860564730763437,12337,0.4864051466703838,12649,0.26635663554894706,12414,0.6490672756658822,1002,0.5295172674849409,7390
6036250.0,1713150.0,0,1.235027266431905e-10,18016,0.5795960508826196,8408,0.5317440738521341,7377,0.5889917203863717,3593,0.5304334610209438,203,0.5716220246585955,532,0.5752737043134388,8343,0.5901300634581055,6976,0.45230972761273647,2694,0.8022149056498149,118,0.4790569798924731,9010
5986950.0,1751150.0,0,3.5188879626865385e-06,12610,0.598907555378538,7414,0.5653292088861128,4821,0.6227083684486296,534,0.5296959946409541,204,0.6101227010360588,126,0.6144904104103088,6554,0.6647607591383315,3913,0.6835424386775693,236,0.7893833539119279,149,0.7597984052637203,779
6005650.0,1739150.0,0,0.0004001177142548401,8246,0.5135249452932867,11647,0.5422002324417301,6491,0.5721833845670445,7551,0.5296826171401542,205,0.5365986274611408,2151,0.5163814866932547,10989,0.5697840287039305,7966,0.48958941832970737,1770,0.6264718553863937,1275,0.4059126402814043,11264
6042350.0,1737350.0,0,1.3432889072034508e-10,17978,0.650305289178136,4848,0.5578694466892246,5323,0.6060349211851153,1309,0.5295193361983965,206,0.5563262940346563,955,0.6329260717181467,5692,0.5691904391262128,7992,0.24525778511200624,14002,0.5879829859139134,1811,0.29320957213796883,14268
5986750.0,1750350.0,1,0.9999999980673624,533,0.8969790868702306,320,0.7371009344939086,180,0.6176213412294417,700,0.529357309089686,207,0.6138991948055086,99,0.964930294857752,510,0.9313627301479508,296,0.6771649591748363,253,0.7834099330735875,166,0.8373927870691134,185
6035550.0,1714250.0,0,5.016834029986612e-10,17363,0.7000523877143061,2547,0.6030481923063025,2723,0.5873091773405276,3888,0.5291561956127631,208,0.5313369164327255,2668,0.692430015146379,3130,0.6632447467067126,3963,0.37456465197790434,5620,0.6031966660956459,1580,0.3397998459231343,12890
5988650.0,1756350.0,1,0.999999999999948,11,0.8928088662099816,582,0.7524892208659355,23,0.6497476067974175,45,0.5290827074835343,209,0.6272902795727026,37,0.9694088355219495,298,0.9339402022628928,246,0.9764751175788511,2,0.810739671457599,96,0.9380601439168402,30
5995950.0,1740450.0,0,1.961432676838529e-15,21154,0.5878575551016187,7969,0.4789138700572686,12229,0.5613278362545862,10643,0.5290541966914601,210,0.5280578393581454,3024,0.5735149215678408,8423,0.5483405323037822,9079,0.25456433048159366,13314,0.6115194926267898,1466,0.5638010506552555,6062
6004950.0,1738950.0,0,7.687216760343773e-08,14932,0.6520103107382855,4758,0.5773398913879644,4035,0.5631698134292148,10072,0.5287343084848949,211,0.5342546124502671,2381,0.6468089813778221,5066,0.6701688230841096,3716,0.4167485736196923,3858,0.7153791618600566,459,0.656078396313676,2710
5985450.0,1754950.0,0,1.2706816409832865e-14,20822,0.5275327705509417,10997,0.48416634854246826,11700,0.5629823516394074,10139,0.5284896349805561,212,0.5199827425690058,4094,0.5081051726168925,11353,0.5503803596817395,8955,0.4592054277604397,2495,0.7476453354902448,282,0.5492688205238739,6629
6040050.0,1734250.0,0,3.251615168493963e-13,20070,0.4283609918040204,15817,0.42392754977398606,16964,0.5761840470051852,6445,0.5281594736170541,213,0.5445363939068558,1572,0.3770994040197675,17354,0.3931836445732072,17899,0.22672028783900033,15438,0.6509371089655258,987,0.30436440746295657,13885
5989450.0,1753250.0,1,0.9999999998105671,354,0.8946640735705764,501,0.7182658843356965,587,0.56701688938902,8982,0.5279251662234297,214,0.5305966145041358,2760,0.9684441970474925,354,0.9030889349417992,1011,0.47740110120055457,2028,0.6106097380456812,1474,0.4051650419597004,11277
6006450.0,1738950.0,0,1.8325807965191432e-08,15696,0.6795685466839056,3370,0.5795337716591943,3904,0.5663835556492721,9152,0.5279071987513559,215,0.5611688088660487,786,0.6767549651097745,3739,0.6846381890106803,3254,0.4507462704653792,2741,0.7476420083635363,283,0.7639676141511473,740
5986850.0,1750650.0,1,0.9999999947870555,595,0.8968707583676008,328,0.7416489379197363,101,0.6213653659402947,576,0.5277859146657434,216,0.5890904499691951,293,0.9638331943625728,575,0.9286272380216709,345,0.5988736100248282,527,0.7079030875639165,499,0.5513774623476114,6544
6034950.0,1727950.0,0,3.11424269723288e-10,17596,0.37596956732271997,18451,0.41583340566329896,17561,0.5824244521513497,4949,0.5275475818650704,217,0.5397995860923793,1904,0.36429891480843934,17928,0.41017404061816165,17055,0.4080358463950552,4199,0.6897794370940349,627,0.4315385096423905,10510
5985750.0,1751450.0,1,0.9999999987335102,509,0.8972340729821651,300,0.7467483319217688,55,0.6340642303257336,218,0.5274749462192219,218,0.6140570933479652,98,0.9702622921602957,262,0.9465043527205877,124,0.6809551077690943,239,0.7559158589852508,245,0.8105290387690745,330
5992250.0,1747850.0,0,6.019527504873403e-13,19876,0.5932680033096274,7680,0.5243006306167234,8025,0.6315755425044719,284,0.5274157232827911,219,0.5913476990757228,265,0.5825525542009197,7993,0.5577398666061278,8565,0.5387693079588043,963,0.6636702707659263,870,0.5597361392423383,6206
5989650.0,1756850.0,0,7.005999517195592e-07,13679,0.4442032901205347,15039,0.4794957861315103,12174,0.5946673741274044,2600,0.52719601488937,220,0.5845551670039577,343,0.4478999363744689,14106,0.5100372389294439,11215,0.6209736104563048,430,0.8345507401161736,62,0.8663558765481645,111
5989250.0,1751750.0,1,0.9999999999940696,162,0.8961621969710123,387,0.7355973743192457,207,0.615855502855491,768,0.5271578779364681,221,0.6099696442526003,129,0.9728073929656056,181,0.9228950536917149,491,0.8113879820145973,62,0.8103300546058557,98,0.8305726127895855,218
5987450.0,1753450.0,1,0.9999999941397484,603,0.8973440652809133,294,0.7274572298483601,357,0.5749845908113157,6765,0.5271236915552303,222,0.5347333971609881,2340,0.9617487761932741,671,0.9135988413078341,760,0.5046146418136029,1473,0.6219131822596502,1326,0.4133443509686414,11049
5984650.0,1753750.0,1,0.9999999993362876,459,0.8961437201759488,390,0.719764157878757,539,0.5658397579193207,9325,0.5270203336598285,223,0.5546183075186022,1014,0.9637183372670693,586,0.9233649131250842,479,0.5500728348414933,860,0.7676610540883209,215,0.8192695016633997,276
5991450.0,1749750.0,0,0.0006928468126603125,7703,0.3851478883232597,17990,0.4937664616624476,10788,0.6259217220716325,440,0.5269475370387592,224,0.6101330298794755,125,0.3792703878540876,17252,0.46581250076263014,13829,0.7093831616610502,194,0.73009431098374,365,0.7783112979955651,571
6001950.0,1738350.0,0,0.005125415922052642,5605,0.6270907706179064,5997,0.6272060736693936,1955,0.6222316661097103,552,0.5269250211273266,225,0.61598895721421,85,0.671759382814314,3948,0.730867610089983,2175,0.6110102508948507,467,0.7112499845721443,481,0.824416969123793,248
5986550.0,1754550.0,1,0.999999999998755,86,0.8982240153059073,216,0.7250114025119359,419,0.5704770598482043,8036,0.5269106799446479,226,0.5260047179084468,3283,0.9658482867860977,471,0.9286317239625803,344,0.4458833760991714,2891,0.6009408964137016,1605,0.3994254398822654,11433
5986150.0,1753750.0,1,0.9999999999759888,247,0.9009463870492225,104,0.7590228068889497,5,0.6611887195969792,11,0.5268531814730174,227,0.6497395292292069,7,0.9758394903993332,109,0.9642814315893062,34,0.875416716967911,10,0.8487136438936707,47,0.986393070080254,1
5984750.0,1752450.0,0,2.0228370931894344e-09,16775,0.44145197063126895,15166,0.45661718839828985,14200,0.5605062886953444,10892,0.5267936613754696,228,0.5260165254868683,3282,0.4414568833149143,14414,0.48476420723848634,12733,0.284675894521925,11077,0.677796928824479,740,0.48188143476672907,8912
5972050.0,1774750.0,0,0.000265520142866789,8687,0.3839519126502279,18054,0.47153271138105773,12887,0.6173168060690742,714,0.5266313917629951,229,0.5994495124969301,215,0.38538617198535974,16956,0.4676737958602487,13725,0.6646654515284172,283,0.8435624505979262,52,0.8180202372775509,279
5988350.0,1753050.0,1,0.9999999997162914,388,0.8916635323326163,643,0.7385705748129068,147,0.6208185191343503,594,0.5264208746398692,230,0.598578889558246,219,0.9598325257001101,776,0.9167322164049618,661,0.7972211758393237,76,0.8279768670104063,73,0.7980511215276095,404
5985750.0,1751350.0,1,0.9999999995746587,423,0.8984097166148323,203,0.7489199471576603,35,0.6494256790859771,48,0.5260823694787978,231,0.631507516008465,29,0.9713808827944685,223,0.9482795284561083,114,0.8530905441415841,27,0.8216403504158414,83,0.8388163481056354,177
5972250.0,1770950.0,0,1.6041290412285117e-09,16864,0.4773069658217826,13395,0.47386894703959953,12676,0.6201413570006391,619,0.5259897938994835,232,0.5865415415196347,318,0.4494724814157718,14018,0.4990733275367468,11866,0.6318661849662319,388,0.8016381060237762,120,0.6580076030137196,2659
5947650.0,1762250.0,0,6.214533199263356e-15,20974,0.6684426685550284,3889,0.5502263850362791,5870,0.5619454490730901,10461,0.5258463901374141,233,0.5260365001033054,3279,0.6644993231674712,4276,0.568826342688913,8005,0.38153382185788,5340,0.6702291410931966,800,0.4992951761614456,8375
5982250.0,1755950.0,0,1.1705609081985702e-08,15949,0.489690278546679,12821,0.48023736645592363,12107,0.5672543245521396,8916,0.5256334843548197,234,0.5479986785143682,1335,0.4854360502513264,12365,0.5322159423021628,9922,0.49819573770331615,1588,0.7396750646723171,314,0.6743358693312955,2274
5982650.0,1761750.0,0,4.632114627684206e-09,16380,0.44110301246589423,15183,0.44034797048328245,15641,0.5256950535364635,20309,0.5255740273880112,235,0.5317840393597815,2622,0.4298580956537912,14916,0.4637576180575331,13953,0.48273326078515555,1917,0.8066493903305992,102,0.7204616893466458,1371
6000250.0,1767850.0,0,0.00017415581038426973,9166,0.3940149102745809,17534,0.47630093505540194,12468,0.5224442421750177,20516,0.525134262570241,236,0.5406411777181457,1832,0.36447737088911514,17917,0.4390882438979342,15427,0.359596772480528,6359,0.8022480188309056,117,0.7679586515295453,691
5990750.0,1748850.0,0,2.0880545091761422e-08,15637,0.5295519386992947,10874,0.5106610912569152,9226,0.6209401581916172,584,0.5250869145800411,237,0.6092987818095924,137,0.5219742840921112,10744,0.5589782140135324,8503,0.5362687899809352,1005,0.7419399725165998,303,0.7795270180334242,558
6034950.0,1711450.0,0,1.8400143550357917e-09,16808,0.6669997455930524,3975,0.6005920925129021,2817,0.6238622093754624,505,0.5250151439065947,238,0.5530880545192609,1084,0.6548117427173427,4724,0.6725220652781019,3632,0.4184496249716866,3786,0.5745489363750286,2061,0.30682466792214935,13808
5996150.0,1741050.0,0,2.011626473310048e-16,21427,0.338534835588861,20254,0.3429359519302405,21038,0.5999692455918932,1901,0.524972839760482,239,0.5492096814975399,1269,0.2955705580741613,20658,0.32501593332760603,20462,0.30522640263510625,9604,0.5837727125167828,1883,0.4322827242143179,10484
5940450.0,1760550.0,0,4.5456837012923786e-14,20548,0.6410641275488729,5275,0.5373231841804167,6905,0.5640563349088245,9817,0.524860150960604,240,0.5050229307324203,6661,0.6658569288348551,4212,0.5532712531667268,8802,0.2918675189852096,10553,0.5164046308354946,3325,0.2511406747276751,15907
5985250.0,1751750.0,0,4.001310846660096e-15,21048,0.4239812878703493,16045,0.425744505056231,16822,0.5698370362919725,8212,0.5247335729966216,241,0.5099984902717045,5731,0.4059525661052612,15989,0.44075722413098595,15332,0.263882225497986,12620,0.5366127020409597,2849,0.26481899718903756,15348
5987450.0,1753350.0,1,0.9999999970113176,564,0.8983252673062206,212,0.7373035507696359,177,0.5996998917406713,1927,0.5246117897551549,242,0.5508051014884825,1170,0.9630254066730498,613,0.9189421003271793,601,0.42600554613322117,3518,0.5854689079991118,1857,0.36554957938659893,12297
6034850.0,1717650.0,0,1.4396720672129505e-07,14599,0.6705978655734277,3797,0.6156931597416526,2277,0.603640457432791,1520,0.52433897437827,243,0.5456557732371629,1506,0.6778369948413521,3698,0.7015882232239872,2768,0.3231893252587804,8429,0.5421421479189203,2727,0.2623479212670594,15436
5985150.0,1750450.0,0,1.98178983473834e-12,19489,0.3782191738522573,18346,0.41301151972081657,17781,0.6163537088542128,747,0.5242359412676753,244,0.5725271316989686,515,0.3729969427651365,17536,0.39646284679536725,17751,0.2774175947446156,11570,0.6089086780854187,1496,0.36442310879228,12322
5984650.0,1753350.0,1,0.9999999998724909,328,0.896512622003344,360,0.7313863892753251,279,0.5959770643759379,2390,0.5238008781330665,245,0.5780394463208006,423,0.9639978889694019,564,0.9276071148912679,363,0.6462767608873332,340,0.7462548551404068,289,0.7656948547068059,723
6004150.0,1738350.0,0,3.1979343429397615e-21,21754,0.3822010601318329,18142,0.3426423421845637,21045,0.5636457904954254,9937,0.5236451380904831,246,0.5418547002458832,1750,0.32596150824951975,19550,0.3252045183926704,20457,0.24586353390414772,13955,0.7350339421098565,335,0.4360914687315004,10367
5982750.0,1760150.0,0,8.460436173445535e-07,13537,0.45185315851019137,14674,0.5120768451986119,9093,0.5105463129588208,20977,0.5236259810994106,247,0.4910027817983928,9307,0.42870152840980746,14976,0.4852236773857167,12709,0.28463047449271606,11081,0.5707560339874073,2130,0.2928620531491355,14283
5988750.0,1754050.0,0,3.4122298209015695e-17,21554,0.5809569223356668,8337,0.4702435967542085,12995,0.6006805461661892,1838,0.5235986584726381,248,0.5819315506265366,374,0.5485932789644666,9582,0.4713522749971475,13522,0.28095051551541017,11353,0.7876679637596742,154,0.5115968660868017,7986
5995450.0,1741650.0,0,4.862167613271151e-14,20534,0.44082676217415084,15196,0.4308670094719857,16414,0.5833746221039507,4737,0.5234105231577992,249,0.5470364635822715,1400,0.4346164195139065,14709,0.4766008752692077,13216,0.38316220075063046,5253,0.6610698758806945,887,0.4833598403083058,8868
5985550.0,1750550.0,1,0.9999972075307467,1148,0.8959605227750632,397,0.7338506805568168,237,0.6093026933936013,1103,0.5233323200380637,250,0.5844706978418928,347,0.9659771737978942,463,0.9290055612300022,338,0.3929892372468714,4799,0.713591843683951,470,0.5751963763850548,5621
5984450.0,1755250.0,0,2.0411341115091991e-07,14411,0.39568857535116914,17457,0.4290565580722173,16552,0.556152477980037,12743,0.5233283271894738,251,0.5115707227469191,5447,0.3985741268721965,16359,0.4414388711328119,15286,0.37617141951657684,5549,0.59139304792458,1756,0.3542516117050484,12561
6034850.0,1713550.0,0,9.58132370624327e-09,16046,0.7091415187739666,2270,0.5956924438084094,3037,0.5633146490174403,10043,0.5232345075262609,252,0.5658948950991622,667,0.7220179598881875,2245,0.7059176217868698,2661,0.29464958379440265,10367,0.7900957210497714,145,0.5000336615854282,8351
6009350.0,1733750.0,0,0.00019618690816444807,9031,0.558253509776579,9526,0.5473438254467565,6092,0.5919647764717068,3047,0.5230338564496487,253,0.5896031913938586,290,0.5563614985544598,9223,0.603274526907809,6385,0.5511448294914564,855,0.7536629736720308,254,0.7838502547612571,516
5984950.0,1750750.0,0,5.400732688102231e-16,21317,0.5799639620210538,8390,0.5077074387669706,9487,0.6110788774361904,1009,0.5230103286417433,254,0.5542695972532223,1028,0.5618841681570778,8969,0.49894791295612106,11881,0.29837620280820343,10104,0.6724974114225546,779,0.421321372655316,10812
5989450.0,1754550.0,1,0.9999999999999953,1,0.8965490996627834,359,0.7312716530181202,282,0.5840352794544468,4584,0.5228872567167191,255,0.5591619782830302,856,0.974968449302097,124,0.9298637268502773,322,0.7693329224803447,106,0.8220541044184337,80,0.7606681618596904,776
5983850.0,1761450.0,0,1.3425009794596915e-08,15874,0.6745523433034587,3587,0.5964864744472482,2995,0.600439725459413,1852,0.5228834622906088,256,0.5692281511574777,582,0.6793808759715535,3634,0.7097677964925277,2564,0.3287836806007427,8071,0.725080527297551,398,0.582913902032858,5284
5982450.0,1761150.0,0,0.0004526969835114217,8145,0.6143940540524176,6655,0.5697173981315983,4529,0.5254981710928023,20318,0.522574342401849,257,0.5356130836994168,2246,0.6284217456641652,5886,0.6632501836649775,3961,0.47097228692273296,2191,0.7607619624941713,231,0.7756219134507494,606
6042150.0,1737450.0,0,1.266992485062791e-06,13311,0.3401769860526053,20181,0.41772122678046364,17423,0.5845854658608435,4487,0.5225392289572832,258,0.5572963996760452,921,0.3291745469766738,19427,0.3741165157001891,18748,0.25592527296767154,13188,0.6394583378525891,1099,0.32800766951563065,13236
5983750.0,1758050.0,0,1.1434302121157669e-05,11768,0.6341017680055228,5647,0.5865786861848856,3487,0.5544740730034986,13558,0.522477400565441,259,0.5535196458660843,1066,0.6361893299072263,5550,0.6734100043986296,3606,0.46995511709332694,2212,0.7898695590477232,146,0.7943648077335952,428
5989550.0,1756250.0,0,2.8513271798354562e-11,18571,0.6472011793005578,5002,0.5564000499588537,5426,0.6258126409212765,443,0.5223768174200687,260,0.6031402746955054,186,0.6379959641805671,5479,0.5955000297903971,6723,0.6403947800473678,356,0.7932667372550177,134,0.646460861867088,2999
5988250.0,1752450.0,0,0.0014631294521196259,6912,0.7248343800739148,1885,0.6612675819444144,1314,0.6320498944229097,274,0.5220654554375166,261,0.6040807783716451,181,0.7276966247413655,2128,0.7438141044662261,1992,0.6424166324174563,351,0.7839197612459655,165,0.7635081070526921,743
5989950.0,1751750.0,0,1.5296922643028542e-10,17906,0.39367040499455913,17548,0.3923455078153081,19012,0.6112012787024355,1005,0.5217770092315669,262,0.5537192512506699,1057,0.3506371903566988,18526,0.3784858464375801,18564,0.5090802288940934,1394,0.6674011596718884,829,0.5520367300425055,6515
5985450.0,1750650.0,1,0.9999989227763955,1090,0.896444821372096,367,0.7384953027715591,151,0.6226110930262762,537,0.5215395993286042,263,0.5971138402511814,225,0.9665394345294425,429,0.9315839691054627,291,0.4032643672119156,4383,0.7212247594896509,420,0.5818830487455453,5326
5986650.0,1750250.0,1,0.9999999626689035,753,0.8983665355163093,207,0.7321489182272926,270,0.6304990335821447,310,0.521359639383495,264,0.5890841937189764,294,0.9641175490782887,554,0.9206979867799736,543,0.4993491547934641,1569,0.7882960571596201,152,0.791981180576077,445
5989050.0,1751150.0,0,4.2651991404209045e-10,17431,0.3068452413302461,21242,0.33907971708858975,21124,0.5931902207091718,2837,0.5213483661983773,265,0.5790597412716725,411,0.2733754858254631,21173,0.2994193739326836,21031,0.2749361005976243,11738,0.7600700937575893,233,0.6845187139190635,2052
5947350.0,1762750.0,0,4.5848339472103936e-05,10532,0.5736226802702358,8723,0.5540306123916587,5587,0.5658120845570364,9333,0.5212362137344898,266,0.5442702667950451,1589,0.5629909662387143,8909,0.601345087098925,6469,0.3923525128666241,4826,0.7251109547588028,397,0.6595682107633272,2627
5995050.0,1741650.0,0,4.450912308327716e-05,10569,0.5791170028391134,8428,0.5523503730010115,5713,0.5969184945466427,2281,0.5210876687558476,267,0.5806315275593478,391,0.5691197830655031,8610,0.6103254198730264,6066,0.5436841937979181,921,0.6733724265984966,773,0.7558695182537132,823
6005250.0,1765550.0,0,2.589630867178006e-10,17679,0.6657562087744152,4026,0.553873563223463,5604,0.5850157599767762,4386,0.5210037380442051,268,0.5490725124204242,1276,0.670724701929686,3990,0.5820086534015014,7387,0.5262443188529925,1120,0.7453293793157836,294,0.5792980699310112,5431
5995750.0,1740350.0,0,0.0005086781795559263,8022,0.5084965596641127,11886,0.5398880621964923,6685,0.571096079344019,7869,0.5208488277338398,269,0.5424182513593739,1708,0.5059753196367252,11459,0.5591026393888696,8498,0.45833133914167123,2515,0.6184969865908079,1372,0.5904885064981886,4967
6035950.0,1711050.0,0,5.775133215814944e-16,21310,0.45768504581966385,14396,0.43319592505925597,16226,0.5683053709085395,8642,0.5208456191841216,270,0.5078013235511688,6152,0.4099319464396004,15814,0.4272348183527286,16116,0.27029299877142354,12127,0.7123642513866818,478,0.3487339794914541,12691
5909550.0,1753250.0,0,1.3067342658291818e-07,14648,0.7042598862098318,2413,0.557164103542513,5369,0.5768725400907017,6267,0.5207651154859665,271,0.5611542123400999,787,0.6899557784308935,3209,0.6435271114453609,4705,0.30632675104845686,9513,0.7304599124831332,362,0.7666249593655473,710
6006950.0,1764150.0,0,5.53885914120118e-06,12302,0.6696716616342269,3827,0.5867376828251448,3482,0.5503501889172127,15315,0.5207448823997509,272,0.5221288213774407,3807,0.6649376927352053,4256,0.6788571833366143,3423,0.40449157886163034,4340,0.7451034755569568,295,0.6324399238845394,3420
5989450.0,1752250.0,1,0.9999999999969051,126,0.8946841360407608,498,0.7305795856924868,296,0.5899202581902311,3418,0.5206152276852425,273,0.5956616080237314,236,0.9716321075997276,219,0.9210291738901719,534,0.6098892713926752,477,0.7667868266572271,219,0.8274556358151333,229
6030750.0,1713450.0,0,8.092623564271078e-08,14908,0.6532958010226251,4687,0.5903275453189736,3281,0.5819201598354681,5067,0.5205395565280392,274,0.5163247918367956,4658,0.6443740200878396,5186,0.6579412199722181,4172,0.27084851316116076,12084,0.5029150368922366,3715,0.2234559384566206,17140
6032450.0,1711350.0,0,5.583593512286668e-07,13817,0.6488495300117235,4916,0.6010067909281017,2802,0.6604024073075389,13,0.5204224013459615,275,0.6365742694147906,20,0.6613220370215144,4412,0.6660371720659732,3861,0.3402410989779515,7388,0.6919650780135826,610,0.515441789266985,7859
6007750.0,1764450.0,0,0.002365017280810341,6387,0.5295228768766067,10878,0.5075540314684194,9505,0.6700489322435634,2,0.5198819835975319,276,0.6241501155939171,45,0.5046417054601269,11511,0.5100518353549065,11214,0.3006872261219258,9938,0.6364055109511171,1149,0.7368380675998308,1093
5984250.0,1750850.0,0,9.377651444594132e-08,14832,0.4825677942399224,13161,0.4965927087834353,10514,0.6390845491184828,129,0.5197660493206255,277,0.5658023874906323,669,0.48527490126018824,12371,0.5309540147629813,9997,0.3223215863168881,8475,0.5529288752657278,2470,0.3119631895389444,13657
5987650.0,1752150.0,1,0.9999999994495912,437,0.8914934397578067,650,0.7283089467868967,336,0.6159237203603085,765,0.5195145712536227,278,0.5913817467881849,264,0.9597570930627626,780,0.9129511755617158,770,0.6629255973669381,291,0.7928085479548209,136,0.8130493678049466,314
6003350.0,1760050.0,0,4.7826663917262705e-11,18382,0.33331928250604886,20444,0.3843958115452491,19422,0.5532477693183265,14195,0.5194058610887804,279,0.4935239946712713,8815,0.31513473205018583,19966,0.376669740558364,18645,0.29088440817682903,10626,0.535865216453994,2873,0.2780187354651349,14840
5986850.0,1753350.0,1,0.9999999990558344,487,0.8987007030485872,182,0.7538296638226952,18,0.6410066646823467,110,0.5194025125856339,280,0.6333460166471513,26,0.9660985683439112,457,0.9362755564526417,206,0.7285767852978144,169,0.7970976479979096,126,0.8334706962671627,203
5987250.0,1753050.0,1,0.9999999982303647,526,0.890059645724304,743,0.738194062302204,160,0.6035799682783567,1526,0.5193890058816658,281,0.5638435820291213,720,0.9581053039193732,869,0.9148944453298813,722,0.4334944216992308,3266,0.5938357920360712,1713,0.3734860535514535,12095
5998850.0,1742350.0,0,1.300716732211284e-10,17991,0.3574955487783893,19354,0.3937647354912977,18933,0.562714291714584,10232,0.5193213223798975,282,0.515040057900915,4868,0.31563905083774957,19944,0.3616853196202595,19262,0.42461604354004023,3562,0.6018245494208069,1595,0.5206514754722886,7690
5989650.0,1753450.0,0,2.8332576646248455e-09,16603,0.5324700218724534,10720,0.49368001355519603,10800,0.5738384311640232,7089,0.5191810489370453,283,0.5651465221564468,685,0.5149056264231845,11061,0.5500673154661966,8974,0.49607480680310634,1646,0.7139411361481537,468,0.584818812909823,5191
5982550.0,1757550.0,0,0.0020323810360685433,6557,0.6875030764514617,3041,0.6307656080699704,1883,0.55562473011452,12992,0.5191760022779423,284,0.5553315690205943,991,0.6893473933701584,3238,0.723424895073449,2288,0.4576713997477708,2538,0.8328344492647063,63,0.790533386457329,457
6042250.0,1737550.0,0,1.462797170785967e-10,17924,0.4720742585995527,13664,0.45498681273584163,14348,0.5725737163261179,7449,0.518861080098627,285,0.525057985277709,3410,0.4442881267040172,14280,0.45589742132059463,14444,0.21552326654907972,16296,0.5842884632412408,1870,0.27033169093954,15121
6000550.0,1727650.0,0,0.049081794270255816,3365,0.6411970145756603,5266,0.5972829596827771,2966,0.5748960962856842,6796,0.5184530203527922,286,0.5272347055126271,3143,0.6584076620681901,4539,0.6927769029061265,3022,0.3280090466490443,8133,0.6130429516631666,1440,0.44891025936817996,9965
5985850.0,1750350.0,0,1.1885435087587651e-06,13344,0.3491233627891225,19771,0.4360818197584094,15989,0.58409089945931,4571,0.5182874318675605,287,0.5727849349403041,512,0.3377544659823868,19064,0.40771582766631376,17169,0.3299977601870169,8001,0.7187515054278797,435,0.5488018274663937,6648
5907450.0,1759350.0,0,0.000370346274483286,8319,0.6523276617898249,4739,0.602770195544099,2732,0.5577722794419965,12001,0.5181938191084936,288,0.5111934749706082,5508,0.6633405378066395,4330,0.6984082438533674,2856,0.40606251902370394,4282,0.5877623125739784,1816,0.3678380138972134,12226
5992950.0,1748250.0,0,6.582372853988303e-07,13710,0.5854988914481867,8076,0.5342292692937494,7132,0.5698219129902039,8216,0.5179646061085975,289,0.5500772642471505,1222,0.5928324503564355,7514,0.6258410520160008,5434,0.49241419631334815,1704,0.6649962390057477,860,0.6961648424748775,1810
5988150.0,1752550.0,1,0.9999999988819379,496,0.8919478315078785,621,0.7343436447490769,224,0.6134741323538311,882,0.5177763763707601,290,0.5839161813588185,352,0.9601338901825638,761,0.9148236463927077,726,0.7151433866584105,184,0.7631407262892586,225,0.795760224611973,422
5989350.0,1753750.0,1,0.9999999999729767,250,0.8894251677644288,794,0.7214140193148477,502,0.5864989338217514,4063,0.5172803678818869,291,0.585768975376553,328,0.95753873773776,891,0.90870459249766,889,0.7428675097778298,144,0.7596399951020917,234,0.81370860166714,309
5985250.0,1752850.0,1,0.9999992977996633,1054,0.8980417616646346,230,0.7334351456101207,244,0.5930087120161913,2873,0.5171969339527204,292,0.5560678972812536,963,0.9659636028838159,465,0.9221235033551323,513,0.3652596214408784,6064,0.6217727128331545,1330,0.41685638801213865,10936
5987650.0,1756250.0,0,0.00014150558393828628,9376,0.47444127662356533,13541,0.5381004448685373,6827,0.588867454068175,3610,0.5169843964013835,293,0.5538017654465697,1048,0.484795128733261,12397,0.5638211479444646,8252,0.6205011863669664,431,0.7181697851918623,438,0.5459573582859597,6755
5906050.0,1754750.0,0,0.0030238758633207054,6123,0.39232864466130496,17605,0.4680170592598165,13186,0.583062169101038,4804,0.5167163763669004,294,0.5698991410416512,567,0.4000242027585563,16288,0.480575426947079,12956,0.6164169900992769,442,0.7227982993826151,411,0.8259976903593553,243
5989650.0,1751850.0,1,0.9999999999969427,123,0.896161509921768,388,0.7279141739998118,347,0.5973879012646257,2220,0.5166998075808309,295,0.5454472465326572,1517,0.9700643938990023,270,0.9082109255282742,900,0.4254433768297967,3536,0.5718680156168168,2109,0.36210725499279994,12394
5986650.0,1751950.0,1,0.9999999995364257,428,0.8999279343325758,118,0.748442047803493,40,0.6410978974582044,109,0.5166090891410908,296,0.6077676391924277,148,0.971022946292073,232,0.9414725540317502,155,0.8172174267930865,56,0.790276078170792,144,0.7231335754291331,1308
5986650.0,1750450.0,1,0.999999992905166,616,0.8966732416400172,342,0.7454046472960576,63,0.6345782103179782,201,0.5165669630838614,297,0.6339744831346058,22,0.9657292390428751,477,0.9377810073700287,188,0.5637518004717345,748,0.7474658671810926,285,0.8521145843577885,136
5988850.0,1751650.0,1,0.9999999994185429,444,0.8941021003380355,539,0.7117421428026883,725,0.5761912070992611,6442,0.5164717021546542,298,0.5635379218914146,729,0.9703704398673589,256,0.9088832762484328,886,0.5510884256274591,856,0.7875659346829927,155,0.7867273593854998,497
5988450.0,1752250.0,1,0.9999999997845956,364,0.8915660538967909,646,0.7338528864079674,236,0.6065101906506707,1279,0.5164452356521677,299,0.5784323885778803,418,0.9594813268939555,793,0.9136452928478862,759,0.7898711092740205,82,0.8015651913017374,121,0.7523102447893664,877
6008250.0,1732350.0,0,2.5210535238731247e-08,15525,0.3693210577843936,18752,0.41998087560972347,17254,0.5944029983652667,2646,0.5163583642750976,300,0.536320885596705,2166,0.34447314985601696,18789,0.40015414050708875,17562,0.5098699105231524,1378,0.6052960622086273,1543,0.3887386825139698,11707
6032650.0,1719150.0,0,5.568681839208834e-13,19905,0.5019700257453781,12198,0.4760629144364564,12483,0.5920188916305738,3039,0.5163529044878252,301,0.5236887027553083,3580,0.4980933059785071,11805,0.5260463205112524,10289,0.4219328025851754,3673,0.5738556713486846,2074,0.3143594546294979,13591
5987250.0,1752950.0,1,0.9999999984613068,519,0.8904295335263437,719,0.7410493693252687,109,0.6123979826439054,940,0.5161385403521351,302,0.5738868153661569,493,0.9587257334358633,844,0.9171073753111256,646,0.5042632457187489,1482,0.620900501473417,1343,0.41637508019511105,10950
5987450.0,1754650.0,0,0.09496215639150869,2807,0.6883316374135297,3009,0.6374107085922912,1769,0.6269862122476558,409,0.515960217064431,303,0.5971311091902419,224,0.6986391239475637,2905,0.7466990160452538,1947,0.7821301432749879,96,0.8110233642316207,95,0.7929267666195239,437
5985850.0,1751950.0,1,0.9999999997786908,366,0.8993279035607672,138,0.7354496307581375,208,0.6250869253353842,471,0.5158827627275122,304,0.6111096557482734,120,0.9707596639167198,242,0.9383743423374878,183,0.7638927768362804,116,0.821929658984567,81,0.8395067041887692,174
5985050.0,1753350.0,1,0.999999999706483,390,0.8967102246702174,340,0.7408017756541015,113,0.6151226766691904,794,0.5158388688099023,305,0.5941671816770453,248,0.9644829195503641,536,0.9318940011130048,285,0.5700757152949171,707,0.7141048697069677,466,0.7008466870872556,1737
5986850.0,1751150.0,1,0.9999999987788621,503,0.8976079311807142,271,0.7412816444796849,106,0.6251306895330705,469,0.5154327333276376,306,0.6207487254709013,62,0.9666135758027365,424,0.9358948268131775,214,0.7146459867303625,185,0.7957947181788175,128,0.8514129341425541,137
5988350.0,1752950.0,0,3.8116916224925677e-10,17497,0.6848837674179273,3140,0.5609412496940719,5109,0.5913792835572932,3157,0.5153218336924887,307,0.5630065280144915,738,0.6998061450712258,2859,0.6726338462829594,3627,0.30664377752803573,9494,0.732978970174641,347,0.7028092755209653,1687
6036650.0,1726850.0,0,0.000578981266701137,7879,0.48850932683406106,12886,0.5341343628522188,7138,0.580598078991139,5383,0.515275671316519,308,0.566553940067355,643,0.4769371605794781,12778,0.528552926402122,10134,0.45514048530765705,2624,0.7043606843734981,524,0.4792374193987957,9003
5988950.0,1756150.0,1,0.9999999999998921,21,0.8909543135208213,681,0.7413935534967656,105,0.6303459115390554,318,0.5152737322736936,309,0.621884697836807,57,0.9679360398360722,379,0.929586575776327,330,0.7889928424592876,85,0.829843275898372,66,0.9430780709466112,23
5988750.0,1751950.0,1,0.9999999985602446,516,0.8944624929159167,515,0.7104939612479425,751,0.5699309299471345,8187,0.5151887779536461,310,0.5460190657507369,1475,0.9699833822260825,279,0.9055386344395343,968,0.5348067054200535,1020,0.7714984317561617,202,0.6512091545210662,2861
5994250.0,1740250.0,0,5.316381508181273e-15,21002,0.4196065923687392,16276,0.412962954080996,17784,0.558579134045943,11643,0.5150089909877386,311,0.5345143989463695,2359,0.3719363233597386,17580,0.41007939907089763,17060,0.4060862442344847,4280,0.6820750190976368,702,0.487594953958415,8735
5984150.0,1754050.0,0,1.3046903989180345e-08,15892,0.3451803218985298,19961,0.41470632368985777,17660,0.5480183487045549,16057,0.514969702900044,312,0.5116886128836968,5429,0.3079876094257792,20246,0.3688101271850679,18977,0.3684863049780899,5915,0.6314825692733808,1213,0.40241682731605266,11342
5984750.0,1753050.0,1,0.9999996678653162,972,0.8977237300317558,261,0.7322808153666154,266,0.6105984187495549,1034,0.5149388239808442,313,0.596850549134399,227,0.9624421009359787,639,0.9165456356967777,669,0.40295728465498093,4399,0.8105078408996345,97,0.6066447526584632,4304
6032150.0,1718950.0,0,0.00024872215807738787,8770,0.5579093701346981,9544,0.5725663781897181,4351,0.576339255790807,6404,0.5147103400104474,314,0.5360240327554829,2198,0.5557479309115638,9256,0.5957608370862278,6709,0.41081507504520265,4097,0.6640408786265395,866,0.43346260429973693,10445
5984950.0,1753550.0,0,4.0626771224234466e-20,21741,0.5849752361378328,8114,0.4769819492154412,12401,0.5771429570206473,6196,0.5145438380559455,315,0.553357559208561,1076,0.5870286592113211,7776,0.5140442362365211,10982,0.29521353172770814,10306,0.7321437670443427,352,0.5140122310244142,7904
5984650.0,1752850.0,0,0.061616452192977324,3193,0.7163252433321874,2094,0.6763715445245125,1183,0.6207980267058194,596,0.5145057206829596,316,0.6099361021558006,131,0.7555537369005739,1726,0.796457714729701,1587,0.39225363246923506,4828,0.7903143068029526,143,0.6025289529900232,4459
5985050.0,1753150.0,0,0.005577835765651582,5522,0.6951357809089852,2746,0.6596070284788412,1329,0.6244272484241574,489,0.5144614702121212,317,0.612601477530495,110,0.7228045353735859,2222,0.7633112293863701,1760,0.38407393990167815,5217,0.7957231935838751,131,0.5917417254615258,4894
6032250.0,1712950.0,0,1.5398328885963802e-05,11553,0.6405562976032283,5300,0.6199752826673617,2143,0.5738021656440487,7097,0.5143881021672042,318,0.5262685400210688,3252,0.6540672423829776,4753,0.6856822830150311,3227,0.293775063598839,10436,0.5274871308741407,3041,0.2570473241672061,15663
5942150.0,1768750.0,0,2.40196589961063e-05,11144,0.3562025450570686,19431,0.4604989270826645,13847,0.5604441327829413,10910,0.5142877693267512,319,0.5228997287181548,3701,0.3474223589604253,18663,0.424073068629383,16322,0.3543268480802907,6615,0.5630156946052737,2258,0.3207838281159612,13413
5993550.0,1748750.0,1,0.999999999655965,404,0.9153803049637765,30,0.7409745288517731,110,0.6233418334464984,520,0.514264548988195,320,0.6129987977903878,106,0.993114927725101,32,0.971633529754292,12,0.6100834124336857,475,0.7140286546673862,467,0.8391130101333677,176
5981150.0,1753150.0,0,0.00010820827642051899,9644,0.56907998473844,8969,0.5492967471687107,5952,0.572813600534742,7377,0.514192627738783,321,0.5586010911046172,871,0.5617513042142682,8982,0.6051470299876363,6314,0.5117934118853269,1338,0.6971726464812674,572,0.7800157929183302,552
6031850.0,1712450.0,0,1.2242839656263476e-08,15923,0.5328610272416893,10697,0.5319036841663022,7366,0.6251146991935331,470,0.5141806674111679,322,0.5724983604868786,516,0.5065844400513572,11434,0.5360955667252233,9740,0.3716409690059962,5748,0.5714414781823901,2117,0.29590042864759103,14163
5984650.0,1754950.0,0,4.855161468878062e-19,21710,0.466107450409482,13944,0.4052464036595189,18271,0.5402561029625642,18249,0.5140742796382852,323,0.5234807125630403,3615,0.44889064590752026,14055,0.4482229199042784,14886,0.2570644616105824,13111,0.6800785074895527,719,0.5115380789874902,7991
5909050.0,1750250.0,0,3.01972190237262e-07,14172,0.702450394494587,2465,0.5911877027751224,3241,0.5722944696053535,7518,0.5136491636966245,324,0.5584280242961619,876,0.6907008434216633,3182,0.6671369028626467,3820,0.4996942706999782,1565,0.7521662845096497,263,0.7716711286505424,649
6033550.0,1717450.0,0,7.202591936144822e-12,19045,0.591660599928012,7770,0.5089916706684772,9367,0.5968934889041577,2282,0.5134577058445515,325,0.5687182309841776,597,0.5653413136281483,8810,0.5501599978859327,8965,0.23833861451251104,14493,0.672071825018008,784,0.4100244863013949,11150
5905350.0,1754150.0,0,0.00674441215207722,5307,0.6368562641209278,5493,0.5770407741182895,4046,0.6011467375991736,1791,0.5134553094487915,326,0.5749031914924106,476,0.65443101928215,4741,0.6964872633585666,2903,0.5848430638874842,604,0.6836455237011927,689,0.8035232144125642,368
5905650.0,1754350.0,0,0.0022514207580903605,6440,0.6684159451838173,3890,0.6045000506339205,2666,0.58860051552704,3653,0.513231330390305,327,0.5704632855381885,551,0.6678468784922212,4116,0.7059874668331458,2659,0.5593316836555446,778,0.6810537243741349,711,0.7933821238995471,434
6034850.0,1717350.0,0,4.179287288228223e-06,12501,0.3722765533524108,18627,0.43092479606915596,16410,0.6102141150940255,1055,0.5128310224364374,328,0.5433312867807354,1653,0.3383328927736171,19037,0.3885355320885264,18108,0.2668416080390261,12378,0.5167473664883987,3309,0.21846761984279361,17376
5988050.0,1752150.0,1,0.9999999987903156,501,0.8927754119251036,584,0.7425447145848529,88,0.6431366950093632,85,0.5125479456594868,329,0.6027132339044535,189,0.9610433918695663,711,0.9187190447331052,609,0.8344839153382662,35,0.729254547240857,369,0.7552050425428796,831
5986750.0,1750650.0,0,1.4217190590651167e-10,17944,0.37516329743427373,18488,0.4266675695193883,16750,0.6015214665411006,1750,0.5124371626722378,330,0.5596392258931461,842,0.35749493975132585,18227,0.4210825127898994,16497,0.4237286199254279,3599,0.6478319007687492,1016,0.5374664962749501,7097
5985350.0,1750450.0,0,2.720577430818605e-13,20125,0.5225681902737305,11247,0.4874353262465477,11407,0.6182577842774091,686,0.5122330325030702,331,0.5625256737407516,748,0.4870219213079109,12296,0.5147876126273272,10936,0.30250670280909975,9791,0.7149215582350203,461,0.48573218193932055,8798
6033150.0,1711050.0,0,7.059603982168087e-14,20464,0.5774894780157226,8521,0.519246873708662,8475,0.635789340880548,181,0.512071586623305,332,0.6017565578805404,194,0.5848024652538584,7886,0.5366538799318887,9702,0.3994530943691287,4542,0.7461782098728911,290,0.47693439177649743,9054
5984350.0,1750750.0,1,0.9999956506563497,1172,0.882769334108485,1126,0.7289052987418914,325,0.6234644419718957,516,0.5116908662086715,333,0.5777877027618215,427,0.9510145296873932,1129,0.9095972270425039,869,0.37655333191973184,5537,0.6376961963133316,1121,0.4537282818248508,9792
5989550.0,1753250.0,1,0.9999999999336264,297,0.8955817594414752,429,0.7229984982786007,463,0.5815126222039247,5168,0.511655618837444,334,0.5304657723907124,2777,0.968756758356674,341,0.9026951384646108,1018,0.4013991397565012,4483,0.5607589783625894,2309,0.34660658864707805,12732
6041850.0,1736850.0,0,6.1628475756543e-13,19870,0.6364149816037497,5524,0.5384933798773257,6800,0.5863006877861184,4108,0.5116277394942298,335,0.5500666196953801,1224,0.6268453192621823,5972,0.5214029546712823,10547,0.24329301564873973,14126,0.6519574885896422,975,0.3048472793454059,13866
5908050.0,1759150.0,0,2.248151219436729e-07,14351,0.31877382220592126,20933,0.4016145749989972,18496,0.5982884120625281,2101,0.5116039620354008,336,0.5745048480288976,487,0.3073013379181242,20271,0.3884340652757572,18116,0.6595068650355383,297,0.7734255448257388,195,0.7276742506200254,1233
6008250.0,1732250.0,0,3.863916570615242e-11,18459,0.47287980257007145,13623,0.4442947274923273,15306,0.5735004637226948,7184,0.5115957953648579,337,0.5306982836071423,2747,0.4723723021226224,12983,0.4748920962001014,13313,0.2651177217035876,12518,0.6195125732682067,1357,0.4980148248018572,8421
5987650.0,1755450.0,1,0.9999999999994842,52,0.8904097736957852,723,0.7372987244869127,178,0.6115960504631314,981,0.5113596238588709,338,0.6074380864376505,150,0.9627074876946219,627,0.9339594061111203,244,0.6991649144808687,211,0.7979786645901557,124,0.9467621682439937,21
6032150.0,1711350.0,0,2.8961461794342682e-12,19368,0.32688696910736015,20672,0.3875779829852837,19276,0.5854537055113971,4292,0.5113510089784048,339,0.5374223046704549,2078,0.3014943169888139,20465,0.3534612710889574,19561,0.3827569125866943,5269,0.755208075869976,247,0.4200583950565061,10851
5987650.0,1755750.0,1,0.9999999999963634,132,0.8922729888329417,603,0.7478923977229581,47,0.649476329534374,47,0.5111978992340798,340,0.6320390028503047,28,0.964785578943849,519,0.9403399249767004,169,0.8613119504135163,18,0.7880258499671866,153,0.9511554675623863,15
6008350.0,1764150.0,0,3.1662346548641023e-15,21083,0.34769791694171653,19847,0.33776017632730054,21147,0.5425195444024347,17714,0.511157385158502,341,0.5319487039773391,2605,0.32624260960509255,19536,0.33461606681369704,20194,0.2358568951164326,14688,0.754987252129973,249,0.5464640717710727,6733
5985050.0,1752050.0,1,0.9999999425862818,798,0.8993341673710981,137,0.7390764017928084,138,0.635451074172468,189,0.5108954746904146,342,0.6178476141823067,76,0.9685269832792789,352,0.9307468200686773,308,0.4283315818832544,3440,0.8114851852761118,94,0.6254385842420848,3620
5987350.0,1753450.0,1,0.9999999979385976,535,0.8964348842546793,370,0.7228423146560755,468,0.5642796809504546,9767,0.5106398005683535,343,0.5289037749630039,2933,0.9610864299041378,708,0.9116289300695024,822,0.4446074821717474,2925,0.6232019809938035,1306,0.4214567836400748,10804
6001250.0,1769750.0,0,0.002958393983865405,6152,0.6905503512521051,2931,0.6128282119779591,2365,0.5305654499009335,19840,0.5105480132516739,344,0.4946681677007188,8596,0.7088829790467283,2583,0.7327565626054461,2134,0.2766570250435558,11623,0.5493703858809336,2543,0.2990936310867993,14045
5984650.0,1755450.0,0,5.424201507175864e-08,15123,0.4498623289234452,14765,0.4661541550279484,13376,0.5705022911640465,8029,0.5105251382817461,345,0.5191569939851398,4222,0.4495572479434159,14013,0.5000658114386434,11804,0.43441303828573696,3230,0.5937924794813221,1716,0.3700412430647414,12183
5983950.0,1750650.0,0,3.491930910179651e-11,18492,0.5890489806560889,7905,0.5148266169741187,8853,0.5946471241792411,2603,0.5105200842552648,346,0.5728290116444039,511,0.5974623810292519,7318,0.5884527586263539,7060,0.2933343918128859,10464,0.6773750370151845,744,0.5289401775424738,7410
5987350.0,1753250.0,0,1.0454477645773979e-08,15996,0.4423006560886157,15132,0.4680994936653841,13173,0.6043496286565738,1446,0.5104990103500423,347,0.5488764244635964,1285,0.44410654548398376,14292,0.46548283991091466,13847,0.27743700269745375,11568,0.5579234356242506,2356,0.29980534298364037,14024
5985050.0,1753750.0,1,0.9999999997404267,382,0.8972007238653341,304,0.7339125787084143,232,0.5960970737647656,2376,0.5103086080956785,348,0.5611498930853365,788,0.9639980370372246,563,0.9254001507753579,419,0.6776163045308313,252,0.7177788147028501,442,0.5714317764153694,5749
6040150.0,1736150.0,0,4.528283887865172e-05,10552,0.7008363021739904,2519,0.6415432828179656,1692,0.5827843529281963,4865,0.5100761318539543,349,0.5792897770955582,407,0.6981296564684596,2916,0.6921224509315739,3041,0.28583620437758306,10994,0.691408583460506,613,0.3785470132071598,11972
5984750.0,1752550.0,1,0.9999969295938881,1153,0.8971540990991067,308,0.7265694092118508,385,0.6000573814055964,1893,0.510017509371433,350,0.5507690101229666,1172,0.9602523785143094,753,0.9067054713736518,936,0.35820066033035025,6422,0.6302620278163571,1228,0.4418268842944031,10204
5986450.0,1756550.0,0,1.1741504734203112e-05,11753,0.3571315642429362,19378,0.4153160975827399,17596,0.5927643784896299,2920,0.5100116707530539,351,0.577869837646563,426,0.33361338322672096,19248,0.3997503377269045,17579,0.6201646084486626,432,0.7753093620908368,187,0.8319732949660034,210
5984250.0,1750950.0,0,2.6683107768374e-10,17664,0.6859553956759608,3095,0.5891656224630839,3354,0.615011419249235,802,0.5099966332286938,352,0.5747067660516503,483,0.6835140688937225,3456,0.6369957049837706,4974,0.3239187568182489,8386,0.682451247975845,698,0.5107907947287604,8012
5985250.0,1750150.0,0,4.39596097234352e-05,10581,0.49457791615554747,12569,0.5499920953158005,5889,0.6235784836850847,511,0.5099457122766003,353,0.5724418037287441,518,0.5073020245584711,11393,0.5688363012151494,8004,0.3371718390913082,7561,0.5539615504954615,2446,0.3149104771460023,13576
5981250.0,1760550.0,0,4.0862345484434215e-10,17454,0.42088606176140964,16206,0.432858561242792,16256,0.5023929758528977,21167,0.5095771402023191,354,0.472269744692007,12921,0.3987176525540368,16353,0.4383410223882871,15470,0.285907427268018,10987,0.5510279387303063,2516,0.2717524155685809,15071
5985150.0,1753650.0,1,0.9999999995622673,426,0.8974661869300883,284,0.739588246598699,130,0.6115148067100624,989,0.5095387104277218,355,0.5980325673181458,220,0.9654948609207514,485,0.9327286317413233,266,0.6947175726983539,216,0.7712063757959278,204,0.8426345024151234,161
5986150.0,1751550.0,1,0.9999999987622852,505,0.8979061929747928,238,0.7369826855574166,182,0.6143646867435198,840,0.5094655870090289,356,0.6035427066450773,183,0.9704723173427006,251,0.9408576966940321,163,0.6421886347777215,352,0.7543656552205158,252,0.8310170909102237,215
5986450.0,1763650.0,0,1.0904377142748102e-05,11802,0.5785300893687247,8464,0.554847138163393,5519,0.5436654710838477,17415,0.5090769821640811,357,0.5381888914144478,2018,0.5785952935250253,8170,0.6261099480398981,5420,0.4880010958788846,1805,0.8058163600873651,106,0.8171359844531709,284
6032650.0,1714350.0,0,0.00032311849582595197,8443,0.3595305909038534,19245,0.4552290474293425,14323,0.5713259410000123,7796,0.5090535411277797,358,0.5340375045759692,2399,0.3265205869196566,19523,0.388339254578544,18120,0.42037829641493063,3723,0.7045065919941623,522,0.42394275861164377,10715
5987150.0,1753150.0,1,0.9999999996823001,395,0.8895927355068863,786,0.733632534343258,241,0.5978345356643525,2157,0.5090320217725155,359,0.5844069206966481,348,0.9585909344161354,852,0.9161969548684337,683,0.5521114579951694,848,0.7171131518615286,449,0.7937517030074335,432
5987750.0,1752850.0,1,0.9999999998367268,347,0.8898289584855493,761,0.7400151109661508,124,0.6134980547348173,880,0.5090175144741116,360,0.6116065155158931,115,0.9599173922992223,771,0.9227997023011598,495,0.5410468755670781,948,0.7321177432934785,353,0.824384361607478,249
6009850.0,1732150.0,0,2.735888789873037e-20,21745,0.29329230079876956,21532,0.28920867312095583,21684,0.5745049225316707,6909,0.5090076944049073,361,0.5351635467362983,2298,0.25021552045356166,21513,0.2544340415725892,21556,0.23854323354453444,14468,0.5985910740402028,1645,0.4269101478571563,10642
5988650.0,1751950.0,1,0.9999999961477521,573,0.8956471973100569,421,0.7254978505957416,408,0.6149827277654797,804,0.5087700938940196,362,0.585362508912451,333,0.9717599167398142,216,0.9146158228534875,734,0.5653663390959498,739,0.7746598377654953,189,0.6640152920144089,2518
5987750.0,1751150.0,0,1.80558785224308e-16,21434,0.43396335189301344,15505,0.413419152995956,17754,0.5661049556180896,9244,0.5086664018139417,363,0.5292637024283353,2898,0.39888524594145314,16344,0.4292364452617542,16005,0.30069196991102687,9937,0.6783162589255924,730,0.4229884303388599,10746
5909850.0,1758950.0,0,0.1592948535185185,2472,0.6869118866745824,3058,0.6154339754390928,2285,0.6166739617399403,739,0.5086109712522509,364,0.5922674268087491,257,0.6954294874125387,3035,0.7302246126215479,2187,0.5857595819382337,595,0.7391385678160932,319,0.84149268343167,168
5999450.0,1749950.0,0,0.002857491631097682,6189,0.683899910152605,3181,0.6185551310504414,2184,0.6467958251461033,62,0.5085612234478165,365,0.6175550351901079,77,0.6752523617818301,3799,0.6969563740139716,2888,0.5801044155699372,637,0.7337454261798804,342,0.7738302451121808,624
5986150.0,1753950.0,1,0.999999999993598,166,0.8974007403962817,287,0.7283527838642483,334,0.5673822306952153,8882,0.5084087698003235,366,0.5293184050145643,2892,0.9659833525547895,462,0.9317787893006199,287,0.5434112812536731,924,0.6418480145646683,1066,0.4616740718693355,9549
5949550.0,1760350.0,0,4.993993602733194e-13,19941,0.6727610435571758,3694,0.5611903549628217,5088,0.566508280488633,9112,0.508270646213416,367,0.5380212732117714,2037,0.6820936199920171,3530,0.6087260960161595,6148,0.40294066970921605,4401,0.6419111828918446,1065,0.5500913663953666,6602
5985850.0,1750750.0,1,0.9999999881492855,653,0.8968298707513953,331,0.7402875458617258,121,0.6298797039095024,330,0.5080736603822248,368,0.5962280009773206,230,0.9689937189734938,327,0.9394876459182918,171,0.6915117502733201,223,0.7359900056480329,331,0.704074045538267,1660
6041550.0,1736650.0,0,3.5212862398577563e-10,17532,0.438559825415077,15302,0.446078821586673,15152,0.5787955758962657,5792,0.5077411224271906,369,0.555146267791317,995,0.40243664601219997,16154,0.42530138613407775,16243,0.2350827457243745,14758,0.655053675387851,950,0.31510546705787346,13569
6004650.0,1764350.0,0,2.0415981484620443e-07,14409,0.3490015313385881,19777,0.4176144478351741,17433,0.5367414163170734,18908,0.5077072665727709,370,0.4863769476587126,10227,0.32150797457411995,19709,0.38465867834454215,18299,0.258620774736548,12975,0.5358482521288822,2874,0.27327922812322103,15013
6044350.0,1751550.0,0,3.789560817417525e-14,20596,0.6492797455941287,4888,0.5256088987626949,7928,0.6346484916744183,200,0.5077050919804097,371,0.5628560712492072,742,0.6332702027494854,5683,0.4868535605441888,12628,0.27039799934242037,12122,0.3453331924442322,8593,0.33283570563076936,13090
5985250.0,1753550.0,0,1.8858006085786664e-14,20742,0.4492281991851544,14798,0.4497653235148791,14805,0.6163865582235212,745,0.5076300806543815,372,0.5784659322819585,415,0.42557364085880134,15113,0.48821446283002135,12548,0.5197414168234021,1216,0.7494616346940339,272,0.5662018804980412,5958
5908350.0,1752750.0,0,4.609979731308926e-12,19207,0.564408305184223,9199,0.5043409990457395,9804,0.5735062009256111,7181,0.5075378213807734,373,0.5449505622397319,1547,0.5689594677757147,8619,0.5895110145619313,7003,0.5161946029428282,1272,0.7226612927146676,412,0.6093505722733508,4192
5989150.0,1751350.0,0,0.001409094290261248,6955,0.44850258713210645,14834,0.5239576553846754,8062,0.5879196041929723,3764,0.5073832216088321,374,0.5758929352208304,461,0.4451200516720448,14228,0.516689997800785,10838,0.6280406548271479,409,0.7484897685763345,276,0.7577034100124115,801
5994150.0,1749250.0,0,0.00017946211435010146,9130,0.3582417617982099,19305,0.48820583663224765,11328,0.6656900286047918,6,0.5069387915402772,375,0.6454268605181123,9,0.3575057570030684,18226,0.45886649935931656,14257,0.7075610261514916,197,0.7366932746660241,324,0.82827334152998,225
5905250.0,1742050.0,1,0.9999999997885491,362,0.8897411553938923,770,0.7383276511256446,153,0.65431061150143,27,0.5069135859103046,376,0.6298470269741197,34,0.9606481724924893,728,0.9560519865303942,66,0.7931817366981628,81,0.752670137113917,259,0.8950469505360332,60
6035550.0,1714150.0,0,8.95800365961279e-11,18136,0.6762230157627261,3502,0.5876234100913498,3436,0.5784511128320561,5870,0.5063562042059538,377,0.5251660447487929,3392,0.6705678930216739,3999,0.6486630666815578,4522,0.41019226691824395,4119,0.6133472884866185,1437,0.36278981633007445,12373
5984450.0,1754950.0,0,0.00017353196600825374,9173,0.48788351983744643,12910,0.5161513614619812,8752,0.5593923670116213,11306,0.5061918649411158,378,0.5177610071469546,4429,0.49978519391416265,11724,0.5546037098527774,8727,0.4118016767766971,4060,0.6134103758869943,1436,0.40380063384580367,11307
5994550.0,1749950.0,1,0.9999999999884619,193,0.8904696239118229,715,0.7407016887434235,116,0.6688543872717518,3,0.5060333385334524,379,0.6464812717310309,8,0.9646424577755482,527,0.9155877754568105,697,0.7836980708332193,94,0.7735933344372196,193,0.8450035481448098,156
5987850.0,1751150.0,0,8.136096291612578e-15,20915,0.5821350249474639,8281,0.5007705123092487,10136,0.5856669144193682,4246,0.505985132430095,380,0.5617774247842602,767,0.561605576372907,8993,0.5170108252961544,10824,0.44237236270575164,2989,0.7176161691958289,445,0.5150310055607363,7875
6007850.0,1732350.0,0,0.000513654811663284,8009,0.37452585672592176,18518,0.437290783995481,15881,0.5897522906467493,3450,0.5056543585538731,381,0.5576337733144503,905,0.37667487660532306,17369,0.4395969764329001,15400,0.5123419467202126,1331,0.639687850334982,1095,0.7368221004771609,1094
6005650.0,1760850.0,0,9.956307311344162e-05,9742,0.35312776329616397,19564,0.4666920325612663,13320,0.6005697951489836,1847,0.5052294831307618,382,0.5854863114338126,330,0.3508680127260113,18510,0.44823993407562823,14883,0.6398449493416452,361,0.8024184596621489,115,0.8761214992789919,93
6034450.0,1713650.0,0,6.444279467161687e-15,20964,0.5450666580209363,10151,0.46749163508982633,13243,0.5657895181298321,9343,0.5050440082911742,383,0.5130628271471154,5204,0.5204053361112733,10812,0.49969975377313314,11832,0.2103411203917246,16687,0.5921446144365321,1740,0.3192503959510987,13458
5982950.0,1754850.0,0,4.553493192834969e-10,17409,0.6512048278850272,4803,0.5582401441581075,5298,0.5752264172943281,6698,0.5049382742877816,384,0.5491837677107546,1271,0.6427746669505912,5261,0.6280180296289795,5339,0.5086840073701393,1402,0.7088841411300062,493,0.6526973329691206,2820
5986150.0,1752450.0,1,0.9999999998800002,321,0.8993462670578688,136,0.7379230541175901,164,0.6201687503242046,618,0.5047601471251293,385,0.6059941049440704,165,0.9705585341663789,247,0.9381546734798725,186,0.7815523831939104,99,0.8296710194942971,67,0.8358247330999667,192
5984350.0,1750850.0,1,0.9999953741680734,1176,0.8828131020833441,1125,0.72906607932816,319,0.6230808919190597,529,0.5047420996639846,386,0.5723348969865071,521,0.9509196718434364,1130,0.9089256079455575,885,0.372769305954434,5703,0.5836640221745784,1888,0.38008257649700294,11936
5985450.0,1751950.0,1,0.9999999287150041,815,0.8985280564020992,195,0.7385258967784858,148,0.6311349177783909,296,0.5047268325794376,387,0.61600166333008,84,0.9680677266686919,373,0.9308459779389351,306,0.4243492282437388,3572,0.7755180386601228,186,0.6187503154650722,3858
5986650.0,1750350.0,1,0.9999999866849947,657,0.898828628580477,166,0.7261305812699995,397,0.609695215338927,1085,0.5046415298483959,388,0.57243572119955,519,0.9647244567377854,522,0.9193927032567751,589,0.579274439345814,643,0.7029198580508857,534,0.7984163299550457,401
5998050.0,1741850.0,0,8.683840710067372e-15,20903,0.28549894272175225,21636,0.3519272360492773,20773,0.565662611089286,9376,0.5045523256772122,389,0.5239621390783037,3551,0.2455570637254615,21553,0.30224860592912905,20971,0.34954911237921094,6872,0.6394503831439147,1100,0.4324382385287733,10476
6036450.0,1727150.0,0,0.0002266130629873591,8867,0.5059194625351349,12028,0.5494608717961429,5931,0.5839719903026471,4594,0.5044537276505288,390,0.5665690661670876,642,0.5103621188185509,11249,0.5626883844074577,8310,0.41403959180934324,3967,0.7151019465645112,460,0.48248518277150376,8895
5992050.0,1747750.0,0,2.536218829000934e-19,21721,0.5217614858926597,11279,0.4407677808251202,15608,0.560973926481966,10740,0.5044389145847118,391,0.5303042701376542,2794,0.480891583370765,12608,0.4269815134664495,16137,0.2806779498105948,11371,0.6294504210131595,1234,0.4278935540856903,10619
5983350.0,1753750.0,0,0.00020493834690173994,8979,0.7261283019946015,1850,0.59843412537166,2911,0.5619914234857634,10444,0.5043658044552544,392,0.551025543028724,1160,0.7222545646447276,2236,0.6853594554915892,3232,0.2919693059238544,10545,0.7458050133884555,292,0.7672287152333427,704
5985650.0,1751350.0,1,0.9999998505948658,885,0.8980651240376165,226,0.7462591831489882,57,0.6429236916599446,89,0.5043574380573634,393,0.6238171404935878,47,0.9687195287051927,342,0.9374056064139658,195,0.4334636613713534,3268,0.7938753029577138,133,0.6208830280460484,3780
5941550.0,1799750.0,0,9.578591011749246e-05,9786,0.6961131140275323,2706,0.5989831043067084,2890,0.6009357625943245,1808,0.5042318301472449,394,0.5885259606110127,298,0.7178421769762078,2335,0.7196813668149991,2366,0.33522998346377597,7683,0.7072844945583328,503,0.6195665310347913,3833
5990850.0,1748450.0,0,2.7957126330893814e-15,21101,0.38508048975308196,17998,0.38548452379113435,19363,0.600572780576395,1846,0.5042177563174535,395,0.5714616605488629,534,0.33785932285062414,19058,0.37310185781339,18796,0.43627464978999075,3165,0.6811112009946091,710,0.5261864616795908,7508
5989650.0,1752850.0,1,0.9999999999943174,155,0.8951482499851825,462,0.729707843854039,309,0.5961731823996761,2366,0.5042099630581426,396,0.5602838403450807,818,0.9698632740257804,282,0.9112378372009191,830,0.6475493563345225,335,0.666095436081801,845,0.5020227174755139,8290
5988150.0,1752150.0,1,0.9999999998748035,324,0.8978795594700305,242,0.7428475147989065,84,0.625055664158602,472,0.5040561620574129,397,0.5955214095906277,237,0.9744050604507187,135,0.9247870265718143,437,0.804559280366188,67,0.7529496560135669,258,0.8045019310188507,360
6005350.0,1766350.0,0,0.04733157229976847,3397,0.7176234425120873,2067,0.6480282707993645,1566,0.5258846503386814,20296,0.5040058088459182,398,0.4966063310127438,8223,0.7483359375489276,1828,0.7651645551884688,1748,0.3593838423655692,6370,0.6225337735037118,1315,0.40151202925295326,11376
6009650.0,1738250.0,0,6.086212491834467e-07,13755,0.5162204473634574,11519,0.5070986155402332,9542,0.5883130191133906,3698,0.5039544146358357,399,0.5349571958733707,2321,0.5239944420412805,10667,0.5674992394635641,8066,0.5398490705918466,955,0.6248803215770291,1290,0.42863315568119087,10592
5986450.0,1752150.0,1,0.9999999998135818,353,0.9000301867122176,117,0.7452280475562949,64,0.6356514295297095,187,0.5039148252899928,400,0.6059804750505685,166,0.9707402453769363,243,0.9393231738631584,173,0.8158356407458192,57,0.8039034207427694,112,0.8075940813488491,344
5998150.0,1740750.0,0,6.078550728513876e-17,21520,0.6605177823108976,4297,0.5390902730297951,6755,0.5558444006080225,12875,0.5038575558558543,401,0.515040758778218,4867,0.6474421044038343,5038,0.5102612233107923,11203,0.3539242372573489,6641,0.6743141586554922,764,0.4342448956701378,10426
5982650.0,1754850.0,0,1.506618803827449e-10,17911,0.6828099044371333,3227,0.5748695860472408,4178,0.5829258958067332,4838,0.503603294814778,402,0.5555612310454465,983,0.6779779389977623,3692,0.631167395354363,5204,0.5171288428299681,1255,0.6986760193713895,562,0.646564475477873,2996
5995750.0,1740250.0,0,4.8741878028701774e-11,18375,0.4248298546657935,15995,0.43038895946045647,16449,0.5617621356642406,10511,0.5034265522661576,403,0.5141359379333533,5035,0.3899135393067503,16731,0.42845783739247356,16044,0.403027359326389,4395,0.579844467186547,1956,0.5107048888670392,8016
5983850.0,1760750.0,0,0.007619661044742502,5175,0.6761868839192563,3507,0.6300726283021735,1894,0.6087814901733436,1140,0.5034089402007642,404,0.5648577434167603,691,0.6833071385736418,3467,0.7105404311772452,2543,0.4623129839729241,2416,0.6248686597965034,1291,0.41856277617239024,10886
5971150.0,1777950.0,0,2.2419903246309602e-05,11208,0.5490020415610778,9993,0.5783576031057094,3983,0.5649847808827403,9584,0.5033763841855984,405,0.5400314096436768,1880,0.5809582919581342,8074,0.6415271972220147,4796,0.4623409686368639,2413,0.7403712486324348,310,0.6086995387855355,4219
5989350.0,1756950.0,0,4.239557697322937e-06,12496,0.47361549981402107,13583,0.48710268764039194,11436,0.6294561730926156,340,0.5032352595788977,406,0.6232011326098968,51,0.44862736151264704,14069,0.4870244857134144,12618,0.35169684935370116,6757,0.7917343058449868,138,0.8112600409112132,324
5993750.0,1748950.0,0,2.034989568495813e-06,12994,0.5522294437690006,9832,0.5275634952765333,7749,0.626382018448741,432,0.5032007031583244,407,0.5946674398206674,243,0.5385052659486156,10030,0.5812222933813683,7432,0.6061136644208904,496,0.6824905869428473,696,0.7359118142993891,1109
5985350.0,1751350.0,1,0.9999996218743006,992,0.8952690444218454,454,0.7232121139124316,459,0.5866359434852697,4030,0.5031113485126487,408,0.5649785936532155,687,0.9653072773917366,493,0.9234176040518749,477,0.3801965524749409,5394,0.706936505231323,504,0.5733830107128596,5683
5972750.0,1775750.0,0,8.084495180173178e-13,19781,0.5763873993648158,8594,0.502499045152886,9988,0.5756144171905498,6614,0.5031064355322814,409,0.5441529172220544,1599,0.5650331094763514,8820,0.5780000956876905,7590,0.4634602018543852,2388,0.7855212441996605,160,0.6084886513297407,4228
5984650.0,1750450.0,0,2.2212927199980943e-15,21141,0.46446654854099945,14028,0.4199893583940703,17253,0.5570208520643101,12327,0.503063808459179,410,0.5170594698967269,4543,0.43409389282056987,14732,0.42308595603699983,16379,0.2068028681166756,16983,0.6040507955405287,1564,0.3561636930012303,12516
6004950.0,1765650.0,0,7.609921301210236e-05,10043,0.6115148071725582,6781,0.5406604058316365,6623,0.5555749420789545,13023,0.5030263818904915,411,0.5521787003361252,1120,0.5988065351896555,7237,0.5998765868381755,6538,0.2869762936762916,10904,0.7860794862619825,159,0.7978042101774613,407
5984850.0,1752550.0,1,0.9999956138078666,1173,0.8963925581056654,377,0.7199197716169137,536,0.5762915390090588,6418,0.5030111666059848,412,0.530996997999265,2706,0.9595116658390981,791,0.9036075545104293,1000,0.3417027488033124,7317,0.5793029852804467,1967,0.36610058774823206,12273
5989650.0,1751950.0,1,0.9999999999952056,147,0.8954183145969588,444,0.7232188822635273,458,0.5861558115667326,4132,0.5029830223377413,413,0.5399697254730357,1889,0.9693683838257358,300,0.9057015050783882,964,0.540207072314305,952,0.6160769789533829,1403,0.4322065161020523,10486
5996250.0,1749050.0,0,3.220616646510352e-08,15399,0.6905559053455967,2929,0.6003317323747331,2836,0.6369096369784962,162,0.5028518380858438,414,0.6104024296350239,123,0.6827300239602239,3499,0.6695346870593554,3736,0.5622558039892245,760,0.7168455389530302,453,0.7128198241819962,1501
6032550.0,1710350.0,0,5.1395250051405984e-08,15148,0.4687405467325087,13825,0.4793774449646578,12190,0.6173875501047078,710,0.5027790589866182,415,0.5845498969341388,344,0.4358422184799218,14652,0.4789506530904214,13064,0.4632476223475521,2397,0.7346275276440676,338,0.4641862791645244,9460
5906050.0,1742450.0,1,0.9999999249659121,818,0.8873479113758815,905,0.7117396685327003,726,0.6116408042370286,978,0.5026422412112629,416,0.5991916543513267,217,0.958637045360007,849,0.944691484619516,137,0.6072531094876549,490,0.7478804321560275,280,0.889492893129797,69
5989950.0,1750650.0,0,6.200199802891797e-18,21638,0.28828952400755753,21601,0.307734932085481,21572,0.5973070393548232,2230,0.5025836986214416,417,0.5467307734663542,1422,0.2551123845733475,21452,0.27336837323281316,21415,0.24403150984526922,14084,0.6614860570987915,885,0.4577306469136797,9667
6007550.0,1731850.0,0,0.00395700866707677,5854,0.5502531324813407,9924,0.5492196596506997,5957,0.6295123118779998,339,0.5025706417487678,418,0.5899464462290556,287,0.5519793866161831,9431,0.5997409541983931,6546,0.5229706413320683,1172,0.6330745971420941,1183,0.7447734912448998,978
5940950.0,1769350.0,0,6.583797492403841e-19,21703,0.509732487230289,11825,0.42243486932695506,17085,0.5518544039023489,14762,0.5025598865321355,419,0.5330546861797295,2489,0.49036134220959404,12144,0.4580457993132008,14306,0.2588157767458954,12956,0.7315745140003234,360,0.4767696990482846,9063
5989050.0,1754350.0,1,0.999999999999994,2,0.895633776106098,423,0.7383000361385804,155,0.6007061407469589,1837,0.5023155119194647,420,0.5941779817043407,247,0.9759267818413855,108,0.9383300595613286,184,0.672405203525106,262,0.7680897411919969,213,0.9346603241107648,32
6009750.0,1731950.0,0,0.0032083895802762262,6078,0.4767190278733222,13419,0.5187872579851945,8520,0.6047439426393101,1415,0.5020047969465693,421,0.5784404259694861,417,0.4713031039378951,13025,0.5265034595502184,10251,0.5146666305265684,1302,0.6385273176289225,1110,0.7472711769030684,950
5985750.0,1750650.0,0,6.600113345461581e-06,12167,0.5496754389837483,9949,0.5607733490125262,5121,0.5951665970699892,2515,0.5019577379590683,422,0.5691753714119389,584,0.5651505500258555,8815,0.6145087883108828,5887,0.3416448437040446,7322,0.6698561365845144,802,0.5396934760024501,7007
6034250.0,1710550.0,0,1.443325086618318e-14,20799,0.40964510509546953,16781,0.4354888559212797,16030,0.6134630125977835,884,0.5019225284597759,423,0.5961072230688801,231,0.41145998272396045,15747,0.4580269749642236,14307,0.44395238916994706,2949,0.7061387394188945,510,0.4981568916820087,8417
6041350.0,1736850.0,0,5.190081019373475e-20,21739,0.30234283382582255,21356,0.3092986458904338,21556,0.5561381173264319,12747,0.5018928162587254,424,0.5360900869890666,2193,0.26574372222075504,21311,0.25638818866809987,21540,0.17963160385586507,18957,0.6385356807507648,1109,0.29420634012892477,14236
6037050.0,1727450.0,0,1.997042403901591e-06,13005,0.604541786866407,7142,0.5456337072716042,6227,0.5990539069821482,2001,0.5017165866628208,425,0.571713148088445,531,0.6077502102876176,6851,0.6159965837848049,5816,0.28099392991180006,11350,0.6569292887066551,926,0.3510075875610501,12637
5989450.0,1753150.0,1,0.9999999997945046,359,0.8951117370005182,468,0.7135544307526472,693,0.5515883686237061,14881,0.5016232887002197,426,0.5031983012241019,6971,0.9681717187661648,369,0.8975973597957738,1075,0.3475645356893997,6984,0.5380596085531515,2808,0.3138109652340766,13603
5985750.0,1755550.0,0,2.2557694675996634e-10,17730,0.5587193799042381,9509,0.522043399061182,8222,0.6016815143546228,1730,0.5015418797762609,427,0.5286562313431087,2961,0.5618251214285265,8974,0.6067512970427393,6248,0.44154730155351274,3007,0.5825599511567268,1901,0.3727575594931811,12113
5980250.0,1753150.0,0,4.01317899504451e-05,10678,0.5772762508126222,8535,0.5686288184934215,4600,0.5871276606571061,3941,0.5015224882054904,428,0.5780220411064468,424,0.5724491088405798,8466,0.6080627716667321,6176,0.5596464870135092,774,0.8060223208572561,105,0.7998428350417747,388
6034250.0,1713650.0,0,1.0237218989274879e-16,21480,0.314890018045033,21048,0.31819934558463153,21442,0.5509078594770237,15111,0.501520794269113,429,0.49587303367751867,8383,0.28321352002397415,20962,0.2844049145543953,21272,0.19201967221633054,18089,0.6166104402776137,1393,0.3528399130693114,12589
5989550.0,1752550.0,0,0.021081999154174625,4150,0.5989380856818464,7411,0.5950509937970254,3065,0.5689802276568974,8469,0.5014416020604405,430,0.5330996469609837,2482,0.5958157075416781,7398,0.6366408972989286,4986,0.2918231095373054,10563,0.5373272527654595,2833,0.28498001395515593,14571
5971850.0,1775150.0,0,1.4215919603520609e-11,18818,0.604470178663777,7147,0.5208336059308195,8332,0.5695557914723339,8302,0.5013602626689082,431,0.5612317765330004,784,0.6141300518530151,6563,0.6143079884928934,5897,0.321938731751613,8504,0.7771294728284655,180,0.7884802947293696,476
5881450.0,1784850.0,0,1.7462071753330472e-06,13107,0.6302802589252674,5829,0.525796194234216,7913,0.5824071385792569,4953,0.5010083391419794,432,0.5061137862124431,6460,0.6068561170624536,6883,0.5844484730511894,7262,0.25013307269207663,13648,0.4852566143779651,4232,0.35054292854286806,12645
6007750.0,1738950.0,0,6.100487805428392e-21,21752,0.5141895051680824,11618,0.42122448045625754,17175,0.5636495702361609,9935,0.5009459060899261,433,0.5390642325033722,1948,0.4831943816454941,12482,0.4266886884022272,16153,0.25690857534617006,13127,0.698479901877529,563,0.4431818906282814,10161
6039050.0,1713750.0,0,1.0401453296271947e-09,17041,0.3823899553509358,18124,0.40022291664756604,18581,0.5852379755282942,4340,0.5008216127235415,434,0.5679996167558843,615,0.3552568050244782,18314,0.3672989857431824,19041,0.24700514885130742,13874,0.732931336399577,348,0.44698408479617935,10032
5984650.0,1753950.0,0,2.5810436343144714e-05,11083,0.7012607762848303,2507,0.6459710684325767,1609,0.5604322703086184,10914,0.5007630052115573,435,0.5348052646358025,2335,0.7111537092809708,2513,0.7335640372215468,2122,0.4347736594369962,3216,0.6905996655080194,621,0.5146980827702816,7887
5942250.0,1762850.0,0,3.742389075516666e-07,14052,0.49885124031861994,12339,0.49758662474358156,10410,0.5388501584313989,18527,0.5006443017027516,436,0.5130784120782645,5203,0.48717198462656,12286,0.49666506003544997,12035,0.2235413338513974,15675,0.5463001942979208,2618,0.2758769694701305,14905
5983850.0,1755050.0,0,5.3213905575385255e-08,15130,0.6733352663102891,3657,0.5768153729362437,4062,0.5748023519470601,6814,0.5006114828730414,437,0.5364346148218847,2160,0.6636186314224909,4317,0.6678599358784166,3801,0.43069621094984467,3366,0.6686283496233731,819,0.5292786442654801,7397
5985350.0,1751950.0,1,0.9999999350392639,807,0.8986677334147998,186,0.7384985729366874,149,0.6311126051717634,298,0.5005836193124672,438,0.6149067258076084,93,0.9681657957385857,370,0.9307510262232088,307,0.4254004884938596,3538,0.7866954068398273,157,0.6211490170114878,3774
5989250.0,1753950.0,1,0.9999999999948459,152,0.8959410331309744,398,0.7382405721841433,159,0.625859980970465,441,0.5004665839302759,439,0.6099428004947576,130,0.9721750767332524,205,0.9205468175199955,547,0.7782775078697803,102,0.7604667659051749,232,0.8126713713232148,316
5984450.0,1750850.0,1,0.9999967270999879,1157,0.882600088266692,1129,0.729177230785267,318,0.6211793829200571,579,0.5000800307154937,440,0.5800518967903889,398,0.9512111814091975,1128,0.9106274012766947,845,0.3800361394056886,5401,0.66033672848678,894,0.4929147648859932,8568
6041150.0,1736150.0,0,2.3986470991660576e-07,14306,0.6384168165042304,5410,0.5697586875781175,4524,0.5761410024315133,6456,0.499888924102668,441,0.565484752632671,678,0.6351727548873066,5597,0.6282370704123202,5328,0.25495821826342524,13277,0.6551193879916682,949,0.35124699000682646,12628
5906950.0,1759550.0,0,4.619996122952918e-05,10521,0.6606138479256389,4291,0.6234747686980482,2044,0.5582223806931105,11790,0.4998501008092031,442,0.5576292962853974,906,0.6774498078758033,3715,0.7244090869040417,2270,0.52285956911086,1175,0.7681474574543109,212,0.8495245210542761,140
5985550.0,1750650.0,1,0.9999986106045424,1108,0.8967583837892255,337,0.7390991385744806,137,0.627103734313474,405,0.4998193179762492,443,0.5909456133754013,271,0.9664068864465696,438,0.9292233448667334,336,0.39801963074522406,4610,0.7199652423733548,427,0.5726733062539389,5705
5998750.0,1741850.0,0,7.245333786735231e-07,13646,0.6750622953737314,3562,0.5849547526958503,3579,0.5632158390298847,10065,0.49975694133011567,444,0.5339500013595517,2407,0.6776953453757735,3707,0.6955159740701066,2940,0.47201635124932784,2170,0.6599226613452323,899,0.7078775819123077,1587
6008150.0,1732450.0,0,0.00012046676449152412,9533,0.3767194705523107,18417,0.476889636748754,12408,0.5696942798234651,8259,0.4996322529206722,445,0.5366588894038505,2143,0.3787113548657858,17281,0.45353099521833273,14582,0.457671384941402,2539,0.6227489121753746,1311,0.5939115441303107,4795
5986550.0,1751850.0,1,0.9999999993449418,457,0.8998753501289629,121,0.741943291309681,98,0.6304451907975199,314,0.4995849083299987,446,0.5899715627080524,286,0.9706388055332845,245,0.9370861477797066,197,0.7897274340212941,83,0.7821207669909441,169,0.7255993921067942,1273
6034250.0,1711350.0,0,2.300832695819099e-13,20174,0.5852832984143677,8087,0.5323376933338176,7321,0.6196444609089412,639,0.4995801094157807,447,0.5656157893317777,671,0.5599540740323788,9061,0.5560855807933396,8649,0.42080806949336413,3710,0.6037451044285389,1571,0.3460574504746534,12743
5989550.0,1753150.0,1,0.9999999999608782,275,0.8953541694508191,448,0.7231401413444871,461,0.5785410938112118,5854,0.4992549284874625,448,0.5335482227270324,2442,0.9690520836464894,325,0.9041786799035937,990,0.5235605013605313,1163,0.6106617017278708,1473,0.42287715430224926,10750
6004050.0,1738350.0,0,6.262295484049079e-10,17276,0.3076941833834817,21223,0.38041749012377485,19639,0.5562612404289893,12696,0.49918345105989476,449,0.5063191199568844,6429,0.28476458771098057,20935,0.34313853938759475,19913,0.38402800836790885,5220,0.5810186046332924,1939,0.34582815720501414,12748
6005750.0,1736550.0,0,9.489351131751701e-17,21487,0.6741966308905722,3611,0.5275797278256337,7748,0.6115340118170023,987,0.49899069458150175,450,0.5798429385386172,402,0.6951036359507816,3050,0.5613769022725024,8400,0.32510063042873816,8310,0.6569371576661566,925,0.5642339038336681,6038
5985050.0,1751050.0,0,8.849230384419194e-10,17112,0.5201590900112324,11342,0.5103640827735352,9257,0.5984412319839907,2083,0.49889335214162084,451,0.5486858061432346,1296,0.48950319451011337,12189,0.5238420259830372,10407,0.2848308184742332,11064,0.6514207727595638,983,0.44562601156405424,10078
5986950.0,1754150.0,1,0.999999999998368,95,0.8991136600150381,147,0.7483689292397624,42,0.6313014113877016,292,0.4987531787544978,452,0.6084223183106567,141,0.968569359776622,349,0.9443118468848387,139,0.8613198557698167,17,0.8053032943784619,108,0.9207831818403542,39
5983450.0,1750950.0,1,0.9999999804248904,691,0.8967133693406057,338,0.7263334387372572,392,0.6198070791260519,633,0.49861224925539477,453,0.5931869667120203,252,0.9661675935695094,452,0.9242504602690643,457,0.4067697978810687,4251,0.6902810348165133,623,0.6024632040283137,4463
6031350.0,1713550.0,0,9.960519515384514e-09,16023,0.7271991186600613,1836,0.5767318845996775,4068,0.5443175379691451,17229,0.4985694585864028,454,0.49666932319031326,8203,0.7200501896084182,2284,0.676648312241571,3491,0.2082172807516588,16848,0.5119448082659461,3448,0.22575366735214586,17041
5987150.0,1751650.0,1,0.9999998979700107,845,0.89844705626755,200,0.7221391755978182,486,0.6192828201250964,651,0.498552105354789,455,0.5883784951053742,301,0.9688342356744939,339,0.9269275933151706,380,0.5776048397354836,656,0.7416175366240815,307,0.7958707554548117,421
6035450.0,1727250.0,0,1.0801570556567023e-09,17019,0.5855032200081984,8075,0.5288145779426092,7627,0.5893512799368066,3521,0.49832508484652244,456,0.559464777015023,848,0.581385944805784,8051,0.6036217926874445,6377,0.4598884065609422,2478,0.6856047488137538,670,0.46582345714466955,9414
6032450.0,1713050.0,0,0.00010852213350762403,9639,0.642767743431539,5194,0.6190017995158146,2172,0.574286761683377,6961,0.4980411139342398,457,0.5262909425302018,3248,0.6476972190471383,5030,0.6769540258153438,3480,0.29497332747847715,10329,0.5226446985245118,3167,0.25599453429920005,15707
5907350.0,1754650.0,0,1.4151327254850158e-06,13249,0.5059574174602373,12026,0.5006045486210693,10155,0.5675421192730434,8840,0.49785390283783054,458,0.5057119706861953,6534,0.5127817679139663,11141,0.5611905277356675,8410,0.3619642679143038,6226,0.5481089116996446,2568,0.32724495748646854,13250
5985850.0,1751550.0,0,1.6666466562277276e-11,18761,0.6015288228708375,7298,0.5492721667580421,5954,0.6205016698165008,605,0.49778189192577693,459,0.5531676007781889,1082,0.5916692180659147,7570,0.6217611377289292,5601,0.4217063342954388,3680,0.5659489562271669,2213,0.33643631983764966,13002
5986750.0,1753950.0,1,0.9999999999962181,134,0.9014001855687226,99,0.7561105140145397,11,0.6530740273802375,33,0.49768860892385103,460,0.6111714027204906,118,0.974453894256528,134,0.9556162781268681,69,0.8665718676262995,14,0.7297290452609855,367,0.7857611526113896,502
5909250.0,1750850.0,0,0.0003424155706981772,8402,0.46054435207123057,14250,0.5237330657896136,8081,0.5657226545263501,9358,0.49765095440882967,461,0.5439090717032932,1615,0.47513002241490754,12857,0.550553910614302,8945,0.49097252380097445,1737,0.7169662019650378,452,0.7676659370179527,697
5987350.0,1753050.0,1,0.9999999975341198,547,0.8901481323729562,740,0.7405266162720068,117,0.6103938497345958,1041,0.49754878774634126,462,0.5638740366816382,717,0.9582371805887324,863,0.9148688729756891,723,0.39491672300379566,4734,0.5671666881794352,2193,0.3484419416829022,12700
6009950.0,1738250.0,0,4.7944031390789925e-15,21020,0.4148559159827416,16522,0.41861388113684206,17361,0.5619684843354643,10455,0.497319549856269,463,0.5053720675784653,6597,0.3837481106595614,17033,0.42326934155503526,16367,0.35500741186318874,6571,0.5389812590862795,2788,0.2877104766690797,14454
5945050.0,1790750.0,0,0.002815032825242191,6207,0.7179590061810719,2056,0.6537240166403337,1436,0.5883832342710982,3686,0.49726745546897977,464,0.578461489419681,416,0.7305045300560319,2086,0.7697788972305319,1707,0.6104312233220774,470,0.8089344190033154,100,0.8123065507382089,319
5989850.0,1756750.0,1,0.9999999999960616,137,0.9218159033628606,3,0.76351474750204,2,0.6415500442321369,101,0.49712902173956475,465,0.6007383790068178,201,0.9989740453912922,3,0.989658439119268,2,0.8394854915891818,32,0.6842489982262909,684,0.8104744507751277,331
6031950.0,1713050.0,0,2.9593210868930185e-08,15441,0.39195023043875765,17628,0.44904675498346464,14868,0.567088878707581,8959,0.49685189739214136,466,0.5080218751765332,6109,0.37295595104637014,17540,0.4207068631264168,16515,0.2523336643979024,13491,0.4988708413655071,3826,0.2130858814008756,17610
5988750.0,1756150.0,0,0.00945483798794888,4983,0.7094967642931143,2257,0.5974401940703613,2955,0.609054336417313,1125,0.4967594274884727,467,0.5960503059341764,232,0.7229654754239982,2220,0.725069037728919,2258,0.36182188884699595,6237,0.7510945219490227,268,0.8779509245724626,89
5997750.0,1742550.0,0,1.0534847732830458e-07,14757,0.35413019552244385,19523,0.4113699079014624,17881,0.5588000767314099,11545,0.496680489172807,468,0.5001337477349828,7557,0.3489218922705164,18597,0.40027239120513136,17556,0.26728703510369944,12351,0.5144091355035733,3382,0.27296673730040166,15030
5987350.0,1752950.0,1,0.9999999969622937,565,0.8898238123976233,762,0.7408647405751324,112,0.6117562764185919,973,0.4966799877166658,469,0.5720274766605663,528,0.9584180537149147,857,0.9165190314675777,670,0.5043985969883236,1478,0.6192972089065911,1360,0.4242218695528671,10700
5983650.0,1757150.0,0,8.001705221557303e-10,17157,0.5781835252491506,8479,0.5222962037504079,8196,0.5563895937120702,12632,0.49666442198189875,470,0.5192405098093335,4211,0.575738078519221,8318,0.6045537579348332,6343,0.4468770155838795,2858,0.7183257928324487,437,0.6101074161200792,4162
6033350.0,1713850.0,0,0.00011829050431969467,9554,0.3666054394144327,18886,0.46907449207435625,13084,0.5984840383115835,2074,0.496489716521217,471,0.5772833027463902,437,0.34472115793231506,18777,0.4174238129115371,16682,0.4687514193674389,2243,0.7422145950575945,302,0.4801408548717787,8977
5989950.0,1756150.0,1,0.9999999999990374,74,0.9225351860886706,2,0.7734877540472852,1,0.6488077369812689,54,0.4962874794231729,472,0.6235485580066344,49,1.0,1,0.995777296440813,1,0.9784981246617117,1,0.7317736784885088,355,0.9171325849697094,44
6033650.0,1719050.0,0,3.1190419190454275e-06,12704,0.5271851146292553,11020,0.5450692164352028,6274,0.5774494210694063,6118,0.49627778858329225,473,0.5169629082425693,4559,0.5346144018313048,10212,0.5717006535598588,7873,0.26980820412532047,12161,0.503499722505163,3699,0.23114128526546152,16798
5986050.0,1753750.0,1,0.9999999999903693,182,0.9013611031676263,100,0.7552987257764068,13,0.6599822613002294,14,0.49621306536904436,474,0.6262994747910564,39,0.975213145049396,117,0.9585183508886818,53,0.8574063608431279,24,0.7292353321159464,370,0.9146205517786099,47
5988750.0,1753150.0,1,0.9999999999021367,316,0.8912692885480935,664,0.7375962642514214,174,0.6171835331141282,719,0.4961473842880861,475,0.5670311277270855,638,0.9581261807084901,868,0.9101041273043883,861,0.5476865157369804,883,0.6231196264547283,1308,0.4386309257814983,10291
5908750.0,1759350.0,0,4.910962483838677e-05,10464,0.6245900982995529,6142,0.5955202041631733,3044,0.5423882762815198,17761,0.4960267491542164,476,0.5019104779505977,7195,0.6340091118965272,5645,0.6739588815740976,3585,0.3816747134619327,5330,0.5784153910464562,1992,0.355068531967235,12541
5989550.0,1755450.0,0,0.033539409583330224,3698,0.6868849969280634,3061,0.6294582317859041,1910,0.6205311204617694,603,0.49591566834795137,477,0.5480085390360658,1333,0.7126156401740295,2481,0.7518960230652139,1881,0.4290412282911016,3409,0.6307558611743103,1222,0.45229679221211505,9845
5987350.0,1753350.0,1,0.9999999892660604,643,0.8975059614134795,280,0.722570476325347,473,0.5678834211486605,8758,0.4959041675221041,478,0.5158581261351466,4737,0.9615922834772549,678,0.9094670747321736,871,0.3500197351045581,6847,0.5428215969639725,2710,0.3158591723258446,13553
5944650.0,1790250.0,0,4.976366412165077e-10,17369,0.4081243274644205,16861,0.41198104782263034,17843,0.5561711454932461,12735,0.4957117160109082,479,0.5506988511555349,1176,0.37564341341611507,17410,0.39580942784518847,17780,0.28507141691420745,11051,0.7885708247180447,150,0.7543519789972244,847
5945550.0,1768450.0,0,3.974124420391224e-09,16443,0.3871431950275574,17882,0.4172860681950753,17454,0.5710640494610023,7875,0.4955585124413531,480,0.5437483321270122,1623,0.35709020399560876,18246,0.41045044940450026,17043,0.42502584457137405,3553,0.7558041537345,246,0.6226440721610638,3729
6035650.0,1693850.0,0,3.2415808234740153e-06,12670,0.6978346709916283,2645,0.5947628505100255,3084,0.5907107045596268,3271,0.49546182867531574,481,0.5144074608437351,4996,0.7076000908520154,2619,0.6964306999656977,2907,0.3179870315627491,8750,0.5776958851256795,2004,0.38020257683955183,11933
5909250.0,1754050.0,0,1.196908147421721e-11,18865,0.36084219082925767,19185,0.34190880915855953,21062,0.5494425368985432,15612,0.49532492879798956,482,0.5360492693974965,2196,0.318042466169949,19849,0.3322364802772826,20254,0.2573131048467593,13089,0.7436348642508012,300,0.6236272373413803,3688
5983350.0,1750850.0,1,0.9999999326434749,812,0.8950979713660839,470,0.7185986893867983,579,0.5976390322421611,2186,0.49530035139843437,483,0.5761379117873174,457,0.9648344387502321,516,0.9204823397669404,548,0.3888878517016864,4995,0.6682381950138975,823,0.5891298999226202,5018
5988050.0,1755850.0,1,0.9999999999994051,56,0.8930065744938471,576,0.7506666456942157,31,0.6445839431565811,76,0.4952767256071023,484,0.6155142180379203,90,0.9649309903060127,509,0.9392373657637777,176,0.9704774873656279,3,0.7303127962146353,363,0.9103292418665236,49
5942650.0,1760050.0,0,3.531088469522755e-05,10782,0.3024064836137483,21354,0.3918364599559541,19043,0.6205773436665669,602,0.49526234673463415,485,0.6011623890114223,197,0.27014799492074115,21231,0.34637448209437494,19812,0.5706723380235325,698,0.7299880860518069,366,0.7018016766522501,1716
6009850.0,1738150.0,0,3.218009314316921e-11,18528,0.6380528968781897,5430,0.5462495182933759,6178,0.5627986738777211,10205,0.49515511145522084,486,0.5114316103842452,5467,0.6518720192103458,4832,0.6011982857828457,6473,0.404741834013159,4324,0.5753017532207029,2047,0.3553274790491864,12533
6007150.0,1762150.0,0,2.8584351579017653e-08,15458,0.5573175420709616,9568,0.49749475874910287,10423,0.5518666681604052,14754,0.49515056911027716,487,0.49785223021284414,7987,0.5490852364333726,9559,0.5360987472132965,9739,0.2178091540043432,16121,0.5172985492936629,3293,0.2317424651050327,16773
6032350.0,1713050.0,0,1.3238125508684014e-15,21212,0.49552346091636296,12518,0.43962417288857686,15696,0.5623128430724375,10355,0.49511248679499664,488,0.4934815865654574,8826,0.4783641227623141,12717,0.4648298345107915,13887,0.22794506515161017,15348,0.4841493282981193,4263,0.18557466051724092,18935
5983350.0,1754350.0,0,1.6732012000383676e-13,20254,0.32273369417217634,20816,0.37363942231566694,19929,0.5653178784422586,9481,0.49489661188618705,489,0.4991366302899715,7741,0.3041999185713078,20381,0.35778393000753494,19415,0.3471854890428432,7005,0.5322614469275866,2952,0.28937091233758083,14390
5988150.0,1755650.0,1,0.9999999999999805,5,0.8956299385961096,424,0.7321859838946254,268,0.5824678651836404,4939,0.4948340983237017,490,0.5670574920534912,637,0.9749730131185904,123,0.932926387549753,261,0.6787674322161765,246,0.7659176445814695,223,0.8977860993951398,58
6032550.0,1716550.0,0,5.620452096207164e-10,17317,0.507620726622921,11938,0.49113730717794435,11045,0.5794737156086528,5628,0.4946168445352369,491,0.5466342404367928,1431,0.5057454096961416,11469,0.5407855591303056,9481,0.45832381330151695,2516,0.7620073328510265,228,0.46211391449575845,9529
5983950.0,1753750.0,0,1.2676761508325381e-14,20824,0.5693272271339406,8953,0.49971813238636004,10235,0.5511701562479424,15023,0.49458404605821527,492,0.5071180266095398,6276,0.5543360055707812,9314,0.5361407668667391,9737,0.3923579488879835,4824,0.664722610257502,862,0.4855230585931668,8805
5995750.0,1740450.0,0,0.00010283330034504461,9706,0.3363820032061575,20344,0.42041440541020897,17220,0.5498252073781222,15491,0.49458023649059885,493,0.505529051018141,6572,0.308463171881902,20224,0.3684973242054175,18994,0.375670294670687,5572,0.5663857419305265,2205,0.3504674558033345,12650
6000550.0,1725850.0,0,0.050177431487908174,3347,0.6228007138680473,6245,0.5960677050561446,3013,0.5738844363202265,7079,0.49457338090378705,494,0.5588330389925917,864,0.6511922157900707,4860,0.697832923450884,2867,0.5369818494861156,999,0.6739798123674845,768,0.79198330385946,444
5985050.0,1753550.0,0,2.7101096756097876e-06,12810,0.6467327412831947,5023,0.5905545042239005,3271,0.6168636929732959,731,0.49444420656371446,495,0.6030290648604283,188,0.6662668980674323,4192,0.6963494744225016,2910,0.5986177397099118,528,0.7509171922882348,269,0.8147430417928497,297
5985450.0,1751550.0,1,0.9999989097601154,1091,0.8981215541882156,222,0.7274739582574739,356,0.5969771028644537,2277,0.4943751924599452,496,0.5498852732154491,1234,0.9656382250978561,480,0.9176225728170015,632,0.3651718301040633,6066,0.641228829345106,1076,0.4677110413756941,9349
6034750.0,1715750.0,0,2.372613352334228e-07,14311,0.46300321942415235,14096,0.45805193273282885,14073,0.5634993518325598,9986,0.4943324285156947,497,0.5500731432201938,1223,0.4349640925764491,14691,0.43993842935129246,15376,0.24922056699816153,13716,0.7248993976731163,401,0.45679499436052984,9694
5981950.0,1719950.0,0,3.111892029256101e-07,14148,0.5651799538723585,9156,0.5217157684856707,8252,0.5635209588720925,9981,0.4939601792743029,498,0.5399341364046939,1893,0.5426818536539839,9842,0.5755193155126075,7705,0.4283691529959772,3437,0.6189473228485074,1365,0.7176560832482962,1425
5983950.0,1757850.0,0,6.208361677488862e-18,21637,0.5541660863555206,9746,0.4438080640178926,15351,0.5561576607689417,12742,0.4935894230454447,499,0.5272636806975153,3137,0.5273435453415756,10524,0.45507442729153325,14491,0.24959757520890424,13688,0.770579120104915,207,0.4750655148593559,9114
5962050.0,1735150.0,0,1.848771111868764e-12,19515,0.35154160545094365,19642,0.35943277865592377,20538,0.5751413341208896,6722,0.4935854315468696,500,0.5356997204443154,2236,0.31119538444184813,20124,0.3428068862338254,19928,0.444271885400667,2935,0.6049479132315888,1549,0.5089166156738298,8078
5986150.0,1759050.0,0,2.146905857273139e-05,11256,0.3333738837694846,20442,0.4081400561187469,18076,0.6016296182970047,1734,0.493492117543339,501,0.5873211274262148,312,0.31147301567861096,20114,0.3652458436332209,19117,0.33190556895467305,7881,0.7126956179778461,477,0.8325586114922088,207
5992250.0,1748350.0,0,0.0008388777524922468,7497,0.3822453439430796,18140,0.46154831113766753,13763,0.6209223662065588,585,0.4934210310555034,502,0.5966165412045323,228,0.3799902781917057,17219,0.454410076188686,14533,0.7360159414988678,156,0.7350891206250123,334,0.7807837712520407,545
6009450.0,1764850.0,0,8.790869472365034e-07,13518,0.6261928626080178,6053,0.548753062554181,5986,0.5775392239214308,6093,0.49327052085399514,503,0.5128696006250982,5233,0.6295061789781,5835,0.6163378230544247,5805,0.5134004374995593,1320,0.6390669353612721,1105,0.4277642280638402,10621
5985450.0,1755050.0,0,1.9012660013460876e-12,19508,0.3837063240329574,18066,0.38404541234756195,19448,0.5515127082094734,14912,0.49314511529092603,504,0.5093102343708161,5865,0.3802270645664596,17208,0.4054375659216679,17296,0.27555496742895313,11695,0.623899366100151,1300,0.408202614813982,11199
5906450.0,1752850.0,0,2.3450788271361625e-12,19435,0.30177917002544646,21366,0.35956263510313247,20532,0.577481018351813,6111,0.4931225380321127,505,0.5426047676741916,1695,0.2674363446413217,21284,0.3350269688260472,20181,0.4952600358249857,1658,0.6874906799488991,650,0.5559870716537151,6347
6034950.0,1711950.0,0,1.4385834410031945e-08,15826,0.47626300833642227,13441,0.5031659585343515,9920,0.5583986600082285,11707,0.4930372820504415,506,0.5162074375457592,4678,0.4795854919562652,12657,0.5239041424394041,10402,0.4019992293279723,4446,0.6412502838991705,1075,0.4165602135824209,10947
5909850.0,1770650.0,0,0.00020278575312931106,8998,0.408786576371453,16819,0.4669320756522277,13298,0.6188704504862962,659,0.49271922290750136,507,0.6173490867051503,79,0.4187978184589989,15419,0.4895287450184467,12457,0.63233883446112,387,0.7743256623195782,190,0.8202268007153813,271
6042150.0,1736250.0,0,5.073972278276795e-13,19932,0.5060720378252304,12020,0.4479238214968025,14967,0.5784505070220568,5871,0.492711750202932,508,0.5434133706916389,1648,0.46143096042407805,13476,0.4493596654633507,14814,0.21424704499314084,16378,0.6045009876564061,1558,0.30537625301433635,13851
6006850.0,1765050.0,0,0.07015785371508594,3065,0.6205464323810663,6349,0.5847370891192734,3595,0.5889409860389646,3603,0.49269047164127755,509,0.5616404945021168,771,0.6275393560848368,5937,0.6589233595448543,4124,0.6677378472941573,275,0.7147625294969614,462,0.7494694731715297,917
5987650.0,1755850.0,1,0.9999999999937139,165,0.8906005333715734,710,0.7463479273797445,56,0.6334819318931935,233,0.49258548868766283,510,0.6232554655763392,50,0.9636532912503752,591,0.9394710697054621,172,0.6433860067919863,348,0.7707467393349776,205,0.9567516436038872,9
5987250.0,1752250.0,1,0.9999999997592499,379,0.8981419055084549,221,0.7357076753563004,203,0.6037260112020246,1511,0.4925725111015886,511,0.5754116809082457,471,0.9645647466904951,531,0.9241809198457874,459,0.7392181190712694,148,0.7800894829209575,175,0.784521158062383,510
5988250.0,1752650.0,0,2.4257723156735616e-05,11134,0.4683783074852217,13848,0.5048219518705164,9758,0.6109890130065102,1016,0.49255483051673377,512,0.5828268677701854,360,0.4500384646179464,13986,0.5092368381085167,11270,0.6070991288464933,493,0.7394168635761704,317,0.7466468138671354,955
6061450.0,1761050.0,0,5.1465896077678386e-08,15147,0.7028823554211179,2455,0.6210114027906466,2115,0.6131246187694464,896,0.4925178467725534,513,0.571947743274685,529,0.6945289447061342,3065,0.6935801369857861,2996,0.5565760763963695,802,0.7283701204303348,374,0.6826285319127398,2090
5905550.0,1753250.0,0,1.4481632767688897e-05,11595,0.5064072234370054,12010,0.5064136508273801,9601,0.5713692614399292,7780,0.4923788396507325,514,0.5399543887138687,1891,0.4941568626567131,11979,0.5465468804430488,9177,0.5079314335624641,1416,0.6962139074924314,586,0.7882565274044186,479
5983150.0,1759750.0,0,0.0005552809937856715,7923,0.7208789258618734,1980,0.5908646269113752,3260,0.5216374309755875,20569,0.49229287017687307,515,0.49176614212360503,9181,0.732084281878266,2056,0.7076466210897118,2621,0.22778481540194473,15356,0.541488087064293,2738,0.2665465676230756,15274
5988050.0,1753450.0,1,0.9999999990798922,485,0.8920483940536339,615,0.7332032488244391,250,0.6179825283611312,692,0.4922875787871072,516,0.5500542554481034,1225,0.9584391028143047,855,0.9063652837554486,942,0.4424485617549615,2987,0.5711269985676605,2123,0.36932670084067964,12201
5972550.0,1775850.0,0,1.9700472303279515e-06,13019,0.632199769149987,5734,0.5844366001026168,3613,0.5720535770228158,7588,0.49210008021719165,517,0.5588520124058755,862,0.6458760233357733,5113,0.6867929186954815,3198,0.4831381482735537,1909,0.7326142642721902,350,0.8023144707033013,378
5944050.0,1791350.0,0,5.767639087319029e-07,13791,0.7020580666143019,2479,0.6181536340723589,2197,0.569979858082605,8172,0.4918656787348102,518,0.5604018936745137,813,0.7151169650421075,2396,0.7483532038211134,1931,0.5462634228905748,899,0.7395630243432314,315,0.7965621385724806,417
5987950.0,1754450.0,1,0.9999999999995464,48,0.8913026212510997,661,0.73129431322397,281,0.6022374694002611,1649,0.4917652230683575,519,0.5705993230713526,550,0.961931319223283,660,0.9247590323397705,438,0.7880253685107774,86,0.7564571657734163,243,0.8070110871064957,347
6039950.0,1714550.0,0,6.274318048709385e-08,15051,0.45407042053049546,14577,0.45854299396883863,14018,0.5674331887566251,8868,0.49173515750739094,520,0.5284354562678745,2984,0.4131710123794847,15651,0.41696770840137154,16700,0.1857029626209813,18565,0.6732396200514124,775,0.2703664177654821,15118
5986350.0,1754150.0,1,0.999999999998491,90,0.8976108343388594,270,0.7314744543119658,276,0.5792963214025504,5670,0.49173394923161085,521,0.5415056576309404,1764,0.966206344856422,449,0.9329434035066508,260,0.6036910032266188,509,0.7001784576089148,551,0.5559055231632537,6350
5990450.0,1748950.0,0,9.322881931400924e-05,9811,0.6433306739150928,5170,0.61173751853997,2417,0.612943481328865,906,0.49152781019965985,522,0.6059480348597036,167,0.6574077617244733,4594,0.6893416516285444,3132,0.5971597194327232,537,0.7492207045190189,273,0.8016369857952994,381
5995050.0,1749650.0,0,8.799247669690048e-07,13517,0.5853316577577359,8084,0.5370096405994287,6926,0.6045519977788796,1430,0.49149997658085975,523,0.5761763932319244,455,0.592653959746706,7522,0.5980800715569955,6616,0.30268062264991946,9777,0.6563928749851569,936,0.5335524421617944,7233
5984450.0,1750750.0,1,0.9999970676883354,1152,0.8815571725285228,1132,0.7270750030623976,369,0.6137452176258282,868,0.49144760944235905,524,0.5999871284033239,210,0.9517108390072953,1124,0.9145257607948055,737,0.40164899949232913,4465,0.6646917127586938,864,0.5990457551492001,4612
5989350.0,1752650.0,1,0.999999998346139,522,0.8921949248134051,607,0.7043792704958987,868,0.552967479454291,14317,0.4911109595626558,525,0.537509329179682,2068,0.9673115699435945,395,0.8992717264453783,1059,0.5135854411610903,1318,0.6990023884473964,558,0.6846782711915929,2046
5905750.0,1759750.0,0,3.5020964879658706e-10,17535,0.4326098332605565,15587,0.44577211217396817,15176,0.567438429566211,8867,0.4907549599767437,526,0.5464058284409398,1455,0.43800075820655926,14560,0.49834556700329813,11923,0.5449294915208075,913,0.7517689278402971,265,0.6656521407283358,2479
5967450.0,1738650.0,0,6.396608441686382e-05,10216,0.6332115464650206,5685,0.5990268891289862,2887,0.570135972452177,8132,0.4906828997764538,527,0.5614754879914667,777,0.6242912287005564,6110,0.6529452077293992,4347,0.30888178113847564,9346,0.7170051403311234,451,0.5483178877415817,6668
6041750.0,1736450.0,0,2.4158706070614596e-08,15549,0.50070925686631,12257,0.4883623658937167,11317,0.5862859736014678,4109,0.49068085694585145,528,0.5626971269972902,746,0.49214856600584567,12066,0.5127929580695956,11065,0.26460177918751937,12562,0.6653362476875696,850,0.34384318310290307,12793
5984950.0,1752750.0,0,3.0391742290860933e-06,12724,0.7294742060053044,1800,0.6196495039924608,2152,0.5814566784053246,5181,0.49064944042964576,529,0.5701531643938144,560,0.7425656844629062,1899,0.725472041446583,2252,0.29646782320947596,10224,0.7792822026106139,177,0.5464845854043003,6732
5988050.0,1756450.0,0,9.430198920392267e-19,21693,0.30586330102115594,21262,0.32536540472158826,21367,0.5840012134090076,4590,0.4905850976524807,530,0.54569308622956,1502,0.28416090620956336,20943,0.3184746555355953,20624,0.2927312661684157,10499,0.7230132461945157,409,0.49695090344636017,8441
5987950.0,1754950.0,1,0.9999999999996707,41,0.8904722219108699,714,0.7389000969800517,142,0.611715400666595,976,0.49046285343265683,531,0.5966075293442386,229,0.9624899711676802,637,0.9323122555067302,279,0.6922721275389365,221,0.7698423792955185,209,0.9207830555466431,40
5972150.0,1774750.0,0,3.384872258652936e-10,17557,0.6333808075718524,5677,0.5516364754174455,5766,0.6000832147047171,1889,0.49037509269397545,532,0.5709091633267958,547,0.6185241635242834,6367,0.632138206719327,5165,0.5594183674802402,777,0.7769243173207132,182,0.7111452284068224,1537
5997050.0,1740650.0,0,5.153870151923611e-06,12358,0.34704637499794116,19871,0.41131972833159397,17885,0.5672388255460816,8920,0.4903002107564648,533,0.5105097193372754,5629,0.3189315235680139,19812,0.37223075689477814,18831,0.4138103905268846,3976,0.5745404477621795,2062,0.4110969884217951,11108
5907050.0,1744050.0,0,0.0006920938109790358,7706,0.5647807036016134,9176,0.5475082850593954,6083,0.5741870630492522,6990,0.4902311954972845,534,0.5547803887224869,1006,0.5781333619510286,8197,0.6314603495906825,5192,0.5239676923066032,1155,0.7194102264311066,432,0.8313567373595647,214
5995750.0,1748650.0,0,0.001625398091494973,6799,0.46673297999324675,13913,0.527389305757009,7765,0.6346710938014224,199,0.49019405420774,535,0.6193126220203465,68,0.4550233611191482,13762,0.5255838291437607,10321,0.6052164550241905,503,0.729129791132106,371,0.7832325211695654,520
5906650.0,1752950.0,0,8.524762002257196e-10,17129,0.5174683575182466,11468,0.49055752280826354,11086,0.573396440635722,7214,0.4900647084734386,536,0.5452010112849164,1533,0.5069813777337343,11411,0.5542415150048334,8752,0.5090170393368961,1396,0.7005953324972317,545,0.6900303104843657,1926
5905650.0,1770850.0,0,1.7899099260448603e-14,20754,0.49837014803265867,12366,0.41430869298637035,17691,0.5615707960831144,10571,0.4900418349747671,537,0.5348643791641976,2329,0.4527686868956736,13862,0.4452393922809229,15072,0.25690636290359325,13128,0.7674754641330308,216,0.5213861432247925,7661
6008750.0,1736750.0,0,0.003972706264993908,5850,0.49008852258782337,12796,0.524986067694522,7972,0.622018004838154,559,0.4898358543868273,538,0.6027047928702789,190,0.5042902517868482,11524,0.5644329741097236,8222,0.5763165883932226,664,0.7249135770515611,400,0.7984415008823,400
5986750.0,1751650.0,1,0.9999999809728525,686,0.8973569732351409,291,0.7290283120939206,322,0.6283630965035707,371,0.4897836176685424,539,0.621115826849728,59,0.9701838841794975,268,0.9376423475609498,190,0.6121992491419265,460,0.7883885585901245,151,0.8460816127494538,149
5987350.0,1751450.0,1,0.9999999993545468,455,0.8983532691373354,209,0.7369428588360811,183,0.62315540800862,526,0.48965967503818786,540,0.5901432461033443,284,0.9645576909574436,532,0.9241241857602287,461,0.8227463405637296,52,0.7761739885662475,184,0.7971249415719304,413
5999450.0,1742950.0,0,0.00014383032460100207,9355,0.3732212842288361,18583,0.4711716857754786,12919,0.5584232984005972,11697,0.489595896963805,541,0.5127022664005747,5255,0.37526706624679806,17427,0.44556693222442756,15052,0.302315573029605,9807,0.5156068118655627,3347,0.28788284329837566,14450
5986050.0,1750750.0,1,0.9999999636039825,751,0.896640645966524,346,0.7326784346337949,257,0.6103802034220415,1043,0.4891582180053333,542,0.5520985429719845,1122,0.9626822052427622,629,0.9190264577811698,596,0.3921269970030783,4834,0.5458105048009478,2636,0.3401740389253055,12875
5905550.0,1759850.0,0,0.00032693629946367413,8431,0.37655629064904,18428,0.4865357053650572,11485,0.6219928685619479,560,0.48915233623875554,543,0.6094382880785517,134,0.35963429201019426,18128,0.4548029373492892,14508,0.693400646783533,219,0.7911919790088928,141,0.8697248221256522,104
6001150.0,1768250.0,0,1.8220071791375573e-08,15702,0.5616739791492883,9359,0.5083277939184208,9421,0.5570793914027821,12301,0.48914745757534017,544,0.5280481149405829,3026,0.5612970869729196,9006,0.593485861494979,6815,0.39666641417136617,4672,0.6118902928802099,1459,0.6073752952796567,4280
5945950.0,1763350.0,0,0.0009947862306191697,7311,0.3709605014415796,18693,0.45790731854886857,14088,0.5644143626578043,9721,0.48901550271124455,545,0.5376587918006308,2063,0.3539223300769354,18361,0.4223546904643867,16417,0.41884325311730286,3769,0.6718436964772834,789,0.5689506807940528,5841
5906450.0,1753450.0,0,0.00015101824137680705,9304,0.38139800432262855,18180,0.4793904954065908,12186,0.5720654831565668,7584,0.4887098344673911,546,0.5289530002195163,2926,0.37239840176176586,17562,0.4539554844235455,14552,0.46951960319409713,2223,0.6470658375596223,1020,0.4801474794170584,8976
5986550.0,1754150.0,1,0.9999999999910094,180,0.8992526928059424,142,0.7542824659196513,14,0.644267484004239,79,0.4886414343118254,547,0.6179905409119785,75,0.9694178321336272,297,0.9487497285877571,110,0.8175247688069522,55,0.781899287031051,170,0.9107048302455922,48
5980450.0,1751450.0,0,4.310616234172754e-13,19989,0.43165927272321025,15636,0.4238716091706377,16970,0.5650604732796625,9561,0.48860518996997454,548,0.5366090439874636,2150,0.39434568532852765,16531,0.4260083811280313,16193,0.2820612367415596,11261,0.5851577998311538,1862,0.5005831816807927,8333
5988250.0,1755650.0,1,0.9999999999999716,7,0.8968931662253737,325,0.7414291896670996,104,0.6166963378148529,737,0.4885224623859181,549,0.588268226507681,304,0.9760192059822843,107,0.9362469905182409,208,0.8143195128986057,59,0.7916526451319549,139,0.8525228975183617,134
5986250.0,1751450.0,1,0.9999999988548021,498,0.8986985543807299,184,0.7378592385001363,167,0.6144904399079972,831,0.48848094034272205,550,0.5595058336473813,847,0.9691243108701086,318,0.9325510330192375,273,0.4727504703444847,2148,0.5824425716700217,1904,0.3933009298935001,11586
5942950.0,1766350.0,0,4.5134726512608993e-11,18398,0.6810602801353121,3301,0.5841764122210518,3623,0.5691678683702116,8412,0.48841629180294605,551,0.507075945303634,6281,0.6731624501131723,3891,0.6592523794293641,4113,0.28975532005235993,10712,0.5062328130561182,3624,0.25338930912734847,15804
6035850.0,1727250.0,0,1.83296940674794e-08,15695,0.6537680346564121,4663,0.5738825551467844,4257,0.5573916309244831,12179,0.48819316781534056,552,0.5319445926230367,2607,0.6672197163359471,4151,0.6492106744625645,4504,0.24450401659304255,14047,0.6661322232152027,844,0.4335531308641083,10442
6000450.0,1727850.0,0,2.722025705232423e-06,12805,0.4585645830505968,14350,0.44182167008180734,15517,0.5483486828125215,15958,0.488140417348359,553,0.5123327656114731,5306,0.4227330569192578,15235,0.42597231145955305,16198,0.2306689197175832,15122,0.5817246280051039,1928,0.48416828923424693,8840
5981350.0,1753450.0,0,0.00011683236381511198,9571,0.3640933067256202,19003,0.43583762817164856,16005,0.5859376762741229,4188,0.48813533696461014,554,0.5593982441881283,850,0.3709393371972972,17613,0.44181900528174634,15270,0.5635411044772405,751,0.6593228302038587,906,0.7639152599129659,741
5989850.0,1755350.0,0,8.60445009089448e-12,18979,0.421015640590431,16199,0.4433443943890916,15386,0.6243263113506463,491,0.4876653890751419,555,0.5811240793813807,387,0.4185429045708151,15436,0.488891797169676,12510,0.5631773909201132,755,0.7661706085442708,221,0.5879236852554535,5066
5984850.0,1750050.0,0,1.6035870528881926e-05,11519,0.6908756802633294,2915,0.6540914634734305,1431,0.6052752989086444,1382,0.487385060235695,556,0.5598481314275616,835,0.705723598577978,2678,0.7392758986118994,2049,0.3244777715731919,8347,0.5419873557108897,2730,0.3086055521636337,13748
5986450.0,1753850.0,0,7.001504531235752e-08,14994,0.48637521533456907,12971,0.4634500397591113,13606,0.5995517452620144,1944,0.48718426018584776,557,0.5559487342430666,970,0.45955662194181834,13557,0.4812362756688793,12912,0.2927372227177658,10496,0.6250946725230198,1285,0.4007414471554729,11399
5983250.0,1750650.0,1,0.9999998025815074,919,0.89662727520811,350,0.7249222314904484,421,0.619824862096087,632,0.48689722409176084,558,0.5874535845427387,311,0.965112973191877,501,0.9192303635785394,592,0.3915466835205562,4862,0.6325212097042258,1193,0.5797768279405997,5414
6041950.0,1738250.0,0,4.946094211804843e-11,18369,0.6669006481553333,3978,0.5565604653355971,5411,0.5675886484806545,8829,0.4868802904021562,559,0.5134673694342093,5144,0.6472700787405511,5044,0.5976749661433745,6625,0.1905202855193029,18210,0.5425920946971683,2715,0.2510788706994769,15909
5988350.0,1751650.0,1,0.9999999999810092,230,0.8968220717651224,332,0.7386146801801503,146,0.6216684738787416,569,0.48684539414886313,560,0.5997863474192052,211,0.9737846741991326,154,0.9238024944449698,469,0.8311946342333336,40,0.801857712623678,119,0.8195635436393616,272
5941550.0,1769050.0,0,1.1113337967919627e-09,17005,0.4045551349687029,17036,0.41579929943361266,17565,0.5580238246692972,11868,0.4868154980784101,561,0.5542413647362177,1032,0.40566950749161257,16003,0.4279666243773088,16078,0.28680512833717153,10916,0.7107886455059428,485,0.694539699607872,1842
5986050.0,1751550.0,0,1.688845949234782e-05,11462,0.5413965984910638,10320,0.5792641415462564,3917,0.6171487396391645,720,0.48666877230668826,562,0.6111156717525963,119,0.5503936545370469,9511,0.619086202544314,5707,0.5190671009436005,1226,0.7269691493902254,382,0.8134996906048124,311
5972450.0,1775850.0,0,1.3614108419402894e-21,21756,0.496930217513814,12439,0.4086542700734922,18047,0.559197174679226,11388,0.4866643860046212,563,0.5340420855250584,2397,0.441650420525889,14404,0.3869571713381832,18193,0.24705515414359702,13869,0.7025552292883496,536,0.4265973169055618,10651
6006350.0,1736550.0,0,2.0322182114507774e-08,15654,0.6982714727848471,2630,0.5688188751406521,4586,0.6049364745840168,1400,0.4865444595254287,564,0.5754448633841375,470,0.7181381996941414,2329,0.6998928998925136,2809,0.32836755108682514,8108,0.6586401840632489,914,0.756222799692009,819
5985750.0,1753550.0,1,0.9999999999844607,214,0.8987124556661419,178,0.7475174367464619,50,0.637196353302297,157,0.48641027662879005,565,0.6194190749327224,66,0.9692893607846739,307,0.9475846123144268,117,0.8289548244215693,43,0.8052379238320824,109,0.9681160016914537,6
5986550.0,1750350.0,1,0.9999999980706991,532,0.8973919052828994,289,0.7331936103215037,251,0.6148191632872626,812,0.4863903572985172,566,0.5952003154750052,240,0.9643768669459348,540,0.9252493668905932,424,0.73713611074966,155,0.7863441156848495,158,0.820918354928768,267
6033850.0,1713450.0,0,1.0196537511734814e-10,18107,0.5847856284078167,8129,0.5288831931512671,7619,0.568833396352318,8513,0.486218209039625,567,0.5201614879586022,4067,0.5618589804802401,8971,0.5784393492841728,7569,0.37812432453494327,5481,0.6861223652841419,663,0.41362601242824104,11035
6040450.0,1734250.0,0,3.60648769758761e-08,15330,0.48038611051863356,13257,0.4807471311504749,12038,0.595131921374999,2523,0.4859654747575053,568,0.5619241988609877,765,0.46400708448547323,13358,0.4861131568987852,12670,0.2611821029368243,12817,0.6373404460231735,1130,0.3348077530638107,13038
6009250.0,1736650.0,0,1.1001133891449624e-05,11796,0.5838353084053666,8179,0.5394764093066927,6716,0.5595790214019628,11224,0.48579099137172804,569,0.5057956363627911,6516,0.5892928197408369,7674,0.6174016220464519,5761,0.416262304907805,3871,0.5907535972509805,1768,0.38477914613204034,11808
6033050.0,1713250.0,0,0.00039545000973533243,8258,0.6513773820832036,4794,0.6144933142244121,2313,0.5669995098040564,8987,0.4857086795002754,570,0.5251727342167062,3391,0.6825333622637194,3508,0.7121228325718788,2517,0.4111520161143558,4083,0.6186381826282913,1370,0.4083783646300606,11195
5984750.0,1752050.0,1,0.999999903346984,840,0.8993233742579998,139,0.7420387023178603,96,0.6453359159791581,68,0.4856112933971713,571,0.616145970188249,82,0.9677313148460291,383,0.9283623537342385,352,0.41766385143370643,3825,0.7811110500454393,171,0.604740806809076,4383
6009050.0,1734750.0,0,0.0001945594582011585,9046,0.4457229059316914,14965,0.5145874928803572,8870,0.5562209246112889,12712,0.4855499371906498,572,0.5321733706958128,2570,0.4601038733223308,13533,0.5256715389058532,10317,0.43886309434269455,3087,0.6300138447946709,1229,0.5919945428753788,4888
5985850.0,1750450.0,1,0.9999986836014761,1102,0.8975673463840209,275,0.7265848607084432,384,0.5958391270149959,2413,0.48531051640367345,573,0.56599711503568,664,0.9661649216938645,453,0.9207736933791738,542,0.3823821070203768,5287,0.722164825765644,414,0.56974321923413,5808
5986450.0,1754150.0,0,2.510171368399322e-08,15528,0.32104186413830804,20866,0.41828905094131213,17379,0.6152610654225619,793,0.48530265491959157,574,0.5789258111183231,412,0.31997288771746346,19769,0.4122604544535948,16958,0.5511672620338501,854,0.709637813651982,490,0.7047897412964967,1651
5984650.0,1752950.0,0,0.000279076622172669,8628,0.3825348795053019,18117,0.47071050689063615,12960,0.619673229673754,637,0.4850536642936878,575,0.5947990439224657,242,0.38898139001400933,16783,0.4615587377824485,14098,0.35485472659504014,6581,0.7735642001175588,194,0.5652852752784129,5990
6033350.0,1716550.0,0,2.1434322572473506e-09,16737,0.5360874461265844,10579,0.5029600030808796,9943,0.58586307925943,4203,0.4850430613969398,576,0.5580453154300384,886,0.5095473709720727,11285,0.5259548051708518,10297,0.42912797057644914,3407,0.6917322184258838,611,0.4529018620212293,9818
5989150.0,1751750.0,1,0.9999999999984164,94,0.8955298617196655,433,0.7307961629268299,291,0.5990692462185448,1997,0.484934263359692,577,0.5920405199726114,258,0.9722355516173056,203,0.9196453115981995,580,0.7152911428419493,183,0.7795638905721423,176,0.823742292202002,254
5987450.0,1755550.0,0,0.00020691921566016864,8966,0.5249401620841586,11124,0.49890320371723657,10303,0.6175613737954493,704,0.48485231321463446,578,0.6059012644473281,168,0.5061646617192895,11451,0.5304804244688909,10022,0.3431241274222334,7224,0.7387604242218637,321,0.8350529954521088,194
6004650.0,1739850.0,0,1.8390806471479738e-05,11396,0.6302401283552269,5832,0.5941074153745506,3116,0.5521575542004697,14643,0.48484966993670214,579,0.5407904008046099,1821,0.6361370932652235,5554,0.6737385236932024,3592,0.3382328294491319,7486,0.6402562995361644,1086,0.7474994859993683,947
5996750.0,1749250.0,0,9.06147418611953e-12,18960,0.47771558468923786,13381,0.46005095360611353,13883,0.609885349718775,1072,0.48471324934629395,580,0.569173029318641,585,0.44597731763807513,14186,0.4865892365773732,12639,0.526563152066683,1113,0.6539989957111505,958,0.5391476656583936,7030
5949850.0,1761550.0,0,1.5051091623780853e-07,14578,0.6684473691451136,3887,0.5849280978146764,3581,0.5697724974644952,8236,0.48456044280887367,581,0.5164411604556535,4642,0.6852676838169183,3387,0.6985077584705827,2853,0.3119390939858333,9142,0.5127571797120601,3430,0.2774686354486786,14856
5986750.0,1753450.0,1,0.99999999961634,411,0.8987012027650365,181,0.7383420336126741,152,0.6038479686818863,1499,0.48448059440058494,582,0.581757393000495,376,0.9649033849962305,512,0.9253615107046909,421,0.7096793087367606,193,0.73704130102973,323,0.8027869622749032,375
6033850.0,1716450.0,0,4.79971010124143e-05,10487,0.438877491111083,15282,0.4840267409284915,11714,0.5825805357874275,4914,0.4844083126593035,583,0.5506257043174092,1180,0.41116522192269866,15760,0.46107724109534076,14133,0.4383878724157191,3104,0.6646709420183768,865,0.4505130352235157,9911
5987250.0,1753150.0,1,0.9999999982937022,524,0.8888018784915209,835,0.7251781221975094,413,0.5708138749653932,7947,0.4843126962912002,584,0.5304900376095416,2775,0.9564077578274792,946,0.9057988488528559,959,0.362755686123452,6181,0.5510356581266908,2515,0.3283103931612482,13226
6032750.0,1712650.0,0,5.8336395709547354e-08,15085,0.4830429931182923,13138,0.5036379238199834,9876,0.5640376648855268,9825,0.48416696227290307,585,0.5095016354243349,5830,0.47530558314508886,12848,0.5151749755479729,10919,0.2755331296186353,11697,0.5074175129919106,3591,0.22828292227155123,16927
5986250.0,1754050.0,1,0.9999999999969178,125,0.8974004610125462,288,0.732513725441197,260,0.5798934718419777,5538,0.48413527696678765,586,0.5460834344730209,1471,0.9663257197890834,445,0.9341016124368562,240,0.6577996589742462,301,0.7476953827292606,281,0.634425831289319,3354
5994650.0,1749650.0,1,0.9999999998557116,334,0.9183453546499745,9,0.7425046577801387,89,0.6204434667760083,610,0.48412176088235304,587,0.5800193297279533,399,0.992650200554246,39,0.9627579471957981,39,0.7319937791520654,166,0.6891225210240141,635,0.7338772910493097,1140
5881950.0,1785350.0,0,0.17007008632915416,2444,0.6490242867793721,4907,0.6142959391528677,2316,0.5767823147451319,6294,0.4839249371579017,588,0.49903033639013056,7760,0.6617272976939959,4397,0.692236886851594,3038,0.31162871538543235,9164,0.4262782448171527,6106,0.28746588710946597,14461
6008350.0,1762150.0,0,5.099323259269024e-09,16340,0.32552526510881036,20719,0.38365319242181306,19463,0.5750098565348071,6758,0.4838594327685744,589,0.5394781307782314,1921,0.3064252149059298,20308,0.3625107433892528,19234,0.4565710731416237,2583,0.73316910031191,345,0.5818349543523692,5328
5992650.0,1749350.0,0,2.4485465274466147e-08,15541,0.3473790613551326,19861,0.42180042311124355,17135,0.6188156048980498,661,0.4838141512099482,590,0.5601400289440382,822,0.3442079783464944,18798,0.4143451742983715,16854,0.3896360252618254,4955,0.5851017714741855,1863,0.3747546817120049,12058
5909550.0,1754350.0,0,0.00034312540196178705,8399,0.671558820702758,3747,0.5990245326391898,2888,0.5877798569171495,3789,0.48378606488774173,591,0.5764179037273832,452,0.6934059877359915,3108,0.7333114562601734,2126,0.5401222161769874,953,0.726101931990558,392,0.8315819899378831,211
6034550.0,1718750.0,0,9.275796610315287e-09,16064,0.3969174149878421,17395,0.42140046193534125,17162,0.555148689525487,13240,0.48367181697273487,592,0.5076537619538635,6181,0.35409710389762195,18355,0.35695131098604693,19442,0.17972750638332224,18949,0.5150551826457351,3361,0.21664373778949164,17450
5909850.0,1751750.0,0,4.167327253535077e-05,10641,0.5962990118967215,7542,0.576231902786796,4095,0.5677300334387338,8801,0.48367105262535565,593,0.5502069865729302,1214,0.596952511063975,7345,0.6475435420697009,4565,0.49898139792693963,1578,0.7138311574858184,469,0.8114958824109971,323
5908750.0,1752950.0,0,0.0023639262741149843,6390,0.7047358693203303,2397,0.6140954524536812,2320,0.5602231072066255,10987,0.4836374190218328,594,0.5127030776522707,5254,0.7246832500150404,2185,0.7519770891469422,1878,0.48679619780919625,1837,0.6508578578300044,988,0.4911779778043125,8629
6001050.0,1767950.0,0,8.783734109336696e-12,18971,0.41271472946763677,16632,0.4120862405305717,17838,0.5018102372160328,21184,0.4836358442362105,595,0.4513309130114898,16929,0.38838089093133676,16808,0.42563186919531704,16223,0.25141855527423584,13556,0.5257650793092188,3085,0.25596053084791803,15709
6041550.0,1736250.0,0,8.004290956709619e-12,18999,0.4158077312221026,16460,0.42293362164050835,17042,0.5695774977588217,8297,0.4835653951157851,596,0.5293870066689363,2885,0.38366548462301064,17038,0.40361755639582575,17415,0.21728890398229428,16169,0.5874586529471352,1824,0.2818138944494817,14690
5986050.0,1753950.0,1,0.9999999999957785,139,0.8973090000180547,296,0.7244921093951773,433,0.5645288358398134,9699,0.4834798711845983,597,0.5287975034399839,2949,0.9659398307779994,468,0.9298577684094521,323,0.531411691990044,1055,0.723597867085857,407,0.5938220886507357,4801
5988150.0,1755550.0,1,0.9999999999999809,4,0.8963110135262204,382,0.7371540790858132,179,0.6021582304672038,1657,0.4834464766062813,598,0.5761030393750531,458,0.9752010716468497,118,0.9332371412457211,255,0.7381083375157256,150,0.7742148211849906,192,0.8491298545288186,143
6030750.0,1729150.0,0,7.909043466263687e-14,20433,0.5394032943527544,10416,0.4712216051504685,12913,0.5726879643798349,7414,0.48342350463189465,599,0.554727577288395,1008,0.534789664188323,10205,0.5240411632115778,10398,0.2640905158181158,12607,0.6884188834592049,639,0.4571949156785098,9685
5982650.0,1757450.0,0,1.705470307054124e-12,19539,0.653801846257915,4661,0.5536416526423614,5618,0.5533588120160662,14135,0.48337105298087235,600,0.525065604720931,3407,0.644424776665462,5185,0.5986067947394745,6591,0.4368081344856731,3148,0.7629762834912863,226,0.5938695044100982,4799
6006650.0,1763850.0,0,0.0006811494346480449,7726,0.6379873049059587,5432,0.5761362089135632,4101,0.5399430105876645,18304,0.4833422780770558,601,0.5304775840493646,2776,0.6547333210626446,4727,0.681243295234121,3345,0.43532162251161033,3199,0.7040338108098134,525,0.7380575158558641,1074
5987950.0,1753750.0,0,1.28303825560573e-13,20327,0.32655960797554623,20683,0.3318576597793642,21272,0.5601557651591362,11014,0.48317038359414244,602,0.508623032793423,5986,0.28753222107757104,20870,0.29702101187856,21065,0.2091518758247053,16767,0.6153312236926054,1409,0.37474823573147054,12059
6007850.0,1732450.0,1,0.9283388241845175,1552,0.7902692321703277,1375,0.663473045229344,1296,0.5761896785145844,6443,0.4831691642133472,603,0.5446249601403307,1566,0.8202410018678122,1359,0.8336866574129521,1288,0.4925814207335627,1696,0.6197477571777263,1353,0.7367276852622541,1096
5983150.0,1751950.0,0,6.560846836870166e-12,19079,0.5969918576905524,7512,0.5041859484121126,9819,0.5557059784973449,12950,0.48295936140531387,604,0.5171631869983851,4524,0.5865618913884503,7808,0.5630079590623296,8300,0.22995071569344905,15188,0.6360943312137707,1153,0.45825490172194827,9653
5987550.0,1753250.0,1,0.9999999971373728,559,0.8916227815921195,645,0.7323092636619454,265,0.6032258203873353,1562,0.4829549880689788,605,0.539542982427044,1919,0.9582010404824809,865,0.906796623798284,930,0.39395017342476957,4764,0.5534788188528093,2462,0.34026333453486346,12873
5987450.0,1754050.0,0,1.0734978481118135e-10,18084,0.6721953715434675,3717,0.534649578902535,7106,0.6036059591197943,1525,0.4827986328748135,606,0.5549723776802857,1002,0.6675372623532437,4138,0.5848222722252259,7242,0.30721934389208116,9463,0.6667744258008426,836,0.6155395524990344,3988
5909950.0,1771350.0,0,2.2209385568323756e-15,21142,0.48247695503215593,13162,0.44952630469062216,14827,0.5982310221884444,2110,0.48274367117589345,607,0.5714458878656513,536,0.44312298515063653,14339,0.4714281097788565,13517,0.38868907073320746,5011,0.7262875499952506,391,0.5039371013230718,8225
6042150.0,1752350.0,0,5.807469189606371e-10,17301,0.6098057354058468,6860,0.5334548239764553,7203,0.6427797216159225,92,0.4826350643306268,608,0.5233434479847294,3643,0.5953270674989135,7417,0.5397070735330921,9552,0.2495852327572089,13690,0.2339547702178344,13001,0.167813982351954,19718
5984450.0,1752550.0,0,6.245334267793119e-13,19866,0.3606011982329808,19190,0.3927679162251653,18986,0.5561064453995948,12761,0.482570580809576,609,0.4972140346146968,8104,0.31397325488116024,20011,0.35095266425570704,19670,0.2243112673191987,15613,0.5488554304908384,2550,0.2910607453200412,14337
5985150.0,1753750.0,1,0.9999999993571467,454,0.8975520411132459,276,0.7376073999492769,173,0.603513977388294,1532,0.48256099592947294,610,0.5527171731472568,1096,0.9639766712384119,566,0.9246680331824739,440,0.4960840517536096,1645,0.6017106315816314,1599,0.4177167455283902,10910
6041450.0,1751550.0,0,0.9340054306036784,1543,0.39219110276815305,17611,0.48253821486595827,11861,0.6456361285678265,67,0.48219737849457067,611,0.5498705610854293,1238,0.3665694813341558,17822,0.4175475290715983,16675,0.2823553432554453,11231,0.27627206191405573,11054,0.3171724637387259,13508
5984750.0,1753750.0,1,0.9999999997967304,358,0.8972818358873217,298,0.738744360935046,144,0.6160190514336817,762,0.4819706141374257,612,0.5862138801279398,325,0.9646796963328309,526,0.9290049361215231,339,0.6698079858408119,270,0.7328525025021406,349,0.7392217808143198,1053
5987950.0,1753450.0,1,0.9999999997976599,357,0.8908561480484397,689,0.7306631343358425,294,0.5984987365573192,2069,0.48174704308440164,613,0.5534332345042084,1073,0.9578346185493832,880,0.9072623057832082,923,0.7153171571949339,182,0.6903830134237081,622,0.5395876676373876,7011
5995050.0,1741150.0,0,2.1172157501635252e-05,11276,0.4623187311481586,14133,0.4545458505261244,14389,0.6229058234711862,531,0.48164543763202683,614,0.5783011846642162,420,0.427825397706479,15008,0.45639722536260496,14409,0.41608173570017026,3875,0.6017782471545552,1597,0.6958890306992596,1816
5986550.0,1752750.0,1,0.999999999588354,419,0.9000355715851437,116,0.7479455271304868,45,0.6385657592760932,136,0.48159177950958565,615,0.6141294954710231,97,0.9710395037760793,231,0.9409002814260061,162,0.8157341284897683,58,0.7730950831769151,196,0.8210607178740303,266
6004250.0,1737550.0,0,1.7494689481081253e-05,11431,0.5942040835031792,7626,0.560142147168491,5157,0.5616139554499417,10553,0.48155094882773736,616,0.5256984089117509,3322,0.5905899503487628,7618,0.623133170723283,5551,0.4405612064015749,3033,0.6002128042540533,1618,0.5424444402136568,6899
5908250.0,1753050.0,0,4.119077673696058e-09,16430,0.35259758491466736,19593,0.3953738512504268,18861,0.5604162863893779,10916,0.4813664813553506,617,0.5504390419328858,1196,0.34917830320119125,18587,0.3882693853006344,18124,0.31227162093605576,9122,0.7334263158816394,343,0.81472553718909,298
5906250.0,1758450.0,0,4.7911351803676925e-08,15184,0.4345690032591282,15485,0.4458323812919672,15169,0.5535257624791444,14066,0.481348727087373,618,0.550411585570907,1198,0.4425193401775589,14374,0.47017494157908357,13592,0.3084000269642696,9379,0.7491240690875349,274,0.8272689980481835,231
5986850.0,1750750.0,1,0.9999999966736244,570,0.8964994620620814,361,0.7344244146850778,222,0.6070014440289655,1250,0.4812605031468559,619,0.5821393857669831,372,0.9635956024281084,592,0.9243095487631793,453,0.5895819796391819,571,0.706012750162066,511,0.7920026884657119,443
5980750.0,1753650.0,0,4.821754088255368e-19,21711,0.43018071968616123,15721,0.3834617721840911,19477,0.5816053244050242,5151,0.481168030441614,620,0.5472232134055071,1391,0.41731520546364664,15485,0.42128501821263087,16487,0.2838170627742952,11129,0.6948945204623533,590,0.5271222503037292,7468
6006450.0,1736750.0,0,0.0001624046743139019,9237,0.5746158663839341,8672,0.5671007835151914,4708,0.5702205092903548,8110,0.48110641098397494,621,0.5544358286175435,1021,0.5665967446409136,8731,0.6100524129043449,6087,0.4572471046771057,2555,0.6768240716943823,749,0.7538824266430518,856
5988650.0,1753150.0,1,0.9999999998961784,318,0.8905026890969299,712,0.7376667358122263,172,0.6126490581713744,924,0.4810675253723778,622,0.5645062291348044,698,0.957712097725035,885,0.9103874967616472,855,0.5017292059738856,1523,0.6012136172974997,1602,0.41200900578529276,11085
5988250.0,1754050.0,1,0.9999999999617712,274,0.8902308091739942,730,0.7334686376203307,243,0.6103601194862098,1044,0.48098761346781904,623,0.6001852812450549,206,0.9587592383999002,842,0.9144165812684606,739,0.7233603122631136,173,0.7725647592830199,199,0.8129918724035925,315
5986550.0,1754050.0,1,0.9999999999931226,169,0.899171233893971,146,0.7555221771807273,12,0.6430617843686897,87,0.48090073185246346,624,0.6047280821815112,177,0.9689641108736303,330,0.9472504332267146,119,0.7818825175484144,97,0.7687263867328897,210,0.7159043103850447,1447
6008650.0,1733250.0,0,0.00047185463701674075,8104,0.5297681992082349,10861,0.5472949168977941,6094,0.5531693222757388,14236,0.480591237476243,625,0.5145924960757112,4957,0.5368965338289502,10099,0.5803040521204149,7489,0.28678550735515984,10918,0.5107532970610701,3492,0.282752847809282,14658
5905150.0,1741950.0,1,0.999999997498715,551,0.8877275779922997,891,0.7124656147779063,712,0.6007179701014072,1834,0.48055422038912615,626,0.5557065039714566,978,0.9570009063877416,914,0.9363735316296601,203,0.5013350226392834,1531,0.6864713045629122,659,0.6408542690205454,3164
5907450.0,1757350.0,0,6.68559432065598e-06,12159,0.6115780613060782,6777,0.5484223018435881,6013,0.5626741078379363,10244,0.4804147661328652,627,0.5576465872079909,904,0.6061442270704245,6909,0.6108688328815748,6036,0.3111298678286557,9193,0.713582234630128,471,0.8069544087904899,349
5987550.0,1755850.0,1,0.9999999999989349,79,0.8897210692306506,772,0.7281643927935192,341,0.5827099798708846,4882,0.4803752631859176,628,0.5541340979028654,1036,0.9609393081414821,720,0.9245197421342335,444,0.6232048487905352,428,0.728065542864685,377,0.7199917544826283,1382
5989150.0,1752050.0,1,0.9999999999972957,117,0.8947958260633442,492,0.7303000920718461,301,0.5902278378297706,3354,0.48018057698408884,629,0.5868883700778764,314,0.9716707731683273,217,0.9191464330406002,593,0.5934553587155602,553,0.739434549654336,316,0.8194611295382351,273
5986650.0,1750550.0,0,4.262837727035371e-12,19237,0.4106071745717124,16731,0.4365440917661604,15953,0.6206913983443229,599,0.48014894216205056,630,0.5636502166734596,725,0.3927801464044839,16610,0.4497290722796101,14789,0.5551202254148255,811,0.6724945556327543,780,0.5307102036495908,7331
5985350.0,1753650.0,0,3.861441459536939e-09,16455,0.43225185992620296,15605,0.4532312063729276,14503,0.5701345798458596,8133,0.48011190604649845,631,0.5494923107337528,1260,0.41408407632460276,15610,0.47867274775031565,13081,0.5463989104803065,897,0.7619787493882726,229,0.72135661890343,1350
6041250.0,1737650.0,0,5.043316519934793e-09,16342,0.6765987845535474,3485,0.574044501751485,4245,0.5652816802414534,9498,0.479988927405285,632,0.5018128028968437,7215,0.6789860431884673,3653,0.6130165234722984,5944,0.21296745160215624,16488,0.4675712041558312,4778,0.1662997545316891,19778
5986250.0,1751950.0,1,0.9999999993833377,450,0.8985437167301016,193,0.7347373261985038,218,0.6126585912068906,923,0.47993000020807053,633,0.5646760042889128,695,0.9686861916574679,344,0.9302494132199188,314,0.6937599951090284,218,0.688856595770811,637,0.5518450156944259,6526
5987850.0,1753950.0,1,0.9999999993248236,461,0.8887320598002972,840,0.7190672748857242,566,0.5721713583425443,7558,0.4799158543721552,634,0.5278154467382841,3059,0.955008979383663,1034,0.8981922679548804,1067,0.4123713301307932,4036,0.5629417530530543,2262,0.35670700590501037,12500
5987350.0,1752850.0,1,0.9999999998384665,346,0.8897270856867338,771,0.7376678786141185,171,0.6113029224037264,1000,0.479841063874621,635,0.6049917906283405,175,0.9599641064185648,769,0.921364692007379,531,0.5308256895832874,1063,0.7207181310526156,422,0.8268202407965497,234
6030750.0,1729350.0,0,2.0528935627228878e-05,11305,0.42650284595480736,15919,0.48934311391479257,11212,0.5786575875765877,5826,0.4798292141070783,636,0.5470611784820433,1398,0.42124062413664465,15304,0.476107980020793,13242,0.4331496291261566,3279,0.6783096220027226,731,0.4514763066907366,9880
6032150.0,1715050.0,0,6.68525509588212e-10,17250,0.4931242573778805,12649,0.4785426077513719,12260,0.5597905808652681,11139,0.47918839583107187,637,0.5189842110648123,4249,0.46210040402629937,13449,0.48973562393958614,12446,0.379227316430795,5429,0.6768227445316404,750,0.4075899613243392,11220
5986050.0,1750650.0,1,0.9999999723931864,720,0.8972249008666633,301,0.7382662789587013,157,0.6186440168987596,669,0.4789777673691651,638,0.5639933062696538,709,0.9636776028843018,589,0.923258309150108,481,0.5388381766391082,961,0.6042312410646146,1561,0.4296147539568841,10562
6033850.0,1728250.0,0,1.1091268664985703e-06,13391,0.3668431635083382,18874,0.39817832139584763,18717,0.5859373498748754,4189,0.4788977580195555,639,0.5537616954437615,1051,0.3290589131867304,19431,0.36027998074187506,19314,0.41429739733550786,3955,0.6778644791165683,739,0.44358325342438987,10144
6048750.0,1750350.0,1,0.0164179518560171,4426,0.6624861595716238,4195,0.6147219487760892,2304,0.6238976424965288,503,0.47883832097701734,640,0.523403938967247,3626,0.6885830112467386,3265,0.6954680418742298,2941,0.2773069246330889,11581,0.4481494094564946,5392,0.2562308694364942,15698
5986750.0,1750250.0,1,0.9999999979066823,537,0.8975780806770056,274,0.7389584132594819,139,0.6279959002277586,381,0.4788030362217324,641,0.6099793368585971,128,0.96502830294591,503,0.928929983520566,341,0.7320415039865231,165,0.7780749566018331,178,0.8323413727220057,208
5990150.0,1744250.0,0,0.0024783051425798226,6344,0.5389551169807499,10436,0.5423227973871394,6482,0.5599694564539732,11077,0.47867886930944215,642,0.5474552848585051,1367,0.558891812540966,9112,0.6072226181317828,6220,0.41264545467105007,4025,0.6032953877478977,1577,0.729243386507626,1208
5983250.0,1750550.0,1,0.9999999431386303,797,0.8957732888392346,411,0.7177000536986172,600,0.5995163906789519,1946,0.4784568252906009,643,0.5794576955025187,405,0.9650062271715076,506,0.9180542138898419,627,0.3924913159221076,4814,0.6432738933641111,1052,0.5963499321432482,4713
6038450.0,1726950.0,0,5.212741325927769e-07,13852,0.48074281939058844,13241,0.4733385360893486,12731,0.5724467083958221,7477,0.47826584270815903,644,0.5109527966014008,5553,0.469302395420899,13119,0.46782520173680275,13721,0.18427216175432193,18667,0.47026795185615455,4696,0.16794969297239914,19711
6008450.0,1762250.0,0,6.031960138494604e-12,19104,0.39304144713973893,17583,0.3714797751090971,20028,0.5742388092597505,6974,0.478056607399129,645,0.5269030283203194,3182,0.37405728674148997,17479,0.37561449117029966,18693,0.2380215614778498,14517,0.6929348854439887,601,0.5694437033888465,5822
5996950.0,1748950.0,0,1.0158071619561732e-05,11856,0.4267054188851704,15911,0.46342355009478187,13610,0.635744671841308,183,0.47800538928936237,646,0.5813333752884255,383,0.3975714758521012,16397,0.45244387081401294,14645,0.5574453228675367,790,0.6377461674187468,1120,0.7112527966999277,1534
5986850.0,1754150.0,0,0.0006107295819281903,7832,0.4427107473881294,15105,0.5328756475397781,7271,0.6286697564885226,361,0.477940327789317,647,0.6126757358065603,108,0.46934100220806996,13116,0.5661258971091897,8132,0.6739803639539483,258,0.7672422974581542,218,0.8898622222396546,68
6037050.0,1727550.0,0,2.570691614470011e-05,11086,0.6930760955847767,2824,0.5937789419681491,3140,0.5799046023408603,5535,0.47791986007476794,648,0.5574432247626304,912,0.7044464277473821,2719,0.6627990122374559,3981,0.2724477230090969,11927,0.6346932188680957,1164,0.3496383345710441,12670
5994150.0,1740450.0,0,1.202007674413369e-05,11735,0.36936847150588137,18751,0.4264620665979673,16761,0.5546740582642957,13454,0.4778906041960602,649,0.5365898646809412,2153,0.3329881127508385,19275,0.38957723794338317,18061,0.4041465405741761,4360,0.694085209946726,597,0.7178414703762911,1419
6000750.0,1725250.0,0,0.001764554103982707,6706,0.44789057139179717,14861,0.5047509678021515,9768,0.5785492265981816,5850,0.47782257195035044,650,0.5368261682345011,2125,0.43307145254915347,14779,0.493967600184381,12189,0.4556554930140334,2610,0.5989032048323174,1640,0.554910973387888,6396
5986250.0,1750950.0,1,0.9999999987428176,508,0.8989805610800168,157,0.7429228750300395,80,0.6264767674965268,424,0.47752859029528016,651,0.6000555749494764,207,0.9710445790274229,230,0.9411132971704853,160,0.7088120494250107,195,0.7481686989277835,278,0.8155207568787824,294
6036550.0,1719250.0,0,4.364989640571191e-11,18409,0.3273356918899069,20656,0.37349208524965893,19935,0.5630361857024289,10122,0.47742953945076677,652,0.49248864069426074,9036,0.30818570067730366,20235,0.3489469772307874,19735,0.33658115320375037,7602,0.5527476955660304,2477,0.30287829300003766,13928
6004950.0,1737950.0,0,9.642468940495454e-15,20882,0.6090316162814303,6908,0.5088614843527959,9379,0.5550016411741081,13303,0.4772287333138165,653,0.49567896630975183,8412,0.6041230598985157,7000,0.5450032459794791,9254,0.2858264515409523,10996,0.5051271998666252,3651,0.25318550770997683,15810
5984750.0,1755250.0,0,2.6480268222831373e-15,21111,0.6392270435579569,5374,0.5238367822546421,8076,0.5527717322021699,14404,0.4772216625400539,654,0.49332233063516767,8859,0.6431097999459827,5243,0.5491066810479294,9026,0.2771836626804005,11590,0.5108136731894384,3487,0.25860123517465183,15595
5986350.0,1754250.0,1,0.9999999999980147,103,0.8907825729275572,696,0.72091888227816,510,0.5711653183043611,7852,0.47717744994018757,655,0.5193446462871962,4191,0.9606982891773702,726,0.917336045001085,641,0.5777827731544547,653,0.6393967235861722,1101,0.47690189253328497,9055
5985950.0,1760650.0,0,2.500419242160333e-10,17694,0.5605133777937821,9426,0.49040775727748886,11101,0.5478616841007926,16090,0.47714775544541327,656,0.5006534807691334,7447,0.5495651482691543,9544,0.5660862356592405,8136,0.42452731776662,3565,0.7222267298663914,413,0.5676423557079322,5893
5988050.0,1755950.0,1,0.9999999999994253,55,0.8926832979839588,588,0.748896417080479,36,0.6361344267947787,176,0.47708948875259816,657,0.608214256929602,144,0.9647470878969207,521,0.9386889551818681,181,0.9138746513517133,7,0.7143991460482753,464,0.9016589672948068,56
6041850.0,1736650.0,0,7.302314947122711e-06,12100,0.5363376077429398,10566,0.5332027056196045,7233,0.5758765076286212,6534,0.47703294297092025,658,0.5592348864753662,854,0.5312224810646332,10336,0.5537455164348416,8776,0.2642896665645075,12597,0.6592447419028725,908,0.35153708443137033,12617
5988950.0,1752550.0,1,0.999999999452041,436,0.8934201942310775,568,0.7077804843742882,807,0.564887023506613,9608,0.47697775462041303,659,0.5536083094633354,1062,0.9690142892531469,326,0.9033219169703733,1008,0.5370265346948546,996,0.757953445259828,241,0.7829140341176352,521
5905750.0,1753150.0,0,2.8577361226418716e-07,14217,0.6364681318468998,5518,0.5691503214227842,4562,0.568956854512436,8477,0.47680273845317717,660,0.5451562020277274,1535,0.6415888753443741,5315,0.678431877776942,3434,0.51583253470567,1276,0.7159274265610103,457,0.7745303440570913,616
6032350.0,1714550.0,0,7.35967491995217e-10,17204,0.4319948210503351,15620,0.4362079807671094,15977,0.5600830282446312,11038,0.4766863745125234,661,0.49031439287995765,9437,0.3905772160692105,16704,0.41735654686908363,16685,0.22961527501689827,15213,0.4734975729106694,4595,0.18221950351737914,19090
5987950.0,1754850.0,1,0.9999999999996845,40,0.8907449559825031,698,0.7283393595256883,335,0.5841413017395205,4563,0.47668570406803673,662,0.54797367118736,1338,0.9612276012845251,701,0.9224392243011832,507,0.7645588813356539,113,0.751305721893571,267,0.661520643020574,2581
5972450.0,1770850.0,0,4.170203671929174e-05,10638,0.5329680933711834,10693,0.5414171907419314,6551,0.5994041847302644,1954,0.4765693814906393,663,0.5839324336046755,351,0.5195272446683303,10844,0.5591557041157993,8494,0.5418886356526016,940,0.7849816678788875,163,0.7843502177702395,512
6008850.0,1735050.0,0,1.1291553649780836e-13,20349,0.6559913206975178,4545,0.5277385252328414,7732,0.5597430686852406,11166,0.4765507294269711,664,0.4955124472801248,8444,0.6598838000410612,4476,0.5339026552227597,9820,0.37252178233961863,5713,0.5450283426603366,2653,0.3147865535606197,13578
5984350.0,1753150.0,0,7.844324437953197e-05,10012,0.47098477590514126,13723,0.5312083403553761,7425,0.5685582809267848,8587,0.4763365368390006,665,0.5542467970810626,1031,0.49890172385134923,11755,0.5703457107896024,7936,0.5123952043221719,1330,0.7679009314409765,214,0.810713389463834,328
5986950.0,1754650.0,1,0.9999999999975013,113,0.8917068673854074,639,0.7461271636107801,58,0.6436585451271464,83,0.4761309067891151,666,0.6156652959737164,88,0.963785033955405,582,0.9360080640915196,212,0.8264511654538051,46,0.7687051223071515,211,0.9389549742747425,29
5988350.0,1753150.0,1,0.9999999999171423,303,0.8896165782666023,783,0.7271941584931944,366,0.5799561098961624,5522,0.4760663759022513,667,0.5459371761786747,1479,0.9571825174851394,903,0.9068766725789091,928,0.5913840485725214,562,0.676948358621027,747,0.5182515106270875,7766
6008950.0,1762950.0,0,4.4272724937958387e-10,17417,0.6044466357623773,7152,0.5229906607499211,8136,0.6493840669514563,49,0.4760629777288181,668,0.583437746832398,355,0.600573685749666,7154,0.534467059161525,9799,0.4428760231123463,2979,0.6822163566720731,700,0.4988477653210559,8391
5980750.0,1760550.0,0,4.865825921784921e-05,10473,0.5952359753131962,7585,0.552749663805822,5682,0.5090825841129346,21022,0.4757726088781553,669,0.4788673894929142,11680,0.6101006022120653,6742,0.6247867943545177,5478,0.2569880145347119,13120,0.5318737069967701,2960,0.27685282952534207,14873
5989150.0,1752150.0,1,0.9999999999912947,178,0.895481113503679,438,0.7233351344141659,454,0.5747714454371088,6825,0.4757629160116898,670,0.5213935112602318,3917,0.9693660391596688,302,0.9045997289456366,987,0.3647275525017255,6090,0.5359863989158299,2868,0.3241471934536889,13334
5981550.0,1757350.0,0,7.760925409367054e-13,19788,0.4781049860977986,13358,0.4583477112281553,14038,0.5416772783256582,17928,0.47570258224000833,671,0.4918974684469597,9157,0.4516396608078077,13925,0.48587190658204893,12677,0.38163594093799325,5335,0.677930403403796,736,0.48340298348520216,8864
5990850.0,1748950.0,0,0.000763632077195343,7596,0.5536076144540614,9771,0.5760724940513262,4104,0.6323926185079517,265,0.475586248123485,672,0.6152487793014877,92,0.5572930528358019,9183,0.6174797868445352,5759,0.6640321896722482,287,0.7331239096978982,346,0.8018665607012285,380
6039250.0,1710550.0,0,6.16321274740314e-15,20977,0.5128151278296995,11682,0.4267250178072727,16742,0.5665021586752812,9113,0.4755125686983765,673,0.4906537563423214,9385,0.5014140050049365,11655,0.46797811060680483,13713,0.18952330368449988,18283,0.47711053296931727,4473,0.1999605534737341,18301
5984850.0,1751150.0,1,0.999999893834095,848,0.8966438763648311,345,0.7269242055974428,376,0.6114590964913625,993,0.47543932489822527,674,0.5707221443296441,548,0.9652185096225311,497,0.9201146439780702,565,0.38116733650745804,5358,0.6973465314380771,571,0.563942518228161,6052
5988550.0,1755050.0,0,4.150801199477515e-17,21543,0.32739167137910746,20652,0.33387257852462915,21238,0.568235854387572,8659,0.4754289877798504,675,0.5023248610944459,7132,0.28674238891427484,20887,0.3255876339543916,20446,0.28127218488213457,11325,0.6169629703142101,1391,0.42304226596804295,10742
5945350.0,1768450.0,0,9.266169120484446e-16,21251,0.4832070329644274,13131,0.4493621528112093,14845,0.5793395323668361,5664,0.4752293933165145,676,0.544828959069285,1555,0.44526913588089,14221,0.4704587707402359,13575,0.3819697754657806,5306,0.6970154938727897,574,0.47618874497264496,9080
5987950.0,1755050.0,1,0.9999999999999756,6,0.8963305797720194,380,0.7394293235838593,132,0.6041694732679256,1468,0.4751702051011589,677,0.5851450931032998,337,0.9761690924183928,105,0.9369900514780779,198,0.7378186120439452,151,0.7806871374860275,173,0.9268272784342403,34
5999250.0,1749550.0,0,4.89784518054611e-15,21016,0.3544964094115454,19515,0.34440522221782527,20996,0.6145838466623286,824,0.47509703394955355,678,0.5724840994616112,517,0.3282554974620737,19452,0.3403938623598177,20006,0.2829357607402222,11198,0.6628328508318799,877,0.543758768162653,6841
5908550.0,1770850.0,0,9.666369187905373e-09,16034,0.6961705865271535,2705,0.5919785305284279,3208,0.6000718380984432,1891,0.47507119977749035,679,0.5609241683445634,799,0.7136515056970347,2445,0.6692530948101146,3751,0.5813732384958067,628,0.7551853925216004,248,0.6656156032393395,2481
5983550.0,1760150.0,0,9.160561010335571e-15,20893,0.4829429894022465,13143,0.40625169422623214,18203,0.527721737971871,20153,0.47485974193806546,680,0.5064690783954907,6409,0.4301948039774556,14898,0.4154191596907322,16797,0.20496172902432197,17130,0.6912443031065206,615,0.5322239417326854,7282
5988550.0,1754050.0,1,0.9999999999650095,270,0.8904276917019008,720,0.7323497350053821,263,0.6085932083875015,1155,0.47474314305112797,681,0.5903736230856779,278,0.9584791470281959,854,0.9119486771908534,816,0.7610000081273669,119,0.7728851714071417,197,0.79910435792633,394
5987650.0,1754650.0,0,3.505312221780937e-10,17534,0.626633300297998,6018,0.5422527587470872,6488,0.6146966717388017,817,0.4747255488636134,682,0.5448216447529322,1556,0.6316831411110003,5747,0.589535307834318,7002,0.5530189925345019,834,0.5886186900544695,1801,0.5649595670044572,6005
5997050.0,1742250.0,0,5.211638900215004e-08,15140,0.5123382351059798,11702,0.4731100549124911,12752,0.3425251061536398,21736,0.4745813345912746,683,0.3944433657856311,21356,0.49798288162969484,11812,0.5254323317838261,10325,0.22844728427959293,15304,0.5656726143664407,2217,0.5033342598726704,8234
6040150.0,1737050.0,0,2.5062561379077557e-05,11110,0.6103178504648628,6837,0.6029092727836538,2727,0.5639997835505954,9835,0.4744812401595231,684,0.5255525027405781,3339,0.6272015941532342,5956,0.6472921123084417,4571,0.23969395819473893,14382,0.5004224963612031,3790,0.22315709030949438,17157
5988950.0,1753050.0,0,2.55972065378241e-16,21406,0.43741072658269226,15360,0.4087994914019714,18037,0.602034689502303,1677,0.47438937667087033,685,0.566012225003964,663,0.3955276237208192,16492,0.4212980737845391,16485,0.3800155316185898,5402,0.7405978011937754,308,0.47564097172213715,9098
5996150.0,1749750.0,0,5.3974345189596e-06,12314,0.4833223447573573,13129,0.4949723307443781,10683,0.5874149298871196,3860,0.47437392569151265,686,0.5179819550581064,4393,0.46503311792743074,13317,0.5058873606507052,11478,0.29850734094226883,10099,0.5059379468234732,3631,0.2627728850994029,15420
6032550.0,1716850.0,0,0.012175219248754053,4730,0.7012282806182649,2511,0.6489769522994623,1542,0.5871497246796216,3936,0.47415685104999794,687,0.5473355889177448,1379,0.7361685530529698,1991,0.7625219563912419,1771,0.48997675630541637,1764,0.6161561027331974,1399,0.4892152419489235,8688
6005350.0,1766150.0,0,1.781099085476737e-08,15711,0.6688638327873042,3863,0.556569657983952,5410,0.5557346250862537,12937,0.4740103087713306,688,0.49225712713470793,9090,0.6808519214394486,3571,0.5926447183417282,6861,0.43637098220277815,3161,0.5733881017455446,2080,0.49449562564700134,8515
5908750.0,1751350.0,0,0.0002714250512184397,8664,0.4300252644041042,15732,0.5059677470126477,9645,0.5617194562512302,10522,0.473696882088618,689,0.5302123177646444,2800,0.43428570318792326,14724,0.5106037274416715,11179,0.4503044721058027,2752,0.6728246550522881,776,0.6713458396679962,2350
6031850.0,1718050.0,0,2.3543408644376985e-05,11163,0.3205928995932547,20879,0.4078095988432746,18107,0.57286827075206,7363,0.473658033105177,690,0.5409805005695979,1800,0.3075683077040767,20262,0.3653841141761971,19112,0.41190815535357184,4054,0.6689638894934085,814,0.45564818100462723,9733
5909550.0,1754250.0,0,0.003297350505286565,6047,0.45232440914805283,14648,0.5101406938945137,9282,0.5701298755111389,8134,0.47364109920089165,691,0.5662337519660271,655,0.44547716808132476,14211,0.5188801013299171,10696,0.46715878216369333,2291,0.7057327101989214,514,0.850230898656458,139
6035450.0,1711550.0,0,2.193094483890038e-13,20185,0.28615087505554326,21625,0.35189653953810257,20775,0.5542558340391263,13697,0.47363673956988356,692,0.48520549302448884,10468,0.23252472745456643,21653,0.2751402812695932,21391,0.32693853903390424,8192,0.5329602944434518,2940,0.2476096042678897,16052
5986250.0,1753850.0,1,0.9999999999665534,268,0.8980718905268322,225,0.7540711421559343,15,0.639082175589255,130,0.47359394549423306,693,0.6076048914521458,149,0.9688980063167311,334,0.9486983660690129,112,0.6344353236958126,379,0.726675287099871,384,0.7280657265436441,1229
5999850.0,1745050.0,0,4.749955200418614e-07,13914,0.47928605446420725,13304,0.4747443400891247,12606,0.5761162319919498,6465,0.4735490639095215,694,0.5196950197867636,4133,0.48668412707173014,12310,0.5265317245927338,10250,0.4510944597426515,2730,0.5594978100553825,2334,0.5298187747950746,7374
6009450.0,1739950.0,0,8.146226767991709e-09,16130,0.5665255878562002,9088,0.5028186412160036,9958,0.5455464780036334,16853,0.4733461986177012,695,0.519474131443708,4176,0.5432027968631532,9820,0.5346872891324055,9786,0.2430048254236188,14145,0.6483441868599485,1012,0.5476532095644796,6691
5987450.0,1754850.0,1,0.9999999999994431,53,0.8906152797200197,708,0.7246425704745448,428,0.5903079391614406,3342,0.47332076212266777,696,0.5773001207862645,436,0.9624215734552269,640,0.9263643119112083,394,0.7330087831614123,164,0.7752992490051003,188,0.9256487084134417,36
6035150.0,1711950.0,0,1.612280211909079e-09,16861,0.5072371754116891,11959,0.49759340615132375,10408,0.5517745596555306,14802,0.4732038843607103,697,0.509496317240855,5832,0.4938549660716425,11994,0.5115801137401533,11130,0.35475473140123515,6588,0.6446745469359108,1038,0.3990454629810679,11443
5987450.0,1756050.0,1,0.9999999999999085,18,0.8964206051742364,371,0.733230106873204,249,0.5912422142936811,3181,0.47309009385721434,698,0.5335548196948372,2441,0.9742739964063237,137,0.9269677001741947,378,0.5041031234129241,1488,0.6061089348080191,1535,0.43085164443186574,10529
5987150.0,1750250.0,0,0.002248918372023551,6442,0.4082849419274293,16853,0.491797736761042,10990,0.6257872432522305,445,0.4730829793475341,699,0.5880546933745449,305,0.4144532681032238,15601,0.48966645770756656,12447,0.7793585736067115,101,0.7264745919511477,387,0.7649607581400195,731
5981650.0,1751250.0,0,3.867381723353314e-06,12551,0.5836370260387412,8192,0.5496346336479127,5919,0.5662570540080771,9196,0.4730371746075124,700,0.5495180262453075,1258,0.5859632318399726,7841,0.6169768714903989,5780,0.3225956874993361,8458,0.6052609836675742,1544,0.5454414929096275,6776
5989650.0,1754850.0,0,0.0047446979216092,5684,0.49660816509533895,12455,0.5198512978074978,8416,0.6241584656812584,496,0.4729516566967527,701,0.541896944882972,1747,0.49577627908559285,11908,0.5570603077562145,8604,0.4490361564254044,2790,0.5741262425058965,2069,0.3824061810263564,11867
5907550.0,1754250.0,0,1.60930376341138e-06,13173,0.49609651434458985,12487,0.4529851478292122,14525,0.5410843834186135,18070,0.4728642277858412,702,0.5031133703069502,6983,0.469047974774807,13128,0.47230435752142874,13468,0.2457251482648356,13963,0.6653177684486714,851,0.47930441928177514,9000
6007050.0,1761550.0,0,1.0666231587320602e-08,15988,0.4076201227120694,16881,0.4254488628904757,16844,0.5698018629350883,8224,0.4727517060075182,703,0.5491129497868633,1273,0.38274091836532964,17086,0.4191847499397594,16597,0.4650851163327062,2340,0.7270714443993341,380,0.7088814104581058,1566
5985150.0,1753350.0,1,0.9999999997795841,365,0.8963551709294322,379,0.7356411551439627,206,0.5983492435237969,2097,0.472716448212597,704,0.5763056447447147,454,0.964112815777808,555,0.9280189251384023,357,0.5379603920960699,979,0.6925072070181714,606,0.7669252530619517,707
6008450.0,1736950.0,0,6.020147207985114e-16,21301,0.4770999421829342,13402,0.4250172965370127,16880,0.5538485496440978,13895,0.47271422136074004,705,0.5256459274658742,3327,0.44475854550165916,14250,0.4581815724745084,14298,0.38422973151853723,5208,0.6777767372591607,741,0.5166229004280176,7831
5908850.0,1773750.0,0,0.0005388100050892167,7951,0.4433745638573808,15080,0.4373618858532222,15871,0.5759750204469654,6500,0.47270469081135874,706,0.5434371527294588,1645,0.40844551271729834,15876,0.42387696527053964,16331,0.25886005578334725,12951,0.7341499778408958,339,0.6529493343854756,2811
5984650.0,1750550.0,1,0.9999998682598785,869,0.8806850291216441,1133,0.7055363878534244,843,0.5708470396906403,7937,0.4726303206763132,707,0.5588437416224762,863,0.9500198789623817,1133,0.901776882949225,1034,0.3705289739413432,5800,0.6726721313860453,777,0.5843081614918652,5211
5974450.0,1777050.0,0,6.256373572983214e-08,15052,0.434339442375051,15496,0.4536975718042476,14454,0.5585808224043104,11642,0.47261608359225055,708,0.5384497501069133,1998,0.4303995112427468,14891,0.48345021713532366,12805,0.4574518099195153,2548,0.7316523230664237,358,0.7001331657406513,1747
6008350.0,1739150.0,0,4.876286549300182e-07,13894,0.30043993598969376,21401,0.3866199452027463,19318,0.5658647545771439,9309,0.47260874572106665,709,0.5278195393971925,3058,0.2804833772636457,21032,0.3465574421922344,19806,0.4783442187390481,2007,0.6873344027895025,652,0.6710823208586992,2359
5984450.0,1758050.0,0,2.7797017384983037e-07,14229,0.6685249601831058,3881,0.5526931798990686,5685,0.5535480389666231,14051,0.47240651251754,710,0.4949994477073398,8534,0.6699528737041771,4024,0.6241263074879958,5505,0.42087711159720964,3706,0.6873658193710575,651,0.5238753312176446,7593
5906850.0,1755650.0,0,0.00011136099830300907,9617,0.43649437414873216,15394,0.494883183024667,10693,0.566672147170868,9062,0.4722257054901024,711,0.5159048638135014,4726,0.4246382543209335,15156,0.48861415458016555,12525,0.4413252743744851,3014,0.5937005141680619,1719,0.40564787867046603,11268
6004150.0,1761750.0,0,1.3173376677061452e-05,11661,0.6605785826590256,4293,0.6139089395217937,2326,0.566168888637394,9227,0.4722015805534017,712,0.5407293277351451,1824,0.6657884707031009,4219,0.6956623978012838,2934,0.5097487713923656,1381,0.7661430515308281,222,0.7189682074461685,1398
5995950.0,1741150.0,0,0.0008487252347470428,7491,0.4952782148080097,12536,0.5257130733520811,7917,0.5715305989223363,7728,0.47213639802858837,713,0.523712451079149,3579,0.47417770969334416,12906,0.5205636305256031,10599,0.35160823943576425,6766,0.5335372024738514,2926,0.3092226070415163,13730
5967950.0,1733450.0,0,7.797629053535348e-06,12051,0.3854757409038601,17974,0.4299945143956531,16486,0.5839548685979704,4597,0.472099316443954,714,0.5604952333447689,807,0.3789910647661827,17265,0.42755618922596117,16102,0.3045166545993233,9658,0.5892421396288925,1790,0.5301732198525217,7357
6042750.0,1730250.0,0,0.002101322276692563,6524,0.5545471003333287,9719,0.5534061441984742,5637,0.5735221312982879,7172,0.472048322675145,715,0.5535333170439916,1065,0.531928821862013,10313,0.5496294642684119,8992,0.23864542045624093,14458,0.5829921280263105,1894,0.33044837581359743,13164
6040950.0,1737550.0,0,3.963715054516776e-05,10685,0.4294438856649849,15753,0.4974983092424403,10422,0.5619914914634729,10443,0.4720145440477427,716,0.5197613032452736,4124,0.42027943202872375,15360,0.4589337396115196,14250,0.21916626938184147,16004,0.4845788962074544,4254,0.19397128508805295,18568
5985850.0,1753550.0,1,0.9999999999897247,186,0.8999275997528511,119,0.7480708736186382,43,0.633738591527939,226,0.4716133627867926,717,0.6090026397508616,139,0.97414510718036,141,0.9552790876832263,73,0.8327042668309722,38,0.7628978185290424,227,0.9399016107259898,26
5998950.0,1743950.0,0,0.006937758608841297,5278,0.3967083062072131,17404,0.48065240198124726,12053,0.5858464463538609,4209,0.4714844913731959,718,0.5691362406195868,587,0.366418468804118,17831,0.43628888871858706,15581,0.48405812736906983,1886,0.6368222408641879,1139,0.7425292270194038,1007
6032650.0,1711250.0,0,2.5523389355218772e-08,15515,0.4427039841828581,15107,0.48297944057871267,11819,0.6289434235164633,350,0.4714548204580937,719,0.58761103564586,308,0.43801246170226116,14558,0.4939130834981409,12195,0.49925648249379884,1573,0.6189464265310888,1366,0.4975977266897189,8429
6041050.0,1732450.0,0,3.3544992586080264e-11,18504,0.6170620046766961,6535,0.5337773031496846,7168,0.573275147642022,7255,0.471429836804716,720,0.5265389519537009,3218,0.5921483051975608,7550,0.5525737361580755,8830,0.21512054687057447,16320,0.5871339952055954,1829,0.2781762535540052,14826
6034350.0,1714450.0,0,8.77001721975587e-11,18149,0.4798434508665343,13278,0.4757527715471971,12520,0.5570687638697194,12308,0.4713509192102612,721,0.4981200319124786,7930,0.4565816084767105,13690,0.48696861935778757,12623,0.3726053023926761,5710,0.5917877747768923,1748,0.34461832408790527,12776
5985650.0,1751450.0,1,0.9999987841441204,1097,0.8971379386268195,309,0.7443651535813876,71,0.637509575456908,151,0.471316294216997,722,0.5954496748253075,238,0.9670575903590118,406,0.9313261459228396,298,0.40314145290540737,4389,0.7008052119314371,544,0.5735087360431446,5681
5909650.0,1770550.0,0,3.9872371258599484e-07,14015,0.4940829625699995,12599,0.49916731002038783,10284,0.6132382036621508,891,0.4713129605837615,723,0.6023389966040481,191,0.4677164394179245,13187,0.5300598020013502,10048,0.4670615151434687,2293,0.7027887371760333,535,0.78795991292447,482
5965450.0,1738650.0,0,0.20340920236113497,2340,0.5930861221112206,7696,0.5798206726467466,3877,0.5829079632160615,4843,0.471292771613022,724,0.5212074425807223,3944,0.6162754193729504,6469,0.6524720097406655,4362,0.3733400980486007,5676,0.5409136363263882,2746,0.3229229463530432,13361
6040350.0,1733750.0,0,0.005744547378161331,5492,0.3623574317884772,19101,0.4587488826500702,14001,0.603072393747729,1582,0.4710036170202738,725,0.5890974021307284,292,0.3330094800244725,19274,0.38787964619301674,18145,0.2810305789754317,11349,0.6235255383456837,1304,0.36938814397697617,12199
5993350.0,1749850.0,0,1.542977580733016e-11,18792,0.45579609538061455,14483,0.4522011285084766,14588,0.6144176334916369,836,0.47076329700282654,726,0.5758751283486675,462,0.42432030216358974,15169,0.4699610241238198,13605,0.5852721086003809,600,0.7177626588275114,443,0.5837910647113905,5236
5906750.0,1754050.0,0,0.008411738877998114,5086,0.7053626544776859,2381,0.6398247091874156,1726,0.6109251726658506,1018,0.47069830134304447,727,0.5713156499239905,537,0.7161789076434579,2365,0.7518927247651492,1882,0.5045623899950531,1476,0.6584583245928572,915,0.6493099437078393,2908
6004350.0,1737750.0,0,5.700831021620869e-06,12287,0.3499997745982875,19726,0.3902671615950521,19130,0.6039113256788534,1491,0.47061196602070116,728,0.5760814532953649,459,0.3129198793224529,20050,0.3358298303148388,20153,0.2741660499175247,11795,0.6596862651888963,900,0.7139982788702062,1475
5986750.0,1751050.0,1,0.9999999960668995,575,0.8974285496279141,285,0.7361618379216917,199,0.6214787942853041,575,0.4705642360188055,729,0.6053770749494136,173,0.966197988894632,450,0.9312104616730893,301,0.7187193426832758,178,0.7758635356303013,185,0.8418942030919692,167
5985950.0,1753850.0,0,1.9667482781695385e-06,13022,0.3632811107936339,19045,0.43026024304792126,16463,0.5603129050577395,10952,0.47028660210960016,730,0.5163732039411539,4647,0.3533727657308938,18391,0.42713871707758666,16124,0.4881767979898646,1802,0.7066966713071977,507,0.6112658022339416,4122
5906150.0,1758850.0,0,4.724561081608193e-07,13918,0.5641152051553842,9217,0.5167278142963523,8700,0.5528943182735878,14353,0.4702456447498278,731,0.5083175348317397,6047,0.5486599946592259,9578,0.5688442075428178,8003,0.3993410081088644,4551,0.6744092508390253,763,0.510328172901407,8027
5983250.0,1750850.0,1,0.9999999165491383,828,0.8965712423419593,356,0.721223216827107,503,0.6176228839680373,699,0.47011256047045163,732,0.5691419068909851,586,0.9648898482740055,513,0.9165110415661893,671,0.3812504765565208,5353,0.6187522983022586,1367,0.5628624924628232,6091
5906750.0,1755950.0,0,0.00217404386875118,6478,0.4364434048191526,15398,0.48028083462525134,12101,0.5707257165171384,7974,0.46997792677446,733,0.547823089837536,1349,0.41237384366658825,15704,0.4751320056249968,13301,0.4892784787114849,1779,0.6718047318266869,791,0.7713204205356251,653
6038950.0,1713250.0,0,5.50913803566228e-12,19135,0.6934776939781157,2810,0.552612014726982,5692,0.5662581890773389,9195,0.469964857415725,734,0.5492202301359529,1267,0.6847061710586277,3409,0.6365638221440368,4991,0.24903389670285336,13728,0.7121819229244817,479,0.4515781819698156,9878
5902350.0,1758850.0,0,0.00010157881910402111,9718,0.3577380943866369,19342,0.44238723415225306,15474,0.6019037015730629,1696,0.4699602417763702,735,0.577100486325426,439,0.3657834326332212,17862,0.4488772235837575,14847,0.6033506549337009,511,0.6864317639673887,660,0.8090269584143043,340
5999450.0,1749650.0,0,4.155130236720276e-05,10644,0.5630513216846914,9279,0.5037624223836416,9861,0.6255929354660069,455,0.46972088988505406,736,0.5994731167658423,214,0.5319627810289649,10311,0.5290591447039338,10099,0.3000789444458114,9979,0.6767512411683027,752,0.7403833624407068,1041
6007150.0,1736950.0,0,4.359121801840446e-12,19233,0.42803228406037236,15838,0.42815958969735146,16622,0.5738641605520828,7087,0.46960557159031197,737,0.5314278279366786,2658,0.42097634347464763,15321,0.4634839549579901,13972,0.4230494968894045,3629,0.6935064172223291,598,0.5546818598849053,6414
5986650.0,1753450.0,1,0.9999999993486819,456,0.8983427556852546,210,0.7328989525113968,255,0.5900419868262125,3393,0.4695902964872419,738,0.5589378575630607,860,0.9641074878630898,556,0.9207886353053489,540,0.6186345927735889,435,0.6949553623646805,588,0.7810152216878613,543
5908950.0,1770550.0,0,7.466634210193624e-06,12079,0.6231300508013615,6228,0.5881160245932648,3402,0.6015841110618801,1743,0.46942163289825845,739,0.5822796602432617,368,0.616151500385892,6479,0.6654506477653963,3887,0.6038574030997556,508,0.737373140819696,322,0.782684576878834,523
6008750.0,1734550.0,0,1.4576545944619405e-18,21681,0.4883081738855597,12894,0.4054820628342156,18251,0.5380183018419281,18700,0.4693625021061487,740,0.48149839492463015,11171,0.4667451553416282,13233,0.43506214438351964,15653,0.19849873927601447,17602,0.5090155777864684,3540,0.2517313224894826,15876
5970850.0,1773950.0,0,2.728973668461783e-14,20666,0.32003388331318783,20895,0.36505041852369846,20327,0.5606548538122096,10848,0.4693076863887457,741,0.5362699911020476,2168,0.31355017225945847,20025,0.3666173247929949,19071,0.4263645770753297,3511,0.6941713083533201,594,0.6257240486860796,3615
5904850.0,1740850.0,1,0.9999999999999167,17,0.8896330775469063,780,0.7282401317226406,338,0.6264009833010933,430,0.4691503685354531,742,0.5944087594505076,244,0.9648721563515891,514,0.9159767547403916,688,0.7487707543575742,136,0.7390754151635506,320,0.8804562382369497,82
6036650.0,1710350.0,0,2.9800375786001864e-08,15438,0.664579365743226,4088,0.5802655673472009,3848,0.638343692978099,137,0.46913731221780247,743,0.5864806884439265,319,0.6800757125063328,3605,0.6331423702613245,5119,0.49710438705044524,1618,0.625880343407691,1279,0.48754259496434926,8736
5996950.0,1741950.0,0,2.2027137372199494e-12,19456,0.3436703662940448,20016,0.3772235526148452,19788,0.5466024272616867,16524,0.4690858003495306,744,0.5122269222393758,5328,0.31438862246273525,19995,0.3603775366817601,19310,0.4045223788560266,4337,0.5787892181670347,1978,0.49101100374521356,8634
5989150.0,1751550.0,0,2.177424411826521e-11,18664,0.6530775565779824,4694,0.5451044218091474,6271,0.5885265155371446,3669,0.4689699986184953,745,0.5251245089084288,3398,0.6623696457594372,4372,0.5923012408221572,6879,0.5615333302945973,767,0.6809903954628655,713,0.5102353204496948,8029
6037750.0,1727350.0,0,4.882475424854928e-13,19949,0.6682403191494214,3898,0.5296295785242358,7556,0.5688753614223954,8505,0.4689231005162686,746,0.5319112918730913,2609,0.6480754326472999,5011,0.5652142024863013,8183,0.17229282014271297,19373,0.5572983227220036,2367,0.2703299602587106,15122
6041950.0,1736650.0,0,4.684754209232581e-15,21028,0.5669231049800435,9069,0.49281409581078783,10896,0.6066614213526296,1270,0.46884358086800365,747,0.5405103201549998,1845,0.5443941787599715,9774,0.4546049153881926,14516,0.23279999149059183,14940,0.6118463437507653,1460,0.2790527950173779,14789
6038650.0,1714950.0,0,3.766193974759721e-08,15299,0.4799447233261485,13275,0.4801954977974265,12112,0.5440837005104131,17291,0.46882213593731487,748,0.4861293225160922,10280,0.47759321694927803,12747,0.506294389618411,11453,0.24671505405401795,13894,0.4869003247535316,4174,0.2073268499320644,17922
5905350.0,1742150.0,0,3.1206997504126513e-10,17595,0.37397042110801615,18544,0.4103358815045177,17951,0.5900564588374969,3391,0.4687307789753296,749,0.5451464281500984,1536,0.3608854028035393,18077,0.42513728606138534,16250,0.612609782781226,457,0.7011566283769413,543,0.6166851460470677,3933
5989850.0,1752650.0,0,0.00012370893867853203,9502,0.477961478866096,13367,0.5215251192987556,8270,0.5853509265764719,4318,0.4687199073538056,750,0.5413474595784324,1774,0.4907524701324122,12130,0.5321677985259914,9925,0.5071468510925459,1423,0.6143112852735082,1422,0.42015634878725594,10847
6034950.0,1713150.0,0,8.068022732721852e-11,18191,0.6402298335016089,5320,0.5531973776667177,5655,0.5652241762605459,9511,0.4684603859561666,751,0.5321983872003954,2569,0.6513808949191497,4852,0.612810055034295,5947,0.4481560472022156,2821,0.7103812553035369,486,0.4569349888453893,9693
5998950.0,1748750.0,0,0.005409431014242777,5547,0.45971341906032687,14293,0.5080938724237591,9445,0.6132242342661747,893,0.4684149905706019,752,0.5864804389021365,320,0.461403669808901,13479,0.5220796700093817,10512,0.5302874519627565,1070,0.6441618824134693,1044,0.757984521001186,798
5909250.0,1751950.0,0,5.061089779466854e-13,19934,0.399083979510396,17288,0.4040119796200904,18353,0.5625759769368927,10276,0.46814979796279604,753,0.49507651408868125,8523,0.3674299257039948,17777,0.4129895606740155,16916,0.4014836382875804,4476,0.643061130460328,1054,0.4812054519951563,8929
5906350.0,1772950.0,0,0.000776042339275569,7579,0.7281369580963466,1824,0.6327483882784198,1850,0.5629455640811104,10154,0.46801030112134623,754,0.5045006768225493,6748,0.745066791717491,1866,0.766731533009968,1733,0.41085427311422373,4096,0.5673897989882031,2188,0.3570051813039947,12491
5986250.0,1751050.0,1,0.999999997092369,562,0.898818066070617,169,0.7428609973819198,83,0.6278024801274756,387,0.467955852299631,755,0.5799690085928464,400,0.9699998419126034,276,0.9366826878830938,200,0.6792369921636262,242,0.6968204737025165,576,0.5703915597627829,5788
6006850.0,1764050.0,0,1.3939578861181224e-05,11619,0.5414549891403538,10318,0.5370026808314288,6927,0.5262076192158952,20270,0.46789696621937704,756,0.4831073345760697,10885,0.5324444174004163,10288,0.5628619428044122,8304,0.3012046719818666,9891,0.5377616863998504,2815,0.2794096070262252,14778
5983850.0,1754650.0,0,0.00012321676420934142,9509,0.35812194070187875,19314,0.4622215960316041,13708,0.5714898670753074,7742,0.4678708092700392,757,0.5354491697800827,2261,0.3532075646595825,18398,0.4310560193387931,15901,0.48838828399347567,1800,0.6963572772750353,583,0.6781438567477389,2193
5987150.0,1752650.0,0,2.6868963598681574e-16,21400,0.3721126178415777,18636,0.40322341840243503,18415,0.592633264539136,2942,0.46782156980352313,758,0.5579446671129706,893,0.3560413104137963,18287,0.41527881824180957,16807,0.37888363562081273,5450,0.7170865013191113,450,0.48695188587440397,8760
5996650.0,1741750.0,0,1.533234314344239e-14,20790,0.6458762584391303,5057,0.5314071107492199,7403,0.5781594619854579,5939,0.4678174059090679,759,0.527808768650135,3060,0.6303172710826526,5800,0.5101600396544971,11210,0.3821377692647161,5296,0.5523656608420451,2488,0.45035133167952945,9919
5988250.0,1753650.0,0,1.6620499830186687e-05,11477,0.5174513109091202,11469,0.5092593095313492,9346,0.603304480825406,1553,0.4677842442466917,760,0.5328698686807185,2509,0.5013472937230053,11658,0.5265613748378639,10248,0.332836261249977,7824,0.5374907055787718,2827,0.2957736168369489,14168
5905050.0,1754250.0,0,2.8554188742433326e-12,19371,0.5453206183906947,10137,0.4913406343592308,11023,0.5634316589604352,10006,0.4676665908886494,761,0.5328927657718259,2507,0.5413865625016423,9909,0.5787896558526027,7555,0.5151796998362567,1288,0.6592317810214686,909,0.6110682452906999,4128
6006550.0,1765050.0,0,3.1688778346303445e-12,19343,0.5246566686324046,11132,0.4575651416117676,14112,0.5408289740380888,18139,0.46765214406557165,762,0.520701311886317,3993,0.49736863479889115,11845,0.5019298498633241,11705,0.4116601055792929,4064,0.7393418357293178,318,0.5377260831440036,7087
5906550.0,1758450.0,0,7.695144945199761e-05,10035,0.4726587875238205,13640,0.5191408955884343,8488,0.5589100879420342,11499,0.46756285947632154,763,0.5423316906442048,1719,0.45892400291593294,13587,0.5237379761597999,10413,0.479932541542896,1982,0.7074348931495982,502,0.7796434113553372,554
5905950.0,1753550.0,0,8.144431717902212e-05,9968,0.4680439004920053,13861,0.49339569030505287,10821,0.5589643745058928,11477,0.4675553543029904,764,0.5011218781352855,7355,0.462438300985869,13433,0.5172706078912939,10806,0.3032506433847554,9742,0.516633588162245,3315,0.2948229588097957,14212
5908650.0,1759250.0,0,0.00017072554049671766,9188,0.673132953063673,3666,0.6205883355584311,2125,0.5716303876656749,7704,0.4675106139367804,765,0.537005315656787,2108,0.6778186437505708,3701,0.7155002569498876,2446,0.49325624568178195,1687,0.6716954828967825,792,0.5831027382238272,5275
6033450.0,1716650.0,0,1.4288837487239624e-11,18815,0.6360989902954359,5541,0.5501904467133408,5872,0.6191475903174252,653,0.46750932201887474,766,0.5694957208306225,578,0.6480510294373248,5013,0.5640066345991753,8242,0.44629056245531584,2877,0.6439950243065214,1046,0.4664301397306976,9389
6041050.0,1737450.0,0,2.2365304349523736e-05,11210,0.4761237878783886,13452,0.5305965946043968,7477,0.565986215308437,9280,0.4673663197421845,767,0.5260375385249139,3278,0.47411322351705043,12912,0.5096075312874425,11246,0.2318403724684457,15027,0.5608465606141115,2306,0.29600007011757934,14160
5997450.0,1748050.0,0,0.005885386220876183,5456,0.33418679053474726,20410,0.43050725899533576,16434,0.6359134209496774,178,0.4672144457396518,768,0.6047244245689691,178,0.31226433386662245,20079,0.3886351119244169,18105,0.5439634168436422,919,0.6504823255058514,991,0.7569921157942852,809
6033950.0,1716450.0,0,4.7607360168555225e-05,10495,0.6718538640488705,3728,0.6214709101504594,2103,0.5944751052680683,2629,0.46708952519885577,769,0.5580695275907607,885,0.6658700945751681,4208,0.6912461487965891,3071,0.4646150148892013,2358,0.6133169450924992,1438,0.46571497551442054,9418
6004250.0,1767450.0,0,2.5896148304359953e-05,11079,0.6297694455761844,5862,0.5291206284263029,7602,0.5027007449564141,21161,0.4670471408456334,770,0.4799908076828558,11463,0.604672475129198,6976,0.5855966974349069,7199,0.20861734826506972,16810,0.7204236648909982,424,0.5617345275213897,6120
6036750.0,1728150.0,0,3.940726164661179e-06,12535,0.5208678239474885,11311,0.4975402380257082,10416,0.5451318625682462,16972,0.46685988969400893,771,0.5344372436972943,2367,0.4875896023753653,12268,0.46466491732771487,13897,0.16684439050807032,19658,0.6017828337728891,1596,0.2974289704188313,14102
5907050.0,1759050.0,0,1.506762918020169e-05,11561,0.6714041330280511,3756,0.5797853768456642,3881,0.5524798732219599,14515,0.4667539562927178,772,0.5130551470474544,5207,0.6679711778561277,4111,0.6774403270781982,3466,0.47773221432401425,2020,0.6803535307225717,717,0.5311195684158903,7318
6034350.0,1711250.0,0,2.4311591259294853e-09,16679,0.5822110487139285,8274,0.5568712849362746,5392,0.6428993405339583,90,0.4666854278330182,773,0.6100538404394368,127,0.5657228553391751,8790,0.6035780594906976,6378,0.49726625848476014,1610,0.6222494993859294,1321,0.49502444325481754,8496
6008050.0,1735050.0,0,0.0002751758287970726,8650,0.3963993511117824,17416,0.44782236691420074,14979,0.5650581001636756,9562,0.4666670987767677,774,0.4998327668168656,7601,0.39715826437673407,16417,0.4473543456331517,14946,0.27705563992174365,11597,0.49010992406201004,4079,0.2537942073502142,15794
5948850.0,1794750.0,0,9.783121507768926e-13,19707,0.442411810496968,15123,0.4268512904048565,16731,0.5813643456449661,5207,0.4664170172741313,775,0.5675042561375394,627,0.42596050409330644,15090,0.4464684088336037,14988,0.3237328245552934,8397,0.7449536373618212,296,0.776538810093899,599
5906350.0,1757150.0,0,0.00012063248591951154,9531,0.4279600248851415,15841,0.47490657329642755,12592,0.568118319412117,8690,0.4663808057342275,776,0.5498841003465615,1235,0.4072942055130159,15924,0.4727490151564735,13447,0.48504452567533074,1867,0.6977854849089691,570,0.799862425055833,387
5943750.0,1796850.0,1,0.9999999974308709,552,0.8952489788451389,455,0.7225233043604185,475,0.5849762137231613,4394,0.46630124236690285,777,0.5254154280692153,3352,0.9727189598643005,183,0.9173573679279082,640,0.39684653623150234,4663,0.5450239099716591,2654,0.3598250407341703,12438
5989550.0,1754550.0,1,0.9999999999999836,3,0.896913310230599,323,0.7337394536028629,240,0.5996649288901411,1933,0.46620692058033214,778,0.5621477167549699,762,0.9752734737612823,116,0.9292315482181458,335,0.7648978890953743,112,0.7191799121455704,433,0.7990256519344251,395
5985850.0,1762250.0,0,2.632530996578243e-12,19390,0.6424950232410872,5205,0.5323495467410225,7317,0.5429298264767958,17611,0.466065025606203,779,0.46742559915125403,13822,0.638229672843508,5470,0.5210021415386429,10578,0.2586729145931842,12968,0.5091686134152258,3535,0.24527198210381396,16167
5987550.0,1756150.0,1,0.9999999999996931,39,0.8958022600366535,409,0.7305723681221549,297,0.5796539640163447,5592,0.46594104832026856,780,0.5308122844425901,2735,0.9740791243660143,146,0.9269674704934083,379,0.6103014101275266,473,0.6700903044480211,801,0.5231535725137143,7615
6032150.0,1710350.0,0,1.0888085009048172e-14,20858,0.413250742790001,16609,0.40684178034133606,18165,0.5938493286746197,2735,0.4657923787141248,781,0.5581043837393455,884,0.3671787391817355,17789,0.3995248455628657,17594,0.3104927873803577,9236,0.6794460412472936,722,0.4148100738797338,11000
5988750.0,1751150.0,0,1.4218636482820964e-06,13246,0.49541175279947364,12525,0.4935675917845704,10809,0.585056419462988,4374,0.4657440064521946,782,0.5639197274480183,714,0.4803751573888493,12630,0.5262300665610015,10276,0.5110552743384871,1353,0.7001118265117181,552,0.71148995338039,1529
5986650.0,1751050.0,1,0.9999999982194152,528,0.8987070868892424,179,0.742364860856608,90,0.6281548791252053,377,0.4656161162785219,783,0.6104388250683144,122,0.9715656217454857,222,0.9430163167817514,148,0.6846013706765899,234,0.7544920781770199,251,0.8378788066250203,181
5985250.0,1751850.0,0,0.0001226246204505721,9513,0.4351561205450489,15452,0.49139431133610195,11016,0.590000895372239,3402,0.4655399230878456,784,0.5727732073071875,513,0.4498507100243324,13998,0.5114948041228953,11133,0.35327200850432927,6679,0.7246470496336717,403,0.573472307921337,5682
5989950.0,1750550.0,0,0.26810410555239994,2167,0.6600366486706222,4320,0.5999866008127656,2846,0.6204703355418838,607,0.46553721986416174,785,0.5792230682648368,408,0.6836809057321476,3452,0.715856355911917,2438,0.7216261533977667,176,0.6947624504938865,591,0.7461046644304201,965
5988650.0,1753550.0,1,0.9999999999125357,306,0.8908699939431383,687,0.7286418370207864,330,0.6043350678713518,1451,0.4653748800062466,786,0.5437424197413436,1624,0.9568629513260252,919,0.9021640905102286,1028,0.46951373699404986,2224,0.5755511124479304,2040,0.38690598032229984,11750
5987550.0,1754850.0,1,0.999999999999108,70,0.8910099756469209,677,0.7268580052909663,379,0.5954190134447402,2470,0.4651490532481953,787,0.5711431673159263,540,0.9622895556387969,644,0.925184408187032,427,0.7969473997659828,77,0.7270266049229851,381,0.9045353440167186,52
5990850.0,1748850.0,0,0.0019762504623447186,6582,0.3515556653717087,19641,0.4624133938960408,13686,0.6251757817662016,466,0.46496703689753877,788,0.605243915669389,174,0.34130943532477986,18914,0.4274074266229455,16109,0.6542919457056218,315,0.7194317443272256,431,0.7942279448430438,429
5988350.0,1754550.0,1,0.9999999999986187,89,0.8914464058271896,652,0.7255970018267737,406,0.5940309614632503,2706,0.46482044641636133,789,0.5700897246702614,564,0.9628048269899305,622,0.9251900105025432,426,0.7569688425701608,126,0.6760719920446042,757,0.8726219414958905,101
5905250.0,1754350.0,0,1.2999801057413907e-12,19622,0.3179500140880554,20959,0.32693411255200233,21352,0.5537115967469761,13979,0.46475543983472684,790,0.5115159891176754,5453,0.3008648085890243,20487,0.32216230429867077,20537,0.2570004362602448,13118,0.620799095019548,1344,0.6067357531992255,4299
6034050.0,1727150.0,0,7.923699102477135e-11,18197,0.6134771894630009,6692,0.5160910190815075,8758,0.5658126447922942,9332,0.46467673337364035,791,0.5339650739464394,2405,0.6162025386089124,6477,0.5837544327779535,7298,0.42936169403067703,3401,0.6171090336979385,1389,0.4515481433922064,9879
5966950.0,1733350.0,0,6.882418169078917e-07,13690,0.5899714854328656,7864,0.5322660858740931,7330,0.5592971239263242,11346,0.46466714131636994,792,0.535382965819504,2269,0.5983508529029649,7263,0.6061142047047657,6275,0.2881754808651742,10822,0.5657694078458185,2215,0.5216592553290749,7645
6000150.0,1770250.0,0,1.6708502296556374e-11,18760,0.45384066432560305,14584,0.39927400590921797,18635,0.48558532906701274,21382,0.4646490138714866,793,0.45673738732826774,15831,0.44231701794846123,14381,0.4354641685324675,15624,0.18860700506553907,18365,0.6456718674827007,1031,0.43334036788260755,10450
6000150.0,1770450.0,0,1.4500772048385233e-15,21189,0.4333393533377013,15544,0.41317074702668166,17771,0.518136392536449,20720,0.4646372507981515,794,0.4604495015632554,15110,0.4071592815514854,15934,0.4416236449941948,15278,0.29505418976921893,10320,0.6220711985280865,1323,0.41021159673504914,11146
5905150.0,1740350.0,1,0.999999999976062,246,0.9173848606682746,14,0.7446401539234623,69,0.6302392353196239,320,0.46458132857918755,795,0.6093998830851478,135,0.9960719290226786,9,0.9815531655088577,7,0.7680313094838529,108,0.7365996929754728,325,0.8946934393640261,62
5998150.0,1740350.0,0,0.021166856295010552,4147,0.7081134858616334,2302,0.6136801579411172,2331,0.5764055590840335,6389,0.46441704930209315,796,0.5518468543461913,1135,0.7289855409552699,2110,0.7506994266690944,1897,0.5327187727260352,1037,0.7130955138997529,476,0.7705634299472117,664
6031950.0,1714350.0,0,1.8610264666687645e-10,17816,0.44825518903243566,14848,0.45132541536885856,14665,0.563880084451049,9874,0.4643840823531768,797,0.5207551578867814,3986,0.42553381103072674,15117,0.4588631984140905,14258,0.3829538076141268,5260,0.6491349728422701,999,0.41605397680750156,10965
5989850.0,1751450.0,0,0.025521326534724723,3960,0.3711016338226418,18683,0.46061893468615,13839,0.6047749166291048,1413,0.4643756047406506,798,0.5918488342743349,260,0.3781212088231807,17304,0.455599953400478,14460,0.5704771522658338,702,0.7266430040322911,385,0.7788569499884912,567
6036750.0,1728350.0,0,9.279724347519299e-09,16062,0.3091205846039963,21199,0.35762110449666273,20599,0.5526429838464761,14450,0.46434646235054955,799,0.4898404117161815,9510,0.2539028848758542,21467,0.26218736879094595,21507,0.12931484563623852,20990,0.4482464405615717,5389,0.12077506002730987,21031
5984050.0,1752150.0,1,0.999999853965907,882,0.8939078144846069,553,0.7101241282927966,762,0.5556091439159904,13002,0.4642572710465538,800,0.5184704892469573,4324,0.9620835393147127,651,0.9088697034344354,887,0.3273094177690047,8171,0.6309727692792896,1218,0.47043537522758183,9268
5983050.0,1752650.0,0,0.006347261117967714,5381,0.5382553273852417,10472,0.5661978134354909,4767,0.6163228957430681,749,0.46415434380676573,801,0.5903008570083565,280,0.5658006309700023,8784,0.6189848523698807,5709,0.3698603718158546,5847,0.664930732670805,861,0.5838702603804792,5230
5989950.0,1752850.0,0,0.053776749412453966,3295,0.5157373896587446,11544,0.5358208960446805,7022,0.5794488727594801,5638,0.46408274257866633,802,0.5757272559881712,466,0.5296139707154681,10411,0.5850360401962464,7231,0.4907652607648889,1744,0.696864846561876,575,0.7750892822815799,610
6040050.0,1751350.0,0,2.7611257975180182e-14,20661,0.49486820755569083,12556,0.43406766314103185,16156,0.5452585970287339,16935,0.4640404180629406,803,0.5021204761031689,7159,0.4681871846570752,13164,0.4443620981539179,15119,0.16793564698441454,19603,0.6372678349621153,1134,0.2799045958969404,14752
5984650.0,1756250.0,0,6.451334986434076e-06,12186,0.36133542272037633,19153,0.42501505872755263,16881,0.5686332084635022,8574,0.4640059783290102,804,0.5458214822234952,1488,0.3328883026528149,19283,0.40531323662141716,17303,0.49457413057117305,1664,0.7360951628762803,328,0.790996892997089,452
5987350.0,1753750.0,1,0.9999999996654882,400,0.897805002648645,250,0.7353615635178649,209,0.6067588262272179,1266,0.4639300061322695,805,0.5877460721253606,307,0.9637166476971968,587,0.9217318423213774,523,0.7377427335301612,152,0.7532688505242107,255,0.8083098448752336,343
5999150.0,1740650.0,0,2.545538736034136e-06,12852,0.48445187313377475,13067,0.4819501366628131,11916,0.5640545325034575,9819,0.46392965348661347,806,0.5065362273699207,6391,0.4880851976449819,12247,0.5269255523057075,10224,0.4257355870843983,3525,0.5861448882241025,1847,0.3906744124433065,11654
5990650.0,1747250.0,0,0.00017171792881088955,9183,0.6831052852011088,3209,0.6027746919164982,2731,0.5579986498243609,11888,0.4637885155241605,807,0.5445109541824048,1574,0.7030407072569137,2758,0.7162226804821218,2430,0.38856813915143973,5015,0.6077887951405857,1513,0.7310132553523015,1179
6033950.0,1718950.0,0,2.7531052681254085e-15,21105,0.3041013588654093,21307,0.33401085495292915,21236,0.5544429335091711,13580,0.46372679209131773,808,0.48548214887205887,10422,0.27719745929749817,21103,0.3019566993507944,20978,0.24548302450756887,13982,0.485517095004249,4224,0.19526494095456193,18517
5906650.0,1756050.0,0,3.114577316549442e-06,12705,0.4602852533152952,14264,0.47991582537552363,12136,0.5575160436516676,12128,0.463665182817895,809,0.5325511737124147,2541,0.45571420487862,13731,0.5128593957418419,11059,0.4820819764314124,1931,0.6609176234891915,890,0.7709607950418337,658
5987450.0,1753850.0,0,5.839085727168672e-22,21757,0.5642143308427832,9210,0.4532899616884599,14494,0.5756018081332166,6620,0.4634892801448322,810,0.5287655130032616,2953,0.560380083614916,9040,0.4559887400088827,14440,0.26120731534407937,12816,0.6681404128773912,824,0.4197622553861644,10856
6032750.0,1711950.0,0,3.105456131052576e-06,12710,0.47526920579677306,13496,0.5539086769904851,5601,0.6656344785102412,7,0.4634609823551779,811,0.6158549743956084,87,0.49287796853782273,12035,0.5682463556902324,8032,0.5326737444706712,1039,0.6378850699480445,1119,0.5013392126442803,8308
5983350.0,1750750.0,1,0.9999998379503666,895,0.8945330271238373,510,0.7286407784954116,331,0.6211379800086386,580,0.4633583339761086,812,0.5910981370937555,270,0.9649658965890564,507,0.9248963934845109,433,0.39657029632111707,4678,0.6381724644629176,1111,0.5829801610499366,5281
5995150.0,1749750.0,0,7.928226406354531e-12,19007,0.3849824892648214,18006,0.39167848830555785,19049,0.5681309726283644,8687,0.46327533167387525,813,0.5142585400920486,5020,0.3777398652867441,17320,0.38849344119502816,18110,0.23665191381185458,14634,0.5470614558470718,2594,0.31258525366775514,13641
6003550.0,1765650.0,0,0.0001252643370990857,9487,0.43543047762259757,15444,0.5013151860455458,10094,0.5861696471227699,4131,0.4632130462988931,814,0.5737583798796879,499,0.431992506588356,14827,0.49670590159223815,12030,0.6305004114754306,397,0.667895273660923,826,0.825756825800205,245
6000350.0,1727650.0,0,6.951462152022829e-17,21510,0.5840409124659727,8169,0.49337537544872007,10825,0.558037656328527,11856,0.46316173253092524,815,0.4827191335897524,10960,0.5695568717697003,8588,0.48478663818611234,12732,0.2811844221180021,11332,0.48055506738170606,4372,0.24336166835980466,16259
5908050.0,1749850.0,0,7.256213301088126e-06,12104,0.6966248866581549,2682,0.5900063446415508,3308,0.5646801046382681,9663,0.46315246363836526,816,0.5341857952772514,2389,0.7203473879503532,2279,0.7100263650748649,2554,0.45734248508704045,2552,0.6718825934085493,788,0.7216666017697514,1341
6008850.0,1734450.0,0,2.493689204207041e-05,11118,0.5685392947719635,8990,0.5386838742418396,6792,0.553180291342422,14233,0.4631436947607646,817,0.5004873755771347,7483,0.565612107413351,8796,0.5802575299272299,7490,0.31398939076894883,9013,0.5206004345461784,3210,0.28972381133478553,14377
6034050.0,1719750.0,0,1.3005896976414614e-09,16948,0.6856481088065034,3111,0.5688026180129231,4587,0.590822056570045,3253,0.46290401335651,818,0.5263632659431389,3241,0.6950395281804678,3052,0.5995523333139523,6550,0.4210356625428918,3701,0.6140370599408548,1426,0.39630896774371016,11500
6007350.0,1763550.0,0,0.0005674744503731954,7895,0.6350598931084702,5602,0.5980165253024229,2931,0.5886788211584518,3638,0.462775442929017,819,0.5251839332422359,3389,0.6291878835904956,5845,0.637711386637596,4952,0.25215527032872376,13505,0.5381532459610247,2807,0.2962489861212093,14153
5909550.0,1749650.0,0,8.278460030503543e-06,12005,0.38302485256530233,18096,0.43054718410357085,16430,0.564412946956538,9723,0.46276620894241216,820,0.5249794435362864,3424,0.3538685372211723,18364,0.41592263342643077,16762,0.4559253312407979,2605,0.6799277128696242,720,0.7215495407427461,1344
6038350.0,1713150.0,0,1.5084402254620406e-15,21183,0.5982031674885562,7458,0.5028311761300157,9957,0.5635624768822581,9970,0.46271688547879525,821,0.5216950917934011,3871,0.5678194072663532,8676,0.4733193469483735,13416,0.3198561718672368,8645,0.7180015558644051,440,0.40837069348195043,11196
5982250.0,1756450.0,0,0.0061801307164473795,5409,0.7127055684099514,2176,0.6402750558529204,1716,0.5659959790343655,9276,0.4625991727818347,822,0.5508367608944156,1168,0.7217308370949815,2255,0.7509142355937442,1894,0.5413525077196248,944,0.7646713557283832,224,0.7986262831263125,397
6040350.0,1734150.0,0,0.0007967650327195527,7548,0.660132529166899,4313,0.5982037493654985,2924,0.5791024801533747,5716,0.46259716508515025,823,0.5549793066789727,1001,0.6754681456819809,3788,0.6825406201256164,3304,0.28670919907669445,10925,0.641223197476718,1077,0.3675785944804517,12233
5905250.0,1754450.0,0,2.4541237407719333e-08,15540,0.30875719376618294,21205,0.3621566507357029,20451,0.5754551830037764,6650,0.4624948917375474,824,0.5507111128016593,1174,0.2839047443934568,20949,0.34169443017143497,19975,0.5338335648465331,1026,0.6719214427507015,786,0.7296310971804938,1201
6032750.0,1713250.0,0,1.647010204710164e-09,16851,0.44439610337458835,15032,0.46551930255868723,13428,0.5641379135012683,9800,0.462481499313858,825,0.503536200450973,6911,0.4151222540727617,15575,0.45063572926161877,14743,0.2884490773798617,10797,0.5014043494529323,3758,0.22930358387953542,16874
5985350.0,1751450.0,1,0.9999998134482985,911,0.8970514625961533,316,0.7205685547527303,520,0.5816794429563662,5126,0.46240989839838414,826,0.5494418900141017,1263,0.9654098012777759,488,0.916391312549995,674,0.36899018482132484,5888,0.703069640314179,531,0.560105120817966,6187
5987850.0,1756350.0,1,0.9999999999987363,87,0.8958433983208939,406,0.7509568763937091,30,0.6311689553651991,295,0.46225381691799355,827,0.590155139741831,283,0.9762693221744351,103,0.9420337207450707,153,0.5250512711054232,1138,0.6761769757653775,756,0.6007739303338635,4546
5998850.0,1740550.0,0,5.925143381311489e-15,20984,0.4086147201667704,16829,0.40440283660903337,18327,0.5645661266389503,9686,0.4622279860193947,828,0.5069343861703509,6304,0.3602610872945984,18104,0.3940772652770248,17858,0.3359303933102502,7637,0.6255863153043388,1280,0.41330457267190224,11053
5981150.0,1761150.0,0,3.882355188801045e-06,12548,0.3474022454824466,19858,0.41915261717266156,17330,0.5560744574246688,12774,0.4621110846943693,829,0.5463856716463112,1456,0.31860088784075913,19827,0.38310658286837707,18364,0.5151631044834666,1290,0.721595008592096,419,0.752967879845239,865
6034050.0,1710050.0,0,3.0058695018661974e-15,21090,0.45333982623644187,14601,0.4411763274972209,15571,0.5652578297631435,9503,0.4619238192681606,830,0.515560397766594,4785,0.4481554695112002,14093,0.4810767651023985,12925,0.33739770194818763,7545,0.68676707232822,655,0.40924226398299135,11176
5996750.0,1740650.0,0,0.06141170769400224,3195,0.6383971572551344,5411,0.595989918730369,3017,0.5989159364401281,2018,0.4618711541759776,831,0.5263220677182029,3245,0.6544501816064335,4737,0.6824317923995677,3307,0.38055003177666635,5383,0.5263954504895569,3069,0.3213139774851045,13403
6002050.0,1768550.0,0,5.680835348085754e-07,13805,0.6895659945547987,2961,0.5637570398135757,4918,0.5317368431795136,19688,0.4618337641368024,832,0.45499324676482644,16185,0.7017944820374473,2800,0.6157832890451287,5830,0.3048854378963224,9629,0.4103209363326026,6590,0.3721056537618772,12125
5945450.0,1768350.0,0,0.007531126642600594,5188,0.46168552403048874,14172,0.511246447837806,9169,0.5816744804796418,5128,0.4617260915481988,833,0.5624739646378322,752,0.4483422948776852,14083,0.5086836615915173,11301,0.510478164177415,1367,0.7346572444133854,337,0.6957081192328369,1821
5989750.0,1757250.0,1,0.9999999972305602,556,0.8926517493020738,590,0.7561544190757458,10,0.6495026790756869,46,0.4616548761923907,834,0.6066132163188803,156,0.9637937654467327,579,0.9649011209842011,31,0.8391300990944178,33,0.6168349412071888,1392,0.836761650358064,187
5909850.0,1741350.0,0,4.686596536794825e-12,19200,0.5052029075329485,12067,0.46672829803544175,13316,0.5694758833406721,8332,0.46161718749865266,835,0.5261507876855985,3262,0.5027169678776505,11595,0.5424983738531959,9377,0.41859232659753,3780,0.5791729559260136,1972,0.581488074455877,5337
5987050.0,1754550.0,1,0.9999999999975389,111,0.8920947157385191,613,0.7402790742872198,122,0.6371687577862396,159,0.4616027082819926,836,0.6041535533273611,180,0.9638475571618145,570,0.9327491659856028,265,0.868161316980905,13,0.6926951395276718,604,0.8918387404713067,66
5974550.0,1740050.0,0,2.758019546370166e-10,17652,0.5270689499583807,11027,0.47747244060019023,12348,0.5766461963093347,6327,0.46155843516680106,837,0.5370378689069675,2103,0.5263182854524054,10571,0.5364332780453023,9721,0.30353440572709944,9720,0.601048680840768,1604,0.5077917025351022,8099
5981750.0,1718850.0,0,0.00016444408888274247,9225,0.41696607158352317,16401,0.4803864982140282,12088,0.5574654948802074,12148,0.4615329274596364,838,0.5050727121381848,6653,0.41853262431211946,15437,0.479129092913552,13049,0.3524723201166744,6723,0.5326744337983489,2946,0.32268090336183586,13367
5944650.0,1792150.0,0,2.1113407104969302e-08,15628,0.5930011369602212,7699,0.5579557586517709,5317,0.5892114632055517,3551,0.46152883962940716,839,0.5647358257514913,692,0.5781785259635076,8195,0.6213875989075509,5614,0.5721958866099282,689,0.7548564344571558,250,0.7817898106474128,532
5985350.0,1753550.0,1,0.9999999999873155,199,0.8983745267038696,205,0.7447702714843762,67,0.6221462315785925,555,0.4615277133878776,840,0.6083176735006872,143,0.9734323827615253,162,0.9549072458407966,76,0.6371144428112183,371,0.7521789905900765,262,0.9668944096283932,7
5909250.0,1759450.0,0,2.8140330454045146e-10,17642,0.5048066672303709,12083,0.4306004646124588,16427,0.527149682687196,20205,0.46133482693465416,841,0.47439760528004493,12530,0.4713927386103398,13021,0.4598624383266863,14199,0.19485001072774621,17893,0.5079067942331694,3576,0.24017499328732006,16408
6000850.0,1727950.0,0,1.1852141553029905e-07,14699,0.45574974543294167,14485,0.4516671278930798,14640,0.5495847059157304,15565,0.4613228413188664,842,0.49580720912681325,8393,0.43524883770654577,14672,0.46112964284555336,14126,0.3098436063188834,9284,0.5146534557251147,3377,0.2848416871308317,14578
5984950.0,1753650.0,0,4.607093579698116e-12,19209,0.6651426648898341,4059,0.5634475358550474,4946,0.5679793180828107,8730,0.46117469692589563,843,0.5196738466846805,4139,0.6446422194092308,5174,0.6287027096688598,5306,0.4318708833520555,3328,0.6568144041998798,927,0.4668056762411964,9375
5909250.0,1750950.0,0,8.54120433486583e-07,13532,0.4734932816978026,13593,0.48406706137056016,11707,0.5571154678109935,12286,0.46098816238336116,844,0.515408981373691,4812,0.4570657720980861,13671,0.5093420284286194,11262,0.443759725659166,2953,0.6576480077637037,921,0.5952183633457105,4759
6009750.0,1733550.0,0,8.312337904717103e-06,12000,0.5275218978051462,10999,0.5044331745127855,9796,0.5727054016171926,7410,0.4609358946246073,845,0.5530719102600061,1086,0.5323765046334739,10292,0.5566805044128207,8620,0.43994298103990825,3053,0.7033329372938069,528,0.7541347804380099,852
5971650.0,1774450.0,0,2.7013789816846584e-08,15481,0.711300393842019,2210,0.5723113647424402,4361,0.5690244356964383,8450,0.4609000860955181,846,0.5496076169261134,1251,0.6955232362137231,3030,0.6395027678328953,4894,0.29265760376137195,10505,0.7110496045322477,483,0.7471945506939607,952
5904550.0,1753550.0,0,0.0002970852176747497,8555,0.6018467783267917,7281,0.5891807478460576,3353,0.5767421933108623,6306,0.46079057633982407,847,0.5639314538148104,713,0.608686270223711,6801,0.6623988030825119,4002,0.551679660106577,850,0.6666160024253962,840,0.8030418498509899,371
6035350.0,1711450.0,0,3.0139476884963323e-13,20097,0.6242319713336959,6170,0.5356552980407672,7035,0.5579276183247841,11922,0.46073519630038573,848,0.4887941145440189,9716,0.608434695730945,6824,0.5554882532188697,8685,0.34377631985271306,7179,0.5424748648222071,2720,0.28028281483941164,14740
5909650.0,1771150.0,0,0.000830823671673301,7510,0.5894219060654572,7886,0.578434808634539,3978,0.608972749644381,1130,0.4606926445155872,849,0.5858888653970531,327,0.5841211086833465,7918,0.6396290537458937,4887,0.6154336624980837,445,0.7276923919009493,378,0.7706376080788345,662
5984550.0,1750650.0,0,3.1068634660387477e-13,20089,0.6640958937798075,4112,0.5445546146378192,6313,0.5967158506014715,2302,0.4606604800485549,850,0.5359949555419282,2201,0.6834452475811388,3459,0.5374503253454365,9667,0.31865942065378783,8706,0.6600561199662415,898,0.43475744005190187,10412
5905350.0,1754650.0,0,4.478047874633431e-06,12458,0.45740490003442896,14412,0.48237674253603985,11879,0.5613237275714963,10644,0.4606450816724498,851,0.5462251406414639,1463,0.45287980370197545,13860,0.5149155451069618,10933,0.5167570844719882,1260,0.6984243373083571,565,0.8072110807308345,346
5980750.0,1753950.0,0,5.1628801447947694e-09,16334,0.6419546746212469,5227,0.5281060174341361,7695,0.5419933845265725,17857,0.46060632691622677,852,0.520657928874673,4004,0.6237920594919215,6143,0.6026315747733254,6418,0.25296253665897206,13435,0.679168018785859,724,0.7260755747042495,1263
5988750.0,1757050.0,1,0.9999999999757219,248,0.8909375469634566,682,0.7418094170874402,99,0.635239055763764,190,0.46059177872584384,853,0.6063947470824653,158,0.9684159115358976,356,0.9303782354830035,312,0.7643458908063746,114,0.7004417904639126,547,0.8948891750438621,61
6003150.0,1763650.0,0,0.0959399516652501,2799,0.7167380671913917,2084,0.6289531071240642,1922,0.5687317857481157,8545,0.4603169367693092,854,0.5494189517023398,1264,0.7451815725864415,1864,0.779657810956184,1644,0.6035520379634987,510,0.7526635007313093,260,0.8349602462285192,196
5944650.0,1768150.0,0,3.043835007209995e-08,15431,0.3985003798871859,17318,0.4135009162458724,17749,0.5639775055253978,9839,0.4602673730052561,855,0.5362292150691524,2174,0.3851034144973948,16972,0.4232141109294525,16369,0.4115901563127773,4068,0.7340403252327459,340,0.6744100530390728,2269
5965650.0,1738250.0,0,0.0008893676392197637,7447,0.5475893842614866,10048,0.5469517777674631,6126,0.5966364354387895,2310,0.46025982841171187,856,0.5317430434035438,2627,0.5266279553113731,10552,0.5636459302490275,8265,0.4064106788474682,4263,0.555537280344447,2413,0.3330166102897131,13085
5987150.0,1752150.0,1,0.9999999997897595,360,0.9010241794309121,103,0.7470254953120616,53,0.64934475481657,50,0.4602517927976537,857,0.6181242653499439,74,0.9723550273665724,198,0.9426108920261874,150,0.8644583679222124,15,0.67414857729551,766,0.842285542521305,164
5987650.0,1753050.0,1,0.9999999994871431,434,0.8900815994660836,742,0.7415526801088481,102,0.6210962609485258,582,0.4602035854817583,858,0.5826038285565984,363,0.9590690689882225,814,0.9169532528181734,653,0.5258019385566164,1125,0.6652235641297044,854,0.5660161351056682,5964
5983450.0,1761950.0,0,0.020222386370518135,4191,0.6738089134767964,3632,0.6084312325290707,2540,0.5720954548943702,7578,0.4601152870402199,859,0.5556927669657657,979,0.6921391250884763,3140,0.7320081686635285,2151,0.7346723053970836,158,0.6595124695996504,904,0.8187916653772862,277
5998250.0,1742150.0,0,0.0008575262724810996,7480,0.3599854036499606,19215,0.465004664891187,13482,0.5382142767012682,18667,0.46010725017818815,860,0.5075669084343061,6188,0.31816869133662173,19845,0.38824952783004596,18127,0.29145055510872175,10587,0.5549411672862753,2425,0.33486959807236505,13036
5907550.0,1754950.0,0,3.4465253416378914e-13,20054,0.37162693711908096,18663,0.372389438639541,19975,0.5417597976416693,17913,0.4598127532565362,861,0.48150355127179284,11170,0.3534530469616275,18388,0.3872416010557347,18171,0.3727721356413134,5702,0.552866167273104,2472,0.3342204901301389,13052
6009250.0,1764950.0,0,0.0003734527950669997,8310,0.709476952779069,2260,0.6399353541823835,1721,0.5505353019236364,15257,0.4597712974583345,862,0.5020463756754137,7173,0.7097256106019381,2567,0.7073966423481557,2627,0.3396050893075959,7417,0.5436363518539473,2692,0.29944868533023694,14033
5987450.0,1754750.0,1,0.9999999999993292,61,0.8902236331267199,732,0.7234659449065122,453,0.5891378209716344,3569,0.45966973121057086,863,0.5704198228195885,553,0.961790383296281,667,0.9239496106988513,465,0.6720057665839999,265,0.7609998835353291,230,0.9019569968560246,55
5986650.0,1753850.0,1,0.9999999999938243,164,0.9006338750286852,108,0.7564231143561924,8,0.6489584799812564,53,0.4596674588265914,864,0.6023013101262675,192,0.9742131483755382,139,0.9557462772665924,68,0.8235395524321044,50,0.7109402051700603,484,0.7038828744618156,1665
5905450.0,1758750.0,0,1.0005485601095198e-07,14797,0.33129674791344554,20514,0.37753432529778364,19765,0.5422244445401365,17802,0.4596377403378285,865,0.5080258861225018,6108,0.3084350462819947,20225,0.3376018521070312,20102,0.2433054919317328,14125,0.6736078856317402,771,0.544648296690514,6813
5986650.0,1754450.0,1,0.9999999999835716,220,0.8970101950271147,319,0.743532073742297,78,0.6129296098426452,907,0.45962155870586735,866,0.6061445083670226,162,0.9684129502219495,357,0.9463144905864639,126,0.5526533939216417,841,0.7316769652716346,357,0.9531094095195013,13
5986350.0,1764850.0,0,3.695730756163999e-10,17513,0.5326522360012582,10710,0.4850684418342907,11607,0.5376100516251522,18771,0.4594688798360046,867,0.5046384150608072,6721,0.4988013005888533,11762,0.520513139490136,10602,0.348557029167619,6927,0.6928523915498324,602,0.6525670464365755,2824
5986150.0,1754050.0,1,0.9999999999941964,159,0.8971254228609865,310,0.7246499108449217,427,0.5650205705089906,9575,0.4594603581052091,868,0.5225473965439101,3743,0.9656346737398915,481,0.9284850271255487,348,0.5531061911515318,831,0.680993558517559,712,0.543285178631238,6863
5993650.0,1749550.0,0,0.6996526577267371,1694,0.7167986483635944,2081,0.6569701128985903,1376,0.6448390882080108,73,0.45939823884456205,869,0.6228859754279403,52,0.7407536736689552,1925,0.7804208360433154,1641,0.6123807049938096,459,0.7321685401220345,351,0.8141604680810538,301
5999450.0,1744450.0,0,0.0030478304386109345,6115,0.5385360653540995,10458,0.5556271786993039,5474,0.6126400688632655,925,0.4593714401650236,870,0.5849757231062942,338,0.5296948559057051,10404,0.5811805688173881,7436,0.4876854226949746,1816,0.6268273446895839,1267,0.7490799675371222,922
5971250.0,1775750.0,0,1.270081694828154e-08,15904,0.561061734560054,9397,0.5377183116474984,6865,0.566430212428919,9138,0.45936022512934466,871,0.5381353430013098,2025,0.5519713923984648,9432,0.5949456078984512,6755,0.4802447290913451,1976,0.7131639238724458,474,0.7642877085849361,737
5984250.0,1761550.0,0,0.00011526248563161895,9588,0.49078013131865933,12760,0.5210038093704461,8318,0.5071140712745997,21060,0.45933317865030027,872,0.4754503117328053,12347,0.5093188026357475,11297,0.5647525756187827,8207,0.3619813044873095,6224,0.680929044795547,715,0.5092739308647943,8070
6008550.0,1734850.0,0,0.0004184906800402045,8210,0.40625486325602417,16963,0.4877863272400436,11366,0.5585228609426637,11664,0.45930368238075897,873,0.5160928457107952,4695,0.4129644282575068,15661,0.47792078135958604,13130,0.43540886901999,3195,0.5716996047007554,2112,0.4052624482915884,11275
5943750.0,1791550.0,0,7.314265359208445e-05,10078,0.5467446864642418,10081,0.5728663181774912,4328,0.5720406991553659,7596,0.4592435389573012,874,0.5709845508781403,546,0.5525575423849436,9402,0.618362033179118,5733,0.4594891467018555,2488,0.7079642084141137,498,0.8140261207359256,303
6046150.0,1727350.0,0,3.5241812134993203e-17,21551,0.2771795931656966,21709,0.29094852557285356,21675,0.571067546192491,7874,0.4591323860557308,875,0.5302938624658989,2796,0.22349886696944576,21687,0.21069386407284751,21713,0.15970064620300228,19968,0.5184553721987223,3265,0.26367596881895183,15389
5949350.0,1760950.0,0,2.1630920140350196e-05,11247,0.63779320330974,5437,0.5876289050010642,3435,0.5564844842977987,12600,0.45905151498957586,876,0.5098116977000049,5768,0.6450532692078764,5154,0.6744523997185558,3564,0.3855649024190686,5156,0.550924779806051,2519,0.34079944471506596,12865
5987950.0,1756450.0,1,0.9999999999982951,96,0.895807822573654,408,0.7472930497319529,52,0.6263693745299242,433,0.4590321220389902,877,0.6125961074413159,111,0.9774122025583027,99,0.9457315208102691,132,0.5654431113812816,738,0.7358592309409937,332,0.9545711178069345,10
6036850.0,1710250.0,0,8.6147022602367e-11,18161,0.4604940183313355,14252,0.4504657129326629,14735,0.6287177801361615,357,0.45898237275423065,878,0.5684955737041081,605,0.4207296154373297,15334,0.45414997560984094,14543,0.4487539988449898,2802,0.5817419232262235,1925,0.44560186006515756,10082
6035550.0,1717850.0,0,6.92905415155015e-08,15000,0.6866925401101767,3074,0.6256936532825064,1996,0.5914673979267121,3139,0.45897041914577064,879,0.5308046451722888,2737,0.6943944690636886,3067,0.7149642972951581,2460,0.3784887098007904,5468,0.5419479020923874,2732,0.2956312895431443,14176
5987650.0,1752550.0,1,0.9999999971527955,558,0.8921985338128966,605,0.7267760514069593,382,0.6187156478745512,666,0.4589671296188341,880,0.5783827753725874,419,0.9605409726121015,734,0.9118854685047741,819,0.6546863795735824,312,0.5817295766900498,1926,0.7886621685003347,473
6005650.0,1764950.0,1,0.9999996550486636,977,0.8718464979179532,1147,0.6977703772323333,961,0.5301492297589598,19885,0.45889837884685913,881,0.48749680100812676,9999,0.9296413309855405,1151,0.8736189809127545,1173,0.3144600243570388,8982,0.5805680532557138,1947,0.3637122768954728,12337
6004650.0,1767050.0,0,3.2220711599682396e-16,21375,0.3795808389521309,18268,0.36631802790653273,20270,0.557623700647362,12068,0.45888174139591337,882,0.4896003515395843,9544,0.3472575316652837,18670,0.3730708943630774,18798,0.23511844618515998,14754,0.6672379960484175,831,0.4477679557381471,10001
5946750.0,1764350.0,0,1.0110848876814104e-17,21619,0.6453835684356926,5079,0.49469163616757167,10710,0.5390601587237924,18505,0.4588810544276957,883,0.48851660753819465,9775,0.6488215519098168,4972,0.512637433892597,11074,0.21082639952454796,16648,0.5420107166112129,2729,0.312960936695333,13636
5987250.0,1751050.0,1,0.9999999996577453,403,0.9000391386380655,115,0.7331105871827478,252,0.6224080457018638,543,0.4587950826589367,884,0.5782823475714101,421,0.9693416691104728,304,0.9288414779720471,342,0.7595728743065062,122,0.6628971135161139,876,0.7932192672828857,436
5903450.0,1756450.0,0,7.116944694673313e-06,12120,0.4044704555896457,17041,0.47099187438952317,12931,0.5728589133313481,7366,0.4587746791834129,885,0.5578158738197705,899,0.3921970576274616,16642,0.4535945288600255,14577,0.5253727357452793,1133,0.6892221015725457,634,0.8026803362897934,376
6000550.0,1727850.0,0,5.508003103238894e-07,13824,0.5872285395171803,7999,0.5321033852417227,7347,0.5506121898815701,15227,0.45871958357493825,886,0.5036454064494872,6895,0.5959491582717666,7388,0.6250273159162548,5463,0.4268843278643264,3493,0.5687751442115402,2159,0.4936377324279839,8545
5986350.0,1751950.0,0,1.4988948475630563e-11,18796,0.6367456425683485,5504,0.5518614424036901,5752,0.6137561776383773,867,0.4586094468082643,887,0.557427202883808,913,0.6542246616311501,4748,0.5919885394636465,6889,0.5143817846215233,1309,0.6843658559314068,683,0.5249649959637106,7557
5944450.0,1768650.0,0,4.524558779125865e-06,12451,0.6217143078603192,6295,0.5568871371167748,5390,0.5514601640227332,14926,0.45848548660123656,888,0.5317171823617326,2628,0.6358004277367504,5566,0.6505940094045537,4448,0.39776186579545425,4620,0.652748713804811,970,0.6738326263414909,2287
5908050.0,1754750.0,0,3.023586305621308e-16,21389,0.6279745932089111,5952,0.5206222852560681,8351,0.5485100495052073,15906,0.4584544152331759,889,0.47923375909864674,11619,0.6090232710976791,6787,0.5074398109257839,11363,0.30510459824872727,9610,0.509090632018785,3536,0.2703279493266033,15123
5985950.0,1753750.0,1,0.9999999999950417,148,0.8979770014333716,234,0.7427597116584228,87,0.6186077208220091,671,0.4583735371523355,890,0.5863462623730916,324,0.9678460628098419,380,0.9410638755639175,161,0.7140840730997744,188,0.7523749131796106,261,0.8235679871595205,257
5941350.0,1761950.0,0,1.703553268132922e-08,15733,0.4346687407548937,15479,0.43927285880191663,15719,0.5515545795035085,14896,0.45833720386821875,891,0.531650535287658,2639,0.405880381184865,15992,0.4465769407245127,14984,0.43180207737155196,3332,0.6992555932296582,556,0.6563299999701917,2697
6007550.0,1736850.0,0,5.958136838959817e-09,16279,0.3456899597290909,19927,0.39803171004367194,18724,0.6124607874002377,939,0.45833255625893576,892,0.5568205674313846,939,0.3181689274106272,19844,0.3755808834873504,18695,0.5813146830238368,630,0.6354514025224538,1160,0.5921540739030786,4881
5988150.0,1752750.0,0,5.148057603370199e-06,12359,0.41593454123745416,16452,0.46926376425962796,13068,0.6119913076448921,959,0.4581872041962066,893,0.5900339145741983,285,0.4207809955561028,15332,0.4579705084997926,14312,0.3317998088331061,7885,0.6078190028968151,1512,0.767672257348325,696
6004350.0,1764750.0,0,0.0001541796607841731,9285,0.560422949316684,9430,0.5440737441098363,6350,0.5332847725513886,19470,0.45806635314038663,894,0.49682548238797575,8174,0.5793347262098255,8133,0.626678341175856,5394,0.36485878294280716,6083,0.6128058203195421,1445,0.42175299907046937,10792
5989850.0,1757050.0,0,0.0003227696165979199,8444,0.4405872807448627,15209,0.5330521075707534,7245,0.6318095557367899,280,0.45806596178681536,895,0.5861535381856267,326,0.43934421691881187,14502,0.5317459936147374,9946,0.7940076050057085,80,0.6404232942835404,1084,0.7201764006190464,1374
5999750.0,1744950.0,0,8.494589464629485e-05,9915,0.5210778145013168,11302,0.5154244501295479,8809,0.5932797946168592,2824,0.4580621674072705,896,0.5579618789756962,892,0.5115207679380438,11213,0.5535621663915528,8786,0.47990862800301115,1983,0.6083912413825048,1506,0.7209562268646488,1359
6033050.0,1699550.0,0,0.005510521074369196,5534,0.6796882019943099,3364,0.6385272143772913,1754,0.5984761986808159,2079,0.4580165386255678,897,0.5508896822841995,1166,0.7034946535926054,2745,0.7437833022131085,1993,0.6110994582070648,466,0.6368623629407328,1137,0.6306106866998191,3463
6040650.0,1734850.0,0,2.3284842732500374e-08,15565,0.34719776868400937,19866,0.40215746053399426,18466,0.5756884134625609,6590,0.45799161155985507,898,0.5429004768291984,1672,0.32171328838349267,19700,0.35640884031225406,19469,0.23720520480516738,14583,0.6596734048855775,901,0.3192922921232084,13457
5973350.0,1777650.0,0,0.0008688049416132716,7472,0.6023352187143746,7261,0.5879929831215774,3410,0.5860072735896558,4168,0.45786362516503637,899,0.5159353426013837,4722,0.5975976425975905,7311,0.6331767590099644,5118,0.3256374366816339,8272,0.5470778673613588,2593,0.3306601176970584,13160
6035550.0,1713350.0,0,1.352996817256952e-10,17972,0.6548410945796278,4594,0.5567963807780414,5397,0.6108613215787293,1023,0.4578633988841786,900,0.5699456099790763,566,0.6766429004458425,3742,0.6156231264936389,5838,0.4732568227532872,2131,0.6692624134741784,809,0.4790400209217396,9011
5987650.0,1753450.0,1,0.9999999996605402,402,0.8902257866571696,731,0.7262887202781874,393,0.5899038649587515,3422,0.45784933203185546,901,0.5327733987808405,2518,0.956685424098195,933,0.9022998431126923,1024,0.3678334958593177,5947,0.5348424002594138,2896,0.32594101630208683,13291
5906950.0,1755350.0,0,1.7205415527158968e-17,21593,0.6353532212457517,5576,0.48900610740449735,11251,0.5542826584571602,13686,0.45763006338312856,902,0.49818225998291515,7920,0.6446848032412567,5171,0.49668655156704355,12033,0.25481441665982674,13292,0.6080255477095771,1511,0.4424162548057987,10186
6040650.0,1731150.0,0,1.7455135699872173e-09,16828,0.4835827446708802,13119,0.465892363992329,13396,0.5682037362912026,8666,0.45754375954519483,903,0.5361463013042055,2183,0.4642177368921212,13353,0.47782553792921256,13136,0.23458597817071591,14803,0.6356774956396034,1155,0.31600346805548396,13547
6031850.0,1713550.0,0,2.64928311194607e-06,12831,0.6189159393316034,6435,0.5849932627630127,3576,0.5552511140698619,13189,0.4575035636893308,904,0.503468116445941,6925,0.6206399534098592,6268,0.6438289078171655,4694,0.2662035018987269,12428,0.488962626348751,4103,0.23004770310166822,16843
5986350.0,1754350.0,1,0.9999999999989726,76,0.8904422468817694,718,0.716658439890133,616,0.5626664632187807,10250,0.4574625349148489,905,0.5050724494107113,6654,0.959904713210131,773,0.9133127556438829,765,0.39764502825713754,4624,0.5551636457423986,2423,0.3643346399344487,12325
5993450.0,1742550.0,0,7.462107534169811e-15,20931,0.6122643060956505,6741,0.5062522570979734,9622,0.5419060012176664,17876,0.45736795340724934,906,0.47553185585843194,12330,0.5924530599120525,7533,0.4846541881073503,12738,0.2927168064988387,10500,0.5038907725446822,3689,0.27949373434170965,14775
6040050.0,1734850.0,0,2.774707149361862e-05,11016,0.7383503355229296,1671,0.6482436616161037,1559,0.5582389978542485,11780,0.45736724028493886,907,0.5128218760539482,5237,0.7445120849764013,1877,0.7395308306250749,2044,0.22752448520338753,15373,0.4724858215913008,4626,0.19192121380286276,18665
6007850.0,1732650.0,0,0.000696001798428125,7695,0.4765539901047726,13425,0.5246230722285096,8005,0.5728709672085289,7361,0.45727138941932766,908,0.5474295172989624,1369,0.47989700906190347,12643,0.5380409222627794,9639,0.4746177742729183,2096,0.6364258277704663,1147,0.7490745282336648,924
5986050.0,1753850.0,0,2.0922533758200544e-08,15635,0.38632077701190165,17928,0.43687825763792454,15922,0.5695082437062546,8319,0.457250728967098,909,0.5242065065799235,3518,0.3835100372968283,17044,0.4550506216342389,14494,0.5706069666547624,699,0.71202744822437,480,0.6361438392414898,3301
5992350.0,1748750.0,0,1.349129210849295e-09,16933,0.4228091975427922,16112,0.4416955890115753,15530,0.6224246713860844,541,0.4572258564467454,910,0.5697438753333862,570,0.4050795461797365,16030,0.4575835323202081,14335,0.6403902797296419,357,0.7100899069844667,489,0.5872924251226284,5095
5987050.0,1753250.0,0,7.035660548682314e-05,10121,0.44490736787403035,15005,0.5374604005219137,6891,0.6183235839247362,683,0.45714781215185774,911,0.5681312242826273,612,0.46777565681087074,13183,0.5487075789083962,9054,0.462124330985744,2423,0.5928296412241747,1730,0.39376075310934566,11576
5988250.0,1753550.0,1,0.999999999952162,280,0.8904671021259857,716,0.7305291241784505,299,0.6054721344092299,1360,0.457042296544389,912,0.5546635276079517,1011,0.9573026153556219,898,0.90553986335898,967,0.6175147559922025,438,0.6381620382343252,1112,0.47960817411557655,8988
5987750.0,1754150.0,1,0.9999999999995046,51,0.8893721439570896,797,0.7169660773197715,613,0.5732914009828269,7245,0.45701816188263733,913,0.5587198442252382,866,0.9609685528619984,717,0.9202492981921959,561,0.5906874601419968,566,0.7829215443973611,167,0.8789182286197511,85
6007850.0,1764250.0,0,0.03080099179127649,3776,0.34522688154518044,19956,0.4558315968157895,14259,0.6336014413209767,230,0.45701015536469913,914,0.5807324687216217,390,0.32099772077644073,19733,0.39641680645004396,17756,0.6657084865096168,280,0.5288489112417634,3014,0.6991279642230448,1761
5995750.0,1748750.0,0,2.2754465546990947e-12,19448,0.3297432043138982,20574,0.36427085755508815,20357,0.639871519438046,122,0.45687869822840615,915,0.6006793909990468,203,0.2913960873091781,20760,0.3390779808587646,20055,0.4937694212367614,1673,0.689697986752298,629,0.5649304042867921,6006
5985050.0,1752750.0,1,0.9999998681397871,870,0.8990303292227517,154,0.7399317583038507,125,0.6238836936484385,504,0.45686447625482873,916,0.5833797534182101,356,0.967270109770134,396,0.9250327304792606,432,0.392093918107972,4838,0.726834261905825,383,0.5706098442712233,5777
6001250.0,1762050.0,0,8.230782289984244e-11,18183,0.6044567163906545,7150,0.5216303679178436,8261,0.5643931606219675,9731,0.4568427772071134,917,0.540189009203955,1869,0.608611690819415,6806,0.6237970544040528,5518,0.4687482530032071,2244,0.7172622614038846,447,0.6760731179494625,2236
5985850.0,1762050.0,0,7.085909654198535e-12,19055,0.3554258272172699,19462,0.3503173213645195,20827,0.5476291554763079,16185,0.456742678140315,918,0.48175125137315367,11119,0.3387618773874532,19020,0.35367227794634615,19555,0.21866359242381594,16050,0.5423888171487996,2723,0.28142077534487764,14705
5969350.0,1730750.0,0,3.023234343819514e-07,14171,0.5338602282683063,10665,0.5013964553112719,10084,0.5748657034592787,6805,0.4566574410913825,919,0.5505588731591977,1190,0.5198322787464493,10833,0.5147675053270921,10938,0.2568063526149682,13136,0.6884923870858819,638,0.5097206268330592,8048
6034050.0,1728750.0,0,8.857794882402969e-12,18968,0.494207657424156,12590,0.45385058805989753,14441,0.5679822682856017,8726,0.4565379325580975,920,0.4868309817502747,10129,0.48147847367306307,12576,0.4805458795457649,12958,0.2477082609115393,13825,0.45914658423096977,5026,0.18604030985925935,18914
5949550.0,1760450.0,0,5.7321648927582035e-11,18315,0.5501489760940537,9927,0.5041778514231549,9822,0.5514260689314091,14940,0.4565259561494747,921,0.4958239157362502,8391,0.5258888678503947,10597,0.5485166059898224,9067,0.27277969720420825,11900,0.4905993753575463,4069,0.24489172302272055,16181
5905650.0,1754850.0,0,1.7112473490273724e-08,15732,0.5006198937862759,12263,0.4857637527044077,11544,0.5524929645979906,14511,0.45651170306793243,922,0.5102868116064988,5665,0.4863932210386077,12321,0.5304800558222538,10023,0.45261424808120587,2687,0.6491078348401801,1000,0.6568000798806248,2687
6008750.0,1731750.0,0,0.0002811869176066667,8621,0.7332118813718532,1742,0.5853440290500885,3560,0.5779707057945681,5976,0.45650370446104793,923,0.5630498365377384,734,0.7305866773334617,2085,0.6975073003586225,2876,0.29930868470097804,10027,0.6070624555801062,1521,0.7208407215643895,1364
6034050.0,1719950.0,0,2.202587122204409e-10,17738,0.6453433278011385,5080,0.5510385653132143,5814,0.5590058898099327,11461,0.45649659583193736,924,0.4899443866696901,9492,0.6358273403844914,5564,0.5994941151472525,6552,0.32803500691989007,8130,0.5256769585512572,3088,0.27682196526094915,14875
5985450.0,1752950.0,1,0.9999999997655711,374,0.8979187383818767,237,0.7289913126677721,323,0.5884264781416119,3678,0.4563841018623446,925,0.5320361930633966,2591,0.9671856231139071,402,0.92323549611926,482,0.4209824876834063,3702,0.554146724113655,2438,0.3604193356035277,12427
5986350.0,1753850.0,1,0.9999999999955853,141,0.8976816211590737,264,0.7396406163657481,129,0.5910206459828539,3218,0.4563076437794766,926,0.577524639991077,432,0.9729141266008748,178,0.952178989862261,85,0.5258067824164883,1124,0.7087119421681762,495,0.92505796408799,37
5982750.0,1750850.0,1,0.9999999939753801,605,0.8964085709727693,372,0.7098611812741775,769,0.5841456823658009,4559,0.4561796203862123,927,0.5566144224461977,949,0.9650273358418568,504,0.9126468378580326,784,0.3813758971650528,5349,0.6192225356050323,1362,0.5854152696981308,5162
5983650.0,1753950.0,0,0.0005843240733743531,7874,0.5753606255826652,8641,0.5485389954894244,6004,0.5424227183128635,17750,0.45603766621503034,928,0.4960105124593981,8361,0.5892088523200769,7677,0.6253905407847329,5445,0.38219017329286853,5293,0.568985677707198,2154,0.36768299911145486,12229
6037150.0,1726550.0,0,1.9282778609514498e-05,11358,0.3753803965363686,18477,0.4349265042212995,16084,0.5817243651824501,5110,0.45589005256748716,929,0.5372080026294932,2089,0.35997355401100717,18112,0.3969335889601737,17714,0.23002229227905135,15180,0.5674372014787623,2187,0.2899510158989316,14371
5985550.0,1753550.0,1,0.9999999999962992,133,0.8990961276295696,149,0.7407196561958629,115,0.6119166379385739,963,0.45580410669348326,930,0.5791152058287072,410,0.9727090876714474,185,0.9487425934316074,111,0.7444552399452127,142,0.7577172573973561,242,0.8099246336653008,336
5905050.0,1759050.0,0,2.1352531269098925e-10,17758,0.564115077105089,9218,0.5091729303714472,9351,0.5803041906279004,5455,0.45577887993792027,931,0.5513029469325152,1152,0.5764358851889582,8285,0.6006347119275726,6495,0.4525094453053182,2690,0.6814982706924265,707,0.6137417720051956,4040
5903750.0,1756350.0,0,2.0335184333862394e-05,11312,0.47236141346971044,13654,0.5264805003223488,7849,0.5580179758044111,11874,0.4557583472294162,932,0.5446218355805394,1567,0.4812666454059962,12586,0.5521963799498506,8850,0.4805191292342843,1972,0.6861927279866964,662,0.8107245020945587,326
5904750.0,1740850.0,0,0.0029729438245135503,6149,0.5494073349804329,9966,0.5674101995785283,4684,0.6142747835062135,847,0.45571204547314065,933,0.5958783080912129,234,0.5724895095616458,8461,0.6404980516376619,4843,0.6026863864821635,516,0.7360814320175184,329,0.8783892156176416,87
6032750.0,1719750.0,0,1.6437286129219713e-07,14530,0.5343267027872941,10650,0.48471483114547176,11646,0.5448856507791447,17057,0.4556748207776444,934,0.49258273201142533,9014,0.5007297402090369,11679,0.47927679247769306,13038,0.17475905090277055,19240,0.4900627300197202,4080,0.20209465477684974,18188
6001950.0,1738150.0,0,1.2619028308500005e-08,15911,0.4377719539910129,15338,0.42032912441574216,17226,0.5738354565033684,7091,0.45561700485691686,935,0.5441056202481394,1600,0.42654919388662327,15055,0.43071466826740235,15928,0.27272344939204407,11906,0.6094557686021682,1487,0.6999498240986057,1749
5905350.0,1752850.0,0,0.00015079744321683038,9306,0.5257657904672778,11084,0.5226082490060632,8163,0.5722024125762581,7546,0.45555060514819545,936,0.5345168347170737,2358,0.5463823178399903,9694,0.6002744617858995,6515,0.4920005110675947,1714,0.6535772816909153,965,0.7754727794025342,607
5908850.0,1771750.0,0,1.436333185188011e-10,17939,0.41451732250129253,16537,0.4335661194648706,16201,0.5678669069096501,8761,0.45550925400726594,937,0.5064106865981536,6422,0.40727054881910196,15927,0.46124289834511156,14114,0.3795692868420647,5416,0.6510398129040488,986,0.4772232980340816,9050
5906450.0,1755650.0,0,0.00015389385197512117,9290,0.5140488173643515,11626,0.4778971790940221,12313,0.5521952679226511,14630,0.4554774742373502,938,0.5245339301564939,3482,0.48900912283866727,12210,0.49379674567426857,12204,0.2626324423678217,12702,0.6402062662076756,1088,0.731959588441605,1164
6001850.0,1716350.0,0,0.00027666894898565594,8642,0.5779409656877136,8495,0.531036270673158,7438,0.619397249788505,646,0.45531878340206117,939,0.5796506516755199,404,0.5834473528561547,7957,0.6194656038875321,5690,0.5043442808511246,1481,0.6202315531811831,1348,0.7430515958360326,1001
5986750.0,1753850.0,1,0.9999999999932785,168,0.9002170115844494,112,0.747789099318895,49,0.6409960890355436,111,0.45512136641604173,940,0.5819100253361834,375,0.9688488564022807,338,0.9408368531517891,165,0.848822642255237,29,0.6043335724165443,1560,0.6946874959128675,1839
5986950.0,1753350.0,1,0.9999999977617751,542,0.9001130899752322,114,0.7479674291127247,44,0.6447077637108029,75,0.4550550996654295,941,0.5867361088828834,317,0.965360793970978,491,0.925680678289882,412,0.8196119093341794,53,0.6049023740365597,1550,0.6752938260589147,2249
5988050.0,1754350.0,1,0.9999999999988249,84,0.8913864567101768,659,0.729370168480826,314,0.6042559924872549,1458,0.4550084910050637,942,0.5848735492221381,340,0.9630369725228743,612,0.9279161861919308,360,0.8315906728242637,39,0.6941542935452287,595,0.8933839898310728,63
5987250.0,1760050.0,0,0.00010541876414895535,9672,0.5124458914647684,11698,0.5313048021357545,7414,0.5681691754008673,8674,0.45490499925819694,943,0.5233220071264706,3648,0.5127278904733183,11146,0.5717292342672271,7871,0.5452308750968186,909,0.6623572752619327,880,0.6356644390929856,3317
5982150.0,1761850.0,0,0.00022625569819937643,8869,0.5469657480656981,10074,0.5612006955540998,5087,0.5299305622373853,19910,0.4547621763191528,944,0.5106421468321473,5603,0.547218845516221,9655,0.5919082325731982,6892,0.4475300988918385,2839,0.6536766689958765,963,0.7122429643704217,1513
5982850.0,1752150.0,0,1.886315885612395e-09,16795,0.6869114445819455,3059,0.578736517003979,3952,0.5600877329993801,11037,0.45468306186922536,945,0.5009873863898918,7385,0.6900151360498832,3206,0.6474866153764761,4567,0.26430333124851635,12594,0.5468272210635438,2604,0.33189439356065664,13116
5987250.0,1754150.0,1,0.9999999999991849,69,0.8976029818390546,273,0.7397449828926953,128,0.6030830552577651,1581,0.4546678470184052,946,0.5567106235121422,944,0.9662931947044581,446,0.9349090408743921,228,0.6564240338065868,305,0.6634511061127502,873,0.5289077670435126,7411
5985650.0,1753550.0,1,0.9999999999858067,209,0.9003721918395652,110,0.7446036543590725,70,0.634286300653268,209,0.45466678228776525,947,0.5997830901289973,212,0.9741558522301447,140,0.9525849141930849,81,0.844662749675667,31,0.6873161644742345,653,0.8921174594919148,65
5905650.0,1759850.0,0,1.657138248884105e-05,11482,0.6114380402801034,6788,0.5687286779927111,4594,0.5870972418245989,3947,0.4546121978378686,948,0.5733845803067715,503,0.6077071629582642,6854,0.6394152239207352,4895,0.4679083281942342,2268,0.7064003209882567,508,0.8421135645518354,165
5907150.0,1745250.0,0,0.001686716305729419,6762,0.4930665560300847,12652,0.5325552637089597,7298,0.5902282194993635,3353,0.45459528367602575,949,0.5697014787716538,572,0.48492190448692096,12392,0.5545692096227732,8733,0.6108184847993426,468,0.7348452546841064,336,0.8228067353228732,261
5973050.0,1772450.0,0,1.552228375312125e-13,20282,0.49551857462611903,12519,0.4665510504040729,13338,0.5857727702673617,4219,0.45450998256268504,950,0.5450974622820977,1539,0.47998054476186514,12639,0.5188886383143055,10694,0.5054427353859801,1456,0.7019708411235184,539,0.542018350325086,6918
5986750.0,1752150.0,1,0.9999999989373463,493,0.8989814429116245,156,0.7442595766539326,72,0.6265551586416275,422,0.454490784729473,951,0.5880265365952602,306,0.9699132431132458,281,0.9367379873374589,199,0.680903830736156,240,0.7217687274833311,417,0.7236476186066556,1300
5970750.0,1773350.0,0,5.130803717208228e-19,21709,0.37789203628828755,18362,0.3503734428501415,20823,0.5864894392524351,4064,0.45443688184288983,952,0.5446893873394273,1561,0.3465930575284478,18703,0.35663747460291373,19458,0.28324473116914395,11176,0.683301499818199,691,0.49621050281042367,8456
5909250.0,1750450.0,0,2.0464175528087895e-09,16766,0.699020947105823,2597,0.5895508782861735,3328,0.5585433522652151,11653,0.45432103987524697,953,0.5259925310075839,3285,0.7127086466811621,2477,0.6846830824577655,3250,0.4136940905429414,3979,0.6405047295682516,1082,0.6794666376385635,2170
5880350.0,1782950.0,0,0.024991844630642735,3983,0.3833283768915887,18080,0.4623963649825376,13690,0.632768169730409,253,0.45431773128520225,954,0.5415897358808335,1759,0.38908153728904216,16775,0.45059319045562696,14746,0.36707203392645427,5978,0.30799068934055507,9842,0.4445290843351153,10111
6033250.0,1711250.0,0,1.78224673702044e-09,16818,0.35047365013734805,19700,0.35976060482475325,20519,0.6309974324935675,301,0.45427403326634935,955,0.5827124081267192,362,0.31400637243629226,20008,0.32219540176289097,20536,0.26491108856160284,12538,0.4752770135038381,4537,0.4400132189202919,10254
5986750.0,1764150.0,0,0.00030620172788792564,8511,0.3631654753252656,19052,0.4754390277816584,12546,0.5801939002252408,5472,0.45424745189935567,956,0.5653692634572894,681,0.3366729541535156,19119,0.4286295128887795,16036,0.4662036051710582,2314,0.7059572471526917,512,0.8301678640662005,220
5983050.0,1757150.0,0,7.858543971837855e-05,10010,0.5834433103790125,8202,0.5858823902606503,3530,0.5480896757060748,16039,0.4541906941435208,957,0.5445747215318656,1570,0.595247674666144,7423,0.6458121962322445,4611,0.48946005585223595,1774,0.7401933892463742,312,0.8046356248288653,359
6040750.0,1736850.0,0,3.3025471606366247e-15,21075,0.5696239761362586,8941,0.4795146199724839,12173,0.568380166776739,8630,0.4541700446117939,958,0.5284099114306391,2987,0.5554893248378887,9267,0.5167292865443519,10836,0.18052186194999098,18899,0.5640335394079161,2241,0.2718371414613753,15067
5986550.0,1751950.0,1,0.9999999995783055,422,0.8996924265462469,125,0.7446895558933575,68,0.6350628799467463,193,0.45412668693774755,959,0.5895079362155962,291,0.9705362813509492,250,0.9374427944482404,192,0.7959067839234861,78,0.7256167957154331,395,0.6896486253785868,1932
6037250.0,1693550.0,0,0.093636475553581,2818,0.5824000299102786,8255,0.5981526172666978,2926,0.6413208675402315,106,0.4540826020209899,960,0.6007150633936955,202,0.5984969858897192,7252,0.6592898965898871,4110,0.7661719511830896,109,0.689873254595483,626,0.8461170105557756,148
5997050.0,1749550.0,0,0.0005588240587154648,7913,0.4743699348900403,13547,0.48286320914579783,11830,0.6343215399490066,208,0.4536696700626774,961,0.5906908388739196,274,0.4448544833423538,14241,0.4798173624915081,12997,0.4876698779825457,1817,0.6450326785820917,1033,0.731634733543188,1171
5998850.0,1744050.0,0,7.21096196168522e-10,17211,0.5115089136528227,11738,0.4804243591401224,12081,0.5937695599689718,2749,0.45355492190841346,962,0.5531943986994525,1079,0.48350796399247176,12467,0.5166198753003504,10841,0.48109738452405115,1960,0.6105567969103184,1476,0.6167086345410557,3932
5908250.0,1755550.0,0,6.411058683277671e-15,20965,0.62469464504247,6131,0.5193723843134794,8462,0.5485580836394806,15884,0.45347844117880953,963,0.4794505252073802,11571,0.6085799733740285,6810,0.5181128087971614,10740,0.33228668198663713,7861,0.515221891700787,3355,0.2874369203304131,14464
5982350.0,1719850.0,0,1.596396489100561e-07,14546,0.5663932826878101,9094,0.48726758521742863,11424,0.5410186561110453,18089,0.45336634227728995,964,0.46972381623557913,13393,0.5316658487656691,10322,0.5227231032687282,10478,0.18735001634155468,18461,0.44749500627865935,5422,0.1849941608122876,18955
5987050.0,1754650.0,1,0.999999999997391,115,0.8914954201664276,649,0.742786268951831,86,0.6374406838286844,152,0.45332525422864073,965,0.6079930498022319,147,0.9635280195541072,595,0.9339546878241013,245,0.8028292300407036,69,0.7310133803977898,361,0.9178699741944123,42
5985450.0,1750550.0,1,0.9999983085884128,1123,0.8964747958804128,364,0.7324292201507687,262,0.6181061155880552,690,0.45328545588478675,966,0.5616316590700507,772,0.965147338567117,499,0.9209438449809053,537,0.37332701465110196,5677,0.6330158537210397,1187,0.4803516043303858,8970
5909650.0,1774950.0,0,0.000993916588797885,7315,0.3674341626833977,18845,0.45812469569658404,14063,0.548001896295879,16060,0.45327753601005427,967,0.5177034120480276,4437,0.37726275819931676,17347,0.4551434764567852,14484,0.45524614061536206,2621,0.7315759058116469,359,0.7450063189485505,974
5988950.0,1752750.0,0,2.7646832150109214e-15,21103,0.29891137779004445,21428,0.34471956691521266,20988,0.5545111892144423,13537,0.45326578651214283,968,0.5081960452200621,6078,0.26720853296817604,21286,0.31428808916924456,20715,0.3212329332932111,8552,0.6858852242002529,664,0.4264644914698331,10653
5905850.0,1754950.0,0,6.209257343436678e-05,10244,0.513287527748141,11657,0.49044767228777003,11096,0.5430182831968339,17584,0.45299203727743026,969,0.5144939241181182,4978,0.502986109020941,11578,0.5135841804565342,11020,0.26001782025633136,12889,0.6651496368184415,855,0.5340305127839909,7216
5909650.0,1749050.0,0,5.841659803637468e-06,12275,0.4879140476983082,12908,0.4880469842734091,11349,0.5664115041564843,9145,0.45296513901346847,970,0.5360164653177528,2199,0.46754073810479646,13191,0.5185653925730774,10717,0.5129063976285709,1326,0.6845564364483506,682,0.7814091580258282,537
5904650.0,1756250.0,0,2.5933318925446027e-06,12845,0.6668773043223971,3980,0.581308728152523,3792,0.5510542517333709,15059,0.4528050364468564,971,0.54890799130003,1283,0.6958179539596795,3018,0.6997738864945113,2816,0.332222457790079,7863,0.7179153369522356,441,0.8346441832650418,198
5984750.0,1750650.0,1,0.9999991332135084,1071,0.8826374294760005,1128,0.7199774745703675,534,0.6100634781164294,1063,0.4527874448337302,972,0.5644562181139238,700,0.9507501031029868,1131,0.903451568298005,1005,0.3706159842394605,5796,0.6519488150385105,976,0.5506483434850684,6576
5906650.0,1742850.0,1,0.9999999982771897,525,0.8879931836655578,877,0.7169696093683703,612,0.5912649431745276,3177,0.45277395092670497,973,0.5277282504922978,3072,0.9567520578074065,927,0.9355592421826628,219,0.42741440166343314,3475,0.5470492276028827,2596,0.3801478709859816,11934
6007350.0,1735150.0,1,0.9903104092729003,1395,0.790341235858298,1360,0.6607578532917339,1318,0.5711705524892189,7847,0.45253819974718745,974,0.5473900999279445,1375,0.8205823308472754,1343,0.8328416823223916,1292,0.5146244739356962,1304,0.6435117205956237,1050,0.76575776818853,722
6007950.0,1734950.0,0,0.000937578827341316,7388,0.462038330614864,14148,0.4911410037311848,11043,0.5697123908191614,8253,0.4524617324285662,975,0.5224059025405584,3766,0.4635464693893723,13378,0.5112683643327105,11143,0.4615010882144104,2435,0.5698896781593322,2143,0.5480810697172932,6678
5983950.0,1753650.0,0,7.520952905777907e-07,13622,0.5730611798035445,8749,0.5279495376526309,7712,0.5500007639403608,15440,0.4522352637973047,976,0.5305916651420043,2761,0.581608391415132,8040,0.5845073594218674,7259,0.28168385770499527,11293,0.7135155615452087,472,0.7493928159654718,920
5984050.0,1752950.0,0,3.7135388049585996e-07,14057,0.48880571293025005,12870,0.5068863752546396,9562,0.5614625986071878,10614,0.4521476732282826,977,0.5264194511781577,3234,0.4652242916219912,13305,0.5038996180695526,11605,0.27067692549407374,12102,0.6330183248584939,1186,0.48502298456396975,8817
5986050.0,1765250.0,0,0.0006394273356802425,7793,0.6816414012127489,3280,0.6022042227277401,2750,0.5573081525302132,12207,0.4520889557250664,978,0.5232996304291535,3654,0.7054568405257464,2684,0.7094777088088264,2575,0.28456248483261204,11083,0.5700232687039485,2139,0.33419197495021136,13054
5994050.0,1740650.0,0,5.4782879116845304e-05,10360,0.48773105464961364,12918,0.4905303050828107,11090,0.554018240245075,13804,0.4520651851436452,979,0.48519506214300445,10471,0.48507516253091176,12380,0.5208221607064165,10586,0.28079125185864284,11368,0.48888578098372515,4106,0.2529145093429317,15818
5988750.0,1751850.0,1,0.9999999996175519,410,0.8940396027463259,543,0.7113104458709637,737,0.5724580190141023,7473,0.45204900202096626,980,0.5525245400514828,1106,0.9702180699004236,264,0.9066627823119868,937,0.545194255678616,910,0.7438060733425875,298,0.7813169842124107,540
5986650.0,1753950.0,1,0.9999999999917528,174,0.9006510699680718,107,0.7539349253936469,17,0.6438357949008668,82,0.45197473502248986,981,0.6071502589987382,153,0.9745132574975538,132,0.9562028491050608,64,0.8479733597088146,30,0.6911899769822615,616,0.8800634847929725,83
5907750.0,1774050.0,0,9.515681780189916e-08,14823,0.5413636894253772,10325,0.5086568671881528,9393,0.5811356453199916,5261,0.4518921185856082,982,0.502696035362047,7056,0.5147703946288515,11065,0.5488071090915947,9047,0.3570634071463966,6470,0.5323617193499535,2950,0.3065815366708913,13815
5981150.0,1760850.0,0,7.1832003164777876e-09,16190,0.6637728883966272,4127,0.5629831699462505,4970,0.49873760746437457,21223,0.45180219733327076,983,0.46597920131647913,14083,0.6535660762389328,4777,0.6420395072083476,4769,0.3196720594908492,8652,0.653431980579561,966,0.4580942696297683,9658
6033350.0,1717050.0,0,9.477682486114992e-12,18943,0.3123393509045482,21121,0.38191740738124663,19561,0.5537990030273449,13921,0.4517483935936275,984,0.5061352365242422,6456,0.2963493008651281,20635,0.34989287622346166,19708,0.41078800879426236,4100,0.6011216029432659,1603,0.41311140994688855,11055
5989150.0,1752350.0,0,8.91886963108814e-15,20897,0.43826397651283766,15319,0.4202209045949899,17238,0.5562172185520919,12715,0.4516864495415381,985,0.500223017142598,7538,0.41017730890800785,15807,0.4392911095918939,15416,0.3263846167106095,8222,0.5661815700591422,2208,0.35075158484360736,12640
5986650.0,1754250.0,1,0.9999999999892799,191,0.8997332147309476,123,0.7527154625881421,22,0.6506824686852144,36,0.45150756865709624,986,0.6096948124142088,133,0.9694610185418875,296,0.9464812926693524,125,0.8690544858525451,11,0.6703191703318101,799,0.8759126698572047,94
5986550.0,1754250.0,1,0.999999999978068,240,0.8987864781467013,171,0.7535067407110536,20,0.6428114067986204,91,0.4514842154944442,987,0.6137652713754252,102,0.9693115755926767,305,0.9484597462872323,113,0.7268416981243456,170,0.7320767096941629,354,0.9184332261245998,41
5985950.0,1751950.0,0,3.1778372509356165e-05,10891,0.5441841725990701,10192,0.5579625213599158,5316,0.6002833180463326,1871,0.4513386418577874,988,0.5320497472683207,2589,0.5482036120455278,9598,0.5936078038985004,6805,0.330778165714426,7945,0.521309550171936,3194,0.3043154260259566,13888
5989250.0,1752650.0,1,0.9999999995663191,424,0.8929964167300443,577,0.7109817951817166,744,0.5701624866746062,8125,0.4512726510400629,989,0.5441647099248137,1597,0.9682152610464108,366,0.901957705667794,1033,0.5234489999316481,1165,0.6816718578474014,706,0.6325950906269444,3415
6034050.0,1719050.0,0,3.163271460519232e-13,20081,0.43902840766278595,15272,0.4280617233603189,16643,0.5602949427481879,10959,0.4512222416350865,990,0.4862707548768462,10248,0.4059556950266052,15988,0.428356307993931,16054,0.29654693008553146,10219,0.4915347267353106,4042,0.21689663418497385,17437
5905150.0,1741850.0,0,1.0195784098866255e-16,21482,0.3442853834970983,19993,0.32776515486734403,21337,0.5916254714163317,3108,0.45114613678411525,991,0.5189397963089079,4258,0.3111298017281473,20127,0.32411670784943003,20488,0.2524595587233842,13484,0.5424847797755566,2719,0.3215617291145103,13394
5971150.0,1774850.0,0,2.7380490519848866e-05,11035,0.3865990818342455,17912,0.4847317298486394,11644,0.5826459219731803,4897,0.451032228603774,992,0.5554439312002618,988,0.39285019955194156,16604,0.47722757746979005,13184,0.4396177133623207,3061,0.6566177196847918,930,0.6942659753144883,1847
6031450.0,1719550.0,0,2.6356180232610467e-06,12833,0.4928397549489431,12664,0.5291659085242337,7598,0.5710242821257411,7886,0.45098978540308565,993,0.5097852943297528,5776,0.5104018992850927,11248,0.5535678540185411,8783,0.3838620453322017,5226,0.5406368225558655,2758,0.3114283703871009,13664
5980350.0,1754650.0,0,8.497673671249033e-11,18169,0.41484642398620836,16523,0.4181548311913155,17388,0.551959150461858,14712,0.4505923559137639,994,0.5152880390091492,4832,0.4072811473902731,15926,0.43993097591228003,15377,0.44630728217413096,2875,0.7012362460344798,542,0.6569614650563369,2683
5984950.0,1750150.0,0,8.631964802062744e-16,21261,0.3826643173441687,18108,0.39921152357031287,18645,0.5915192307922736,3124,0.4505808306225226,995,0.5073047514489641,6236,0.34086528851663567,18938,0.37598186275544787,18678,0.2448362974986218,14018,0.46754956588120145,4779,0.20023940361744974,18286
5983250.0,1753250.0,0,4.796622941769087e-05,10488,0.4821578536228888,13180,0.5376348162283906,6872,0.5608556075146947,10778,0.45042401398121984,996,0.5472361328114552,1387,0.5104136192043798,11247,0.5794634582121334,7524,0.504988139281996,1466,0.7418389893892057,304,0.8144839500426035,299
5981650.0,1758050.0,0,8.612075394941295e-06,11981,0.7051294520897745,2391,0.6097821536832132,2497,0.5292228677548413,20003,0.4503738818014049,997,0.5007029982496549,7438,0.7007225121083664,2836,0.7031474331358603,2732,0.41552419180149824,3902,0.645998638460247,1028,0.48390444405311905,8850
5989850.0,1752550.0,1,0.9999999999813558,228,0.8961509210823461,389,0.7274748907879376,355,0.5994483077937589,1952,0.45031425795245755,998,0.5555332751693843,986,0.9700375047438636,272,0.9071035098995829,925,0.7457499814746232,141,0.6837548057437742,688,0.6703127942997369,2372
6008450.0,1732350.0,0,2.8211448511259423e-08,15464,0.6882982902513523,3010,0.5569050102896226,5389,0.5583492917641482,11725,0.4502147158686723,999,0.5333875715303681,2456,0.6945939516559803,3063,0.6682721675373446,3787,0.2682008128970712,12279,0.6414545509213583,1073,0.6713187524650293,2352
5893750.0,1759350.0,0,0.004096458035780274,5826,0.3610933029985049,19168,0.441661060223498,15533,0.5707200184498602,7976,0.4502071979800245,1000,0.5451185341914224,1538,0.3522943608088902,18450,0.4264038329241291,16169,0.4550714739719156,2626,0.6142155430668885,1424,0.7466888738346963,954
