Boylam,Enlem,YANGIN_DURUMU,score_probability_mlp,rank_probability_mlp,score_topsis_pi,rank_topsis_pi,score_topsis_shap,rank_topsis_shap,score_topsis_equal,rank_topsis_equal,score_topsis_entropy,rank_topsis_entropy,score_topsis_critic,rank_topsis_critic,score_vikor_pi,rank_vikor_pi,score_vikor_shap,rank_vikor_shap,score_vikor_equal,rank_vikor_equal,score_vikor_entropy,rank_vikor_entropy,score_vikor_critic,rank_vikor_critic
5989050.0,1756250.0,1,0.9999999999999243,15,0.8918720163421121,626,0.7586919997514757,6,0.6537361904473389,31,0.599073787846806,25,0.6608714796149334,1,0.9700088621418286,274,0.9444329578274435,138,0.8005909935231479,73,0.8803586380798133,25,0.9703973091483503,4
6034050.0,1711050.0,0,0.006614192768405587,5332,0.7347200485327818,1728,0.6994829675922324,936,0.6591391874331508,15,0.5969189669231744,26,0.659381555663423,2,0.7735578002310526,1605,0.8224969920881602,1365,0.5760337221001953,666,0.8857999950608562,21,0.5728000020865377,5699
5988950.0,1756250.0,1,0.9999999999999263,14,0.8926371204043374,591,0.7562913676992361,9,0.6561223937031734,21,0.6249490156787638,13,0.6562350272555404,3,0.9700204469056519,273,0.940850978991672,164,0.9632295233379009,4,0.9391424226008136,3,0.9626846717518,8
5986250.0,1753750.0,1,0.9999999999635192,272,0.8996283473093143,129,0.7592224587431342,4,0.6624959679078045,10,0.5407149323843643,159,0.6548621985880019,4,0.9710098163767256,235,0.9567542112271953,63,0.8758695978375657,9,0.8633154386244222,35,0.9847918401600918,2
5989850.0,1756450.0,1,0.9999999999996352,43,0.8920928085884342,614,0.752206289664048,25,0.6541676360844891,28,0.6073687962367293,18,0.6542912631824466,5,0.9694967039747981,295,0.9385526888064788,182,0.8687911254431295,12,0.9073955251319628,11,0.9501171332772702,17
5987750.0,1755550.0,0,0.07315087596698563,3020,0.6738910635225174,3626,0.6502537215931641,1510,0.6504209054656646,39,0.6028822299876586,21,0.6535410936693797,6,0.6891753795468467,3246,0.7530001531494146,1868,0.8233627074685999,51,0.9204364487949155,7,0.9452858272656645,22
5986150.0,1753750.0,1,0.9999999999759888,247,0.9009463870492225,104,0.7590228068889497,5,0.6611887195969792,11,0.5268531814730174,227,0.6497395292292069,7,0.9758394903993332,109,0.9642814315893062,34,0.875416716967911,10,0.8487136438936707,47,0.986393070080254,1
5994550.0,1749950.0,1,0.9999999999884619,193,0.8904696239118229,715,0.7407016887434235,116,0.6688543872717518,3,0.5060333385334524,379,0.6464812717310309,8,0.9646424577755482,527,0.9155877754568105,697,0.7836980708332193,94,0.7735933344372196,193,0.8450035481448098,156
5994150.0,1749250.0,0,0.00017946211435010146,9130,0.3582417617982099,19305,0.48820583663224765,11328,0.6656900286047918,6,0.5069387915402772,375,0.6454268605181123,9,0.3575057570030684,18226,0.45886649935931656,14257,0.7075610261514916,197,0.7366932746660241,324,0.82827334152998,225
5988950.0,1754150.0,1,0.9999999997599829,378,0.8917373343260611,637,0.7374677863084043,175,0.6333862314439898,235,0.6520238248130978,3,0.6436901205265088,10,0.9606641213550902,727,0.9237582910367155,470,0.8310750650808969,41,0.8814184997260847,24,0.8521972653462973,135
5993750.0,1749250.0,0,1.9135722403488943e-05,11368,0.4427208580881448,15103,0.48652545320596985,11487,0.650112936961447,42,0.5792689853660244,48,0.6432392647519066,11,0.42084405328396346,15326,0.47724218543462704,13181,0.6291274218225457,402,0.7824286924863613,168,0.79463291722241,427
5993650.0,1748950.0,1,0.9999999997282192,387,0.8902717461180938,729,0.7325583498056875,259,0.6565760197006281,20,0.5799584359652317,47,0.6411128298945389,12,0.9646915508216415,523,0.9158756672030102,693,0.7315559248111523,167,0.7595965279954449,235,0.8491887638856375,142
5989650.0,1754350.0,0,0.07534908104407918,2987,0.6137462958928829,6677,0.6201386183547702,2139,0.6258348374874496,442,0.5662162818676526,74,0.6409668286346907,13,0.6384047656750965,5463,0.7004284166276491,2800,0.6898945374698564,225,0.8256983140440867,76,0.8270551000398719,233
5989850.0,1756350.0,1,0.9999999999997238,34,0.8919508778695554,620,0.7484533532545063,39,0.6462171060849936,66,0.5691257924326881,65,0.6406918530610347,14,0.969114742266275,319,0.9349141981000549,227,0.8621278351006644,16,0.8904672983900271,15,0.9468744111424192,20
5989450.0,1756550.0,1,0.9999999999995526,47,0.8914523831261113,651,0.7477971734298273,48,0.6434405853167244,84,0.5575346321046684,100,0.6397407196327837,15,0.9689602059659643,332,0.9354273493445914,222,0.8309640445544111,42,0.8604732330096113,38,0.9497433828839075,18
5988650.0,1754050.0,1,0.9999999999480447,284,0.8909825248752811,680,0.7405225417672975,118,0.62690251479305,413,0.5963725636745064,29,0.6396799153426224,16,0.96030641160807,750,0.9250562169325547,431,0.8259813301090423,48,0.8761722064513269,28,0.8455268217670331,153
5988250.0,1753950.0,1,0.9999999999453819,289,0.8908530678318699,690,0.7383272092321119,154,0.6256295259357106,452,0.5935271163418605,34,0.6388387011249826,17,0.9602714455416229,752,0.924637696900561,441,0.8289490868637355,44,0.8630822874629931,36,0.8513966435185029,138
5987250.0,1751450.0,1,0.999999999171181,476,0.8991073136321303,148,0.7500712508111383,33,0.6539842847594779,29,0.5804944586659117,44,0.6375303493803725,18,0.9664251357017231,436,0.9365620205506577,202,0.8588295766897762,21,0.8390154955591926,56,0.8262866299601805,238
5987750.0,1752550.0,1,0.9999999975187439,549,0.8927349864270728,586,0.7436897162843403,75,0.6357481491213931,182,0.6680921630261939,1,0.6372717053376084,19,0.9620581285694179,654,0.927922499142862,358,0.7856856958192655,89,0.9687617185691988,2,0.839955594871222,171
6032450.0,1711350.0,0,5.583593512286668e-07,13817,0.6488495300117235,4916,0.6010067909281017,2802,0.6604024073075389,13,0.5204224013459615,275,0.6365742694147906,20,0.6613220370215144,4412,0.6660371720659732,3861,0.3402410989779515,7388,0.6919650780135826,610,0.515441789266985,7859
5989050.0,1756150.0,1,0.9999999999999685,9,0.8920191142456805,616,0.7523191284468973,24,0.6424277950835484,94,0.555013269284893,108,0.6358189070904482,21,0.969183668016757,314,0.9361363888749672,210,0.8605541709377106,20,0.8696107392870654,30,0.9513711375910188,14
5986650.0,1750450.0,1,0.999999992905166,616,0.8966732416400172,342,0.7454046472960576,63,0.6345782103179782,201,0.5165669630838614,297,0.6339744831346058,22,0.9657292390428751,477,0.9377810073700287,188,0.5637518004717345,748,0.7474658671810926,285,0.8521145843577885,136
5985250.0,1751250.0,1,0.9999998648448173,873,0.8976866973257784,263,0.7435542017204798,77,0.6497724039973162,44,0.5387784591874404,166,0.6337774115857584,23,0.968428053385032,355,0.9374314703840655,194,0.4383982666475722,3101,0.7915604884043583,140,0.6276395346744933,3568
5988550.0,1756350.0,1,0.9999999999999478,12,0.8925943334987116,592,0.7535369527541135,19,0.6521946938340089,34,0.5518841753125467,119,0.6337269378316552,24,0.9691476409263512,316,0.9343590020374325,235,0.9611343574637266,5,0.8793341719765203,27,0.9389839836860587,28
5988050.0,1754250.0,1,0.9999999999995841,46,0.8918195105158462,630,0.7397970568432217,127,0.6273490104274032,397,0.5944696670118166,32,0.6334790017953836,25,0.9645003790887235,534,0.9389595391721098,178,0.860934541077986,19,0.9182513765383922,8,0.9777873078016167,3
5986850.0,1753350.0,1,0.9999999990558344,487,0.8987007030485872,182,0.7538296638226952,18,0.6410066646823467,110,0.5194025125856339,280,0.6333460166471513,26,0.9660985683439112,457,0.9362755564526417,206,0.7285767852978144,169,0.7970976479979096,126,0.8334706962671627,203
5986350.0,1750650.0,1,0.9999999909551524,628,0.8970946290378856,313,0.7419989573034033,97,0.6315049554570928,286,0.5560840937181786,104,0.6329906526577707,27,0.966435499864588,434,0.9392616125225269,175,0.6769792501639664,254,0.8022790696534879,116,0.8589813596837357,122
5987650.0,1755750.0,1,0.9999999999963634,132,0.8922729888329417,603,0.7478923977229581,47,0.649476329534374,47,0.5111978992340798,340,0.6320390028503047,28,0.964785578943849,519,0.9403399249767004,169,0.8613119504135163,18,0.7880258499671866,153,0.9511554675623863,15
5985750.0,1751350.0,1,0.9999999995746587,423,0.8984097166148323,203,0.7489199471576603,35,0.6494256790859771,48,0.5260823694787978,231,0.631507516008465,29,0.9713808827944685,223,0.9482795284561083,114,0.8530905441415841,27,0.8216403504158414,83,0.8388163481056354,177
5985150.0,1753450.0,1,0.9999999994291877,442,0.897949389032148,235,0.7457649319980927,60,0.628524802584993,364,0.5615020612906395,87,0.6313191031568439,30,0.9664624842233847,433,0.939978297631089,170,0.7567781959722255,128,0.829455542334562,68,0.8740930412959964,98
5988750.0,1756950.0,1,0.9999999999944329,154,0.8928863570044961,580,0.7521443017028367,26,0.6491277271144525,52,0.5639903807967326,79,0.6311611310443944,31,0.9703119651244057,258,0.937577309907473,191,0.8844854577293034,8,0.8485080321770416,48,0.9505750914391338,16
5990350.0,1749150.0,0,0.0021764035946334782,6477,0.634144483985818,5644,0.627949549290231,1944,0.6347200545839621,197,0.5710088656490645,59,0.6309510518122932,32,0.6487446888608794,4978,0.7050067108354549,2687,0.7849288154716599,91,0.7896352077301728,148,0.8118337592442555,320
5986850.0,1750850.0,1,0.9999999991296358,482,0.8987753900180927,173,0.7440379270109249,73,0.6313428865325308,290,0.5407988751055232,158,0.6300304629756932,33,0.9712858952199847,225,0.9458847038415573,130,0.7312515711459818,168,0.8102528187024339,99,0.8544663385281859,132
5905250.0,1742050.0,1,0.9999999997885491,362,0.8897411553938923,770,0.7383276511256446,153,0.65431061150143,27,0.5069135859103046,376,0.6298470269741197,34,0.9606481724924893,728,0.9560519865303942,66,0.7931817366981628,81,0.752670137113917,259,0.8950469505360332,60
5988250.0,1755750.0,0,0.0012643926195981235,7060,0.5784313423719146,8468,0.6053953541740315,2624,0.6188886893991322,657,0.5586195934005791,96,0.6293620939115321,35,0.5950024158295268,7430,0.6737127971506683,3595,0.6785210827564627,248,0.8239257258623149,79,0.9376713533226452,31
5988150.0,1752050.0,1,0.9999999999433051,291,0.8976133236132201,269,0.7436028544011969,76,0.6208583541487559,590,0.633140708365553,8,0.6292916730302015,36,0.9753341131134207,115,0.9342475527625643,238,0.7481306106370982,137,0.9296852690446162,4,0.8493546023206695,141
5988650.0,1756350.0,1,0.999999999999948,11,0.8928088662099816,582,0.7524892208659355,23,0.6497476067974175,45,0.5290827074835343,209,0.6272902795727026,37,0.9694088355219495,298,0.9339402022628928,246,0.9764751175788511,2,0.810739671457599,96,0.9380601439168402,30
5987150.0,1752250.0,1,0.9999999978033922,539,0.900389684688218,109,0.748603316420034,38,0.6510492771369174,35,0.5621855187466156,85,0.6270391134628875,38,0.9673731688098286,394,0.9343495870326851,236,0.8584522328397712,22,0.8123632103529086,93,0.8297833038989944,222
5986050.0,1753750.0,1,0.9999999999903693,182,0.9013611031676263,100,0.7552987257764068,13,0.6599822613002294,14,0.49621306536904436,474,0.6262994747910564,39,0.975213145049396,117,0.9585183508886818,53,0.8574063608431279,24,0.7292353321159464,370,0.9146205517786099,47
5987250.0,1751750.0,1,0.9999998633809555,874,0.8986227803492742,188,0.7288116102803839,327,0.6349324564776824,195,0.6060924741051916,20,0.6261157347211341,40,0.9696505751051935,288,0.9355506211880605,220,0.6000025336134049,525,0.8431215332164068,54,0.8202574198352355,270
5987250.0,1750850.0,0,0.0001954120806430401,9037,0.3945973600199718,17510,0.4973288575587298,10443,0.632942131044516,247,0.6167013241897493,15,0.626096208058793,41,0.38808324983528486,16819,0.47493831861254643,13312,0.664334447513335,285,0.8239470021411053,78,0.7981755137833121,402
5989950.0,1754850.0,0,7.48761764192696e-12,19025,0.40826517729366557,16857,0.4439833623727172,15332,0.6341049738411518,217,0.6369590552435174,4,0.6254056827413631,42,0.40810638881460204,15895,0.4896366256564457,12449,0.6083057562943481,486,0.9171336318763238,10,0.6393046848707677,3214
5993450.0,1749250.0,0,2.020841835531927e-05,11316,0.4009188413857369,17206,0.4779515497860117,12305,0.6314936897713869,287,0.5508739099080578,126,0.6248219459989099,43,0.4077907951414419,15904,0.4750683983696665,13306,0.6685567416057214,273,0.7479455339788561,279,0.8056712196904673,353
5988250.0,1754450.0,1,0.9999999999982265,98,0.892546397776822,595,0.7407488093319018,114,0.6392201394548482,128,0.5340817131531769,188,0.6243096073869863,44,0.964756861763797,520,0.936217184816087,209,0.8581837437136688,23,0.7903379555191257,142,0.9531566557777685,12
6007750.0,1764450.0,0,0.002365017280810341,6387,0.5295228768766067,10878,0.5075540314684194,9505,0.6700489322435634,2,0.5198819835975319,276,0.6241501155939171,45,0.5046417054601269,11511,0.5100518353549065,11214,0.3006872261219258,9938,0.6364055109511171,1149,0.7368380675998308,1093
5986850.0,1751050.0,1,0.9999999985757602,513,0.8973513442450373,293,0.7392159814752635,135,0.6208464107868337,591,0.5606084985630212,92,0.6239579684237854,46,0.9664886211969038,430,0.9373440741624426,196,0.7218442243522571,175,0.8188086906616345,84,0.8549292167439945,130
5985650.0,1751350.0,1,0.9999998505948658,885,0.8980651240376165,226,0.7462591831489882,57,0.6429236916599446,89,0.5043574380573634,393,0.6238171404935878,47,0.9687195287051927,342,0.9374056064139658,195,0.4334636613713534,3268,0.7938753029577138,133,0.6208830280460484,3780
5989550.0,1756550.0,1,0.9999999999997959,30,0.8908599666954516,688,0.7423453003934473,91,0.6223524327598993,547,0.5599819857418685,94,0.6236851788664288,48,0.968212806135375,367,0.9328440348168437,264,0.7563919863432877,129,0.8379262227140754,57,0.9420386452832402,24
5989950.0,1756150.0,1,0.9999999999990374,74,0.9225351860886706,2,0.7734877540472852,1,0.6488077369812689,54,0.4962874794231729,472,0.6235485580066344,49,1.0,1,0.995777296440813,1,0.9784981246617117,1,0.7317736784885088,355,0.9171325849697094,44
5987650.0,1755850.0,1,0.9999999999937139,165,0.8906005333715734,710,0.7463479273797445,56,0.6334819318931935,233,0.49258548868766283,510,0.6232554655763392,50,0.9636532912503752,591,0.9394710697054621,172,0.6433860067919863,348,0.7707467393349776,205,0.9567516436038872,9
5989350.0,1756950.0,0,4.239557697322937e-06,12496,0.47361549981402107,13583,0.48710268764039194,11436,0.6294561730926156,340,0.5032352595788977,406,0.6232011326098968,51,0.44862736151264704,14069,0.4870244857134144,12618,0.35169684935370116,6757,0.7917343058449868,138,0.8112600409112132,324
5993650.0,1749550.0,0,0.6996526577267371,1694,0.7167986483635944,2081,0.6569701128985903,1376,0.6448390882080108,73,0.45939823884456205,869,0.6228859754279403,52,0.7407536736689552,1925,0.7804208360433154,1641,0.6123807049938096,459,0.7321685401220345,351,0.8141604680810538,301
5988150.0,1754250.0,1,0.9999999999992786,63,0.8916882227933597,642,0.7374243695244619,176,0.6268560187067995,416,0.5473769972939908,137,0.622600091081912,53,0.9640450574996223,560,0.9352135392464829,223,0.8534381688329162,26,0.8882071779478111,19,0.9691401560365575,5
5985950.0,1750650.0,1,0.999999998194959,529,0.8985742632088125,190,0.7470134142774958,54,0.6427282528814104,93,0.5573726040265836,101,0.6222160424148653,54,0.9661548341210083,455,0.9355310106058341,221,0.8370582713542809,34,0.8136803063501024,90,0.8173696413760174,281
5988650.0,1754150.0,1,0.9999999998420159,343,0.8918185890884648,631,0.7379847306851991,163,0.6305776538070734,307,0.5338033572895862,191,0.6220905271163008,55,0.9603997710838307,743,0.9187226025598947,608,0.8176896242372216,54,0.8368107708852601,59,0.8329954934160613,205
5988050.0,1752050.0,1,0.9999999994923776,433,0.891857541387894,628,0.7382904718351797,156,0.6187750628698477,662,0.6340862295732583,7,0.6220707247671119,56,0.9611903682403281,703,0.9251044681217488,428,0.7852017133131738,90,0.9289504707984991,5,0.836427715464485,190
5988950.0,1756150.0,1,0.9999999999998921,21,0.8909543135208213,681,0.7413935534967656,105,0.6303459115390554,318,0.5152737322736936,309,0.621884697836807,57,0.9679360398360722,379,0.929586575776327,330,0.7889928424592876,85,0.829843275898372,66,0.9430780709466112,23
5987050.0,1752250.0,1,0.9999999532845907,773,0.898459290719396,198,0.7275258486784526,354,0.613643367643506,876,0.6164363485191553,16,0.621290556249475,58,0.9704407330468381,253,0.9392966186498015,174,0.604786192136553,505,0.9065161425048708,12,0.8384984384520637,178
5986750.0,1751650.0,1,0.9999999809728525,686,0.8973569732351409,291,0.7290283120939206,322,0.6283630965035707,371,0.4897836176685424,539,0.621115826849728,59,0.9701838841794975,268,0.9376423475609498,190,0.6121992491419265,460,0.7883885585901245,151,0.8460816127494538,149
5988250.0,1752050.0,1,0.9999999999378513,295,0.8977559380294233,258,0.7438345979696419,74,0.6167377404002111,732,0.634575051559164,6,0.6209587225233203,60,0.975129719075849,119,0.9329085544614482,262,0.784216243575551,92,0.9230936538176123,6,0.8345042811270345,199
5988350.0,1754050.0,1,0.9999999999608471,276,0.8897042070854321,774,0.7342619215547521,227,0.6104568363634074,1039,0.5573686616048729,102,0.6207771795648874,61,0.9590220813281359,820,0.9203461529454409,555,0.6792252796457586,243,0.8053780487827704,107,0.8367342004984155,188
5986850.0,1751150.0,1,0.9999999987788621,503,0.8976079311807142,271,0.7412816444796849,106,0.6251306895330705,469,0.5154327333276376,306,0.6207487254709013,62,0.9666135758027365,424,0.9358948268131775,214,0.7146459867303625,185,0.7957947181788175,128,0.8514129341425541,137
5992450.0,1748450.0,0,8.411184177902228e-06,11992,0.5809778325968596,8336,0.5589877533888514,5231,0.6381394040964642,141,0.5544187469615517,110,0.6206230140772874,63,0.5828896244319024,7974,0.632627497799398,5144,0.7242040507484242,171,0.7531809420268569,256,0.7775589072541917,581
5942350.0,1799850.0,0,0.00047404132715394247,8101,0.3987367780425644,17303,0.4925223322935241,10922,0.623734586661936,508,0.5309206666151449,200,0.620369107467365,64,0.40699283064589287,15939,0.49789291929694657,11963,0.6400349206715772,360,0.7707428837435581,206,0.8652243733399321,114
5989150.0,1756850.0,0,0.0004940389411404422,8060,0.5653771945816144,9147,0.5824430332957347,3717,0.6283396445763049,372,0.5652955690919801,77,0.6200509179535783,65,0.5824139674068793,7999,0.6564764517722816,4224,0.7818659347768817,98,0.865749828220161,32,0.9217754010098675,38
5985750.0,1753550.0,1,0.9999999999844607,214,0.8987124556661419,178,0.7475174367464619,50,0.637196353302297,157,0.48641027662879005,565,0.6194190749327224,66,0.9692893607846739,307,0.9475846123144268,117,0.8289548244215693,43,0.8052379238320824,109,0.9681160016914537,6
5983450.0,1750850.0,1,0.9999999682300714,732,0.8966043531148336,351,0.7323101703294004,264,0.6356028038460637,188,0.5382688749427735,169,0.6193299104159388,67,0.9669457220549266,414,0.9314112470635078,295,0.4271064849381262,3485,0.7088752483354533,494,0.6235735842420825,3690
5995750.0,1748650.0,0,0.001625398091494973,6799,0.46673297999324675,13913,0.527389305757009,7765,0.6346710938014224,199,0.49019405420774,535,0.6193126220203465,68,0.4550233611191482,13762,0.5255838291437607,10321,0.6052164550241905,503,0.729129791132106,371,0.7832325211695654,520
5989550.0,1756850.0,0,0.009982199497322394,4931,0.7427658593890503,1615,0.6829267684202218,1136,0.6269971876404448,408,0.5376882482761919,172,0.6188401205969672,69,0.7618103260824025,1672,0.8136115255160662,1483,0.8125552768642152,61,0.8271984966389239,74,0.9178161295427972,43
6035650.0,1710450.0,0,3.8029244973581097e-07,14037,0.4124795115316455,16647,0.5000410711619387,10212,0.6299019536428999,328,0.5686528843520848,68,0.6187850132191567,70,0.42960459602429013,14929,0.5069863733533125,11404,0.5183817983867705,1239,0.829267241358119,70,0.5206717379378691,7688
5988250.0,1754550.0,1,0.9999999999940814,161,0.8921849767355439,609,0.7341665322368569,229,0.6137691802800721,866,0.6553958139972502,2,0.6186064678381666,71,0.9644388484079199,539,0.9362636782085235,207,0.6909629073469015,224,0.979804376423907,1,0.9322577927796318,33
5988650.0,1756450.0,1,0.9999999999999487,10,0.8922977754754363,601,0.7484347074393668,41,0.6303478359618394,317,0.5547054570395346,109,0.6184554970415918,72,0.9689836956744606,328,0.9332550829054297,254,0.927977391799244,6,0.887392313855677,20,0.9391685709517358,27
5997850.0,1748950.0,0,0.0005046421780073763,8035,0.4311118716746446,15671,0.48515841337521637,11599,0.6347000089546391,198,0.5373965380987819,176,0.6181862410975624,73,0.4376599025816763,14575,0.49389736838313225,12197,0.5622154914499009,761,0.6876873930126477,648,0.7789124552949446,566
5987150.0,1752150.0,1,0.9999999997897595,360,0.9010241794309121,103,0.7470254953120616,53,0.64934475481657,50,0.4602517927976537,857,0.6181242653499439,74,0.9723550273665724,198,0.9426108920261874,150,0.8644583679222124,15,0.67414857729551,766,0.842285542521305,164
5986550.0,1754150.0,1,0.9999999999910094,180,0.8992526928059424,142,0.7542824659196513,14,0.644267484004239,79,0.4886414343118254,547,0.6179905409119785,75,0.9694178321336272,297,0.9487497285877571,110,0.8175247688069522,55,0.781899287031051,170,0.9107048302455922,48
5985050.0,1752050.0,1,0.9999999425862818,798,0.8993341673710981,137,0.7390764017928084,138,0.635451074172468,189,0.5108954746904146,342,0.6178476141823067,76,0.9685269832792789,352,0.9307468200686773,308,0.4283315818832544,3440,0.8114851852761118,94,0.6254385842420848,3620
5999450.0,1749950.0,0,0.002857491631097682,6189,0.683899910152605,3181,0.6185551310504414,2184,0.6467958251461033,62,0.5085612234478165,365,0.6175550351901079,77,0.6752523617818301,3799,0.6969563740139716,2888,0.5801044155699372,637,0.7337454261798804,342,0.7738302451121808,624
5984250.0,1751050.0,0,5.6309210610107254e-05,10339,0.5558380431931497,9647,0.5437305953350388,6381,0.6376367492986886,148,0.5364445298104014,180,0.6175150369472742,78,0.5644026615095931,8850,0.6113565356172584,6004,0.37720283711482205,5511,0.7497345682872651,271,0.5778976091270678,5495
5909850.0,1770650.0,0,0.00020278575312931106,8998,0.408786576371453,16819,0.4669320756522277,13298,0.6188704504862962,659,0.49271922290750136,507,0.6173490867051503,79,0.4187978184589989,15419,0.4895287450184467,12457,0.63233883446112,387,0.7743256623195782,190,0.8202268007153813,271
6009550.0,1732050.0,0,0.008364450514458454,5092,0.6008237444479531,7327,0.5817892661292023,3754,0.6240408679127617,500,0.5535514076102885,112,0.6164428649850556,80,0.6193119243704464,6331,0.6676861987447164,3805,0.5891262233751993,577,0.720717409791014,423,0.8090907602731515,339
5985050.0,1753450.0,1,0.9999999997763787,367,0.8985580302532906,191,0.7422731527821793,93,0.618469287277261,676,0.5346901965046792,184,0.6163070699160371,81,0.9708437789280733,238,0.9453036365010382,133,0.7043959663376071,199,0.7987134661088986,123,0.866651748363019,110
5984750.0,1752050.0,1,0.999999903346984,840,0.8993233742579998,139,0.7420387023178603,96,0.6453359159791581,68,0.4856112933971713,571,0.616145970188249,82,0.9677313148460291,383,0.9283623537342385,352,0.41766385143370643,3825,0.7811110500454393,171,0.604740806809076,4383
5987150.0,1750950.0,0,6.012380432844944e-06,12252,0.5161925816886536,11522,0.5512638722148046,5793,0.634246475568677,214,0.599460910850545,24,0.6160793057783824,83,0.5337692260735234,10241,0.5855354019174306,7201,0.5731422980333053,682,0.8269419557348126,75,0.7802781570596642,549
5985450.0,1751950.0,1,0.9999999287150041,815,0.8985280564020992,195,0.7385258967784858,148,0.6311349177783909,296,0.5047268325794376,387,0.61600166333008,84,0.9680677266686919,373,0.9308459779389351,306,0.4243492282437388,3572,0.7755180386601228,186,0.6187503154650722,3858
6001950.0,1738350.0,0,0.005125415922052642,5605,0.6270907706179064,5997,0.6272060736693936,1955,0.6222316661097103,552,0.5269250211273266,225,0.61598895721421,85,0.671759382814314,3948,0.730867610089983,2175,0.6110102508948507,467,0.7112499845721443,481,0.824416969123793,248
5992450.0,1748150.0,0,0.0030023925023514955,6134,0.565946543509546,9118,0.5684103778767795,4612,0.6336978031968437,227,0.5486077199739171,134,0.6159034716815635,86,0.5721130017324852,8477,0.6268470859457419,5386,0.641593015621168,353,0.7198399291136208,428,0.7991583698429494,393
6032750.0,1711950.0,0,3.105456131052576e-06,12710,0.47526920579677306,13496,0.5539086769904851,5601,0.6656344785102412,7,0.4634609823551779,811,0.6158549743956084,87,0.49287796853782273,12035,0.5682463556902324,8032,0.5326737444706712,1039,0.6378850699480445,1119,0.5013392126442803,8308
5986950.0,1754650.0,1,0.9999999999975013,113,0.8917068673854074,639,0.7461271636107801,58,0.6436585451271464,83,0.4761309067891151,666,0.6156652959737164,88,0.963785033955405,582,0.9360080640915196,212,0.8264511654538051,46,0.7687051223071515,211,0.9389549742747425,29
5988250.0,1751750.0,1,0.9999999999072411,311,0.8977337405862903,260,0.7404376886371128,119,0.6298010558581557,332,0.5429191394940832,149,0.6155678412643338,89,0.9750102157054849,122,0.9275947478977418,364,0.8081748003404433,65,0.846869590269772,49,0.8395308367801015,173
5988050.0,1755850.0,1,0.9999999999994051,56,0.8930065744938471,576,0.7506666456942157,31,0.6445839431565811,76,0.4952767256071023,484,0.6155142180379203,90,0.9649309903060127,509,0.9392373657637777,176,0.9704774873656279,3,0.7303127962146353,363,0.9103292418665236,49
5988850.0,1756950.0,1,0.9999999999961269,136,0.8922488656001598,604,0.7412165920213024,107,0.6380520227350579,142,0.5358110490095753,182,0.6153544030084873,91,0.9692913758424906,306,0.9310038227892165,303,0.8558087743416471,25,0.7661842845479594,220,0.9257895809318697,35
5990850.0,1748950.0,0,0.000763632077195343,7596,0.5536076144540614,9771,0.5760724940513262,4104,0.6323926185079517,265,0.475586248123485,672,0.6152487793014877,92,0.5572930528358019,9183,0.6174797868445352,5759,0.6640321896722482,287,0.7331239096978982,346,0.8018665607012285,380
5985350.0,1751950.0,1,0.9999999350392639,807,0.8986677334147998,186,0.7384985729366874,149,0.6311126051717634,298,0.5005836193124672,438,0.6149067258076084,93,0.9681657957385857,370,0.9307510262232088,307,0.4254004884938596,3538,0.7866954068398273,157,0.6211490170114878,3774
5988950.0,1751550.0,1,0.9999999999988076,85,0.8958739599506068,404,0.73791147901172,165,0.6147428348777411,815,0.5609022347955611,89,0.6147894263445873,94,0.9733292711630462,165,0.9280877141836839,356,0.7348523345450111,157,0.8069352002946777,101,0.827552722554185,228
5985150.0,1752750.0,1,0.9999993078926465,1051,0.8993039087024308,141,0.745716699614368,61,0.6363363019494747,172,0.5691405480443917,64,0.614601793017675,95,0.9680864688460856,372,0.9331558421073494,257,0.4110433603617266,4087,0.7957896632302525,129,0.5913358766559442,4918
5994950.0,1749950.0,0,0.0024113293039621,6365,0.5004330445837678,12270,0.556928319432843,5386,0.6608583423861545,12,0.4030482571342396,1887,0.6145910488644452,96,0.5076875580169726,11374,0.575108569537963,7729,0.7475504169867168,138,0.6032228744310273,1579,0.7979757815311714,405
5986550.0,1752750.0,1,0.999999999588354,419,0.9000355715851437,116,0.7479455271304868,45,0.6385657592760932,136,0.48159177950958565,615,0.6141294954710231,97,0.9710395037760793,231,0.9409002814260061,162,0.8157341284897683,58,0.7730950831769151,196,0.8210607178740303,266
5985750.0,1751450.0,1,0.9999999987335102,509,0.8972340729821651,300,0.7467483319217688,55,0.6340642303257336,218,0.5274749462192219,218,0.6140570933479652,98,0.9702622921602957,262,0.9465043527205877,124,0.6809551077690943,239,0.7559158589852508,245,0.8105290387690745,330
5986750.0,1750350.0,1,0.9999999980673624,533,0.8969790868702306,320,0.7371009344939086,180,0.6176213412294417,700,0.529357309089686,207,0.6138991948055086,99,0.964930294857752,510,0.9313627301479508,296,0.6771649591748363,253,0.7834099330735875,166,0.8373927870691134,185
5989750.0,1753750.0,1,0.9999999999913973,176,0.895589754357645,428,0.732083604550652,272,0.6038858073093192,1496,0.5792610192622178,49,0.6138691661720354,100,0.9718931694388077,213,0.9224119636989205,508,0.7737645276635315,104,0.7957808432967513,130,0.8338202752241878,202
5987250.0,1751950.0,1,0.9999999895538539,641,0.8973272888736941,295,0.7222802331549542,481,0.6123211515947091,945,0.5526694518382359,117,0.6138383736463926,101,0.9690787587365206,323,0.9333339498143411,251,0.5977933439514699,534,0.8436325031408469,51,0.8377687164237269,182
5986550.0,1754250.0,1,0.999999999978068,240,0.8987864781467013,171,0.7535067407110536,20,0.6428114067986204,91,0.4514842154944442,987,0.6137652713754252,102,0.9693115755926767,305,0.9484597462872323,113,0.7268416981243456,170,0.7320767096941629,354,0.9184332261245998,41
5986850.0,1750950.0,1,0.9999999994334767,440,0.8982979256335999,214,0.7380465049925755,162,0.6139066457214457,859,0.5397400849313765,162,0.6134937055067198,103,0.97067621919235,244,0.942680227176055,149,0.7071781676932337,198,0.8030178638595564,114,0.8473383460506291,146
5987750.0,1752450.0,1,0.9999999992453332,471,0.8917787331921025,634,0.7382589620356125,158,0.6252365843593788,464,0.5608185438883496,90,0.6134625027282984,104,0.9604814204362984,736,0.9200123827180191,568,0.73727688970418,154,0.8707279597866775,29,0.823577420212173,256
5998750.0,1749450.0,0,0.005996894094592235,5441,0.5700453921601327,8915,0.5836642753305267,3656,0.6400251968541067,120,0.45010093613101193,1001,0.613452719330576,105,0.5751779182322627,8351,0.6293673027186087,5273,0.6556647951821986,307,0.6949900912237167,587,0.7939707005245913,430
5993550.0,1748750.0,1,0.999999999655965,404,0.9153803049637765,30,0.7409745288517731,110,0.6233418334464984,520,0.514264548988195,320,0.6129987977903878,106,0.993114927725101,32,0.971633529754292,12,0.6100834124336857,475,0.7140286546673862,467,0.8391130101333677,176
5986250.0,1750550.0,0,4.630617268881376e-09,16381,0.4118209102315595,16672,0.4584464049800136,14031,0.6255286385841655,456,0.5850268132303676,39,0.6127390045259619,107,0.412404072311779,15699,0.48425799649055823,12762,0.6745671854311794,256,0.8376124634362923,58,0.7204612531485308,1372
5986850.0,1754150.0,0,0.0006107295819281903,7832,0.4427107473881294,15105,0.5328756475397781,7271,0.6286697564885226,361,0.477940327789317,647,0.6126757358065603,108,0.46934100220806996,13116,0.5661258971091897,8132,0.6739803639539483,258,0.7672422974581542,218,0.8898622222396546,68
5986750.0,1750450.0,1,0.999999994697151,596,0.8961169334871907,391,0.7359327674538165,201,0.6114145788131486,995,0.5333145817239021,192,0.6126310785110475,109,0.9646856734144458,525,0.9326409848260192,271,0.5714991874255462,694,0.7585946457392354,238,0.8423974750416565,162
5985050.0,1753150.0,0,0.005577835765651582,5522,0.6951357809089852,2746,0.6596070284788412,1329,0.6244272484241574,489,0.5144614702121212,317,0.612601477530495,110,0.7228045353735859,2222,0.7633112293863701,1760,0.38407393990167815,5217,0.7957231935838751,131,0.5917417254615258,4894
5987950.0,1756450.0,1,0.9999999999982951,96,0.895807822573654,408,0.7472930497319529,52,0.6263693745299242,433,0.4590321220389902,877,0.6125961074413159,111,0.9774122025583027,99,0.9457315208102691,132,0.5654431113812816,738,0.7358592309409937,332,0.9545711178069345,10
5988250.0,1752150.0,1,0.999999999988191,195,0.8964427235471784,368,0.7428663670222855,82,0.6108808889907051,1020,0.5734622876998089,56,0.6122348684802857,112,0.9741051677120863,143,0.9309123592485093,305,0.7164708133442397,180,0.8139467271651087,89,0.8262134456701243,239
5987450.0,1752750.0,1,0.9999999999472948,285,0.8912731578071836,663,0.7387726032106909,143,0.6117764318078971,972,0.5531723971860617,113,0.6120371235651331,113,0.9609763675848815,716,0.9239106972717307,468,0.7980357207122658,75,0.8434270189241245,53,0.8384645684621628,179
5988050.0,1754950.0,1,0.9999999999995917,45,0.8919428756636709,622,0.744917063842695,66,0.6324247379794135,263,0.5583042130997952,98,0.61181520986807,114,0.9633310957170341,602,0.9350663873784917,224,0.833086583419318,37,0.8582121371247785,40,0.810722475389447,327
5987750.0,1752850.0,1,0.9999999998367268,347,0.8898289584855493,761,0.7400151109661508,124,0.6134980547348173,880,0.5090175144741116,360,0.6116065155158931,115,0.9599173922992223,771,0.9227997023011598,495,0.5410468755670781,948,0.7321177432934785,353,0.824384361607478,249
5993550.0,1748950.0,0,0.004085990024175717,5827,0.6108194541128993,6817,0.5773225451138949,4036,0.6389776433980574,132,0.5792502509853071,50,0.6112135815949788,116,0.6232442755811645,6165,0.6678646394015284,3800,0.6471618597230006,339,0.7131131817349085,475,0.7778918964895817,575
5984850.0,1753050.0,0,1.1836414595503105e-07,14700,0.6182164055709053,6472,0.5685768948586589,4604,0.6324194050019203,264,0.5774195089877375,52,0.6111872771645289,117,0.6174308539369766,6418,0.6517201637700283,4397,0.36027630325255877,6323,0.8361150700804885,60,0.5589357357002811,6237
5986750.0,1753950.0,1,0.9999999999962181,134,0.9014001855687226,99,0.7561105140145397,11,0.6530740273802375,33,0.49768860892385103,460,0.6111714027204906,118,0.974453894256528,134,0.9556162781268681,69,0.8665718676262995,14,0.7297290452609855,367,0.7857611526113896,502
5986050.0,1751550.0,0,1.688845949234782e-05,11462,0.5413965984910638,10320,0.5792641415462564,3917,0.6171487396391645,720,0.48666877230668826,562,0.6111156717525963,119,0.5503936545370469,9511,0.619086202544314,5707,0.5190671009436005,1226,0.7269691493902254,382,0.8134996906048124,311
5985850.0,1751950.0,1,0.9999999997786908,366,0.8993279035607672,138,0.7354496307581375,208,0.6250869253353842,471,0.5158827627275122,304,0.6111096557482734,120,0.9707596639167198,242,0.9383743423374878,183,0.7638927768362804,116,0.821929658984567,81,0.8395067041887692,174
5985250.0,1753450.0,1,0.9999999999969236,124,0.8987830280860741,172,0.7398010803620302,126,0.6091931810174732,1115,0.5654056443912765,76,0.6109012881849618,121,0.9734929320382824,159,0.9561161016783847,65,0.7492525361729524,135,0.8467462550470177,50,0.9415514968401966,25
5986650.0,1751050.0,1,0.9999999982194152,528,0.8987070868892424,179,0.742364860856608,90,0.6281548791252053,377,0.4656161162785219,783,0.6104388250683144,122,0.9715656217454857,222,0.9430163167817514,148,0.6846013706765899,234,0.7544920781770199,251,0.8378788066250203,181
5996250.0,1749050.0,0,3.220616646510352e-08,15399,0.6905559053455967,2929,0.6003317323747331,2836,0.6369096369784962,162,0.5028518380858438,414,0.6104024296350239,123,0.6827300239602239,3499,0.6695346870593554,3736,0.5622558039892245,760,0.7168455389530302,453,0.7128198241819962,1501
5989950.0,1753450.0,1,0.9999999999782196,238,0.8964046675318523,374,0.7337939188590114,238,0.6107310717961826,1030,0.5959019052446075,30,0.610174884328827,124,0.9718385957481385,214,0.9201551233701183,564,0.7870517123729961,87,0.7855179118202085,161,0.8134161988591637,312
5991450.0,1749750.0,0,0.0006928468126603125,7703,0.3851478883232597,17990,0.4937664616624476,10788,0.6259217220716325,440,0.5269475370387592,224,0.6101330298794755,125,0.3792703878540876,17252,0.46581250076263014,13829,0.7093831616610502,194,0.73009431098374,365,0.7783112979955651,571
5986950.0,1751150.0,0,3.5188879626865385e-06,12610,0.598907555378538,7414,0.5653292088861128,4821,0.6227083684486296,534,0.5296959946409541,204,0.6101227010360588,126,0.6144904104103088,6554,0.6647607591383315,3913,0.6835424386775693,236,0.7893833539119279,149,0.7597984052637203,779
6034350.0,1711250.0,0,2.4311591259294853e-09,16679,0.5822110487139285,8274,0.5568712849362746,5392,0.6428993405339583,90,0.4666854278330182,773,0.6100538404394368,127,0.5657228553391751,8790,0.6035780594906976,6378,0.49726625848476014,1610,0.6222494993859294,1321,0.49502444325481754,8496
5986750.0,1750250.0,1,0.9999999979066823,537,0.8975780806770056,274,0.7389584132594819,139,0.6279959002277586,381,0.4788030362217324,641,0.6099793368585971,128,0.96502830294591,503,0.928929983520566,341,0.7320415039865231,165,0.7780749566018331,178,0.8323413727220057,208
5989250.0,1751750.0,1,0.9999999999940696,162,0.8961621969710123,387,0.7355973743192457,207,0.615855502855491,768,0.5271578779364681,221,0.6099696442526003,129,0.9728073929656056,181,0.9228950536917149,491,0.8113879820145973,62,0.8103300546058557,98,0.8305726127895855,218
5989250.0,1753950.0,1,0.9999999999948459,152,0.8959410331309744,398,0.7382405721841433,159,0.625859980970465,441,0.5004665839302759,439,0.6099428004947576,130,0.9721750767332524,205,0.9205468175199955,547,0.7782775078697803,102,0.7604667659051749,232,0.8126713713232148,316
5984650.0,1752850.0,0,0.061616452192977324,3193,0.7163252433321874,2094,0.6763715445245125,1183,0.6207980267058194,596,0.5145057206829596,316,0.6099361021558006,131,0.7555537369005739,1726,0.796457714729701,1587,0.39225363246923506,4828,0.7903143068029526,143,0.6025289529900232,4459
5988950.0,1754050.0,1,0.9999999998482045,338,0.8910596932383386,673,0.7301003840029412,303,0.6124695451845209,938,0.5673774060388853,70,0.609762738420554,132,0.9590631511529855,816,0.9140499961477043,742,0.7998948314631276,74,0.8165114607119597,86,0.825366787960065,246
5986650.0,1754250.0,1,0.9999999999892799,191,0.8997332147309476,123,0.7527154625881421,22,0.6506824686852144,36,0.45150756865709624,986,0.6096948124142088,133,0.9694610185418875,296,0.9464812926693524,125,0.8690544858525451,11,0.6703191703318101,799,0.8759126698572047,94
5905550.0,1759850.0,0,0.00032693629946367413,8431,0.37655629064904,18428,0.4865357053650572,11485,0.6219928685619479,560,0.48915233623875554,543,0.6094382880785517,134,0.35963429201019426,18128,0.4548029373492892,14508,0.693400646783533,219,0.7911919790088928,141,0.8697248221256522,104
5905150.0,1740350.0,1,0.999999999976062,246,0.9173848606682746,14,0.7446401539234623,69,0.6302392353196239,320,0.46458132857918755,795,0.6093998830851478,135,0.9960719290226786,9,0.9815531655088577,7,0.7680313094838529,108,0.7365996929754728,325,0.8946934393640261,62
5988850.0,1754250.0,0,4.1787262263531225e-09,16420,0.6243178413625735,6163,0.5638895676089963,4909,0.6139842068484521,856,0.6160001223068666,17,0.6093235130389568,136,0.6064230460332041,6902,0.6356068680938485,5031,0.5605737163182285,769,0.8539564623062357,44,0.6820587369739378,2102
5990750.0,1748850.0,0,2.0880545091761422e-08,15637,0.5295519386992947,10874,0.5106610912569152,9226,0.6209401581916172,584,0.5250869145800411,237,0.6092987818095924,137,0.5219742840921112,10744,0.5589782140135324,8503,0.5362687899809352,1005,0.7419399725165998,303,0.7795270180334242,558
5994150.0,1749750.0,1,0.9999999999966134,128,0.8911854453539445,667,0.7411325051195343,108,0.6670218240563669,5,0.4269250757605463,1404,0.6090365316024092,138,0.964203730815425,546,0.9091689972872129,878,0.8047820398401172,66,0.7022693914852944,538,0.7992721432219279,392
5985850.0,1753550.0,1,0.9999999999897247,186,0.8999275997528511,119,0.7480708736186382,43,0.633738591527939,226,0.4716133627867926,717,0.6090026397508616,139,0.97414510718036,141,0.9552790876832263,73,0.8327042668309722,38,0.7628978185290424,227,0.9399016107259898,26
5986150.0,1751050.0,1,0.9999999953720944,590,0.8978704403100228,243,0.7416656236508081,100,0.6251373860109588,468,0.4375439450735153,1216,0.6088177963407911,140,0.9712776396938605,226,0.9431884202834964,147,0.5524515816817965,845,0.7082441815619441,496,0.845552955241506,152
5986950.0,1754150.0,1,0.999999999998368,95,0.8991136600150381,147,0.7483689292397624,42,0.6313014113877016,292,0.4987531787544978,452,0.6084223183106567,141,0.968569359776622,349,0.9443118468848387,139,0.8613198557698167,17,0.8053032943784619,108,0.9207831818403542,39
5988350.0,1752150.0,1,0.9999999997060829,391,0.8917022774318085,641,0.7427870095147797,85,0.6288366972742608,354,0.5671528394255715,72,0.6083699012627422,142,0.9602508738583232,754,0.9207757891298635,541,0.7868879521507448,88,0.8286328017276161,72,0.7355861823942575,1116
5985350.0,1753550.0,1,0.9999999999873155,199,0.8983745267038696,205,0.7447702714843762,67,0.6221462315785925,555,0.4615277133878776,840,0.6083176735006872,143,0.9734323827615253,162,0.9549072458407966,76,0.6371144428112183,371,0.7521789905900765,262,0.9668944096283932,7
5988050.0,1755950.0,1,0.9999999999994253,55,0.8926832979839588,588,0.748896417080479,36,0.6361344267947787,176,0.47708948875259816,657,0.608214256929602,144,0.9647470878969207,521,0.9386889551818681,181,0.9138746513517133,7,0.7143991460482753,464,0.9016589672948068,56
5985850.0,1753650.0,1,0.9999999999871394,200,0.8998838563046727,120,0.7504066527796013,32,0.641270433144594,107,0.4485361152186195,1029,0.6081889382953654,145,0.9740208276777292,147,0.9550506185540081,75,0.783877734912226,93,0.7252501873067483,396,0.9168414854835697,45
5988350.0,1751750.0,1,0.99999999987913,322,0.8977683186588461,256,0.7389025901177325,141,0.6262606917651611,435,0.5458449412409874,140,0.6079938337603482,146,0.9746423453231781,130,0.9253774311837271,420,0.7519500706933882,133,0.8319072852400223,65,0.8281527923490936,226
5987050.0,1754650.0,1,0.999999999997391,115,0.8914954201664276,649,0.742786268951831,86,0.6374406838286844,152,0.45332525422864073,965,0.6079930498022319,147,0.9635280195541072,595,0.9339546878241013,245,0.8028292300407036,69,0.7310133803977898,361,0.9178699741944123,42
5986650.0,1751950.0,1,0.9999999995364257,428,0.8999279343325758,118,0.748442047803493,40,0.6410978974582044,109,0.5166090891410908,296,0.6077676391924277,148,0.971022946292073,232,0.9414725540317502,155,0.8172174267930865,56,0.790276078170792,144,0.7231335754291331,1308
5986250.0,1753850.0,1,0.9999999999665534,268,0.8980718905268322,225,0.7540711421559343,15,0.639082175589255,130,0.47359394549423306,693,0.6076048914521458,149,0.9688980063167311,334,0.9486983660690129,112,0.6344353236958126,379,0.726675287099871,384,0.7280657265436441,1229
5987650.0,1755450.0,1,0.9999999999994842,52,0.8904097736957852,723,0.7372987244869127,178,0.6115960504631314,981,0.5113596238588709,338,0.6074380864376505,150,0.9627074876946219,627,0.9339594061111203,244,0.6991649144808687,211,0.7979786645901557,124,0.9467621682439937,21
5991150.0,1748850.0,0,2.1915037703707131e-07,14363,0.5568889843083467,9595,0.530378650531431,7496,0.6221191184689635,557,0.5528636402424895,116,0.6074153744537559,151,0.5675734747622907,8684,0.5817810560093184,7400,0.3363640634973082,7616,0.696814495826865,577,0.7671059781233804,705
5987250.0,1751650.0,1,0.9999998610318177,876,0.8978943105695808,240,0.7228584780320574,466,0.6155944840297765,778,0.5911088938370224,35,0.6071787461610842,152,0.9688265594977872,340,0.9318484715485862,286,0.5867086654942991,588,0.8403512359679697,55,0.8124106516662648,317
5986650.0,1753950.0,1,0.9999999999917528,174,0.9006510699680718,107,0.7539349253936469,17,0.6438357949008668,82,0.45197473502248986,981,0.6071502589987382,153,0.9745132574975538,132,0.9562028491050608,64,0.8479733597088146,30,0.6911899769822615,616,0.8800634847929725,83
5988950.0,1753650.0,1,0.9999999998471818,339,0.8920020521083166,617,0.7403926969864649,120,0.6398033542592279,123,0.6287653558142203,11,0.6069993290829946,154,0.959139698139174,813,0.9166179740941516,665,0.6523226466998302,322,0.7146652181319931,463,0.5090902875911689,8074
5986050.0,1753650.0,1,0.9999999999702955,261,0.9001133743941333,113,0.7488046472148621,37,0.6448075141159482,74,0.4201778522427695,1530,0.6067970765163119,155,0.9742644535562651,138,0.9544939953243062,77,0.8030435349549747,68,0.6458192894728455,1029,0.8715898987390146,102
5989750.0,1757250.0,1,0.9999999972305602,556,0.8926517493020738,590,0.7561544190757458,10,0.6495026790756869,46,0.4616548761923907,834,0.6066132163188803,156,0.9637937654467327,579,0.9649011209842011,31,0.8391300990944178,33,0.6168349412071888,1392,0.836761650358064,187
5988350.0,1754450.0,1,0.9999999999990703,72,0.8919217809088458,624,0.733350612458772,246,0.6099569790971847,1069,0.5719131028681073,57,0.6065545157121208,157,0.9638440256437915,573,0.932897085634562,263,0.8111354890765097,63,0.888406581351367,18,0.9538245899470664,11
5988750.0,1757050.0,1,0.9999999999757219,248,0.8909375469634566,682,0.7418094170874402,99,0.635239055763764,190,0.46059177872584384,853,0.6063947470824653,158,0.9684159115358976,356,0.9303782354830035,312,0.7643458908063746,114,0.7004417904639126,547,0.8948891750438621,61
5989450.0,1753650.0,1,0.9999999999082165,310,0.8903690124285089,725,0.7270426661861045,371,0.604598684307181,1425,0.561117986261892,88,0.6062824881817499,159,0.9583390009149801,860,0.9126557133849067,782,0.7651773291860673,111,0.7728826908414935,198,0.8219432952268513,265
5990850.0,1748750.0,0,3.0728082826259184e-09,16572,0.571631641993651,8828,0.5286266178340822,7649,0.6214990198373388,574,0.554114217980845,111,0.6062443742544741,160,0.5699391612626544,8566,0.5991234931811971,6566,0.6647438894655378,282,0.7403818039696517,309,0.7562635062413399,817
5987350.0,1752050.0,0,9.995837700892117e-05,9736,0.4971404661776792,12429,0.5397954445525063,6690,0.616679853876885,738,0.5472654913609891,138,0.6061965558753424,161,0.49083746654263816,12128,0.5559832104319767,8656,0.640168982286923,358,0.8523037374760067,45,0.7879543844615081,483
5986650.0,1754450.0,1,0.9999999999835716,220,0.8970101950271147,319,0.743532073742297,78,0.6129296098426452,907,0.45962155870586735,866,0.6061445083670226,162,0.9684129502219495,357,0.9463144905864639,126,0.5526533939216417,841,0.7316769652716346,357,0.9531094095195013,13
5986550.0,1752650.0,1,0.9999999998063658,355,0.8989301996560058,160,0.7367033168361158,189,0.6010338589923014,1800,0.5832691055225669,41,0.6060869734817487,163,0.9703716023644451,255,0.9414083995313984,156,0.6692829394711324,272,0.8487994994929196,46,0.8362895917012486,191
5988750.0,1751450.0,0,0.0028891943056118296,6177,0.3967283598019727,17401,0.490601138982242,11083,0.5975153972949947,2195,0.5516993554254023,121,0.6060404559500818,164,0.3716794443156346,17591,0.4529110694501519,14624,0.5664029438449603,732,0.7920261827905757,137,0.7879220141209345,484
5986150.0,1752450.0,1,0.9999999998800002,321,0.8993462670578688,136,0.7379230541175901,164,0.6201687503242046,618,0.5047601471251293,385,0.6059941049440704,165,0.9705585341663789,247,0.9381546734798725,186,0.7815523831939104,99,0.8296710194942971,67,0.8358247330999667,192
5986450.0,1752150.0,1,0.9999999998135818,353,0.9000301867122176,117,0.7452280475562949,64,0.6356514295297095,187,0.5039148252899928,400,0.6059804750505685,166,0.9707402453769363,243,0.9393231738631584,173,0.8158356407458192,57,0.8039034207427694,112,0.8075940813488491,344
5990450.0,1748950.0,0,9.322881931400924e-05,9811,0.6433306739150928,5170,0.61173751853997,2417,0.612943481328865,906,0.49152781019965985,522,0.6059480348597036,167,0.6574077617244733,4594,0.6893416516285444,3132,0.5971597194327232,537,0.7492207045190189,273,0.8016369857952994,381
5987450.0,1755550.0,0,0.00020691921566016864,8966,0.5249401620841586,11124,0.49890320371723657,10303,0.6175613737954493,704,0.48485231321463446,578,0.6059012644473281,168,0.5061646617192895,11451,0.5304804244688909,10022,0.3431241274222334,7224,0.7387604242218637,321,0.8350529954521088,194
5988950.0,1753150.0,1,0.9999999999126175,305,0.8911907760498925,666,0.7395739536082264,131,0.6235245605008573,514,0.5362785440056776,181,0.605894001527766,169,0.9590303647922891,819,0.9162564952255248,681,0.794342656463927,79,0.812786435046359,92,0.7760618497873892,602
5989750.0,1754450.0,0,1.951354108617756e-05,11345,0.6096484678577646,6871,0.5799687169370368,3869,0.5941039191373337,2694,0.5689712645108996,66,0.605880507846309,170,0.5938313246973518,7477,0.6388501618257318,4911,0.5465135301975165,896,0.8030263643205079,113,0.7783513629712815,570
5990750.0,1748750.0,0,7.128843050762687e-08,14978,0.6802782574926839,3336,0.5919737365746479,3210,0.6252883483916497,461,0.5376566960946905,174,0.6058092263236836,171,0.6905461009088798,3189,0.6726083504741966,3629,0.6544386621927619,314,0.7365275268796667,327,0.6964502582460994,1803
5986850.0,1754550.0,0,0.0002117370494531444,8942,0.4319410721789182,15624,0.5001867186788139,10198,0.6400739030551569,119,0.4418425075526473,1138,0.6054261629130894,172,0.4375269845013522,14581,0.5103667040311386,11192,0.7538319033721776,132,0.677046745164526,746,0.8400103408294768,170
5986750.0,1751050.0,1,0.9999999960668995,575,0.8974285496279141,285,0.7361618379216917,199,0.6214787942853041,575,0.4705642360188055,729,0.6053770749494136,173,0.966197988894632,450,0.9312104616730893,301,0.7187193426832758,178,0.7758635356303013,185,0.8418942030919692,167
5990850.0,1748850.0,0,0.0019762504623447186,6582,0.3515556653717087,19641,0.4624133938960408,13686,0.6251757817662016,466,0.46496703689753877,788,0.605243915669389,174,0.34130943532477986,18914,0.4274074266229455,16109,0.6542919457056218,315,0.7194317443272256,431,0.7942279448430438,429
5987350.0,1752850.0,1,0.9999999998384665,346,0.8897270856867338,771,0.7376678786141185,171,0.6113029224037264,1000,0.479841063874621,635,0.6049917906283405,175,0.9599641064185648,769,0.921364692007379,531,0.5308256895832874,1063,0.7207181310526156,422,0.8268202407965497,234
5987650.0,1754150.0,1,0.9999999999999047,20,0.8917968185592781,632,0.7378205186490663,169,0.6265163867382959,423,0.5879112594530114,38,0.6049878787850428,176,0.9628039169284703,623,0.9315887222256974,290,0.8283909186893595,45,0.8356792218128042,61,0.7397434088890822,1046
5986550.0,1754050.0,1,0.9999999999931226,169,0.899171233893971,146,0.7555221771807273,12,0.6430617843686897,87,0.48090073185246346,624,0.6047280821815112,177,0.9689641108736303,330,0.9472504332267146,119,0.7818825175484144,97,0.7687263867328897,210,0.7159043103850447,1447
5997450.0,1748050.0,0,0.005885386220876183,5456,0.33418679053474726,20410,0.43050725899533576,16434,0.6359134209496774,178,0.4672144457396518,768,0.6047244245689691,178,0.31226433386662245,20079,0.3886351119244169,18105,0.5439634168436422,919,0.6504823255058514,991,0.7569921157942852,809
5989050.0,1756850.0,0,7.584717954485822e-12,19023,0.3334754112951424,20440,0.4028018190265491,18439,0.6378113927099743,146,0.5965210783905163,28,0.6045858006772253,179,0.31002839646588,20171,0.39623449817406087,17762,0.5300504312306693,1075,0.8892142851972114,17,0.5826206121039639,5297
5987050.0,1754550.0,1,0.9999999999975389,111,0.8920947157385191,613,0.7402790742872198,122,0.6371687577862396,159,0.4616027082819926,836,0.6041535533273611,180,0.9638475571618145,570,0.9327491659856028,265,0.868161316980905,13,0.6926951395276718,604,0.8918387404713067,66
5988250.0,1752450.0,0,0.0014631294521196259,6912,0.7248343800739148,1885,0.6612675819444144,1314,0.6320498944229097,274,0.5220654554375166,261,0.6040807783716451,181,0.7276966247413655,2128,0.7438141044662261,1992,0.6424166324174563,351,0.7839197612459655,165,0.7635081070526921,743
5988150.0,1751950.0,0,7.977792184468538e-10,17159,0.46685096711729923,13906,0.48118250012949504,11995,0.6142972775064445,845,0.6295549402050005,9,0.6039084008250584,182,0.43492250871448146,14694,0.49237050374185576,12296,0.5152951221478962,1284,0.8895479218887407,16,0.6824432368767479,2095
5986150.0,1751550.0,1,0.9999999987622852,505,0.8979061929747928,238,0.7369826855574166,182,0.6143646867435198,840,0.5094655870090289,356,0.6035427066450773,183,0.9704723173427006,251,0.9408576966940321,163,0.6421886347777215,352,0.7543656552205158,252,0.8310170909102237,215
5987450.0,1753750.0,1,0.9999999993752633,451,0.8984364618777807,201,0.7389074985655428,140,0.6100008776488689,1066,0.5762515064944254,53,0.6033200010180979,184,0.964125384612473,553,0.9260531836463664,400,0.7419616274836924,146,0.8559582018897383,42,0.8061290944805871,351
5985250.0,1751350.0,1,0.9999994710230402,1023,0.8967660762823918,335,0.7394250778475038,133,0.627948527773446,383,0.5342252433477205,187,0.6032880049529945,185,0.967026066520755,410,0.9329796897542892,259,0.4098606634370954,4130,0.7531309295193943,257,0.5901933967041422,4975
5989550.0,1756250.0,0,2.8513271798354562e-11,18571,0.6472011793005578,5002,0.5564000499588537,5426,0.6258126409212765,443,0.5223768174200687,260,0.6031402746955054,186,0.6379959641805671,5479,0.5955000297903971,6723,0.6403947800473678,356,0.7932667372550177,134,0.646460861867088,2999
5988450.0,1752150.0,1,0.999999999242315,472,0.8923099701839654,599,0.7400306077111948,123,0.6271055751300046,404,0.5701018310847796,62,0.6030515851830325,187,0.9604774896011856,737,0.9185063025851005,614,0.8255751526272792,49,0.8670208170328204,31,0.7766685684357459,596
5985050.0,1753550.0,0,2.7101096756097876e-06,12810,0.6467327412831947,5023,0.5905545042239005,3271,0.6168636929732959,731,0.49444420656371446,495,0.6030290648604283,188,0.6662668980674323,4192,0.6963494744225016,2910,0.5986177397099118,528,0.7509171922882348,269,0.8147430417928497,297
5988050.0,1752150.0,1,0.9999999987903156,501,0.8927754119251036,584,0.7425447145848529,88,0.6431366950093632,85,0.5125479456594868,329,0.6027132339044535,189,0.9610433918695663,711,0.9187190447331052,609,0.8344839153382662,35,0.729254547240857,369,0.7552050425428796,831
6008750.0,1736750.0,0,0.003972706264993908,5850,0.49008852258782337,12796,0.524986067694522,7972,0.622018004838154,559,0.4898358543868273,538,0.6027047928702789,190,0.5042902517868482,11524,0.5644329741097236,8222,0.5763165883932226,664,0.7249135770515611,400,0.7984415008823,400
5909650.0,1770550.0,0,3.9872371258599484e-07,14015,0.4940829625699995,12599,0.49916731002038783,10284,0.6132382036621508,891,0.4713129605837615,723,0.6023389966040481,191,0.4677164394179245,13187,0.5300598020013502,10048,0.4670615151434687,2293,0.7027887371760333,535,0.78795991292447,482
5986650.0,1753850.0,1,0.9999999999938243,164,0.9006338750286852,108,0.7564231143561924,8,0.6489584799812564,53,0.4596674588265914,864,0.6023013101262675,192,0.9742131483755382,139,0.9557462772665924,68,0.8235395524321044,50,0.7109402051700603,484,0.7038828744618156,1665
6034450.0,1711150.0,0,0.0002234647464639779,8882,0.7171859710453363,2075,0.656097551283392,1397,0.6418551150736194,99,0.43257863310837247,1300,0.6020356132785725,193,0.7253200133616111,2174,0.753681505150089,1858,0.5148765635864169,1294,0.49969512690058093,3807,0.5156887596288706,7853
6033150.0,1711050.0,0,7.059603982168087e-14,20464,0.5774894780157226,8521,0.519246873708662,8475,0.635789340880548,181,0.512071586623305,332,0.6017565578805404,194,0.5848024652538584,7886,0.5366538799318887,9702,0.3994530943691287,4542,0.7461782098728911,290,0.47693439177649743,9054
5987950.0,1754150.0,0,0.00025711650438571635,8732,0.6649314792187382,4069,0.5589892540984761,5230,0.5988691379936555,2026,0.6287838816434717,10,0.601695615460309,195,0.646995839183985,5054,0.645022186294398,4639,0.3408771069452654,7352,0.8803493100861289,26,0.798774309677698,396
5997350.0,1747850.0,0,0.585855028958192,1773,0.7324121607687732,1753,0.66205238027817,1310,0.6208953715663574,586,0.44639533101216206,1060,0.601535696399553,196,0.7550533565593999,1731,0.7891749873832858,1609,0.5308345216955928,1062,0.6356266057314985,1157,0.7778965730368681,574
5942650.0,1760050.0,0,3.531088469522755e-05,10782,0.3024064836137483,21354,0.3918364599559541,19043,0.6205773436665669,602,0.49526234673463415,485,0.6011623890114223,197,0.27014799492074115,21231,0.34637448209437494,19812,0.5706723380235325,698,0.7299880860518069,366,0.7018016766522501,1716
5995850.0,1748850.0,0,3.973824959098042e-12,19260,0.48705091701606396,12947,0.44809646677864734,14952,0.641443673932943,104,0.419628619361547,1545,0.6010052330700187,198,0.4837429340959749,12454,0.4924387875511429,12292,0.32426828273400754,8361,0.6933238079311104,599,0.6743676888623178,2273
5989450.0,1753750.0,1,0.9999999999458247,288,0.8901894229817469,736,0.7260631376339187,399,0.5995116243784134,1948,0.5499579741834055,128,0.6009858934748282,199,0.9583993877386562,858,0.9124210176608756,798,0.7896972857256264,84,0.7809240021678829,172,0.8230931832416495,260
5947450.0,1763450.0,0,0.0006924643816896048,7705,0.3566762549979187,19405,0.4473272599466633,15027,0.6184731335433331,675,0.5315419515547847,198,0.6008573366204196,200,0.3178036345566866,19857,0.38330182558226134,18355,0.43042384187756,3372,0.7044068138982708,523,0.5559683952010533,6349
5989850.0,1756750.0,1,0.9999999999960616,137,0.9218159033628606,3,0.76351474750204,2,0.6415500442321369,101,0.49712902173956475,465,0.6007383790068178,201,0.9989740453912922,3,0.989658439119268,2,0.8394854915891818,32,0.6842489982262909,684,0.8104744507751277,331
6037250.0,1693550.0,0,0.093636475553581,2818,0.5824000299102786,8255,0.5981526172666978,2926,0.6413208675402315,106,0.4540826020209899,960,0.6007150633936955,202,0.5984969858897192,7252,0.6592898965898871,4110,0.7661719511830896,109,0.689873254595483,626,0.8461170105557756,148
5995750.0,1748750.0,0,2.2754465546990947e-12,19448,0.3297432043138982,20574,0.36427085755508815,20357,0.639871519438046,122,0.45687869822840615,915,0.6006793909990468,203,0.2913960873091781,20760,0.3390779808587646,20055,0.4937694212367614,1673,0.689697986752298,629,0.5649304042867921,6006
5984850.0,1752050.0,1,0.999999972666403,718,0.8988267064901748,167,0.7346397479871205,219,0.6327349293650617,255,0.42736615945320955,1395,0.6004308589158611,204,0.9678352447060348,381,0.9257550561458099,409,0.4182372868092932,3796,0.694493922600599,593,0.61468498935733,4009
5903350.0,1752450.0,0,0.9704231988417534,1485,0.7236760600190546,1913,0.6497795661136326,1519,0.6306027766515039,306,0.42440079339985487,1443,0.6004075490908222,205,0.7546677038349615,1735,0.7986300002317183,1582,0.5744437823759744,675,0.6399702617077192,1092,0.8137085772477184,310
5988250.0,1754050.0,1,0.9999999999617712,274,0.8902308091739942,730,0.7334686376203307,243,0.6103601194862098,1044,0.48098761346781904,623,0.6001852812450549,206,0.9587592383999002,842,0.9144165812684606,739,0.7233603122631136,173,0.7725647592830199,199,0.8129918724035925,315
5986250.0,1750950.0,1,0.9999999987428176,508,0.8989805610800168,157,0.7429228750300395,80,0.6264767674965268,424,0.47752859029528016,651,0.6000555749494764,207,0.9710445790274229,230,0.9411132971704853,160,0.7088120494250107,195,0.7481686989277835,278,0.8155207568787824,294
5986950.0,1754050.0,1,0.9999999999974636,114,0.8998510293351216,122,0.7479158904218643,46,0.6339622577690034,222,0.5381741861226488,170,0.6000023213444753,208,0.9685430999987562,351,0.9423265548270194,152,0.8516528161641825,28,0.7976169187330758,125,0.7976990276334353,410
6041750.0,1736350.0,0,1.6040239379393088e-08,15766,0.4596747598966644,14296,0.4906809765146517,11072,0.594909812080623,2568,0.5373800955323851,178,0.5999887764146196,209,0.46114916576222165,13491,0.4694930345144752,13632,0.2632687468741516,12662,0.7173430506923557,446,0.3904673555304282,11663
5984450.0,1750750.0,1,0.9999970676883354,1152,0.8815571725285228,1132,0.7270750030623976,369,0.6137452176258282,868,0.49144760944235905,524,0.5999871284033239,210,0.9517108390072953,1124,0.9145257607948055,737,0.40164899949232913,4465,0.6646917127586938,864,0.5990457551492001,4612
5988350.0,1751650.0,1,0.9999999999810092,230,0.8968220717651224,332,0.7386146801801503,146,0.6216684738787416,569,0.48684539414886313,560,0.5997863474192052,211,0.9737846741991326,154,0.9238024944449698,469,0.8311946342333336,40,0.801857712623678,119,0.8195635436393616,272
5985650.0,1753550.0,1,0.9999999999858067,209,0.9003721918395652,110,0.7446036543590725,70,0.634286300653268,209,0.45466678228776525,947,0.5997830901289973,212,0.9741558522301447,140,0.9525849141930849,81,0.844662749675667,31,0.6873161644742345,653,0.8921174594919148,65
5988650.0,1756750.0,0,1.4841488481882492e-09,16895,0.3238298199619264,20778,0.39881818878294817,18678,0.6215508511781186,572,0.5373933392044286,177,0.5995467107169893,213,0.31655237196477826,19905,0.3941932438021176,17849,0.6837016592592472,235,0.8065736719426736,103,0.7497786867036751,914
5999450.0,1749650.0,0,4.155130236720276e-05,10644,0.5630513216846914,9279,0.5037624223836416,9861,0.6255929354660069,455,0.46972088988505406,736,0.5994731167658423,214,0.5319627810289649,10311,0.5290591447039338,10099,0.3000789444458114,9979,0.6767512411683027,752,0.7403833624407068,1041
5972050.0,1774750.0,0,0.000265520142866789,8687,0.3839519126502279,18054,0.47153271138105773,12887,0.6173168060690742,714,0.5266313917629951,229,0.5994495124969301,215,0.38538617198535974,16956,0.4676737958602487,13725,0.6646654515284172,283,0.8435624505979262,52,0.8180202372775509,279
5989850.0,1757950.0,1,0.9999999886823442,651,0.8925789529523639,593,0.7517001975579508,27,0.6491893838983145,51,0.42834731543047083,1380,0.599306765418802,216,0.9639426082254814,567,0.9637324932465219,36,0.684909516461564,233,0.5252147491458872,3099,0.7868226919405403,493
5906050.0,1742450.0,1,0.9999999249659121,818,0.8873479113758815,905,0.7117396685327003,726,0.6116408042370286,978,0.5026422412112629,416,0.5991916543513267,217,0.958637045360007,849,0.944691484619516,137,0.6072531094876549,490,0.7478804321560275,280,0.889492893129797,69
5987250.0,1751550.0,1,0.9999998470295789,887,0.8963217642321929,381,0.7198212042825566,538,0.6112410642691355,1002,0.5701194516385584,61,0.5991622715761737,218,0.9633569236617233,599,0.9206631287329182,546,0.578685819286638,644,0.8170668749437161,85,0.8031359709729173,370
5988350.0,1753050.0,1,0.9999999997162914,388,0.8916635323326163,643,0.7385705748129068,147,0.6208185191343503,594,0.5264208746398692,230,0.598578889558246,219,0.9598325257001101,776,0.9167322164049618,661,0.7972211758393237,76,0.8279768670104063,73,0.7980511215276095,404
5985150.0,1753650.0,1,0.9999999995622673,426,0.8974661869300883,284,0.739588246598699,130,0.6115148067100624,989,0.5095387104277218,355,0.5980325673181458,220,0.9654948609207514,485,0.9327286317413233,266,0.6947175726983539,216,0.7712063757959278,204,0.8426345024151234,161
6033650.0,1711150.0,0,0.0006913228914947451,7707,0.44049027870040075,15213,0.5087460719318003,9386,0.6544219277751,26,0.39199721608434995,2173,0.5977821938772432,221,0.42282224323863316,15230,0.48134004021526866,12906,0.34895317357293454,6909,0.4120504204381408,6542,0.4742650739757166,9139
5986050.0,1752450.0,1,0.9999999996196554,408,0.8987051250302239,180,0.7339074775986587,233,0.6077934085741565,1204,0.5339422056922158,190,0.5976950765228551,222,0.9698173728548567,285,0.9363581198652566,204,0.6574864008405074,303,0.8218449569376334,82,0.8263440692119499,237
5988250.0,1751650.0,1,0.9999999999858917,208,0.8965748681480942,355,0.7378854523662262,166,0.6221743208219795,554,0.43488543273690744,1250,0.5974357748780199,223,0.9739820555363788,149,0.9239293379039748,466,0.7692876192651585,107,0.7202506185480229,425,0.8266195310430926,236
5987450.0,1754650.0,0,0.09496215639150869,2807,0.6883316374135297,3009,0.6374107085922912,1769,0.6269862122476558,409,0.515960217064431,303,0.5971311091902419,224,0.6986391239475637,2905,0.7466990160452538,1947,0.7821301432749879,96,0.8110233642316207,95,0.7929267666195239,437
5985450.0,1750650.0,1,0.9999989227763955,1090,0.896444821372096,367,0.7384953027715591,151,0.6226110930262762,537,0.5215395993286042,263,0.5971138402511814,225,0.9665394345294425,429,0.9315839691054627,291,0.4032643672119156,4383,0.7212247594896509,420,0.5818830487455453,5326
6005250.0,1733550.0,1,0.9996616835666332,1248,0.7915585872426724,1311,0.6840837639447014,1128,0.630517832067935,309,0.5420347815552542,153,0.5969719813691191,226,0.8225941010999966,1318,0.8457862733260744,1261,0.5850990997810135,602,0.6609410115851903,889,0.7490758642135636,923
5984750.0,1753050.0,1,0.9999996678653162,972,0.8977237300317558,261,0.7322808153666154,266,0.6105984187495549,1034,0.5149388239808442,313,0.596850549134399,227,0.9624421009359787,639,0.9165456356967777,669,0.40295728465498093,4399,0.8105078408996345,97,0.6066447526584632,4304
5992250.0,1748350.0,0,0.0008388777524922468,7497,0.3822453439430796,18140,0.46154831113766753,13763,0.6209223662065588,585,0.4934210310555034,502,0.5966165412045323,228,0.3799902781917057,17219,0.454410076188686,14533,0.7360159414988678,156,0.7350891206250123,334,0.7807837712520407,545
5987950.0,1754950.0,1,0.9999999999996707,41,0.8904722219108699,714,0.7389000969800517,142,0.611715400666595,976,0.49046285343265683,531,0.5966075293442386,229,0.9624899711676802,637,0.9323122555067302,279,0.6922721275389365,221,0.7698423792955185,209,0.9207830555466431,40
5985850.0,1750750.0,1,0.9999999881492855,653,0.8968298707513953,331,0.7402875458617258,121,0.6298797039095024,330,0.5080736603822248,368,0.5962280009773206,230,0.9689937189734938,327,0.9394876459182918,171,0.6915117502733201,223,0.7359900056480329,331,0.704074045538267,1660
6034250.0,1710550.0,0,1.443325086618318e-14,20799,0.40964510509546953,16781,0.4354888559212797,16030,0.6134630125977835,884,0.5019225284597759,423,0.5961072230688801,231,0.41145998272396045,15747,0.4580269749642236,14307,0.44395238916994706,2949,0.7061387394188945,510,0.4981568916820087,8417
5988750.0,1756150.0,0,0.00945483798794888,4983,0.7094967642931143,2257,0.5974401940703613,2955,0.609054336417313,1125,0.4967594274884727,467,0.5960503059341764,232,0.7229654754239982,2220,0.725069037728919,2258,0.36182188884699595,6237,0.7510945219490227,268,0.8779509245724626,89
5944650.0,1797150.0,1,0.9999999478283995,784,0.8966405538124292,347,0.7363336390342502,195,0.6357025232427562,185,0.3921764498901062,2168,0.5959736269541687,233,0.9768115867203421,100,0.9337342857254919,247,0.8006050872769437,71,0.6272124752622577,1261,0.8552755774482198,129
5904750.0,1740850.0,0,0.0029729438245135503,6149,0.5494073349804329,9966,0.5674101995785283,4684,0.6142747835062135,847,0.45571204547314065,933,0.5958783080912129,234,0.5724895095616458,8461,0.6404980516376619,4843,0.6026863864821635,516,0.7360814320175184,329,0.8783892156176416,87
5989950.0,1753350.0,1,0.9999999999941076,160,0.895900432986692,402,0.7324903071951522,261,0.6045560807863004,1428,0.5672633063099454,71,0.5957021900243015,235,0.9710178824814552,234,0.9173834273883497,639,0.7547721400167124,130,0.7504650317414798,270,0.7933083020008761,435
5989450.0,1752250.0,1,0.9999999999969051,126,0.8946841360407608,498,0.7305795856924868,296,0.5899202581902311,3418,0.5206152276852425,273,0.5956616080237314,236,0.9716321075997276,219,0.9210291738901719,534,0.6098892713926752,477,0.7667868266572271,219,0.8274556358151333,229
5988150.0,1752150.0,1,0.9999999998748035,324,0.8978795594700305,242,0.7428475147989065,84,0.625055664158602,472,0.5040561620574129,397,0.5955214095906277,237,0.9744050604507187,135,0.9247870265718143,437,0.804559280366188,67,0.7529496560135669,258,0.8045019310188507,360
5985650.0,1751450.0,1,0.9999987841441204,1097,0.8971379386268195,309,0.7443651535813876,71,0.637509575456908,151,0.471316294216997,722,0.5954496748253075,238,0.9670575903590118,406,0.9313261459228396,298,0.40314145290540737,4389,0.7008052119314371,544,0.5735087360431446,5681
5987650.0,1755350.0,1,0.9999999999989433,77,0.8900460751034622,745,0.7359009773356274,202,0.6088727804299043,1138,0.44569463009272464,1070,0.5954283652404203,239,0.9624208460608671,641,0.9315684624301495,293,0.6169104867591015,441,0.7458116978850793,291,0.9475400683617227,19
5986550.0,1750350.0,1,0.9999999980706991,532,0.8973919052828994,289,0.7331936103215037,251,0.6148191632872626,812,0.4863903572985172,566,0.5952003154750052,240,0.9643768669459348,540,0.9252493668905932,424,0.73713611074966,155,0.7863441156848495,158,0.820918354928768,267
5989650.0,1757250.0,1,0.9999999941673599,602,0.8930100852363229,575,0.7539919959392717,16,0.6559985804846836,22,0.4294269144933046,1354,0.5951792377689776,241,0.9641357167409639,551,0.9640871881872559,35,0.6505226787128268,323,0.49088518812531035,4058,0.7591693150232158,789
5984650.0,1752950.0,0,0.000279076622172669,8628,0.3825348795053019,18117,0.47071050689063615,12960,0.619673229673754,637,0.4850536642936878,575,0.5947990439224657,242,0.38898139001400933,16783,0.4615587377824485,14098,0.35485472659504014,6581,0.7735642001175588,194,0.5652852752784129,5990
5993750.0,1748950.0,0,2.034989568495813e-06,12994,0.5522294437690006,9832,0.5275634952765333,7749,0.626382018448741,432,0.5032007031583244,407,0.5946674398206674,243,0.5385052659486156,10030,0.5812222933813683,7432,0.6061136644208904,496,0.6824905869428473,696,0.7359118142993891,1109
5904850.0,1740850.0,1,0.9999999999999167,17,0.8896330775469063,780,0.7282401317226406,338,0.6264009833010933,430,0.4691503685354531,742,0.5944087594505076,244,0.9648721563515891,514,0.9159767547403916,688,0.7487707543575742,136,0.7390754151635506,320,0.8804562382369497,82
5989450.0,1751050.0,0,1.0653058082518063e-05,11817,0.5626841776284156,9311,0.532075978755784,7351,0.6019754250904982,1686,0.5327418754250526,194,0.5943475048994749,245,0.5365145404346696,10112,0.5621993539489579,8344,0.4668793311808397,2298,0.7519837384910466,264,0.7444825458925868,981
5986850.0,1752250.0,1,0.9999999905850364,634,0.8966678279770505,343,0.7248499965202582,422,0.6130193274009967,900,0.4003183708453128,1958,0.5942114042959383,246,0.9693953660042768,299,0.9327197703479237,267,0.59520642926327,544,0.6688633935027766,815,0.8314446757741597,213
5989050.0,1754350.0,1,0.999999999999994,2,0.895633776106098,423,0.7383000361385804,155,0.6007061407469589,1837,0.5023155119194647,420,0.5941779817043407,247,0.9759267818413855,108,0.9383300595613286,184,0.672405203525106,262,0.7680897411919969,213,0.9346603241107648,32
5985050.0,1753350.0,1,0.999999999706483,390,0.8967102246702174,340,0.7408017756541015,113,0.6151226766691904,794,0.5158388688099023,305,0.5941671816770453,248,0.9644829195503641,536,0.9318940011130048,285,0.5700757152949171,707,0.7141048697069677,466,0.7008466870872556,1737
5985850.0,1750650.0,1,0.9999976004999647,1137,0.8975457666502987,277,0.7365423341168896,191,0.6217516621861398,566,0.5431725882788795,148,0.5933195647704445,249,0.9670329894915983,407,0.9297548872286481,325,0.40311383414348967,4391,0.7966677804917226,127,0.584187411598112,5214
5989450.0,1752050.0,0,3.7665678876691886e-07,14047,0.5659222245901457,9121,0.5166472672477328,8710,0.5972042490130018,2250,0.5414988960377916,154,0.5933100637655524,250,0.5722078728242473,8475,0.5783568780435571,7571,0.31011034658187475,9267,0.7589127816528651,237,0.7511491541623382,894
6008150.0,1732950.0,0,0.001057716109782105,7244,0.476782034647518,13416,0.5359114809689142,7019,0.6204536262106779,608,0.4115615927801018,1723,0.593276324733725,251,0.4791590060681499,12681,0.546916457715313,9157,0.5819074501332129,625,0.6595344303669477,903,0.7917271971428854,450
5983450.0,1750950.0,1,0.9999999804248904,691,0.8967133693406057,338,0.7263334387372572,392,0.6198070791260519,633,0.49861224925539477,453,0.5931869667120203,252,0.9661675935695094,452,0.9242504602690643,457,0.4067697978810687,4251,0.6902810348165133,623,0.6024632040283137,4463
5994250.0,1749650.0,1,0.9999999999935432,167,0.8910870087901032,672,0.7343302225679075,225,0.6641420621646008,8,0.35491176069612884,3447,0.5931489942565138,253,0.9640352303110351,561,0.9051125035991212,973,0.7696263678916438,105,0.5427649421346626,2714,0.786596430340856,498
5995550.0,1748050.0,0,0.09914689936841001,2772,0.6400099071641657,5333,0.6300289396935004,1895,0.6573028385495642,19,0.31117073969964665,5525,0.5930392554140352,254,0.6702661326615102,4010,0.7170459216690885,2417,0.6482961785583505,332,0.5214247001094967,3192,0.7685858359655351,688
5903650.0,1740150.0,0,0.017668386337495522,4331,0.7275252195653081,1830,0.6650527976190576,1275,0.6091020815668381,1123,0.4361428732997259,1231,0.5929767215101487,255,0.7455371198763486,1862,0.7893073211438884,1608,0.5527483845961697,838,0.717131522697653,448,0.8750239379619407,97
5982850.0,1752950.0,0,0.024463021450146425,4001,0.6890418829507555,2985,0.6156087427338247,2280,0.6303865039826126,316,0.4271915306081317,1400,0.5928993276812546,256,0.6862446479690801,3352,0.7035413760628275,2727,0.6603851581963863,295,0.6882527539433072,641,0.8029126154258323,374
5909850.0,1758950.0,0,0.1592948535185185,2472,0.6869118866745824,3058,0.6154339754390928,2285,0.6166739617399403,739,0.5086109712522509,364,0.5922674268087491,257,0.6954294874125387,3035,0.7302246126215479,2187,0.5857595819382337,595,0.7391385678160932,319,0.84149268343167,168
5989150.0,1751750.0,1,0.9999999999984164,94,0.8955298617196655,433,0.7307961629268299,291,0.5990692462185448,1997,0.484934263359692,577,0.5920405199726114,258,0.9722355516173056,203,0.9196453115981995,580,0.7152911428419493,183,0.7795638905721423,176,0.823742292202002,254
6003150.0,1760450.0,0,0.0009921734227568604,7318,0.5734471892023889,8730,0.5950651842069133,3063,0.6264577245677461,426,0.44199103846815546,1137,0.5919037962180318,259,0.5956948014852765,7404,0.6626691250661582,3989,0.762445855024896,118,0.6817433518548726,705,0.8680567010122864,108
5989850.0,1751450.0,0,0.025521326534724723,3960,0.3711016338226418,18683,0.46061893468615,13839,0.6047749166291048,1413,0.4643756047406506,798,0.5918488342743349,260,0.3781212088231807,17304,0.455599953400478,14460,0.5704771522658338,702,0.7266430040322911,385,0.7788569499884912,567
5945350.0,1764450.0,0,0.0006946656705195592,7697,0.5382073975255011,10475,0.5569149787436245,5388,0.6466119695990248,63,0.353585640218889,3500,0.5917545006084997,261,0.5541633311513069,9328,0.6100990292388112,6083,0.496170380532326,1642,0.6126996530685054,1447,0.6660985531205059,2464
5986350.0,1752150.0,1,0.999999999398745,449,0.8994524297678814,133,0.7421212183713748,95,0.6377831078264059,147,0.42735835670108857,1397,0.5915338252484212,262,0.9699657614318519,280,0.9347906875462137,230,0.7834069076279925,95,0.6813539108059817,708,0.7913773573466236,451
5985350.0,1751250.0,1,0.999999916470003,829,0.8971868571371745,305,0.7347471595685017,217,0.6294552201130673,341,0.43112696122652916,1321,0.5914474564981728,263,0.9670287988690047,408,0.9271705970130151,372,0.4076172426102559,4211,0.7133264093622005,473,0.5919767820629964,4889
5987650.0,1752150.0,1,0.9999999994495912,437,0.8914934397578067,650,0.7283089467868967,336,0.6159237203603085,765,0.5195145712536227,278,0.5913817467881849,264,0.9597570930627626,780,0.9129511755617158,770,0.6629255973669381,291,0.7928085479548209,136,0.8130493678049466,314
5992250.0,1747850.0,0,6.019527504873403e-13,19876,0.5932680033096274,7680,0.5243006306167234,8025,0.6315755425044719,284,0.5274157232827911,219,0.5913476990757228,265,0.5825525542009197,7993,0.5577398666061278,8565,0.5387693079588043,963,0.6636702707659263,870,0.5597361392423383,6206
5908750.0,1758950.0,0,1.309747463540071e-12,19618,0.5170393170256047,11488,0.4681963173630263,13166,0.6246444411174124,482,0.5756795372789127,54,0.5913439925648478,266,0.48904253678835463,12207,0.4874977233804658,12591,0.3914519838938132,4869,0.7993088657353654,122,0.5124560765779309,7948
5987850.0,1752250.0,0,3.3778267660616545e-05,10823,0.5721723977789801,8790,0.5651878401263555,4828,0.5971220867900052,2261,0.5807609961411843,43,0.5913005298164604,267,0.556318519508944,9224,0.6049224953867188,6330,0.5025835806975592,1508,0.8825776102367592,23,0.7645329580311157,734
6007750.0,1731750.0,0,0.011380719741565851,4805,0.5548388798706695,9708,0.5531970546689913,5656,0.6318664853366012,279,0.4097789287650943,1763,0.5912830380584652,268,0.5605313323198066,9031,0.6049098082865196,6331,0.4241943308198878,3582,0.5686344187228864,2163,0.7298396259597038,1198
5986650.0,1750950.0,1,0.9999999991477786,480,0.8992399462830765,143,0.737699189963834,170,0.6256507456363554,451,0.44421190673424105,1093,0.5911694666788322,269,0.9704168681795489,254,0.9357703743664694,216,0.8139766378025288,60,0.7101878386239355,488,0.8138050407111864,307
5983350.0,1750750.0,1,0.9999998379503666,895,0.8945330271238373,510,0.7286407784954116,331,0.6211379800086386,580,0.4633583339761086,812,0.5910981370937555,270,0.9649658965890564,507,0.9248963934845109,433,0.39657029632111707,4678,0.6381724644629176,1111,0.5829801610499366,5281
5985550.0,1750650.0,1,0.9999986106045424,1108,0.8967583837892255,337,0.7390991385744806,137,0.627103734313474,405,0.4998193179762492,443,0.5909456133754013,271,0.9664068864465696,438,0.9292233448667334,336,0.39801963074522406,4610,0.7199652423733548,427,0.5726733062539389,5705
5994150.0,1749150.0,0,0.002695792931941084,6258,0.3206283981172898,20877,0.42527955103816195,16861,0.6415473441999022,102,0.40873659377062505,1783,0.5907533925718045,272,0.2975553639544223,20598,0.37614464388576274,18674,0.6295353307123843,401,0.6517789491682544,977,0.7500517981736143,909
5908150.0,1747550.0,0,0.0006247225529613634,7810,0.5402360873354435,10375,0.5195003333836012,8453,0.6087405923920197,1142,0.4230316660643829,1473,0.5907096632479676,273,0.5330558130108096,10264,0.5560078081509131,8653,0.3454191307024923,7093,0.6487804336154261,1006,0.7868061550112941,494
5997050.0,1749550.0,0,0.0005588240587154648,7913,0.4743699348900403,13547,0.48286320914579783,11830,0.6343215399490066,208,0.4536696700626774,961,0.5906908388739196,274,0.4448544833423538,14241,0.4798173624915081,12997,0.4876698779825457,1817,0.6450326785820917,1033,0.731634733543188,1171
6003550.0,1760750.0,0,1.333277431463629e-07,14631,0.6970887843792194,2668,0.6104291864815177,2473,0.5983051267658934,2099,0.6005650954869801,23,0.5906308716458165,275,0.6975158846025858,2946,0.7254630565955592,2253,0.5687648864858458,714,0.8960155924958467,14,0.8093840041783661,338
5989550.0,1757550.0,1,0.9999999892002206,644,0.8931653610215476,573,0.7515058831561209,28,0.6537448885684152,30,0.434863431114716,1252,0.5904933587092804,276,0.9642372513189263,545,0.9634984354425162,37,0.5993609476737701,526,0.4637187316138751,4886,0.7397275336392977,1047
5982150.0,1755650.0,0,0.6084938283157193,1755,0.6508448596200657,4823,0.5918153736979308,3215,0.6341426465658149,216,0.4286254453386867,1375,0.5904638478888928,277,0.6700462864990065,4021,0.7050889174968298,2685,0.685319969072254,231,0.6889027977175254,636,0.7766235924731167,598
5988550.0,1754050.0,1,0.9999999999650095,270,0.8904276917019008,720,0.7323497350053821,263,0.6085932083875015,1155,0.47474314305112797,681,0.5903736230856779,278,0.9584791470281959,854,0.9119486771908534,816,0.7610000081273669,119,0.7728851714071417,197,0.79910435792633,394
5984850.0,1753550.0,0,0.0004010806228143906,8242,0.5918558545242624,7757,0.5943730028137555,3105,0.5983948936759911,2092,0.5397850143251367,161,0.5903549888796873,279,0.6031820090562631,7036,0.6610815197752987,4039,0.6276158612440013,411,0.7896936054104329,147,0.811568192869812,322
5983050.0,1752650.0,0,0.006347261117967714,5381,0.5382553273852417,10472,0.5661978134354909,4767,0.6163228957430681,749,0.46415434380676573,801,0.5903008570083565,280,0.5658006309700023,8784,0.6189848523698807,5709,0.3698603718158546,5847,0.664930732670805,861,0.5838702603804792,5230
5988050.0,1752650.0,1,0.999999998965956,490,0.8914120625699862,655,0.729046616289276,320,0.589762568289007,3446,0.6261239289466066,12,0.5902673861621534,281,0.9602438115017765,756,0.9187548215785034,607,0.5784430601002629,645,0.9173878368677535,9,0.8165937466621321,285
5993650.0,1749050.0,1,0.9999999999546394,279,0.8893158526729436,803,0.7240423539127883,441,0.6293897218220936,343,0.4288008679387416,1369,0.5901798547447568,282,0.9624955381901836,636,0.9021896819854002,1026,0.6980210007311387,213,0.671243984214296,793,0.8023971733503523,377
5987850.0,1756350.0,1,0.9999999999987363,87,0.8958433983208939,406,0.7509568763937091,30,0.6311689553651991,295,0.46225381691799355,827,0.590155139741831,283,0.9762693221744351,103,0.9420337207450707,153,0.5250512711054232,1138,0.6761769757653775,756,0.6007739303338635,4546
5987350.0,1751450.0,1,0.9999999993545468,455,0.8983532691373354,209,0.7369428588360811,183,0.62315540800862,526,0.48965967503818786,540,0.5901432461033443,284,0.9645576909574436,532,0.9241241857602287,461,0.8227463405637296,52,0.7761739885662475,184,0.7971249415719304,413
5988150.0,1752750.0,0,5.148057603370199e-06,12359,0.41593454123745416,16452,0.46926376425962796,13068,0.6119913076448921,959,0.4581872041962066,893,0.5900339145741983,285,0.4207809955561028,15332,0.4579705084997926,14312,0.3317998088331061,7885,0.6078190028968151,1512,0.767672257348325,696
5986550.0,1751850.0,1,0.9999999993449418,457,0.8998753501289629,121,0.741943291309681,98,0.6304451907975199,314,0.4995849083299987,446,0.5899715627080524,286,0.9706388055332845,245,0.9370861477797066,197,0.7897274340212941,83,0.7821207669909441,169,0.7255993921067942,1273
6007550.0,1731850.0,0,0.00395700866707677,5854,0.5502531324813407,9924,0.5492196596506997,5957,0.6295123118779998,339,0.5025706417487678,418,0.5899464462290556,287,0.5519793866161831,9431,0.5997409541983931,6546,0.5229706413320683,1172,0.6330745971420941,1183,0.7447734912448998,978
5987650.0,1752050.0,1,0.9999999998487012,337,0.8897976562830887,767,0.7227096316447084,471,0.5897456026972333,3452,0.5699343331805858,63,0.5898632851214268,288,0.9588425618766356,836,0.9153001596825686,709,0.5565981154749748,800,0.8327944143649637,64,0.8232325076633696,259
5983450.0,1750750.0,1,0.9999999485555575,782,0.8945883936494031,504,0.7263600762612833,391,0.6162458037319597,751,0.4292199482644365,1361,0.5896417408237801,289,0.9652929429059564,495,0.9243794799847965,452,0.40231213680074296,4426,0.6404316427366676,1083,0.597222895720129,4676
6009350.0,1733750.0,0,0.00019618690816444807,9031,0.558253509776579,9526,0.5473438254467565,6092,0.5919647764717068,3047,0.5230338564496487,253,0.5896031913938586,290,0.5563614985544598,9223,0.603274526907809,6385,0.5511448294914564,855,0.7536629736720308,254,0.7838502547612571,516
5986550.0,1751950.0,1,0.9999999995783055,422,0.8996924265462469,125,0.7446895558933575,68,0.6350628799467463,193,0.45412668693774755,959,0.5895079362155962,291,0.9705362813509492,250,0.9374427944482404,192,0.7959067839234861,78,0.7256167957154331,395,0.6896486253785868,1932
6040350.0,1733750.0,0,0.005744547378161331,5492,0.3623574317884772,19101,0.4587488826500702,14001,0.603072393747729,1582,0.4710036170202738,725,0.5890974021307284,292,0.3330094800244725,19274,0.38787964619301674,18145,0.2810305789754317,11349,0.6235255383456837,1304,0.36938814397697617,12199
5986850.0,1750650.0,1,0.9999999947870555,595,0.8968707583676008,328,0.7416489379197363,101,0.6213653659402947,576,0.5277859146657434,216,0.5890904499691951,293,0.9638331943625728,575,0.9286272380216709,345,0.5988736100248282,527,0.7079030875639165,499,0.5513774623476114,6544
5986650.0,1750250.0,1,0.9999999626689035,753,0.8983665355163093,207,0.7321489182272926,270,0.6304990335821447,310,0.521359639383495,264,0.5890841937189764,294,0.9641175490782887,554,0.9206979867799736,543,0.4993491547934641,1569,0.7882960571596201,152,0.791981180576077,445
5986750.0,1750950.0,1,0.9999999992752335,464,0.8982002289647579,218,0.7338642470256195,235,0.6116301513145042,979,0.42430415011986006,1446,0.5889416187924641,295,0.9701979710136586,267,0.935847003159261,215,0.6634090979179862,289,0.724652461441591,402,0.8300043210710417,221
5884550.0,1761650.0,0,0.0016702197461444758,6772,0.4579165617048407,14386,0.5183177993217641,8569,0.6176409670055042,697,0.39345015047084153,2127,0.5888599240531006,296,0.453598194870126,13827,0.5265496231143791,10249,0.503866304694516,1491,0.6134799962679727,1435,0.7779044869788483,573
5989950.0,1756450.0,1,0.999999999998924,80,0.8894861192068979,792,0.7296516593867294,311,0.5814246139088275,5190,0.5651430034332987,78,0.5887640311850766,297,0.9666790999054745,423,0.9272473175509252,369,0.6274486201940135,413,0.8041134146409703,111,0.9098304084315972,50
5941550.0,1799750.0,0,9.578591011749246e-05,9786,0.6961131140275323,2706,0.5989831043067084,2890,0.6009357625943245,1808,0.5042318301472449,394,0.5885259606110127,298,0.7178421769762078,2335,0.7196813668149991,2366,0.33522998346377597,7683,0.7072844945583328,503,0.6195665310347913,3833
5989850.0,1753450.0,1,0.9999999999902409,183,0.8949925140668322,479,0.7276303865810989,351,0.5915949126470779,3112,0.5446990148887937,143,0.5884085368695924,299,0.9703227447955401,257,0.9149158064184677,721,0.7143969205581542,186,0.747484203853425,284,0.7984574007435556,399
6033950.0,1711550.0,0,1.0972801945519184e-10,18077,0.6652248506769597,4056,0.5983885140762851,2915,0.6465578064831513,64,0.5630929843884191,83,0.5883982009170277,300,0.6809164079568092,3568,0.6949436152206083,2953,0.3313852164362374,7909,0.5621214853132486,2276,0.27304738018055197,15026
5987150.0,1751650.0,1,0.9999998979700107,845,0.89844705626755,200,0.7221391755978182,486,0.6192828201250964,651,0.498552105354789,455,0.5883784951053742,301,0.9688342356744939,339,0.9269275933151706,380,0.5776048397354836,656,0.7416175366240815,307,0.7958707554548117,421
5986650.0,1751150.0,0,4.9964798921987205e-05,10447,0.5259841549441387,11074,0.5430064313628503,6429,0.6199646233304394,626,0.4076147454080444,1804,0.5883263242565905,302,0.5122770332712223,11174,0.5691490032321644,7993,0.596342854464533,540,0.6604430418986595,893,0.7775786485920346,580
5989850.0,1756850.0,1,0.9999999999914533,175,0.9202243094301403,5,0.7584020620620836,7,0.625249031177965,463,0.44783109679806243,1040,0.5882720389618066,303,0.9978514271128426,6,0.9863782482154285,5,0.826080604353961,47,0.6556370246049026,948,0.8603376402695675,120
5988250.0,1755650.0,1,0.9999999999999716,7,0.8968931662253737,325,0.7414291896670996,104,0.6166963378148529,737,0.4885224623859181,549,0.588268226507681,304,0.9760192059822843,107,0.9362469905182409,208,0.8143195128986057,59,0.7916526451319549,139,0.8525228975183617,134
5987150.0,1750250.0,0,0.002248918372023551,6442,0.4082849419274293,16853,0.491797736761042,10990,0.6257872432522305,445,0.4730829793475341,699,0.5880546933745449,305,0.4144532681032238,15601,0.48966645770756656,12447,0.7793585736067115,101,0.7264745919511477,387,0.7649607581400195,731
5986750.0,1752150.0,1,0.9999999989373463,493,0.8989814429116245,156,0.7442595766539326,72,0.6265551586416275,422,0.454490784729473,951,0.5880265365952602,306,0.9699132431132458,281,0.9367379873374589,199,0.680903830736156,240,0.7217687274833311,417,0.7236476186066556,1300
5987350.0,1753750.0,1,0.9999999996654882,400,0.897805002648645,250,0.7353615635178649,209,0.6067588262272179,1266,0.4639300061322695,805,0.5877460721253606,307,0.9637166476971968,587,0.9217318423213774,523,0.7377427335301612,152,0.7532688505242107,255,0.8083098448752336,343
6032650.0,1711250.0,0,2.5523389355218772e-08,15515,0.4427039841828581,15107,0.48297944057871267,11819,0.6289434235164633,350,0.4714548204580937,719,0.58761103564586,308,0.43801246170226116,14558,0.4939130834981409,12195,0.49925648249379884,1573,0.6189464265310888,1366,0.4975977266897189,8429
5986350.0,1753750.0,1,0.9999999999814957,227,0.8992224713746619,144,0.7456455850541136,62,0.624680144812013,481,0.4033208843758042,1884,0.5875469467158871,309,0.973895383591677,153,0.9532140986485941,80,0.6742297031863389,257,0.6291175348082109,1238,0.8578931857915518,123
5948050.0,1792150.0,0,5.820776466876202e-05,10303,0.6382769041893428,5419,0.6019339361743957,2762,0.6233295389960432,521,0.4030448508021255,1888,0.5875126697899368,310,0.639019604663531,5433,0.6842626917040318,3261,0.7586932017537407,124,0.6582522825831881,917,0.8051871644737525,356
5983250.0,1750650.0,1,0.9999998025815074,919,0.89662727520811,350,0.7249222314904484,421,0.619824862096087,632,0.48689722409176084,558,0.5874535845427387,311,0.965112973191877,501,0.9192303635785394,592,0.3915466835205562,4862,0.6325212097042258,1193,0.5797768279405997,5414
5986150.0,1759050.0,0,2.146905857273139e-05,11256,0.3333738837694846,20442,0.4081400561187469,18076,0.6016296182970047,1734,0.493492117543339,501,0.5873211274262148,312,0.31147301567861096,20114,0.3652458436332209,19117,0.33190556895467305,7881,0.7126956179778461,477,0.8325586114922088,207
5887250.0,1760750.0,0,0.003995663373887552,5846,0.4289625852516339,15778,0.44843920283386335,14920,0.5978355524018067,2156,0.42819289136055183,1384,0.5872389395938278,313,0.40036853949580564,16267,0.4288962934781887,16023,0.3239290738405428,8384,0.6090539291377615,1494,0.7490533106647654,926
5989150.0,1752050.0,1,0.9999999999972957,117,0.8947958260633442,492,0.7303000920718461,301,0.5902278378297706,3354,0.48018057698408884,629,0.5868883700778764,314,0.9716707731683273,217,0.9191464330406002,593,0.5934553587155602,553,0.739434549654336,316,0.8194611295382351,273
5986850.0,1754650.0,0,2.599686487648939e-06,12839,0.4873245044376304,12935,0.509850104312768,9308,0.6282145307557836,375,0.434419016962882,1262,0.5868425048243465,315,0.4715541662070106,13015,0.5389550817180326,9586,0.6375523183646479,369,0.6896729639155521,630,0.7965387570932798,418
5985750.0,1750750.0,0,1.6034059105003103e-13,20271,0.6637749159954969,4126,0.5535215394916271,5625,0.6140665432178507,851,0.5513565801680409,124,0.5867955041149626,316,0.6718762703471619,3940,0.6568219316300756,4211,0.3081771982997642,9393,0.7742445745311552,191,0.5241762018857034,7588
5986950.0,1753350.0,1,0.9999999977617751,542,0.9001130899752322,114,0.7479674291127247,44,0.6447077637108029,75,0.4550550996654295,941,0.5867361088828834,317,0.965360793970978,491,0.925680678289882,412,0.8196119093341794,53,0.6049023740365597,1550,0.6752938260589147,2249
5972250.0,1770950.0,0,1.6041290412285117e-09,16864,0.4773069658217826,13395,0.47386894703959953,12676,0.6201413570006391,619,0.5259897938994835,232,0.5865415415196347,318,0.4494724814157718,14018,0.4990733275367468,11866,0.6318661849662319,388,0.8016381060237762,120,0.6580076030137196,2659
6036650.0,1710350.0,0,2.9800375786001864e-08,15438,0.664579365743226,4088,0.5802655673472009,3848,0.638343692978099,137,0.46913731221780247,743,0.5864806884439265,319,0.6800757125063328,3605,0.6331423702613245,5119,0.49710438705044524,1618,0.625880343407691,1279,0.48754259496434926,8736
5998950.0,1748750.0,0,0.005409431014242777,5547,0.45971341906032687,14293,0.5080938724237591,9445,0.6132242342661747,893,0.4684149905706019,752,0.5864804389021365,320,0.461403669808901,13479,0.5220796700093817,10512,0.5302874519627565,1070,0.6441618824134693,1044,0.757984521001186,798
5987650.0,1752950.0,1,0.9999999999041385,315,0.8901615934476359,738,0.7331025105725305,253,0.602152536639487,1659,0.44661386095357725,1055,0.5864468686841503,321,0.9595833682538549,789,0.9164452145017191,672,0.6132512969325163,455,0.7331940406585153,344,0.815133223255038,296
6040850.0,1735850.0,0,1.1486001732933597e-05,11765,0.32738003684496486,20653,0.43363737252931756,16192,0.5991253068243997,1991,0.5387517718904699,167,0.5864441043067109,322,0.3236300715303927,19623,0.3827830536214176,18384,0.2913215222802521,10597,0.7002941557736453,550,0.3755608887017161,12042
5985650.0,1753650.0,1,0.9999999999927045,170,0.8981451814953708,220,0.7414368471803048,103,0.6194137760374054,645,0.44081931476821173,1156,0.5863864133088896,323,0.9680203560745995,377,0.9407278995276357,166,0.7544140295732822,131,0.72003216512374,426,0.8866649303667924,72
5985950.0,1753750.0,1,0.9999999999950417,148,0.8979770014333716,234,0.7427597116584228,87,0.6186077208220091,671,0.4583735371523355,890,0.5863462623730916,324,0.9678460628098419,380,0.9410638755639175,161,0.7140840730997744,188,0.7523749131796106,261,0.8235679871595205,257
5984750.0,1753750.0,1,0.9999999997967304,358,0.8972818358873217,298,0.738744360935046,144,0.6160190514336817,762,0.4819706141374257,612,0.5862138801279398,325,0.9646796963328309,526,0.9290049361215231,339,0.6698079858408119,270,0.7328525025021406,349,0.7392217808143198,1053
5989850.0,1757050.0,0,0.0003227696165979199,8444,0.4405872807448627,15209,0.5330521075707534,7245,0.6318095557367899,280,0.45806596178681536,895,0.5861535381856267,326,0.43934421691881187,14502,0.5317459936147374,9946,0.7940076050057085,80,0.6404232942835404,1084,0.7201764006190464,1374
5909650.0,1771150.0,0,0.000830823671673301,7510,0.5894219060654572,7886,0.578434808634539,3978,0.608972749644381,1130,0.4606926445155872,849,0.5858888653970531,327,0.5841211086833465,7918,0.6396290537458937,4887,0.6154336624980837,445,0.7276923919009493,378,0.7706376080788345,662
5989350.0,1753750.0,1,0.9999999999729767,250,0.8894251677644288,794,0.7214140193148477,502,0.5864989338217514,4063,0.5172803678818869,291,0.585768975376553,328,0.95753873773776,891,0.90870459249766,889,0.7428675097778298,144,0.7596399951020917,234,0.81370860166714,309
5988050.0,1753550.0,0,3.908198858305923e-10,17485,0.6892286081095375,2979,0.5956521016957185,3041,0.6226556939123649,535,0.5880374250537357,36,0.5855807495563605,329,0.6977275557057863,2938,0.6397925268775648,4880,0.6607114718959157,294,0.7447270442483318,297,0.5366643940934537,7124
6005650.0,1760850.0,0,9.956307311344162e-05,9742,0.35312776329616397,19564,0.4666920325612663,13320,0.6005697951489836,1847,0.5052294831307618,382,0.5854863114338126,330,0.3508680127260113,18510,0.44823993407562823,14883,0.6398449493416452,361,0.8024184596621489,115,0.8761214992789919,93
5987450.0,1757450.0,0,3.9330260964868094e-05,10699,0.34969954523761754,19740,0.43514264691387844,16065,0.6238261782269495,506,0.4293836112927637,1355,0.5854556423124845,331,0.3244607993655604,19591,0.40991741445410357,17069,0.6424458852847343,350,0.6502452027349251,995,0.8040784790421824,364
5987550.0,1755350.0,1,0.9999999999982883,97,0.8899571079641059,750,0.7343225276109951,226,0.6053146066290385,1381,0.4137916292876295,1664,0.5854085179491457,332,0.9623093475223324,643,0.9301481988172501,316,0.594578527192152,549,0.7030169615642093,532,0.9029105199768426,53
5988650.0,1751950.0,1,0.9999999961477521,573,0.8956471973100569,421,0.7254978505957416,408,0.6149827277654797,804,0.5087700938940196,362,0.585362508912451,333,0.9717599167398142,216,0.9146158228534875,734,0.5653663390959498,739,0.7746598377654953,189,0.6640152920144089,2518
5986150.0,1752550.0,1,0.999999999818461,351,0.8977975629194469,253,0.735657334160292,205,0.6073328081192655,1237,0.42487728796836527,1429,0.58533522069063,334,0.9693677541390873,301,0.9343459225491458,237,0.5776258272252186,655,0.7048614024828678,519,0.8159033536155453,290
5989150.0,1750250.0,0,4.923568663076325e-05,10461,0.4693580595845084,13796,0.4878912874285781,11361,0.602058985465667,1672,0.5476281427348533,135,0.5853220467299651,335,0.44981144103771764,14000,0.49059919515786476,12392,0.6532001061004445,319,0.7250454371873324,399,0.7337007035027382,1146
5987650.0,1753950.0,0,3.396290132385451e-06,12641,0.43219539561374914,15610,0.4691487913647801,13078,0.6037205796987997,1514,0.5736631005643541,55,0.5851952609427757,336,0.4366119158763022,14624,0.4982911745448133,11932,0.6313231878021318,392,0.8292530659067806,71,0.7226407258736178,1321
5987950.0,1755050.0,1,0.9999999999999756,6,0.8963305797720194,380,0.7394293235838593,132,0.6041694732679256,1468,0.4751702051011589,677,0.5851450931032998,337,0.9761690924183928,105,0.9369900514780779,198,0.7378186120439452,151,0.7806871374860275,173,0.9268272784342403,34
5999450.0,1744450.0,0,0.0030478304386109345,6115,0.5385360653540995,10458,0.5556271786993039,5474,0.6126400688632655,925,0.4593714401650236,870,0.5849757231062942,338,0.5296948559057051,10404,0.5811805688173881,7436,0.4876854226949746,1816,0.6268273446895839,1267,0.7490799675371222,922
6039050.0,1692550.0,0,0.0015755544765351393,6835,0.4386888992987684,15291,0.517422758326911,8642,0.6128250572921453,916,0.420986273669857,1513,0.5849676840771486,339,0.4221576578373665,15266,0.49964610208753046,11837,0.5631418491082161,756,0.7016303875294402,540,0.7889270401394657,468
5988050.0,1754350.0,1,0.9999999999988249,84,0.8913864567101768,659,0.729370168480826,314,0.6042559924872549,1458,0.4550084910050637,942,0.5848735492221381,340,0.9630369725228743,612,0.9279161861919308,360,0.8315906728242637,39,0.6941542935452287,595,0.8933839898310728,63
5986650.0,1751650.0,1,0.9999999954836276,585,0.8967788508627745,334,0.7191349257660249,559,0.5996604375284704,1935,0.44371489517503937,1104,0.58482488358075,341,0.9691005973838869,321,0.9301268129991682,317,0.5872519552363662,585,0.748783878693685,275,0.8223998691594151,262
5993850.0,1749850.0,1,0.9999999999954889,143,0.8901901586758431,735,0.7356717865657548,204,0.6448741388673719,72,0.34610802809943336,3833,0.5847175050568754,342,0.96318947665816,606,0.9047582773336638,985,0.6261855021690762,417,0.5921273278540403,1741,0.7905684051668938,456
5989650.0,1756850.0,0,7.005999517195592e-07,13679,0.4442032901205347,15039,0.4794957861315103,12174,0.5946673741274044,2600,0.52719601488937,220,0.5845551670039577,343,0.4478999363744689,14106,0.5100372389294439,11215,0.6209736104563048,430,0.8345507401161736,62,0.8663558765481645,111
6032550.0,1710350.0,0,5.1395250051405984e-08,15148,0.4687405467325087,13825,0.4793774449646578,12190,0.6173875501047078,710,0.5027790589866182,415,0.5845498969341388,344,0.4358422184799218,14652,0.4789506530904214,13064,0.4632476223475521,2397,0.7346275276440676,338,0.4641862791645244,9460
6003250.0,1760450.0,0,4.953159564144466e-08,15166,0.5341738449438881,10656,0.511375179533663,9155,0.5974245449169768,2212,0.6346126230028507,5,0.5845370973317039,345,0.5104170846246893,11246,0.5636014115410972,8266,0.5387693689970408,962,0.8640428475798203,34,0.7409700795806096,1031
5995350.0,1749950.0,0,0.06580433183011006,3138,0.5697093125333744,8934,0.5656635087056864,4801,0.6274084795944119,395,0.3620680777697794,3184,0.5844844227409556,346,0.5843255225940568,7903,0.6317963652840186,5177,0.5042262423984138,1486,0.6484013442660794,1010,0.7708934576217117,661
5985550.0,1750550.0,1,0.9999972075307467,1148,0.8959605227750632,397,0.7338506805568168,237,0.6093026933936013,1103,0.5233323200380637,250,0.5844706978418928,347,0.9659771737978942,463,0.9290055612300022,338,0.3929892372468714,4799,0.713591843683951,470,0.5751963763850548,5621
5987150.0,1753150.0,1,0.9999999996823001,395,0.8895927355068863,786,0.733632534343258,241,0.5978345356643525,2157,0.5090320217725155,359,0.5844069206966481,348,0.9585909344161354,852,0.9161969548684337,683,0.5521114579951694,848,0.7171131518615286,449,0.7937517030074335,432
5983250.0,1752750.0,0,3.4782321739083426e-06,12620,0.5115023941504963,11739,0.5166205748763404,8715,0.6047577171851809,1414,0.5628481235968245,84,0.5843169371026782,349,0.4954780305698324,11920,0.5379819491553495,9642,0.32894935626875654,8051,0.7051707771793756,517,0.542658448479535,6886
5984850.0,1752750.0,1,0.9999999450452784,793,0.8983260297656256,211,0.7352006893162076,211,0.6161730278981273,758,0.4277268527592377,1387,0.5841439463771774,350,0.9670039556589342,411,0.9235623777841656,473,0.3971329441004354,4653,0.7219347341739148,415,0.5912689556316154,4925
5972450.0,1770850.0,0,4.170203671929174e-05,10638,0.5329680933711834,10693,0.5414171907419314,6551,0.5994041847302644,1954,0.4765693814906393,663,0.5839324336046755,351,0.5195272446683303,10844,0.5591557041157993,8494,0.5418886356526016,940,0.7849816678788875,163,0.7843502177702395,512
5988150.0,1752550.0,1,0.9999999988819379,496,0.8919478315078785,621,0.7343436447490769,224,0.6134741323538311,882,0.5177763763707601,290,0.5839161813588185,352,0.9601338901825638,761,0.9148236463927077,726,0.7151433866584105,184,0.7631407262892586,225,0.795760224611973,422
5988850.0,1755450.0,0,0.0009766723311580806,7338,0.46933216528736244,13798,0.5251010580902359,7964,0.5937705669315553,2748,0.5581222997605205,99,0.5836206738603397,353,0.4648980704031058,13325,0.5419842544662188,9408,0.43181338289214866,3331,0.8588364874065804,39,0.8165391415451682,286
5987950.0,1751650.0,0,0.00023444684570863295,8830,0.6123555776101939,6737,0.5769141624841876,4058,0.5894351225045967,3496,0.5687241293095702,67,0.5835394544414115,354,0.6249486280030392,6071,0.6690476529769473,3760,0.5705249159385299,701,0.8140476108608721,88,0.7792866663200695,562
6008950.0,1762950.0,0,4.4272724937958387e-10,17417,0.6044466357623773,7152,0.5229906607499211,8136,0.6493840669514563,49,0.4760629777288181,668,0.583437746832398,355,0.600573685749666,7154,0.534467059161525,9799,0.4428760231123463,2979,0.6822163566720731,700,0.4988477653210559,8391
5985050.0,1752750.0,1,0.9999998681397871,870,0.8990303292227517,154,0.7399317583038507,125,0.6238836936484385,504,0.45686447625482873,916,0.5833797534182101,356,0.967270109770134,396,0.9250327304792606,432,0.392093918107972,4838,0.726834261905825,383,0.5706098442712233,5777
5986750.0,1750850.0,1,0.999999999295063,462,0.8974980521508455,282,0.7303694191868486,300,0.601750949568608,1723,0.4353365136593397,1244,0.583188326345028,357,0.9696270066727366,289,0.9342234719437548,239,0.6054517608396327,501,0.7240441845127341,404,0.8274403378541799,230
5988850.0,1751550.0,1,0.9999999999975469,110,0.895378123224225,446,0.7299096685488565,307,0.5922886070970829,2991,0.5504633330958313,127,0.5831679509564834,358,0.9720661453817709,210,0.9209006839712325,538,0.6637890267005385,288,0.7769966671003812,181,0.7985049008815241,398
6008650.0,1732150.0,0,0.004615218243262856,5712,0.6080468307386239,6964,0.5878491272931461,3423,0.5906852690271946,3276,0.5674591860437186,69,0.582993862973049,359,0.6185158805352385,6368,0.6641413266208708,3932,0.5088350199331967,1400,0.7365319114489921,326,0.7884865965213923,475
5988250.0,1752650.0,0,2.4257723156735616e-05,11134,0.4683783074852217,13848,0.5048219518705164,9758,0.6109890130065102,1016,0.49255483051673377,512,0.5828268677701854,360,0.4500384646179464,13986,0.5092368381085167,11270,0.6070991288464933,493,0.7394168635761704,317,0.7466468138671354,955
5992450.0,1749050.0,0,3.227200561882988e-16,21374,0.5818650415773515,8288,0.5120485125982139,9098,0.6382589136659746,139,0.5492036529393474,133,0.5827165004753726,361,0.558668683671929,9125,0.4917764457035134,12328,0.3505798814025427,6816,0.7295245650302764,368,0.4352451081995218,10397
6033250.0,1711250.0,0,1.78224673702044e-09,16818,0.35047365013734805,19700,0.35976060482475325,20519,0.6309974324935675,301,0.45427403326634935,955,0.5827124081267192,362,0.31400637243629226,20008,0.32219540176289097,20536,0.26491108856160284,12538,0.4752770135038381,4537,0.4400132189202919,10254
5987650.0,1753050.0,1,0.9999999994871431,434,0.8900815994660836,742,0.7415526801088481,102,0.6210962609485258,582,0.4602035854817583,858,0.5826038285565984,363,0.9590690689882225,814,0.9169532528181734,653,0.5258019385566164,1125,0.6652235641297044,854,0.5660161351056682,5964
5996850.0,1749350.0,0,0.0030082469485049057,6128,0.4819306749553989,13192,0.5231781892324868,8117,0.6257691663846603,446,0.4196399012175054,1544,0.5825960759308209,364,0.4690429396688791,13129,0.5260186041952398,10291,0.5883827233615541,580,0.6427865421270109,1058,0.7552552430818866,827
5943850.0,1796950.0,0,3.769957900528055e-05,10733,0.42073029263846295,16212,0.5026461168402417,9979,0.6162235772555018,753,0.3740989342532058,2736,0.5825943147804532,365,0.4410905912972797,14432,0.5250351894627306,10347,0.6708458964392419,268,0.6267908280563482,1269,0.826033047164997,242
6069950.0,1768350.0,0,0.02744802640753899,3895,0.5055364424625927,12046,0.5576395084910246,5337,0.6165327101754893,743,0.37983354988208173,2524,0.5825681980480937,366,0.5384992221971676,10031,0.614322431927747,5894,0.6334030530596872,385,0.5453844142565878,2645,0.7786762876202077,568
5988750.0,1761150.0,0,0.0007501963399829567,7610,0.5235526658073382,11200,0.5494661449839261,5929,0.6215851176761229,571,0.44269887524384594,1123,0.5824344310004043,367,0.5162847505411257,10993,0.583147923872096,7328,0.6779314004703414,250,0.6063430216119872,1532,0.7847139872602258,508
5908950.0,1770550.0,0,7.466634210193624e-06,12079,0.6231300508013615,6228,0.5881160245932648,3402,0.6015841110618801,1743,0.46942163289825845,739,0.5822796602432617,368,0.616151500385892,6479,0.6654506477653963,3887,0.6038574030997556,508,0.737373140819696,322,0.782684576878834,523
5891650.0,1759950.0,0,2.6316489149791936e-07,14263,0.5829396147328,8225,0.5157700498015999,8778,0.6172043278761977,718,0.4311257819267792,1322,0.5822645984436662,369,0.5810910427823834,8068,0.6048625508666081,6332,0.4465582360894984,2867,0.5966635830686395,1678,0.7508572299815537,899
6000950.0,1768050.0,0,0.00011280675161904214,9603,0.44976326877120393,14770,0.4867321612230235,11465,0.5542020621965593,13726,0.6020115525663219,22,0.5822494928798677,370,0.43599182749843535,14644,0.49175193219362345,12329,0.38584481475338217,5142,0.8837481418988601,22,0.853436872462706,133
5985850.0,1753750.0,1,0.9999999999942657,156,0.8977994700669164,252,0.738497002792292,150,0.6062678565908913,1289,0.446436373690675,1059,0.582159819721854,371,0.9679380530543578,378,0.9405115024596243,167,0.7163676515535837,181,0.735249611446309,333,0.9155411531598597,46
5986850.0,1750750.0,1,0.9999999966736244,570,0.8964994620620814,361,0.7344244146850778,222,0.6070014440289655,1250,0.4812605031468559,619,0.5821393857669831,372,0.9635956024281084,592,0.9243095487631793,453,0.5895819796391819,571,0.706012750162066,511,0.7920026884657119,443
5984750.0,1753350.0,1,0.9999999997608626,376,0.8970265604238622,317,0.7320956997231091,271,0.5989348598073755,2016,0.5474714917871961,136,0.5820833075638329,373,0.9643356140321864,541,0.9285250686541221,346,0.6491205527023514,328,0.7852601017627892,162,0.7752853478099877,608
5988750.0,1754050.0,0,3.4122298209015695e-17,21554,0.5809569223356668,8337,0.4702435967542085,12995,0.6006805461661892,1838,0.5235986584726381,248,0.5819315506265366,374,0.5485932789644666,9582,0.4713522749971475,13522,0.28095051551541017,11353,0.7876679637596742,154,0.5115968660868017,7986
5986750.0,1753850.0,1,0.9999999999932785,168,0.9002170115844494,112,0.747789099318895,49,0.6409960890355436,111,0.45512136641604173,940,0.5819100253361834,375,0.9688488564022807,338,0.9408368531517891,165,0.848822642255237,29,0.6043335724165443,1560,0.6946874959128675,1839
5986750.0,1753450.0,1,0.99999999961634,411,0.8987012027650365,181,0.7383420336126741,152,0.6038479686818863,1499,0.48448059440058494,582,0.581757393000495,376,0.9649033849962305,512,0.9253615107046909,421,0.7096793087367606,193,0.73704130102973,323,0.8027869622749032,375
5978450.0,1743950.0,0,7.015893640587079e-05,10124,0.5646634523780139,9184,0.5436838402660443,6389,0.67596699073624,1,0.2648543819153876,8578,0.5816100772516214,377,0.5399739189986704,9971,0.5633112793917778,8284,0.320515927895221,8597,0.1971470072023913,14825,0.49049625600410307,8648
5944650.0,1795750.0,0,2.075270060733006e-09,16757,0.4838834791433487,13095,0.47867539678911597,12248,0.5984832005022174,2075,0.41766144134792893,1584,0.5815865091204566,378,0.4920829409141092,12067,0.519455493624544,10664,0.35592223923519195,6531,0.7142083528939571,465,0.7995824626922284,389
5986550.0,1758450.0,0,0.017988522381425006,4315,0.6596065515148742,4341,0.6291975179473918,1916,0.6084128992336292,1170,0.4105597613613457,1745,0.5815611080887438,379,0.6777930548710085,3702,0.73331545689996,2125,0.5947104961287077,548,0.672071568609616,785,0.8570710904231302,125
5984850.0,1751750.0,1,0.9999999421312882,800,0.8972197091966997,302,0.7293873385794446,313,0.6276217762464698,391,0.36099889271591507,3223,0.5815387770098479,380,0.9621242051153278,650,0.9123532658785953,801,0.4046148277732273,4332,0.5751608677180065,2050,0.5939658104857826,4792
5905150.0,1740250.0,1,0.9999999999703906,260,0.9156100801605775,26,0.7362637627713225,197,0.6079269403483881,1197,0.43920589981982994,1190,0.5814918198037858,381,0.9946597811505868,11,0.9752435398915364,10,0.6373288713676806,370,0.7034223081643163,527,0.8675723056929181,109
5988950.0,1757250.0,1,0.9999999996798732,396,0.920002650264294,6,0.7498462852103683,34,0.6260968610338719,438,0.3991061995950089,1989,0.5813467369519589,382,0.9989245148733201,4,0.9876583157775782,4,0.6083365585712988,484,0.4725352227749957,4624,0.7611914978767438,770
5996950.0,1748950.0,0,1.0158071619561732e-05,11856,0.4267054188851704,15911,0.46342355009478187,13610,0.635744671841308,183,0.47800538928936237,646,0.5813333752884255,383,0.3975714758521012,16397,0.45244387081401294,14645,0.5574453228675367,790,0.6377461674187468,1120,0.7112527966999277,1534
5985050.0,1751950.0,1,0.99999997842745,699,0.8980911813807159,224,0.7289025177447108,326,0.6158526679422575,769,0.38734581407023494,2290,0.5812580444580929,384,0.9671541820873555,403,0.9221156117352548,514,0.40619305780070825,4273,0.636504642303523,1144,0.6049377265060192,4371
5908050.0,1742750.0,1,0.9999999823430655,681,0.8872695478229647,913,0.720296035570766,524,0.6115689475214204,985,0.4093894115934527,1769,0.5812240645324956,385,0.958941905843181,827,0.9465356404912364,123,0.6364487482902007,375,0.6629814937582827,875,0.8452839016645205,154
5904850.0,1772650.0,0,0.006762039849869508,5303,0.5371420534804564,10527,0.5493559974810841,5941,0.6182575050971042,687,0.3989601767065191,1996,0.581209747029669,386,0.5220526884107297,10739,0.57928440014116,7535,0.5245626438466968,1148,0.6121223046684834,1452,0.7767516623451897,594
5989850.0,1755350.0,0,8.60445009089448e-12,18979,0.421015640590431,16199,0.4433443943890916,15386,0.6243263113506463,491,0.4876653890751419,555,0.5811240793813807,387,0.4185429045708151,15436,0.488891797169676,12510,0.5631773909201132,755,0.7661706085442708,221,0.5879236852554535,5066
5987950.0,1753550.0,1,0.9999999997304843,386,0.8914282578426387,654,0.7364127125248208,193,0.6111386370653035,1007,0.5530514804581931,115,0.5810377367854114,388,0.958853488273188,834,0.9137133418889541,757,0.7797209118387592,100,0.7517219306955385,266,0.5964685223125936,4707
5905850.0,1759650.0,0,0.0001875208797525481,9089,0.5581426852789944,9532,0.5854460186738367,3553,0.5965364100558367,2318,0.44138395769150024,1144,0.5809999266952959,389,0.5898774589654663,7647,0.6578974640580358,4175,0.760029432730105,121,0.7579704690534539,240,0.8861761272698956,73
6007850.0,1764250.0,0,0.03080099179127649,3776,0.34522688154518044,19956,0.4558315968157895,14259,0.6336014413209767,230,0.45701015536469913,914,0.5807324687216217,390,0.32099772077644073,19733,0.39641680645004396,17756,0.6657084865096168,280,0.5288489112417634,3014,0.6991279642230448,1761
5995050.0,1741650.0,0,4.450912308327716e-05,10569,0.5791170028391134,8428,0.5523503730010115,5713,0.5969184945466427,2281,0.5210876687558476,267,0.5806315275593478,391,0.5691197830655031,8610,0.6103254198730264,6066,0.5436841937979181,921,0.6733724265984966,773,0.7558695182537132,823
5999250.0,1749650.0,0,6.281695520468649e-08,15050,0.4707163565197279,13736,0.4662459310768512,13366,0.6389813959492745,131,0.42693745347030304,1403,0.5806307237270506,392,0.4708535316397948,13048,0.5167333313724689,10835,0.6145578076315505,450,0.6583904565888801,916,0.59009040123459,4980
5908950.0,1758850.0,0,1.7464378314435159e-09,16827,0.5465376505504623,10087,0.49424553612909106,10746,0.6080839497011739,1191,0.5376630715671914,173,0.5806107775672606,393,0.5539920145251584,9341,0.5707546250771085,7916,0.5249258049465606,1142,0.7773422709151376,179,0.5867750798997615,5113
6009250.0,1731750.0,0,0.006109786401888701,5419,0.4866342106025478,12962,0.5023630727639778,9997,0.6333525792958827,238,0.4021849839224041,1916,0.5804630529621818,394,0.4980078515534748,11810,0.5474097494797269,9136,0.5526784705384042,839,0.5855887272528708,1856,0.7607259454803623,775
5996250.0,1748050.0,0,0.041111621333685,3520,0.3603479731565626,19200,0.4449810530460102,15244,0.6272104438693635,400,0.35730551842296576,3345,0.5804052894581297,395,0.33924628656931577,19004,0.4094939398060964,17098,0.5681964671297983,718,0.6119881146864783,1456,0.7581619661766238,795
5902950.0,1740050.0,1,0.9999999983449943,523,0.8879588294093894,879,0.7270750110969689,368,0.6080971628747163,1188,0.42919278326522003,1363,0.5803617086313944,396,0.9577644435175563,882,0.9439455173568275,141,0.6633810291250417,290,0.7265949331145034,386,0.8729563371525829,99
5985150.0,1750650.0,0,2.9133008181580874e-16,21392,0.3663481666028957,18898,0.3955732547142448,18848,0.6211012760962201,581,0.5603312698026272,93,0.5801106633107026,397,0.31060811515015607,20146,0.35932182842929783,19363,0.3057839784785773,9557,0.7360737098515775,330,0.43436655781857403,10421
5984450.0,1750850.0,1,0.9999967270999879,1157,0.882600088266692,1129,0.729177230785267,318,0.6211793829200571,579,0.5000800307154937,440,0.5800518967903889,398,0.9512111814091975,1128,0.9106274012766947,845,0.3800361394056886,5401,0.66033672848678,894,0.4929147648859932,8568
5994650.0,1749650.0,1,0.9999999998557116,334,0.9183453546499745,9,0.7425046577801387,89,0.6204434667760083,610,0.48412176088235304,587,0.5800193297279533,399,0.992650200554246,39,0.9627579471957981,39,0.7319937791520654,166,0.6891225210240141,635,0.7338772910493097,1140
5986250.0,1751050.0,1,0.999999997092369,562,0.898818066070617,169,0.7428609973819198,83,0.6278024801274756,387,0.467955852299631,755,0.5799690085928464,400,0.9699998419126034,276,0.9366826878830938,200,0.6792369921636262,242,0.6968204737025165,576,0.5703915597627829,5788
6007650.0,1731950.0,1,0.9933688757154091,1360,0.7905787220382332,1335,0.664180327060464,1289,0.6288757374520098,353,0.41033125991485947,1750,0.5799189278036624,401,0.8215127093778022,1322,0.834500787829925,1280,0.5257062445277663,1126,0.5912839645972208,1759,0.7505844396677969,904
6005750.0,1736550.0,0,9.489351131751701e-17,21487,0.6741966308905722,3611,0.5275797278256337,7748,0.6115340118170023,987,0.49899069458150175,450,0.5798429385386172,402,0.6951036359507816,3050,0.5613769022725024,8400,0.32510063042873816,8310,0.6569371576661566,925,0.5642339038336681,6038
5986050.0,1752550.0,1,0.9999999997981164,356,0.8981089410886361,223,0.7338999746419266,234,0.6090379400043191,1126,0.40621615134947875,1834,0.5797231302756115,403,0.969281274044827,308,0.9322929458844882,280,0.6282818897032685,407,0.6894494936736539,631,0.8102339550363338,333
6001850.0,1716350.0,0,0.00027666894898565594,8642,0.5779409656877136,8495,0.531036270673158,7438,0.619397249788505,646,0.45531878340206117,939,0.5796506516755199,404,0.5834473528561547,7957,0.6194656038875321,5690,0.5043442808511246,1481,0.6202315531811831,1348,0.7430515958360326,1001
5983250.0,1750550.0,1,0.9999999431386303,797,0.8957732888392346,411,0.7177000536986172,600,0.5995163906789519,1946,0.4784568252906009,643,0.5794576955025187,405,0.9650062271715076,506,0.9180542138898419,627,0.3924913159221076,4814,0.6432738933641111,1052,0.5963499321432482,4713
5986550.0,1753250.0,1,0.999999999037251,488,0.8997119015966221,124,0.7386502575789421,145,0.6206288662664783,600,0.3765237074284636,2649,0.5794246108308907,406,0.9705465398863063,248,0.9349237112103695,226,0.6870568782442029,229,0.5078673741929507,3579,0.7573911869252076,807
6040150.0,1736150.0,0,4.528283887865172e-05,10552,0.7008363021739904,2519,0.6415432828179656,1692,0.5827843529281963,4865,0.5100761318539543,349,0.5792897770955582,407,0.6981296564684596,2916,0.6921224509315739,3041,0.28583620437758306,10994,0.691408583460506,613,0.3785470132071598,11972
5989950.0,1750550.0,0,0.26810410555239994,2167,0.6600366486706222,4320,0.5999866008127656,2846,0.6204703355418838,607,0.46553721986416174,785,0.5792230682648368,408,0.6836809057321476,3452,0.715856355911917,2438,0.7216261533977667,176,0.6947624504938865,591,0.7461046644304201,965
6037850.0,1693350.0,0,0.0008509227721651423,7485,0.659494215236017,4348,0.6168446562127693,2240,0.611315615451507,998,0.43908778271994175,1193,0.5791613437259896,409,0.6789355028457971,3655,0.7071952265547872,2632,0.6804749954486129,241,0.7197275466224029,429,0.8334262383179603,204
5985550.0,1753550.0,1,0.9999999999962992,133,0.8990961276295696,149,0.7407196561958629,115,0.6119166379385739,963,0.45580410669348326,930,0.5791152058287072,410,0.9727090876714474,185,0.9487425934316074,111,0.7444552399452127,142,0.7577172573973561,242,0.8099246336653008,336
5989050.0,1751150.0,0,4.2651991404209045e-10,17431,0.3068452413302461,21242,0.33907971708858975,21124,0.5931902207091718,2837,0.5213483661983773,265,0.5790597412716725,411,0.2733754858254631,21173,0.2994193739326836,21031,0.2749361005976243,11738,0.7600700937575893,233,0.6845187139190635,2052
5986450.0,1754150.0,0,2.510171368399322e-08,15528,0.32104186413830804,20866,0.41828905094131213,17379,0.6152610654225619,793,0.48530265491959157,574,0.5789258111183231,412,0.31997288771746346,19769,0.4122604544535948,16958,0.5511672620338501,854,0.709637813651982,490,0.7047897412964967,1651
5985350.0,1752850.0,1,0.9999989821987779,1084,0.8988700166431024,164,0.7423348832411222,92,0.6205101057077407,604,0.5340250672951776,189,0.5789166542562773,413,0.9668195698457234,419,0.9268377928326432,381,0.38182932036924266,5316,0.6213384579297972,1336,0.4107244742277333,11124
5971450.0,1772850.0,0,0.0027036892188709457,6253,0.5536597843832171,9768,0.5837708642243522,3646,0.6115429744440455,986,0.375156940829534,2702,0.5785538340547117,414,0.5864756778575925,7813,0.6504699202297702,4452,0.6255909007682784,420,0.6317047552374533,1205,0.8272656537388301,232
5985250.0,1753550.0,0,1.8858006085786664e-14,20742,0.4492281991851544,14798,0.4497653235148791,14805,0.6163865582235212,745,0.5076300806543815,372,0.5784659322819585,415,0.42557364085880134,15113,0.48821446283002135,12548,0.5197414168234021,1216,0.7494616346940339,272,0.5662018804980412,5958
5945050.0,1790750.0,0,0.002815032825242191,6207,0.7179590061810719,2056,0.6537240166403337,1436,0.5883832342710982,3686,0.49726745546897977,464,0.578461489419681,416,0.7305045300560319,2086,0.7697788972305319,1707,0.6104312233220774,470,0.8089344190033154,100,0.8123065507382089,319
6009750.0,1731950.0,0,0.0032083895802762262,6078,0.4767190278733222,13419,0.5187872579851945,8520,0.6047439426393101,1415,0.5020047969465693,421,0.5784404259694861,417,0.4713031039378951,13025,0.5265034595502184,10251,0.5146666305265684,1302,0.6385273176289225,1110,0.7472711769030684,950
5988450.0,1752250.0,1,0.9999999997845956,364,0.8915660538967909,646,0.7338528864079674,236,0.6065101906506707,1279,0.5164452356521677,299,0.5784323885778803,418,0.9594813268939555,793,0.9136452928478862,759,0.7898711092740205,82,0.8015651913017374,121,0.7523102447893664,877
5987650.0,1752550.0,1,0.9999999971527955,558,0.8921985338128966,605,0.7267760514069593,382,0.6187156478745512,666,0.4589671296188341,880,0.5783827753725874,419,0.9605409726121015,734,0.9118854685047741,819,0.6546863795735824,312,0.5817295766900498,1926,0.7886621685003347,473
5995050.0,1741150.0,0,2.1172157501635252e-05,11276,0.4623187311481586,14133,0.4545458505261244,14389,0.6229058234711862,531,0.48164543763202683,614,0.5783011846642162,420,0.427825397706479,15008,0.45639722536260496,14409,0.41608173570017026,3875,0.6017782471545552,1597,0.6958890306992596,1816
5987250.0,1751050.0,1,0.9999999996577453,403,0.9000391386380655,115,0.7331105871827478,252,0.6224080457018638,543,0.4587950826589367,884,0.5782823475714101,421,0.9693416691104728,304,0.9288414779720471,342,0.7595728743065062,122,0.6628971135161139,876,0.7932192672828857,436
6032250.0,1711550.0,0,5.3858336082469056e-05,10374,0.3662690538271344,18903,0.4845811295553625,11662,0.6219621090147224,561,0.3974511192660798,2026,0.5780407618318362,422,0.3698177309191021,17666,0.45153522891617515,14697,0.5084070998163082,1408,0.5018732625759972,3744,0.5134782451998978,7923
5984650.0,1753350.0,1,0.9999999998724909,328,0.896512622003344,360,0.7313863892753251,279,0.5959770643759379,2390,0.5238008781330665,245,0.5780394463208006,423,0.9639978889694019,564,0.9276071148912679,363,0.6462767608873332,340,0.7462548551404068,289,0.7656948547068059,723
5980250.0,1753150.0,0,4.01317899504451e-05,10678,0.5772762508126222,8535,0.5686288184934215,4600,0.5871276606571061,3941,0.5015224882054904,428,0.5780220411064468,424,0.5724491088405798,8466,0.6080627716667321,6176,0.5596464870135092,774,0.8060223208572561,105,0.7998428350417747,388
5985750.0,1751950.0,1,0.9999999992463562,470,0.899388756257495,135,0.7259949176868671,402,0.6155912411392545,779,0.435594511170982,1240,0.5779692971825768,425,0.9700601434405164,271,0.9297605964803725,324,0.6779687789402478,249,0.6331236479145385,1182,0.8207136317651471,269
5986450.0,1756550.0,0,1.1741504734203112e-05,11753,0.3571315642429362,19378,0.4153160975827399,17596,0.5927643784896299,2920,0.5100116707530539,351,0.577869837646563,426,0.33361338322672096,19248,0.3997503377269045,17579,0.6201646084486626,432,0.7753093620908368,187,0.8319732949660034,210
5984350.0,1750750.0,1,0.9999956506563497,1172,0.882769334108485,1126,0.7289052987418914,325,0.6234644419718957,516,0.5116908662086715,333,0.5777877027618215,427,0.9510145296873932,1129,0.9095972270425039,869,0.37655333191973184,5537,0.6376961963133316,1121,0.4537282818248508,9792
5986950.0,1754950.0,1,0.999999999991878,172,0.8908979430638193,685,0.7315536051086342,275,0.6200619093315739,621,0.3730285024564294,2779,0.577672536269225,428,0.9630186856386285,614,0.928366682829189,351,0.7419673954068493,145,0.5360644730352845,2865,0.8031554747360237,369
5987450.0,1755350.0,0,0.00027762503076485717,8639,0.5071891668299401,11962,0.532686617983013,7287,0.6067547410230375,1267,0.3949030469945428,2079,0.5776565838812746,429,0.4951770584702355,11933,0.5624893770904535,8326,0.5832421235226968,616,0.6196747512308471,1356,0.8100607856091326,334
5987950.0,1754550.0,1,0.9999999999965457,130,0.8913979280453685,656,0.7217401021485662,496,0.585325065200605,4325,0.5785078271188852,51,0.5775498472626628,430,0.9626747124690209,630,0.9255390871493231,415,0.5203611515130004,1211,0.8630018261147472,37,0.8711710329626694,103
5989850.0,1753350.0,1,0.9999999999945295,153,0.8950221140966266,476,0.7251358925780774,414,0.5848873115053668,4412,0.5435616079070545,146,0.5775324088233407,431,0.9700035864658576,275,0.9125445176359602,787,0.703180259555178,205,0.7290832439191863,372,0.7867622593294088,496
5986350.0,1753850.0,1,0.9999999999955853,141,0.8976816211590737,264,0.7396406163657481,129,0.5910206459828539,3218,0.4563076437794766,926,0.577524639991077,432,0.9729141266008748,178,0.952178989862261,85,0.5258067824164883,1124,0.7087119421681762,495,0.92505796408799,37
5989950.0,1761050.0,0,0.00010796508257810767,9648,0.4686073189385161,13832,0.4842621583347788,11692,0.6045296722327332,1432,0.4143473355123928,1650,0.5775116867739665,433,0.4693950019654928,13112,0.5189012904192266,10693,0.37240483869092533,5716,0.5478906511466244,2575,0.756772106173287,812
5987850.0,1750450.0,0,0.00019400829890501954,9053,0.5095087303967701,11836,0.5157433742192655,8782,0.5975473654071846,2191,0.5803886701355537,46,0.5774008251320648,434,0.5032805068538981,11561,0.5534361231601339,8796,0.5836063645088004,612,0.7263157110877179,390,0.7508883330820433,897
6037550.0,1693650.0,0,2.741945340126377e-05,11032,0.5410623672196965,10337,0.5274302377243145,7759,0.6268978703704196,414,0.41018037414278163,1752,0.5773146145127014,435,0.5349931646548478,10195,0.5808615852604865,7454,0.5620157835310916,763,0.6862823003382309,661,0.768309845183243,689
5987450.0,1754850.0,1,0.9999999999994431,53,0.8906152797200197,708,0.7246425704745448,428,0.5903079391614406,3342,0.47332076212266777,696,0.5773001207862645,436,0.9624215734552269,640,0.9263643119112083,394,0.7330087831614123,164,0.7752992490051003,188,0.9256487084134417,36
6033350.0,1713850.0,0,0.00011829050431969467,9554,0.3666054394144327,18886,0.46907449207435625,13084,0.5984840383115835,2074,0.496489716521217,471,0.5772833027463902,437,0.34472115793231506,18777,0.4174238129115371,16682,0.4687514193674389,2243,0.7422145950575945,302,0.4801408548717787,8977
5989750.0,1757350.0,1,0.9999999946529081,597,0.891881612748553,625,0.7513628308499164,29,0.6340411632790173,220,0.4105211419895997,1747,0.5771147107546579,438,0.9625872030869158,633,0.959629260613874,49,0.7595040778603274,123,0.5411397347917217,2743,0.7844556489519456,511
5902350.0,1758850.0,0,0.00010157881910402111,9718,0.3577380943866369,19342,0.44238723415225306,15474,0.6019037015730629,1696,0.4699602417763702,735,0.577100486325426,439,0.3657834326332212,17862,0.4488772235837575,14847,0.6033506549337009,511,0.6864317639673887,660,0.8090269584143043,340
5983650.0,1761950.0,0,7.313963850053699e-06,12099,0.4371366622155424,15370,0.48174617962318245,11938,0.5662437348234052,9205,0.5515005879660207,123,0.5770097973196099,440,0.44302105736895425,14348,0.5190039067368094,10689,0.6697915888220769,271,0.8250852082037353,77,0.8163839101031822,288
6007150.0,1736650.0,0,1.4401014010510338e-10,17935,0.45279230913190704,14629,0.44277251931881606,15436,0.6554376246356193,23,0.4360009551121461,1235,0.5770092276877512,441,0.4231891203482434,15213,0.4641194964037225,13930,0.5053162287503163,1459,0.5821590826436283,1908,0.5316644733903023,7298
6007450.0,1732250.0,0,0.00034355385784628605,8398,0.513455752989058,11652,0.5406662386540069,6621,0.624706933195944,479,0.38388963989354635,2385,0.5770053018853477,442,0.5160827161328931,11009,0.5571074048713762,8599,0.5704744137369917,703,0.61968402736252,1355,0.7518958344908366,886
6034850.0,1717050.0,0,3.165645292601711e-05,10897,0.5947180835186792,7611,0.5725505883283403,4352,0.6215127098961004,573,0.3815975873454414,2465,0.57698736200322,443,0.6057078196352469,6927,0.6280569850237153,5337,0.4625592605143507,2411,0.4042663978246239,6763,0.5020116818716985,8291
5993950.0,1749950.0,1,0.9999999999707772,258,0.8899187036810959,754,0.7245216456103091,430,0.6393157569400969,127,0.30550156645405546,5864,0.5769659722544014,444,0.9630055410660175,615,0.9003740673654559,1050,0.6658032663571102,279,0.45332683856313416,5222,0.7382654754651463,1070
5987950.0,1755450.0,1,0.9999999999989766,75,0.890623991033925,707,0.7299001493421171,308,0.6001194754600433,1883,0.4380699267189019,1208,0.5769285654775004,445,0.9620406048474367,656,0.9265547997739999,385,0.7642948223574493,115,0.6879735980902788,643,0.8832647170343505,77
5983350.0,1752950.0,0,0.007015566247942618,5262,0.6024654823594378,7254,0.5997226101781592,2853,0.5751988610405375,6706,0.5451449854307205,142,0.5769229824266185,446,0.6404623186680254,5366,0.6986715428993996,2847,0.5112398456176697,1349,0.7712826774852435,203,0.8437674897628613,159
5903450.0,1741250.0,1,0.9999999542435826,766,0.8866350235655034,944,0.7173704465011169,607,0.6014192629332672,1760,0.3895945321126236,2231,0.5768711118811715,447,0.9577174555922449,884,0.9423971080382002,151,0.5574826935012815,789,0.691409151230474,612,0.8925979804878418,64
5984750.0,1753250.0,1,0.999999999789356,361,0.8969473774064303,321,0.7317377997614466,274,0.596165892831264,2367,0.545996153294511,139,0.5768648548055815,448,0.9641263114089075,552,0.9278850580443743,362,0.6777986623222974,251,0.7767503102662172,183,0.723400261943584,1304
5881550.0,1767050.0,0,0.01755478799244698,4341,0.708861596711785,2279,0.6450160209294912,1633,0.6110785056260958,1010,0.36225243664334283,3175,0.5768059148116439,449,0.7518518315545717,1772,0.7918101869656682,1598,0.45154460826117127,2716,0.5778157321580408,2000,0.7814109901783428,536
5989550.0,1754450.0,1,0.9999999999999454,13,0.8966404841723086,348,0.7333393593839184,247,0.6040066534389424,1486,0.42902671997209674,1366,0.5766713859311632,450,0.9758303732206354,110,0.931696574498933,288,0.8338553726874053,36,0.6778658487177486,738,0.8828843502623797,78
5989150.0,1754250.0,1,0.9999999999729308,251,0.8972157078954661,303,0.7305694610603819,298,0.617382041813742,711,0.39897899067866077,1993,0.5766259554399114,451,0.9730588835798227,173,0.9154720835892654,705,0.7333930800770463,163,0.5377225572150248,2817,0.7714418770830205,652
5909550.0,1754350.0,0,0.00034312540196178705,8399,0.671558820702758,3747,0.5990245326391898,2888,0.5877798569171495,3789,0.48378606488774173,591,0.5764179037273832,452,0.6934059877359915,3108,0.7333114562601734,2126,0.5401222161769874,953,0.726101931990558,392,0.8315819899378831,211
5942550.0,1793050.0,0,0.0005311526626200401,7972,0.4454739466461051,14978,0.5117517977250984,9128,0.6209734098999419,583,0.3081762368106654,5704,0.5764142437816501,453,0.47112794107850964,13034,0.5494820336887403,9001,0.5286707848878394,1093,0.5067250690477118,3612,0.7805907530317185,546
5985150.0,1753350.0,1,0.9999999997795841,365,0.8963551709294322,379,0.7356411551439627,206,0.5983492435237969,2097,0.472716448212597,704,0.5763056447447147,454,0.964112815777808,555,0.9280189251384023,357,0.5379603920960699,979,0.6925072070181714,606,0.7669252530619517,707
5995050.0,1749650.0,0,8.799247669690048e-07,13517,0.5853316577577359,8084,0.5370096405994287,6926,0.6045519977788796,1430,0.49149997658085975,523,0.5761763932319244,455,0.592653959746706,7522,0.5980800715569955,6616,0.30268062264991946,9777,0.6563928749851569,936,0.5335524421617944,7233
6007250.0,1736850.0,0,0.0011241203729740405,7177,0.3668430912513403,18875,0.4625566977148868,13669,0.5791145288445496,5713,0.5554922127264591,107,0.5761386875914033,456,0.34418634559382,18799,0.4213017917083699,16484,0.46706093070970556,2294,0.741838167690928,305,0.7772979649397461,587
5983350.0,1750850.0,1,0.9999999326434749,812,0.8950979713660839,470,0.7185986893867983,579,0.5976390322421611,2186,0.49530035139843437,483,0.5761379117873174,457,0.9648344387502321,516,0.9204823397669404,548,0.3888878517016864,4995,0.6682381950138975,823,0.5891298999226202,5018
5988150.0,1755550.0,1,0.9999999999999809,4,0.8963110135262204,382,0.7371540790858132,179,0.6021582304672038,1657,0.4834464766062813,598,0.5761030393750531,458,0.9752010716468497,118,0.9332371412457211,255,0.7381083375157256,150,0.7742148211849906,192,0.8491298545288186,143
6004350.0,1737750.0,0,5.700831021620869e-06,12287,0.3499997745982875,19726,0.3902671615950521,19130,0.6039113256788534,1491,0.47061196602070116,728,0.5760814532953649,459,0.3129198793224529,20050,0.3358298303148388,20153,0.2741660499175247,11795,0.6596862651888963,900,0.7139982788702062,1475
5903250.0,1740050.0,0,0.012313765055076835,4714,0.6101361827734815,6848,0.5926333765999036,3183,0.6086591281595115,1151,0.42489760790863157,1428,0.5760402263984558,460,0.6145737833983832,6546,0.6651559631489754,3898,0.6161443526942696,443,0.7003106113269177,549,0.8253172460710636,247
5989150.0,1751350.0,0,0.001409094290261248,6955,0.44850258713210645,14834,0.5239576553846754,8062,0.5879196041929723,3764,0.5073832216088321,374,0.5758929352208304,461,0.4451200516720448,14228,0.516689997800785,10838,0.6280406548271479,409,0.7484897685763345,276,0.7577034100124115,801
5993350.0,1749850.0,0,1.542977580733016e-11,18792,0.45579609538061455,14483,0.4522011285084766,14588,0.6144176334916369,836,0.47076329700282654,726,0.5758751283486675,462,0.42432030216358974,15169,0.4699610241238198,13605,0.5852721086003809,600,0.7177626588275114,443,0.5837910647113905,5236
5886250.0,1766150.0,0,0.044281198086155715,3456,0.5646300234220585,9187,0.5636888777038435,4921,0.610664864831358,1032,0.36717568517981153,2985,0.5758669748929707,463,0.5914282218585233,7585,0.6463824320771251,4598,0.4362822021439372,3164,0.5723428623916602,2095,0.7697175166648211,676
5886250.0,1761650.0,0,0.0006195643023153193,7818,0.5084792445081192,11887,0.5138585297025738,8936,0.5974326757864191,2208,0.3983048552397498,2008,0.5758645695397335,464,0.5251751693920192,10625,0.5700427821208947,7950,0.5176434818460073,1248,0.6273544493023808,1258,0.7759762656493434,604
6003450.0,1760450.0,0,2.3214744098417552e-07,14329,0.4055590154310146,16996,0.41878566130078126,17350,0.5677660460758325,8787,0.5967043806624065,27,0.575835565526516,465,0.372907071828358,17541,0.4041972431006895,17378,0.30373195294039723,9707,0.8654932344135634,33,0.8029884108632461,372
5989950.0,1752850.0,0,0.053776749412453966,3295,0.5157373896587446,11544,0.5358208960446805,7022,0.5794488727594801,5638,0.46408274257866633,802,0.5757272559881712,466,0.5296139707154681,10411,0.5850360401962464,7231,0.4907652607648889,1744,0.696864846561876,575,0.7750892822815799,610
5989350.0,1750450.0,0,2.2945977350794225e-14,20709,0.4283329729732498,15819,0.4281435250088986,16626,0.6289567901385684,348,0.5377456318061671,171,0.5756196297267302,467,0.3940127363515802,16549,0.4392336861644275,15419,0.3851230045022862,5173,0.726319959940414,389,0.4615930160691296,9551
5973550.0,1773050.0,0,0.437735237821044,1897,0.7479693246200733,1570,0.6783298298089218,1176,0.6219266518910691,562,0.31001583071262706,5592,0.5755165137449914,468,0.7794041689963593,1574,0.8139181998485492,1477,0.5233074546090563,1167,0.48807688524730963,4129,0.7541415962981778,851
5931550.0,1690850.0,0,0.03822389953613205,3575,0.6436119556563676,5162,0.6157710260178875,2275,0.6223068376387991,548,0.32388447183132085,4831,0.575446546103222,469,0.6749347404160065,3813,0.7197928380736854,2364,0.48261319430338934,1920,0.5236296157732148,3145,0.7719492462583043,641
6006350.0,1736550.0,0,2.0322182114507774e-08,15654,0.6982714727848471,2630,0.5688188751406521,4586,0.6049364745840168,1400,0.4865444595254287,564,0.5754448633841375,470,0.7181381996941414,2329,0.6998928998925136,2809,0.32836755108682514,8108,0.6586401840632489,914,0.756222799692009,819
5987250.0,1752250.0,1,0.9999999997592499,379,0.8981419055084549,221,0.7357076753563004,203,0.6037260112020246,1511,0.4925725111015886,511,0.5754116809082457,471,0.9645647466904951,531,0.9241809198457874,459,0.7392181190712694,148,0.7800894829209575,175,0.784521158062383,510
5907950.0,1742650.0,0,0.00022801587912719685,8863,0.653951597314032,4651,0.5848552171718086,3588,0.6072547736742696,1241,0.42484816885979304,1430,0.5754101956589863,472,0.6721659005908199,3930,0.699070051092774,2839,0.5687972636241447,712,0.6529255407595076,968,0.8038303955945859,366
5946150.0,1761850.0,0,0.0001906682241013539,9074,0.638167936536572,5421,0.6027129914593159,2735,0.6048280100596775,1408,0.36011305314195746,3250,0.5751884275514517,473,0.6499861194337444,4906,0.6749709055817119,3551,0.5198528646311777,1215,0.619449438872778,1359,0.7085582280886662,1572
5970650.0,1746650.0,0,0.0061089693295877075,5420,0.4707668045120404,13734,0.5228804550516449,8147,0.6091354424808724,1121,0.38928265630311293,2234,0.5750254232160189,474,0.4576385098783058,13644,0.5099717457325817,11220,0.32392824063446546,8385,0.5477706296263488,2578,0.549147001197793,6633
6032850.0,1711850.0,0,6.6320787434758266e-15,20960,0.32551098258233335,20720,0.3982102452968715,18715,0.624204913102283,494,0.42462707124156956,1436,0.5749400191996185,475,0.3033205525156263,20414,0.3698151638221592,18932,0.41317838398220763,3999,0.6324356820312823,1195,0.4567678949754348,9696
5905350.0,1754150.0,0,0.00674441215207722,5307,0.6368562641209278,5493,0.5770407741182895,4046,0.6011467375991736,1791,0.5134553094487915,326,0.5749031914924106,476,0.65443101928215,4741,0.6964872633585666,2903,0.5848430638874842,604,0.6836455237011927,689,0.8035232144125642,368
5986250.0,1752650.0,0,0.00032504146197115624,8437,0.4183220532849706,16333,0.47457586300050325,12624,0.6054653100624959,1361,0.4088992720508376,1779,0.5748969438145904,477,0.406885214270693,15944,0.4597805829622046,14204,0.7238122247612276,172,0.5933905385465009,1726,0.7652976549280609,728
5968250.0,1730050.0,0,0.00046180806316677164,8125,0.6683377507063702,3893,0.6267163234084683,1971,0.6188729895952446,658,0.37350217623259646,2759,0.5748965242038876,478,0.682679532487695,3502,0.7084483179947018,2603,0.34139641029539836,7331,0.45916983625581564,5025,0.5608239238453145,6151
5907250.0,1770350.0,0,0.010532893068540362,4874,0.4714946682887209,13697,0.5301940872610209,7509,0.6058258452270401,1325,0.38925041364024465,2240,0.5748821366115797,479,0.4904054431746864,12142,0.5687519343640913,8008,0.6556561078899215,308,0.6304885601409947,1225,0.7977869430940645,408
5986650.0,1752650.0,1,0.999999999615415,412,0.8996479692840726,128,0.7362837397192886,196,0.6220268390787766,558,0.3807922196622587,2500,0.5748644683508957,480,0.9699835645347175,278,0.9319540818251324,284,0.76559715547095,110,0.5381904795531216,2806,0.7716725353053471,648
6034050.0,1716450.0,0,1.3772689493454423e-05,11627,0.6266061318235617,6024,0.5865086341779943,3490,0.6112255282919329,1003,0.4047356615475549,1862,0.5748454730595157,481,0.6201316489639901,6287,0.649024324978532,4508,0.4774240181047982,2027,0.5206665917517517,3208,0.4861396678847123,8785
5988350.0,1753550.0,1,0.9999999998743216,325,0.8912438283605225,665,0.7361789925523085,198,0.6176086013339953,701,0.5825114943088503,42,0.5747375985521865,482,0.9582313522490365,864,0.9125438271819495,788,0.421362169100276,3692,0.6048585120074562,1551,0.3678360108010793,12227
5984250.0,1750950.0,0,2.6683107768374e-10,17664,0.6859553956759608,3095,0.5891656224630839,3354,0.615011419249235,802,0.5099966332286938,352,0.5747067660516503,483,0.6835140688937225,3456,0.6369957049837706,4974,0.3239187568182489,8386,0.682451247975845,698,0.5107907947287604,8012
5944750.0,1762850.0,0,0.03556672156032569,3642,0.43118913746410353,15665,0.48754316270757764,11397,0.5920078753608486,3042,0.42753644980200634,1391,0.574685167982992,484,0.4130216133394422,15659,0.47573716311178427,13261,0.5263492280954665,1116,0.7032534630936089,529,0.7091529797874613,1560
5947750.0,1761750.0,0,1.5975530976332992e-10,17881,0.33094861148879257,20531,0.4053789159869946,18259,0.5979172067788103,2143,0.5394543744105711,164,0.5745751690614148,485,0.31788415194867947,19854,0.37006812394366917,18927,0.3266428857077832,8216,0.7339783431804433,341,0.6871557768068961,1998
6007450.0,1734950.0,0,0.00041849405767722,8209,0.5372399423632084,10522,0.5467958217345594,6139,0.6124789513261184,937,0.36798640237166513,2953,0.574527705117658,486,0.5408194995919708,9941,0.5754068661261773,7711,0.5040205116890164,1490,0.6103284656567346,1479,0.7534167494228332,860
5908050.0,1759150.0,0,2.248151219436729e-07,14351,0.31877382220592126,20933,0.4016145749989972,18496,0.5982884120625281,2101,0.5116039620354008,336,0.5745048480288976,487,0.3073013379181242,20271,0.3884340652757572,18116,0.6595068650355383,297,0.7734255448257388,195,0.7276742506200254,1233
5995950.0,1748050.0,0,1.0434592268444475e-06,13424,0.5396103269186519,10408,0.5156515165730104,8791,0.6504461568866579,38,0.3159060182886052,5265,0.574427043012174,488,0.5257052032287706,10602,0.5625891381839117,8318,0.5779637397012836,651,0.487491186543935,4152,0.6872613511637016,1995
6032350.0,1729750.0,0,0.00029655409738197394,8561,0.5483254330138828,10025,0.5620645809352458,5027,0.6200287355188105,623,0.3975781714843291,2023,0.5742658025480311,489,0.5516040411469509,9453,0.5937987114096681,6794,0.4874695887883562,1823,0.6093352592096025,1490,0.490680995361954,8643
5988650.0,1754250.0,0,1.1513959324645944e-16,21473,0.4242959995434038,16029,0.4256644960495156,16827,0.5831126711329735,4794,0.5940988631731531,33,0.5742093290178003,490,0.40079959053532654,16240,0.4634101265061751,13974,0.39619317435592305,4688,0.8565659616054881,41,0.5306610345819406,7335
6006850.0,1736350.0,0,0.0021551420725003747,6489,0.385358665869652,17982,0.46364371438949464,13590,0.605803326265165,1328,0.43621845780101454,1230,0.5740618826485436,491,0.39377624300604164,16561,0.46477017377320573,13891,0.54341931284913,923,0.6380840568149887,1115,0.7658142624883362,720
6005150.0,1760250.0,0,8.72870830509639e-06,11967,0.5029718792979485,12151,0.4736269948062983,12689,0.5849646847328409,4397,0.44340337957980586,1107,0.5739880011754549,492,0.4844202176961381,12413,0.5041553306717036,11591,0.32136216095226877,8542,0.727347512456525,379,0.8440857854256649,157
5987250.0,1752950.0,1,0.9999999984613068,519,0.8904295335263437,719,0.7410493693252687,109,0.6123979826439054,940,0.5161385403521351,302,0.5738868153661569,493,0.9587257334358633,844,0.9171073753111256,646,0.5042632457187489,1482,0.620900501473417,1343,0.41637508019511105,10950
5884450.0,1765550.0,0,0.06377881720087837,3161,0.657479229362941,4462,0.6034270764964602,2707,0.6095959937832492,1089,0.3849935810664369,2346,0.5738311041018751,494,0.6630393927682228,4343,0.7010371939162637,2784,0.410594782994149,4108,0.5635078365374367,2248,0.7487224216843126,932
5984950.0,1752150.0,1,0.9999999675729062,735,0.8996858851951356,126,0.7330077877221213,254,0.6293927799634415,342,0.37689125941255347,2628,0.5737745394703105,495,0.9677306717313545,384,0.92173160926095,524,0.4001799433701263,4519,0.5238477686686924,3139,0.5813318157612605,5346
5909550.0,1770050.0,0,0.003795795695739255,5890,0.4074307373010176,16892,0.4894483080994677,11203,0.6037238102303586,1513,0.4247018743809047,1435,0.5737658035034778,496,0.4225038117724398,15246,0.5055321655911571,11502,0.6301436074271342,400,0.6837918324445087,686,0.8069905685141572,348
5902950.0,1740550.0,1,0.9999999999895146,190,0.9148923676779899,34,0.7367794817153283,187,0.5904024933185941,3318,0.41804285499415705,1575,0.5737648075479644,497,0.993833804099828,13,0.9736158299524376,11,0.5012383389048323,1535,0.6872192869617638,654,0.8976550814085269,59
5987950.0,1751850.0,0,1.496754323555883e-09,16891,0.44899683247079497,14811,0.4498892324886853,14797,0.6009081675003896,1811,0.5408723893540245,156,0.5737618327152938,498,0.44492170366836126,14235,0.4833773972712372,12808,0.5430858568028359,928,0.815713430059909,87,0.7037525674925449,1673
6003550.0,1765650.0,0,0.0001252643370990857,9487,0.43543047762259757,15444,0.5013151860455458,10094,0.5861696471227699,4131,0.4632130462988931,814,0.5737583798796879,499,0.431992506588356,14827,0.49670590159223815,12030,0.6305004114754306,397,0.667895273660923,826,0.825756825800205,245
6036850.0,1710350.0,0,1.0944409908852801e-11,18889,0.42210634402090225,16141,0.4457570277040079,15177,0.6370204512536551,161,0.41722045282295844,1592,0.57349491389644,500,0.41382187671572,15623,0.4621980627993435,14060,0.46827580657685475,2254,0.5991833265775235,1638,0.45086857356108956,9896
5965050.0,1736250.0,0,0.05059984638298205,3340,0.6995520895901318,2577,0.6525673697670974,1450,0.6201702001228934,617,0.3780000943030078,2591,0.5734836977508204,501,0.7253466335324322,2173,0.7599053557300544,1795,0.685147592600385,232,0.543506506183856,2697,0.7585486680322425,793
5946350.0,1795050.0,1,0.999997392540993,1142,0.8894691181383587,793,0.7239973413093823,442,0.6138454661028633,862,0.33239259713319347,4447,0.5733930920961917,502,0.9620709999869352,652,0.9223241897533974,510,0.5936094189352694,552,0.5455222410875555,2642,0.82202373817002,263
5905650.0,1759850.0,0,1.657138248884105e-05,11482,0.6114380402801034,6788,0.5687286779927111,4594,0.5870972418245989,3947,0.4546121978378686,948,0.5733845803067715,503,0.6077071629582642,6854,0.6394152239207352,4895,0.4679083281942342,2268,0.7064003209882567,508,0.8421135645518354,165
5865550.0,1781250.0,0,0.023325437269228238,4044,0.3352257603759348,20377,0.42807974273962063,16640,0.6501635677042733,41,0.21761009676318757,11947,0.573230899315065,504,0.31786549667395025,19855,0.3890748022098445,18083,0.3759204493731856,5559,0.22369732289300548,13499,0.6076825035885435,4262
5980650.0,1751950.0,0,2.667615794767669e-05,11058,0.4095790154335465,16785,0.4476685061463622,14990,0.6401959326064047,118,0.3969843320299728,2036,0.5731072062245808,505,0.39161217096083056,16666,0.4416421283348648,15277,0.3360687598182672,7626,0.5629531873235487,2261,0.5311808946150546,7312
5907750.0,1771450.0,0,6.061244126255395e-10,17287,0.5127490735672956,11684,0.4891289617693486,11237,0.6224722979191007,538,0.44274914358951056,1122,0.5730425328698854,506,0.4877730954073244,12255,0.538863627395336,9590,0.6281463963191389,408,0.6826192723547,695,0.6063638004185135,4321
5997750.0,1748750.0,0,0.027784205011498853,3885,0.6286904459720496,5916,0.5999323078652554,2847,0.6054381483709549,1367,0.43995921765880786,1174,0.5729969140965437,507,0.6286930527220209,5870,0.6659466725529704,3865,0.49052306428749315,1749,0.6009035709927106,1606,0.728178952761559,1227
6032750.0,1711350.0,0,1.2801559868864539e-14,20818,0.44460550445829405,15014,0.41112458082378184,17907,0.6306679892972525,305,0.4453981786940753,1074,0.5728778988859035,508,0.4305694697340856,14882,0.4329598735163622,15784,0.2949161262573634,10339,0.4922904240024979,4014,0.46265118177652986,9508
5993850.0,1749950.0,1,0.9999999999866835,204,0.8904141764226605,722,0.7284475717239415,333,0.6449992499353817,70,0.28471546662906433,7144,0.5728631870745843,509,0.9636716631511473,590,0.9026620321843899,1020,0.5641682769812004,745,0.38408513117788756,7389,0.6979508414153506,1783
5989850.0,1752450.0,1,0.9999999999897153,188,0.8955057268272132,435,0.72744638718424,360,0.5908720499301929,3246,0.5497871096746318,130,0.5728416111064856,510,0.9699885189005802,277,0.9120993183937413,813,0.6946026831715445,217,0.7317728401678675,356,0.70446935573865,1655
5983950.0,1750650.0,0,3.491930910179651e-11,18492,0.5890489806560889,7905,0.5148266169741187,8853,0.5946471241792411,2603,0.5105200842552648,346,0.5728290116444039,511,0.5974623810292519,7318,0.5884527586263539,7060,0.2933343918128859,10464,0.6773750370151845,744,0.5289401775424738,7410
5985850.0,1750350.0,0,1.1885435087587651e-06,13344,0.3491233627891225,19771,0.4360818197584094,15989,0.58409089945931,4571,0.5182874318675605,287,0.5727849349403041,512,0.3377544659823868,19064,0.40771582766631376,17169,0.3299977601870169,8001,0.7187515054278797,435,0.5488018274663937,6648
5985250.0,1751850.0,0,0.0001226246204505721,9513,0.4351561205450489,15452,0.49139431133610195,11016,0.590000895372239,3402,0.4655399230878456,784,0.5727732073071875,513,0.4498507100243324,13998,0.5114948041228953,11133,0.35327200850432927,6679,0.7246470496336717,403,0.573472307921337,5682
5944750.0,1796350.0,0,1.7486999513134034e-05,11433,0.39574503691794416,17449,0.4774038757784391,12354,0.6144309888610164,835,0.3568023747457157,3368,0.5725830156031047,514,0.39069587322553745,16695,0.4712462943707927,13528,0.6727824109813525,260,0.5417196982266658,2735,0.7775072933176563,584
5985150.0,1750450.0,0,1.98178983473834e-12,19489,0.3782191738522573,18346,0.41301151972081657,17781,0.6163537088542128,747,0.5242359412676753,244,0.5725271316989686,515,0.3729969427651365,17536,0.39646284679536725,17751,0.2774175947446156,11570,0.6089086780854187,1496,0.36442310879228,12322
6031850.0,1712450.0,0,1.2242839656263476e-08,15923,0.5328610272416893,10697,0.5319036841663022,7366,0.6251146991935331,470,0.5141806674111679,322,0.5724983604868786,516,0.5065844400513572,11434,0.5360955667252233,9740,0.3716409690059962,5748,0.5714414781823901,2117,0.29590042864759103,14163
5999250.0,1749550.0,0,4.89784518054611e-15,21016,0.3544964094115454,19515,0.34440522221782527,20996,0.6145838466623286,824,0.47509703394955355,678,0.5724840994616112,517,0.3282554974620737,19452,0.3403938623598177,20006,0.2829357607402222,11198,0.6628328508318799,877,0.543758768162653,6841
5985250.0,1750150.0,0,4.39596097234352e-05,10581,0.49457791615554747,12569,0.5499920953158005,5889,0.6235784836850847,511,0.5099457122766003,353,0.5724418037287441,518,0.5073020245584711,11393,0.5688363012151494,8004,0.3371718390913082,7561,0.5539615504954615,2446,0.3149104771460023,13576
5986650.0,1750350.0,1,0.9999999866849947,657,0.898828628580477,166,0.7261305812699995,397,0.609695215338927,1085,0.5046415298483959,388,0.57243572119955,519,0.9647244567377854,522,0.9193927032567751,589,0.579274439345814,643,0.7029198580508857,534,0.7984163299550457,401
5986550.0,1750450.0,1,0.9999999985692358,514,0.8978029036896974,251,0.7311979787045678,286,0.6170945784047596,723,0.4163929921177741,1611,0.5724203051867143,520,0.9641613031312428,550,0.9203259200607496,556,0.733772510476052,162,0.6564143148158499,935,0.7918942723634184,447
5984350.0,1750850.0,1,0.9999953741680734,1176,0.8828131020833441,1125,0.72906607932816,319,0.6230808919190597,529,0.5047420996639846,386,0.5723348969865071,521,0.9509196718434364,1130,0.9089256079455575,885,0.372769305954434,5703,0.5836640221745784,1888,0.38008257649700294,11936
5985250.0,1752250.0,1,0.9999998963308953,847,0.8969283535968853,322,0.7307882452430424,292,0.6093892182673988,1102,0.3365651199164906,4245,0.5723342204978206,522,0.9669010873674488,417,0.9226327472996695,499,0.4013590279879591,4485,0.5696210921756977,2146,0.6016511312085944,4501
5904850.0,1748850.0,0,0.028190657452516008,3872,0.3797815486014973,18253,0.45635972176802847,14215,0.6144055100902934,838,0.35241171852126474,3544,0.5723260489685736,523,0.3497333749605893,18563,0.4258473780575226,16206,0.5090940501405339,1393,0.6053446938787629,1541,0.7693783803346808,679
6009250.0,1733350.0,0,0.0014185256977685134,6946,0.41301297218281136,16617,0.492408237559048,10935,0.6110446294762915,1012,0.3734458201683607,2762,0.5721942364125692,524,0.39569926938944067,16482,0.4618561565869468,14084,0.5221097591110155,1185,0.6267283046347123,1271,0.7546531125112641,842
5984650.0,1757450.0,0,0.00010102037261713497,9722,0.34227223971646636,20078,0.4324793588978029,16296,0.5735128662813873,7178,0.549465649788062,131,0.5721684433584331,525,0.30904182062817953,20203,0.38247508076016523,18399,0.4737961249029048,2116,0.8050106173393231,110,0.8158404380422764,291
6041250.0,1736050.0,0,2.707811898871204e-13,20128,0.542196222516577,10288,0.4650602868050538,13476,0.5837064054792271,4658,0.5446919592903908,144,0.5721375960969813,526,0.5010165024943447,11672,0.47050716138766313,13572,0.21093479625460687,16640,0.6881206638486548,642,0.326073230537829,13284
5971250.0,1777750.0,0,9.031509951099132e-05,9847,0.46167403615546954,14176,0.5063938378718593,9605,0.5976180288647813,2187,0.42655638073101165,1408,0.5720830654332372,527,0.4417721955155408,14401,0.491022315300058,12373,0.5170034683167206,1256,0.6685344059561376,820,0.7718529691786703,644
5987350.0,1752950.0,1,0.9999999969622937,565,0.8898238123976233,762,0.7408647405751324,112,0.6117562764185919,973,0.4966799877166658,469,0.5720274766605663,528,0.9584180537149147,857,0.9165190314675777,670,0.5043985969883236,1478,0.6192972089065911,1360,0.4242218695528671,10700
6061450.0,1761050.0,0,5.1465896077678386e-08,15147,0.7028823554211179,2455,0.6210114027906466,2115,0.6131246187694464,896,0.4925178467725534,513,0.571947743274685,529,0.6945289447061342,3065,0.6935801369857861,2996,0.5565760763963695,802,0.7283701204303348,374,0.6826285319127398,2090
6035350.0,1694350.0,0,3.727250216134425e-06,12576,0.4145138117966228,16539,0.43898758497323903,15745,0.6309207101934354,302,0.44388722931194796,1101,0.571832374966211,530,0.38426277738428927,17010,0.4396540266575296,15397,0.5703517897480745,705,0.6373354890271365,1131,0.6693400764495564,2395
6037050.0,1727450.0,0,1.997042403901591e-06,13005,0.604541786866407,7142,0.5456337072716042,6227,0.5990539069821482,2001,0.5017165866628208,425,0.571713148088445,531,0.6077502102876176,6851,0.6159965837848049,5816,0.28099392991180006,11350,0.6569292887066551,926,0.3510075875610501,12637
6036250.0,1713150.0,0,1.235027266431905e-10,18016,0.5795960508826196,8408,0.5317440738521341,7377,0.5889917203863717,3593,0.5304334610209438,203,0.5716220246585955,532,0.5752737043134388,8343,0.5901300634581055,6976,0.45230972761273647,2694,0.8022149056498149,118,0.4790569798924731,9010
5986950.0,1750650.0,1,0.9999999985304802,517,0.8976195833631905,267,0.7308746944505891,290,0.6126232110514509,927,0.42259261237871104,1484,0.5714991265806649,533,0.9638068152172479,578,0.9196161316975381,581,0.7403253308808752,147,0.6738148033455368,770,0.7884923305814993,474
5990850.0,1748450.0,0,2.7957126330893814e-15,21101,0.38508048975308196,17998,0.38548452379113435,19363,0.600572780576395,1846,0.5042177563174535,395,0.5714616605488629,534,0.33785932285062414,19058,0.37310185781339,18796,0.43627464978999075,3165,0.6811112009946091,710,0.5261864616795908,7508
5989650.0,1757150.0,1,0.9999999999882185,194,0.9229411891539109,1,0.762792180509285,3,0.6414661309010445,103,0.4211654085097415,1506,0.5714613148334391,535,0.9992992992500398,2,0.9876944760428549,3,0.6264865239014258,415,0.4583959391053375,5052,0.7329415740840117,1153
5909950.0,1771350.0,0,2.2209385568323756e-15,21142,0.48247695503215593,13162,0.44952630469062216,14827,0.5982310221884444,2110,0.48274367117589345,607,0.5714458878656513,536,0.44312298515063653,14339,0.4714281097788565,13517,0.38868907073320746,5011,0.7262875499952506,391,0.5039371013230718,8225
5906750.0,1754050.0,0,0.008411738877998114,5086,0.7053626544776859,2381,0.6398247091874156,1726,0.6109251726658506,1018,0.47069830134304447,727,0.5713156499239905,537,0.7161789076434579,2365,0.7518927247651492,1882,0.5045623899950531,1476,0.6584583245928572,915,0.6493099437078393,2908
6033450.0,1710450.0,0,0.0042294141414579755,5790,0.39286302427864345,17586,0.4694040448959493,13055,0.6402868927765052,117,0.3662089094720998,3017,0.5712194630972928,538,0.399044729907581,16335,0.45720322229351507,14356,0.3514199648038574,6777,0.3225178066460064,9340,0.4745800060394322,9128
6005750.0,1761350.0,0,0.0009356921095974429,7389,0.33297340094528477,20456,0.43966805315076496,15691,0.6146108329178728,821,0.358116365163202,3318,0.5712050354780128,539,0.3413766209448301,18910,0.4350263592819801,15660,0.6618596114097037,292,0.5514161140433277,2508,0.7890265310138439,467
5987550.0,1754850.0,1,0.999999999999108,70,0.8910099756469209,677,0.7268580052909663,379,0.5954190134447402,2470,0.4651490532481953,787,0.5711431673159263,540,0.9622895556387969,644,0.925184408187032,427,0.7969473997659828,77,0.7270266049229851,381,0.9045353440167186,52
5986850.0,1752150.0,1,0.9999999834119011,676,0.8973083505806231,297,0.7196615039817529,544,0.6096211346456407,1088,0.36346679799163445,3127,0.5711283765374708,541,0.9688641732547105,336,0.9265454957532296,386,0.5780692829824686,649,0.5365022645430875,2853,0.7790291949390873,564
6036450.0,1695650.0,0,0.10833211246863755,2716,0.3406753462527896,20158,0.4310192954592063,16403,0.6183292657661437,682,0.3641892840384035,3091,0.5710734816718452,542,0.31852229120470277,19831,0.3937153014480208,17871,0.552947371175593,835,0.5076585839362031,3583,0.7345733654760962,1129
6001750.0,1716450.0,0,0.003173716381052791,6085,0.35814989809789627,19310,0.46387425852655073,13571,0.6118623058038407,967,0.3415337464154681,4017,0.5710672347782506,543,0.35670433405043167,18265,0.4386363688687286,15451,0.5607788695019065,768,0.5749681934693331,2054,0.7813568742589484,538
5904350.0,1741950.0,1,0.9999999900021844,639,0.8868582315651656,931,0.7170469002256811,610,0.5880608193067678,3741,0.4466541236661463,1053,0.5710169601580253,544,0.9578779465566373,877,0.943738060816143,144,0.5892910094082626,574,0.725855229698315,394,0.884126762511782,75
5885350.0,1765750.0,1,0.9999986304620299,1106,0.8484131011680803,1208,0.6866753306193346,1105,0.6102326183166595,1053,0.3606708885119598,3234,0.5710028764615068,545,0.9136578504339992,1170,0.9275323168076707,365,0.45394363880370725,2652,0.5651772195515569,2224,0.7824981066493831,526
5943750.0,1791550.0,0,7.314265359208445e-05,10078,0.5467446864642418,10081,0.5728663181774912,4328,0.5720406991553659,7596,0.4592435389573012,874,0.5709845508781403,546,0.5525575423849436,9402,0.618362033179118,5733,0.4594891467018555,2488,0.7079642084141137,498,0.8140261207359256,303
5972150.0,1774750.0,0,3.384872258652936e-10,17557,0.6333808075718524,5677,0.5516364754174455,5766,0.6000832147047171,1889,0.49037509269397545,532,0.5709091633267958,547,0.6185241635242834,6367,0.632138206719327,5165,0.5594183674802402,777,0.7769243173207132,182,0.7111452284068224,1537
5984850.0,1751150.0,1,0.999999893834095,848,0.8966438763648311,345,0.7269242055974428,376,0.6114590964913625,993,0.47543932489822527,674,0.5707221443296441,548,0.9652185096225311,497,0.9201146439780702,565,0.38116733650745804,5358,0.6973465314380771,571,0.563942518228161,6052
5900850.0,1774350.0,0,0.0959344254154122,2800,0.7323135460616805,1754,0.6709892748382046,1226,0.6282743986519442,374,0.30384764438310596,5967,0.570647270214335,549,0.7595385731162357,1689,0.7990883370488242,1581,0.6078736277341437,489,0.441646299744729,5632,0.7326621404301836,1156
5987950.0,1754450.0,1,0.9999999999995464,48,0.8913026212510997,661,0.73129431322397,281,0.6022374694002611,1649,0.4917652230683575,519,0.5705993230713526,550,0.961931319223283,660,0.9247590323397705,438,0.7880253685107774,86,0.7564571657734163,243,0.8070110871064957,347
5905650.0,1754350.0,0,0.0022514207580903605,6440,0.6684159451838173,3890,0.6045000506339205,2666,0.58860051552704,3653,0.513231330390305,327,0.5704632855381885,551,0.6678468784922212,4116,0.7059874668331458,2659,0.5593316836555446,778,0.6810537243741349,711,0.7933821238995471,434
5998750.0,1747250.0,0,0.00090001668331145,7431,0.3107536931903516,21161,0.39930374919220807,18631,0.6216105925932541,570,0.399945845506247,1966,0.5704281138503076,552,0.29854347109225066,20557,0.3684823533064425,18996,0.5675623068006772,723,0.6285969425257745,1245,0.7320253150018209,1161
5987450.0,1754750.0,1,0.9999999999993292,61,0.8902236331267199,732,0.7234659449065122,453,0.5891378209716344,3569,0.45966973121057086,863,0.5704198228195885,553,0.961790383296281,667,0.9239496106988513,465,0.6720057665839999,265,0.7609998835353291,230,0.9019569968560246,55
5997650.0,1747250.0,0,0.00031156825086265527,8483,0.6514465421816569,4788,0.5820105110156601,3742,0.6018402975217931,1709,0.3405395643902633,4064,0.5703819336580453,554,0.6643079079766822,4285,0.6595037263359644,4100,0.3152239943668419,8938,0.587182178793965,1828,0.7375353804364252,1085
5986650.0,1753250.0,1,0.9999999987675126,504,0.899523195810096,131,0.7367243366705902,188,0.6156902874168596,774,0.35141826845216056,3587,0.5703594584241914,555,0.9704543514156895,252,0.9340284611919718,242,0.5971418783640605,538,0.4456994826374864,5480,0.7206967144255377,1368
5989350.0,1754550.0,0,0.00015490516013224096,9279,0.4360156594029154,15412,0.5200856372491797,8401,0.5782768673475948,5907,0.4076222615431498,1803,0.5703283714418028,556,0.45702439802973593,13676,0.5460412834579248,9205,0.5858725116716489,593,0.723901778870046,405,0.9023667346323868,54
5900350.0,1770950.0,1,0.9705447267038819,1484,0.7464806142357255,1577,0.6379934770193207,1762,0.6287540780384367,356,0.38621929811241723,2316,0.5702773832425091,557,0.7798747123658764,1572,0.786283983644435,1616,0.5541616244921221,824,0.5822638704101353,1907,0.7814992554560134,535
5903250.0,1740450.0,1,0.9999999999997511,32,0.8881886706547992,868,0.7192366236823539,556,0.5987757144927117,2039,0.40369516729686095,1879,0.5702153216966931,558,0.9634607922725097,596,0.9094538673645173,873,0.5578134682639597,784,0.6929395530376694,600,0.8792040950163703,84
5971350.0,1772250.0,0,0.0029591509255921275,6151,0.6278334000741898,5962,0.6274969507166022,1951,0.62241945706975,542,0.39321545484725157,2135,0.5701891301359417,559,0.660897903617599,4424,0.7137291088994211,2488,0.6666465243300821,277,0.6543121184266123,955,0.6610491340916369,2593
5984950.0,1752750.0,0,3.0391742290860933e-06,12724,0.7294742060053044,1800,0.6196495039924608,2152,0.5814566784053246,5181,0.49064944042964576,529,0.5701531643938144,560,0.7425656844629062,1899,0.725472041446583,2252,0.29646782320947596,10224,0.7792822026106139,177,0.5464845854043003,6732
5903150.0,1740150.0,1,0.9999999999782145,239,0.9144066912676573,45,0.7345342845117221,220,0.5889681360410535,3597,0.3977784081063837,2020,0.5701530282943654,561,0.9933869726683221,25,0.9715000925738412,13,0.4849477630521499,1869,0.6762057608875306,755,0.8812695456352789,81
5987350.0,1752750.0,1,0.9999999999380123,294,0.8899757660231039,748,0.7281451619400667,343,0.5917850667755865,3084,0.4137704046415577,1667,0.5701269189407053,562,0.959427143027672,800,0.9138556380119356,755,0.6032143300262979,512,0.6696289309726227,804,0.8141292739204972,302
5882650.0,1781550.0,0,0.05493755772052025,3284,0.6649482797710415,4068,0.6293485059391805,1913,0.6256712417798405,448,0.3345459285657817,4353,0.5701051164532457,563,0.6953868482864934,3038,0.741253215294821,2024,0.503587923021727,1499,0.3871635066120528,7301,0.7002842687368833,1745
5988350.0,1754550.0,1,0.9999999999986187,89,0.8914464058271896,652,0.7255970018267737,406,0.5940309614632503,2706,0.46482044641636133,789,0.5700897246702614,564,0.9628048269899305,622,0.9251900105025432,426,0.7569688425701608,126,0.6760719920446042,757,0.8726219414958905,101
5904750.0,1740050.0,0,3.6935223988183816e-08,15317,0.4205666644177317,16219,0.42234123816318725,17091,0.6361684951077452,174,0.42856565655032647,1376,0.5700583675576791,565,0.3881820920291307,16817,0.44004338986016356,15374,0.5706834188481916,697,0.5890813888860578,1791,0.5879864414206899,5064
6035550.0,1713350.0,0,1.352996817256952e-10,17972,0.6548410945796278,4594,0.5567963807780414,5397,0.6108613215787293,1023,0.4578633988841786,900,0.5699456099790763,566,0.6766429004458425,3742,0.6156231264936389,5838,0.4732568227532872,2131,0.6692624134741784,809,0.4790400209217396,9011
5906050.0,1754750.0,0,0.0030238758633207054,6123,0.39232864466130496,17605,0.4680170592598165,13186,0.583062169101038,4804,0.5167163763669004,294,0.5698991410416512,567,0.4000242027585563,16288,0.480575426947079,12956,0.6164169900992769,442,0.7227982993826151,411,0.8259976903593553,243
5886850.0,1781850.0,0,0.029862300199617522,3815,0.5267859851372287,11036,0.5580757904368687,5310,0.6054783321767909,1357,0.336048102594163,4266,0.569845903561201,568,0.5478706326181794,9615,0.6170140381863503,5777,0.6080660458959657,488,0.5158115386865965,3342,0.7672406909329077,703
5886550.0,1761150.0,0,0.0003094869812726243,8493,0.38551368511079537,17971,0.44229301137728033,15485,0.6114557007944119,994,0.3917429107920636,2178,0.5698099267943385,569,0.393128776131362,16587,0.4629594993030022,14012,0.46587433294172054,2323,0.5818754717694097,1917,0.7529505793632698,866
5992350.0,1748750.0,0,1.349129210849295e-09,16933,0.4228091975427922,16112,0.4416955890115753,15530,0.6224246713860844,541,0.4572258564467454,910,0.5697438753333862,570,0.4050795461797365,16030,0.4575835323202081,14335,0.6403902797296419,357,0.7100899069844667,489,0.5872924251226284,5095
6007550.0,1731750.0,0,0.0018695140437007501,6646,0.35479872419060704,19498,0.419480169593151,17304,0.6406980940360691,114,0.38875906707579955,2259,0.5697294813063739,571,0.33925463972303993,19003,0.39739851437286167,17693,0.4654182307405277,2335,0.500255793108964,3794,0.7063758979823541,1615
5907150.0,1745250.0,0,0.001686716305729419,6762,0.4930665560300847,12652,0.5325552637089597,7298,0.5902282194993635,3353,0.45459528367602575,949,0.5697014787716538,572,0.48492190448692096,12392,0.5545692096227732,8733,0.6108184847993426,468,0.7348452546841064,336,0.8228067353228732,261
5984050.0,1750650.0,0,3.395219115062454e-07,14096,0.3640871700115986,19004,0.41368889734148007,17731,0.6305544058886895,308,0.4450505275230794,1079,0.5696606225054317,573,0.3259823985933923,19546,0.3762276261114932,18671,0.30467863476813406,9648,0.6443122929018464,1042,0.4981940890199078,8415
5937850.0,1699950.0,0,0.5034392214559141,1834,0.6871350385258864,3051,0.6268989513480929,1961,0.6273661867412176,396,0.3150563426813612,5313,0.5695272991217499,574,0.7029831374724516,2762,0.7365027335955061,2088,0.5704703677329115,704,0.44748798915445964,5423,0.7314506913380413,1174
6037650.0,1712150.0,0,0.017769238326205097,4325,0.6755078786418338,3542,0.6319781014725456,1865,0.6126103570601279,928,0.38019960445731904,2515,0.5695218586099697,575,0.7056652265279468,2679,0.7325304568838991,2141,0.4954059981744525,1655,0.4950932749754917,3935,0.5073426043653457,8112
5983150.0,1750950.0,1,0.999999845136976,889,0.8973861494406024,290,0.7225528185964684,474,0.6373025734972521,155,0.36683652012013884,2998,0.5695149325580902,576,0.9659565804465888,466,0.9169960533911455,651,0.3958947079916064,4700,0.49161179572976244,4040,0.575760034565495,5589
5985850.0,1761250.0,0,0.0009936863169126215,7316,0.4119757369382822,16666,0.4966146329392819,10508,0.6011783998546221,1788,0.414207002636888,1654,0.5695102369250821,577,0.4213179720479987,15301,0.505928703588009,11475,0.6988373336044962,212,0.5644553031814199,2236,0.7702975957211332,667
6033450.0,1716650.0,0,1.4288837487239624e-11,18815,0.6360989902954359,5541,0.5501904467133408,5872,0.6191475903174252,653,0.46750932201887474,766,0.5694957208306225,578,0.6480510294373248,5013,0.5640066345991753,8242,0.44629056245531584,2877,0.6439950243065214,1046,0.4664301397306976,9389
5971950.0,1773450.0,0,0.020812816766547747,4161,0.687258670836583,3048,0.6332875192241783,1835,0.5971557702286182,2255,0.40293492375100304,1896,0.5694746373994667,579,0.7080326743059222,2603,0.746188063109609,1955,0.572348347775971,688,0.699000107654572,559,0.8155627214405765,293
6041950.0,1737350.0,0,6.359357418709727e-05,10222,0.5056934056941201,12039,0.540838016311873,6599,0.5832460157538688,4773,0.5367083899879567,179,0.5693370956279991,580,0.5026924158931716,11597,0.53828130635558,9620,0.273126301661646,11883,0.6878721064222565,646,0.35445633445755864,12554
6033650.0,1710750.0,0,7.657693621025793e-09,16155,0.4967459246589215,12451,0.5077532083240824,9480,0.6287118179455274,358,0.38926856230573814,2236,0.5692623389299422,581,0.4714014221447901,13020,0.5140734944610978,10978,0.4675731691242452,2278,0.46651173319492967,4814,0.45954027883702553,9613
5983850.0,1761450.0,0,1.3425009794596915e-08,15874,0.6745523433034587,3587,0.5964864744472482,2995,0.600439725459413,1852,0.5228834622906088,256,0.5692281511574777,582,0.6793808759715535,3634,0.7097677964925277,2564,0.3287836806007427,8071,0.725080527297551,398,0.582913902032858,5284
5989550.0,1757150.0,1,0.9999999999984672,91,0.892308350988742,600,0.7451833286531973,65,0.6371951770167862,158,0.4052094338079401,1857,0.5691870338354141,583,0.9683143560759209,359,0.9257988358471867,407,0.7338086542154987,161,0.5125926573700341,3436,0.7201673838144096,1375
5985750.0,1750650.0,0,6.600113345461581e-06,12167,0.5496754389837483,9949,0.5607733490125262,5121,0.5951665970699892,2515,0.5019577379590683,422,0.5691753714119389,584,0.5651505500258555,8815,0.6145087883108828,5887,0.3416448437040446,7322,0.6698561365845144,802,0.5396934760024501,7007
5996750.0,1749250.0,0,9.06147418611953e-12,18960,0.47771558468923786,13381,0.46005095360611353,13883,0.609885349718775,1072,0.48471324934629395,580,0.569173029318641,585,0.44597731763807513,14186,0.4865892365773732,12639,0.526563152066683,1113,0.6539989957111505,958,0.5391476656583936,7030
5983250.0,1750850.0,1,0.9999999165491383,828,0.8965712423419593,356,0.721223216827107,503,0.6176228839680373,699,0.47011256047045163,732,0.5691419068909851,586,0.9648898482740055,513,0.9165110415661893,671,0.3812504765565208,5353,0.6187522983022586,1367,0.5628624924628232,6091
5998950.0,1743950.0,0,0.006937758608841297,5278,0.3967083062072131,17404,0.48065240198124726,12053,0.5858464463538609,4209,0.4714844913731959,718,0.5691362406195868,587,0.366418468804118,17831,0.43628888871858706,15581,0.48405812736906983,1886,0.6368222408641879,1139,0.7425292270194038,1007
5903450.0,1756550.0,0,0.0018830634862195223,6638,0.6348556628956764,5613,0.596183663904769,3007,0.6018334236616669,1710,0.4003687425305151,1955,0.5690976708437135,588,0.6392734687885788,5417,0.6837355913743416,3274,0.536752360726385,1002,0.6668942675380771,834,0.8100186304711869,335
5995650.0,1747250.0,0,0.005937274675666492,5448,0.5218390646806458,11274,0.5235976545721911,8088,0.6486118407529571,56,0.28073648612493685,7420,0.569055988010951,589,0.5269174098383268,10541,0.572133166900208,7849,0.5228506901842855,1177,0.4411932692907008,5656,0.7027598175366387,1688
6039150.0,1692750.0,0,0.003480970619454518,5972,0.4405487242112806,15211,0.4996853191429979,10242,0.6042315618073911,1461,0.36352659149399275,3124,0.5690354136560855,590,0.44516434393225524,14227,0.5154658948424115,10898,0.5005275559890081,1548,0.6401710524912952,1089,0.8289297847262624,224
5997350.0,1748550.0,0,3.8926836803549523e-07,14022,0.40219870613591296,17146,0.46185456262465524,13739,0.6274091766935215,394,0.4198355896688731,1537,0.56898158055895,591,0.4004187330547767,16265,0.4323896313591872,15812,0.30058965266142734,9949,0.5771113995275896,2016,0.444861617546917,10103
5986550.0,1750950.0,1,0.9999999893936841,642,0.8977409259190016,259,0.7280213422750382,344,0.6104829122165916,1038,0.336500112175413,4248,0.5688475770932251,592,0.9702793383654919,261,0.9324476510610136,277,0.6115380957084923,463,0.5308386088548388,2982,0.7893741019807727,465
5880450.0,1781850.0,0,0.3413736599418481,2024,0.6400930288787628,5323,0.5995990535852184,2860,0.6304852834040738,311,0.3188517744660398,5111,0.5688039829414868,593,0.657240684651889,4603,0.7011208434460839,2782,0.45155951286004326,2715,0.3509460887223689,8413,0.669810507224597,2381
5981150.0,1752650.0,0,8.665197163677753e-06,11973,0.3500099494129866,19724,0.41864320343355943,17360,0.594507729918803,2623,0.5437865741493497,145,0.5687684555438965,594,0.34548829517545054,18744,0.4153637340523644,16804,0.587987708999191,584,0.6897761320514137,628,0.7367639334575817,1095
5977050.0,1742550.0,1,2.140632339036592e-05,11264,0.35029492879793905,19706,0.42248909219123126,17076,0.6463173659243138,65,0.2225715190629465,11569,0.5687598622818872,595,0.3160914991350914,19924,0.35369397514130596,19554,0.29062179214657224,10644,0.19329368509368683,14998,0.4913126388190562,8623
5903450.0,1752650.0,0,0.00016430190652152036,9226,0.435076263544726,15455,0.4576814502842213,14105,0.6322751523195075,269,0.3843243558390846,2371,0.5687561095098391,596,0.4164869422197859,15521,0.47690615990259877,13199,0.5173422960282801,1253,0.5713724428628713,2119,0.7487573978315768,931
6033550.0,1717450.0,0,7.202591936144822e-12,19045,0.591660599928012,7770,0.5089916706684772,9367,0.5968934889041577,2282,0.5134577058445515,325,0.5687182309841776,597,0.5653413136281483,8810,0.5501599978859327,8965,0.23833861451251104,14493,0.672071825018008,784,0.4100244863013949,11150
5988350.0,1755250.0,1,0.9999999999999709,8,0.895652145289961,420,0.7409388597160681,111,0.6060648198201545,1307,0.44505242212091045,1078,0.568695125527778,598,0.9753347467752354,114,0.9348162941811274,229,0.5847915773310498,605,0.6922539819518454,608,0.6576507196311712,2673
5944650.0,1796250.0,0,3.22904913745363e-17,21560,0.6589989093079994,4374,0.5225243189457763,8171,0.6091454947834016,1120,0.3967184187012941,2039,0.5686780153918042,599,0.6696752117612792,4036,0.5638547022935896,8248,0.3496633419383549,6861,0.6348301662788298,1163,0.6037431918413043,4417
5984750.0,1752150.0,1,0.9999999697349475,731,0.8980015834805593,232,0.7273653242407443,364,0.6187283734793969,664,0.33178067936780387,4471,0.5686752051459524,600,0.9663482323933106,443,0.9178798702821807,629,0.3946129853863233,4744,0.499986776587809,3800,0.5911525346053753,4933
5988550.0,1752950.0,0,7.11304584523121e-17,21507,0.5493162422828578,9974,0.4878869343436537,11362,0.5916268936928888,3107,0.5425720916122985,150,0.5686371001785674,601,0.5235700213409787,10682,0.4795964116883551,13018,0.3326161879383924,7838,0.7931636958670949,135,0.46361753084404056,9481
5908050.0,1771750.0,0,1.0224785866233419e-05,11849,0.46856416285230845,13836,0.49452062986856193,10722,0.602085157248807,1665,0.43387280498731706,1273,0.5685436186976047,602,0.45385510283305364,13810,0.5174170552362236,10790,0.6645630028294375,284,0.6981026859959454,566,0.7665294594796508,712
5886750.0,1761050.0,0,0.013267386506549737,4646,0.5084120761788389,11892,0.5291812606494128,7597,0.6012259278840505,1780,0.3707842127196013,2861,0.5685361215938992,603,0.502210237142773,11622,0.5604511563165374,8439,0.4675256352127851,2279,0.5813032980390062,1934,0.7560040202636769,822
5989650.0,1757350.0,1,0.9999999703859055,728,0.8918635496013554,627,0.7474884440717727,51,0.6232213310484997,525,0.43789845179749254,1210,0.5685049619809635,604,0.9622506018055971,648,0.9574433937710249,59,0.8015893446496049,70,0.5741713434291587,2068,0.7768166852799563,593
6036850.0,1710250.0,0,8.6147022602367e-11,18161,0.4604940183313355,14252,0.4504657129326629,14735,0.6287177801361615,357,0.45898237275423065,878,0.5684955737041081,605,0.4207296154373297,15334,0.45414997560984094,14543,0.4487539988449898,2802,0.5817419232262235,1925,0.44560186006515756,10082
6043850.0,1751650.0,0,0.0872166123680265,2871,0.38464516162851203,18021,0.49092685371270106,11054,0.6086655902627414,1150,0.39347352466691377,2126,0.5684411514557558,606,0.3505584347942008,18530,0.4160025120902112,16760,0.30167997653298184,9854,0.4112110423938843,6568,0.39205211868323797,11622
5969550.0,1733450.0,0,0.0017804758824212636,6699,0.42183283728715304,16153,0.4636387625215596,13591,0.6076385063713394,1217,0.36808534138305854,2947,0.5683883454074486,607,0.4043115025559648,16072,0.4417757118686638,15273,0.30821655711110685,9390,0.586633374496,1837,0.5408664121817703,6957
5995650.0,1748050.0,0,8.32260879380128e-16,21268,0.6085129491309171,6933,0.5212910095847577,8286,0.6532676640915375,32,0.3487116495480262,3699,0.568320249531317,608,0.5997754313710408,7187,0.5110090898843371,11161,0.3893084427470894,4975,0.5487837551075965,2555,0.46413508101205736,9462
5899350.0,1758450.0,0,7.154798110783694e-05,10105,0.6076213852569651,6979,0.5674664743720184,4677,0.5871767544373857,3929,0.43443750013869664,1261,0.5682984541082756,609,0.6310866016427639,5768,0.6656981847073563,3876,0.5193968130075792,1223,0.645495814034389,1032,0.7969202604041026,415
5946950.0,1760650.0,0,0.00035531480331638115,8357,0.668743105911493,3867,0.5668505751036353,4728,0.5926512032718171,2940,0.3770489433957581,2621,0.5682589969786606,610,0.6821137173702019,3528,0.6712352665175962,3679,0.32082320749675075,8576,0.6112743792569959,1468,0.7151400613367196,1455
5987850.0,1754050.0,1,0.9999999999988824,82,0.8893546552510687,801,0.726230464398213,396,0.5981469713666305,2120,0.38916213590207843,2244,0.5682269708965834,611,0.9612595886441594,696,0.9231825454485244,484,0.6258585526411723,418,0.6962333511802875,585,0.9004294627776137,57
5987050.0,1753250.0,0,7.035660548682314e-05,10121,0.44490736787403035,15005,0.5374604005219137,6891,0.6183235839247362,683,0.45714781215185774,911,0.5681312242826273,612,0.46777565681087074,13183,0.5487075789083962,9054,0.462124330985744,2423,0.5928296412241747,1730,0.39376075310934566,11576
6032650.0,1712050.0,0,3.8900623704239664e-08,15280,0.5202103141118538,11339,0.5399728621066847,6679,0.623412919311759,519,0.371005064940221,2852,0.5681172798941522,613,0.503089709562698,11575,0.5516218016930118,8885,0.48344352759402054,1903,0.4417486856374073,5631,0.47112737137251814,9237
6006850.0,1736750.0,0,2.738316318016412e-06,12798,0.29981409451732427,21413,0.3819331831694119,19560,0.6197240657094449,635,0.38413933321839167,2378,0.568006609597116,614,0.2764254347220738,21124,0.3447751454215662,19862,0.6326352526181397,386,0.6381428076230624,1113,0.6617970710167439,2568
6039050.0,1713750.0,0,1.0401453296271947e-09,17041,0.3823899553509358,18124,0.40022291664756604,18581,0.5852379755282942,4340,0.5008216127235415,434,0.5679996167558843,615,0.3552568050244782,18314,0.3672989857431824,19041,0.24700514885130742,13874,0.732931336399577,348,0.44698408479617935,10032
5902650.0,1759050.0,0,0.0014914653818158946,6890,0.5792271484066073,8424,0.5515642886355846,5771,0.605852986061328,1321,0.4340026047108683,1270,0.5679596287401874,616,0.5752429148894984,8345,0.6069657153878083,6239,0.5671034049331449,728,0.6561493303353005,939,0.7810886198781182,542
5970650.0,1778050.0,0,0.0005206969367745658,7993,0.6254077715642122,6091,0.6191573265166256,2170,0.5892648999741263,3536,0.4209161398186093,1516,0.5679283252052306,617,0.6556642313069576,4682,0.7075075470159309,2622,0.6018218902228702,518,0.7283523640699532,375,0.8193252604423368,275
5987350.0,1754750.0,1,0.9999999999995386,49,0.8895940079997298,785,0.7264811280995759,387,0.59160413612647,3110,0.42983489600213004,1348,0.5679261866420248,618,0.9613935274017342,686,0.9242756372399397,454,0.6344839378197749,378,0.7289932115265115,373,0.9048687013986669,51
5983550.0,1750950.0,1,0.9999999737602641,715,0.8971611527358151,307,0.7222714074039807,483,0.6251482131666715,467,0.3583641576095686,3310,0.5678661485853767,619,0.9660949851234779,458,0.9182965666109506,621,0.3982343084557076,4601,0.5068636858726496,3610,0.5865388762764113,5126
5907150.0,1770450.0,0,3.1445170345724586e-06,12698,0.31300364497254585,21104,0.39839602206020347,18704,0.6161811448599368,757,0.4233475972973715,1463,0.5677632326998848,620,0.30238036405864344,20442,0.38457849327170734,18304,0.7105579148932847,192,0.6544837078435235,953,0.6913572137001197,1902
5947450.0,1792050.0,0,0.00025186746004232625,8750,0.4137735815438759,16579,0.4901756295876696,11129,0.61409709514063,850,0.31231452425342277,5458,0.5677563005547233,621,0.4278927389202867,15007,0.5064115169411276,11444,0.601434105972222,519,0.4919476621200708,4031,0.7618547561109903,765
5885350.0,1761450.0,0,0.0005286702000785412,7976,0.39162392604212987,17650,0.4822274452739098,11897,0.5870387178636537,3956,0.3817624243586416,2458,0.5676281943627846,622,0.3957672118448534,16478,0.47891187473999075,13067,0.49687181968247196,1624,0.6100234938022608,1483,0.7833030907514785,519
5988750.0,1753050.0,1,0.9999999999298983,298,0.8910525863546321,674,0.7260485498119201,400,0.5959971796977933,2386,0.4152945608006609,1633,0.5676074729600122,623,0.9588998896508549,830,0.908604999876763,891,0.8108800970342543,64,0.61710481028798,1390,0.8029846426984113,373
5908950.0,1753850.0,0,0.00010545481000963631,9671,0.4985822447509155,12354,0.5233095813710795,8108,0.5909174142728366,3242,0.3762725991361964,2660,0.5676023446836613,624,0.5192240151665839,10863,0.5708371263395435,7911,0.5566892023284032,799,0.6694502053315252,806,0.8614438035126767,118
5941850.0,1768050.0,0,0.00048200798940251733,8081,0.5998012190220204,7370,0.5754873494042274,4139,0.5957621928731158,2427,0.32503042801507787,4779,0.5675839038784726,625,0.5938065500904309,7478,0.6199430148735339,5670,0.43255564090225784,3305,0.5631628042592194,2255,0.709086204708256,1562
5989650.0,1757550.0,1,0.9999999576003489,761,0.892143599202247,611,0.7432214724681347,79,0.634257952875318,213,0.38670557148952067,2303,0.5675433998865214,626,0.962899271623709,618,0.9573068155926404,60,0.5196858789037517,1217,0.401488305109992,6852,0.7030626882155304,1680
5948850.0,1794750.0,0,9.783121507768926e-13,19707,0.442411810496968,15123,0.4268512904048565,16731,0.5813643456449661,5207,0.4664170172741313,775,0.5675042561375394,627,0.42596050409330644,15090,0.4464684088336037,14988,0.3237328245552934,8397,0.7449536373618212,296,0.776538810093899,599
5986150.0,1753550.0,0,6.531651825055303e-10,17263,0.4575796523581167,14400,0.4377835620713295,15834,0.6231466733512637,527,0.40682277137019135,1821,0.5674865775243157,628,0.4263432966205598,15072,0.43521072005688677,15645,0.2803893181450626,11394,0.5064354774851056,3620,0.668117117269246,2415
6000550.0,1768250.0,0,0.01334226632792835,4638,0.6976241505715267,2653,0.6216802497774585,2094,0.555132186535985,13245,0.5719066537914846,58,0.5674595017099423,629,0.7072428498172618,2628,0.7416252840110068,2020,0.43637166944768524,3160,0.8960548834601586,13,0.8490968710150307,144
5885250.0,1761850.0,0,0.018713699107256506,4269,0.6680691456956415,3911,0.6215863298688434,2096,0.6066879425220087,1269,0.3624974045120511,3171,0.5674470598128244,630,0.6745292104720088,3832,0.7165177711953912,2424,0.5757468098540401,667,0.6287198075964472,1242,0.765851050956716,719
5985450.0,1751450.0,1,0.9999985144657874,1116,0.8974848565780289,283,0.7251336005571222,415,0.5918684344989802,3070,0.5423752109364142,152,0.5674246426672449,631,0.9659521904768914,467,0.9219021338047039,517,0.3787813098168251,5456,0.7467061535499813,288,0.5648419456035509,6009
5989050.0,1754150.0,1,0.9999999996187805,409,0.8912897047384443,662,0.7224826595490517,477,0.6051204863688657,1393,0.40397637989637253,1873,0.5674097044994999,632,0.9588890105721426,832,0.9060922690382334,952,0.7339162741319688,159,0.5429333831889014,2705,0.7695760728331973,678
6007550.0,1764250.0,0,0.9113335060025176,1566,0.7060519757048479,2360,0.6485679487284418,1552,0.62492144444344,476,0.40240209410529026,1909,0.5673536202229476,633,0.739046437306867,1950,0.7652119422947985,1747,0.7119454237494809,190,0.5948477370830603,1700,0.733697559967579,1147
5986550.0,1750750.0,0,6.355511453388895e-05,10225,0.674510894511853,3591,0.6238238114831621,2037,0.5941645592820828,2688,0.3852577406243333,2338,0.5671998051032847,634,0.6738728685303161,3864,0.7091840245880328,2583,0.480941040139372,1963,0.66470449961589,863,0.7763412170344384,601
5889950.0,1769050.0,0,0.18148933448007448,2407,0.38845844496780796,17815,0.4608211359267135,13821,0.6574742134458992,17,0.2074326982888001,12704,0.5671562401775488,635,0.3614247015961858,18059,0.4320708785659537,15825,0.38247445029804106,5285,0.23503186160523748,12945,0.615040696447996,4001
5970750.0,1747250.0,0,0.001956878937415604,6592,0.6070745754173623,7004,0.5490859187854852,5968,0.6067690719449544,1264,0.37033598634628884,2872,0.5671541603650053,636,0.5973133232562745,7327,0.5849166439846768,7239,0.27012453389720337,12142,0.516082611305117,3336,0.5128161746599242,7938
5988150.0,1755650.0,1,0.9999999999999805,5,0.8956299385961096,424,0.7321859838946254,268,0.5824678651836404,4939,0.4948340983237017,490,0.5670574920534912,637,0.9749730131185904,123,0.932926387549753,261,0.6787674322161765,246,0.7659176445814695,223,0.8977860993951398,58
5988750.0,1753150.0,1,0.9999999999021367,316,0.8912692885480935,664,0.7375962642514214,174,0.6171835331141282,719,0.4961473842880861,475,0.5670311277270855,638,0.9581261807084901,868,0.9101041273043883,861,0.5476865157369804,883,0.6231196264547283,1308,0.4386309257814983,10291
5903050.0,1740350.0,1,0.9999999999877389,197,0.9159580419603609,21,0.7312680095286855,284,0.5842515399807919,4537,0.4424064594282322,1126,0.5668954447121034,639,0.9938308907211987,14,0.9704472095771871,15,0.6875640869546715,227,0.7470473792790254,287,0.8899679495035636,67
5985350.0,1753450.0,1,0.9999999999857911,210,0.8990674636026287,152,0.7368163728812035,186,0.6111186800956353,1008,0.3775710989161146,2608,0.5668700675656865,640,0.9727080349337077,186,0.946000966038552,129,0.7372856313534597,153,0.5971504768312853,1668,0.8373399131854395,186
6000850.0,1719950.0,0,0.0009111507177395026,7415,0.5780399610416611,8486,0.5153522478907553,8817,0.601201924198384,1784,0.36218708497206303,3181,0.5667460064493656,641,0.5827168980825407,7985,0.5810966764645716,7441,0.31706881527100195,8815,0.5960618495392727,1684,0.7644102393805641,735
6036450.0,1727150.0,0,0.0002266130629873591,8867,0.5059194625351349,12028,0.5494608717961429,5931,0.5839719903026471,4594,0.5044537276505288,390,0.5665690661670876,642,0.5103621188185509,11249,0.5626883844074577,8310,0.41403959180934324,3967,0.7151019465645112,460,0.48248518277150376,8895
6036650.0,1726850.0,0,0.000578981266701137,7879,0.48850932683406106,12886,0.5341343628522188,7138,0.580598078991139,5383,0.515275671316519,308,0.566553940067355,643,0.4769371605794781,12778,0.528552926402122,10134,0.45514048530765705,2624,0.7043606843734981,524,0.4792374193987957,9003
5984750.0,1752950.0,1,0.9999998263451244,900,0.8968714927429814,327,0.7265145271170111,386,0.604006059344642,1487,0.3775855115731729,2606,0.5664798178164198,644,0.961354152586633,690,0.9091406101164992,879,0.38511725901835403,5174,0.6067106136352721,1523,0.5859437092947115,5151
6037850.0,1695450.0,0,0.27883348834667776,2145,0.6183732627262023,6459,0.5681887050930844,4627,0.632343616403945,266,0.36875761232847043,2927,0.5664722935374028,645,0.6375425629881526,5495,0.67277022339691,3620,0.5779200901562765,652,0.4285910884556604,6030,0.6963820008692192,1805
5987150.0,1751950.0,1,0.9999999641957573,748,0.8974992935654549,281,0.7158254558853002,634,0.6127754735595962,918,0.350262099877979,3636,0.5664713297878226,646,0.9682338129742007,364,0.9221295344001338,512,0.5719406303378413,690,0.494892983905036,3938,0.7523162474970821,875
5985750.0,1750450.0,1,0.9999998421498526,893,0.8970681369791839,314,0.7225035215155585,476,0.5900267313160884,3396,0.4292843290420835,1357,0.5664660604381393,647,0.9662918538737107,447,0.9197801502123698,574,0.39072680895289347,4907,0.706807852381863,506,0.5936728669176302,4811
5988350.0,1751250.0,0,1.7074352875019278e-18,21675,0.527367492075612,11012,0.45470136773965275,14374,0.589902632199009,3423,0.531145913247188,199,0.566463165594905,648,0.5108662207176471,11236,0.4767273067382082,13207,0.34987980790848017,6851,0.7541713591634756,253,0.4705805802789351,9262
6039450.0,1712450.0,0,0.0007277387360474297,7647,0.39085934967610564,17689,0.46295501581392506,13647,0.6218953985506487,564,0.31979308793907524,5047,0.5664515308964009,649,0.39484582611235153,16512,0.45090591568366,14731,0.47521969111142326,2081,0.4304211312275611,5980,0.486705758017173,8768
5987150.0,1755150.0,1,0.9999999999870808,201,0.8909354415838998,683,0.7264245593152954,390,0.6129570947180472,905,0.3611339798424526,3216,0.5664183599050375,650,0.9628711227877089,620,0.9255267839517394,417,0.6459601194571258,342,0.47933782257316526,4408,0.7678191452444396,693
5902950.0,1740650.0,1,0.9999999999900437,185,0.9146497382290776,39,0.734131836819043,230,0.5863336947654223,4100,0.4142241954529018,1653,0.5663219034263964,651,0.9933996465210861,24,0.9711857265675923,14,0.49074762051054577,1746,0.6769430967204663,748,0.8885482313373599,70
5903650.0,1770450.0,0,6.562464805033159e-05,10194,0.6408276553694824,5286,0.6108170175485363,2459,0.5830188065360471,4816,0.4431200590303708,1115,0.5663138878838437,652,0.649460682102108,4939,0.694794597587409,2962,0.5408736281014848,949,0.7190714500059585,434,0.7897013296922849,461
5904850.0,1740150.0,0,0.03834318008613604,3573,0.7013521861005686,2501,0.5881975172828712,3397,0.6052313877591612,1386,0.3751719001224558,2701,0.5663065992595773,653,0.7047338674082092,2706,0.6956777821946494,2933,0.33919772884330657,7444,0.508485832640753,3554,0.7447919720433513,977
5871850.0,1727750.0,0,0.24785842273664713,2220,0.6928019723452712,2835,0.6303052184497061,1892,0.6196519556146061,638,0.31081503929222815,5549,0.5662354058889537,654,0.7230766127478524,2217,0.7568839560970511,1823,0.5040572046567564,1489,0.47129202120851754,4669,0.7530749235471728,864
5909550.0,1754250.0,0,0.003297350505286565,6047,0.45232440914805283,14648,0.5101406938945137,9282,0.5701298755111389,8134,0.47364109920089165,691,0.5662337519660271,655,0.44547716808132476,14211,0.5188801013299171,10696,0.46715878216369333,2291,0.7057327101989214,514,0.850230898656458,139
5985050.0,1752950.0,1,0.9999998894238142,854,0.8980581117252657,227,0.7284915516299649,332,0.6155600602367712,783,0.34862872366446956,3707,0.5662271522520831,656,0.9627140938186858,626,0.9115562526708401,824,0.39716868985664466,4649,0.47623343457293155,4502,0.5938205264353581,4802
5889550.0,1765450.0,0,0.004118410802180632,5819,0.456709628350528,14445,0.48067415842839045,12050,0.6069736904121057,1252,0.3347225040185384,4344,0.5661389634865818,657,0.4519352447290661,13914,0.49665169736877834,12036,0.37509873931203497,5595,0.5448299689781929,2662,0.7339438177128695,1138
5908250.0,1747450.0,0,0.06252117958673466,3179,0.6865302038960612,3078,0.620668650810084,2122,0.6242942147965512,493,0.284119604782602,7176,0.5660824075349775,658,0.6920502357129708,3143,0.7299552575040789,2191,0.5880211827112938,583,0.4746705742088969,4553,0.7568515531400362,811
5909450.0,1754050.0,0,0.002013081573896334,6567,0.480233459375896,13264,0.5224364169422829,8187,0.5811151295749494,5266,0.4182576380245284,1573,0.566074682245427,659,0.4828142581629373,12499,0.5509796065225366,8919,0.5083620332336258,1409,0.6978756763171772,569,0.8559655030172052,126
5967450.0,1734150.0,0,0.24372773526285071,2224,0.7351971904814655,1720,0.6310071360097083,1878,0.6038999488613961,1493,0.3944061486456104,2100,0.5660577526003839,660,0.7582833303175476,1702,0.7678287040172608,1724,0.34310275556614267,7226,0.6034871522601966,1574,0.5603459634720145,6180
5903350.0,1740450.0,1,0.9999999999996654,42,0.8883276362319832,858,0.7185203648969984,581,0.600291746258611,1869,0.3746418109908832,2719,0.5660492760538469,661,0.9635323472920234,594,0.9084004478993565,896,0.5694000281324318,709,0.6865594476805257,657,0.8780335915897568,88
5946950.0,1796550.0,0,0.0024786438163986965,6343,0.6795769374927496,3369,0.6356080626228098,1802,0.6092842862867793,1106,0.30087912760958885,6128,0.5660475496595817,662,0.7052372158157785,2694,0.7510269295409009,1892,0.5666917826431404,731,0.4573902719213072,5097,0.752626376532704,872
5988950.0,1753050.0,0,2.55972065378241e-16,21406,0.43741072658269226,15360,0.4087994914019714,18037,0.602034689502303,1677,0.47438937667087033,685,0.566012225003964,663,0.3955276237208192,16492,0.4212980737845391,16485,0.3800155316185898,5402,0.7405978011937754,308,0.47564097172213715,9098
5985850.0,1750450.0,1,0.9999986836014761,1102,0.8975673463840209,275,0.7265848607084432,384,0.5958391270149959,2413,0.48531051640367345,573,0.56599711503568,664,0.9661649216938645,453,0.9207736933791738,542,0.3823821070203768,5287,0.722164825765644,414,0.56974321923413,5808
5995450.0,1748850.0,0,1.2660816244054036e-08,15909,0.5832356694187724,8211,0.5335702157151363,7191,0.6405675248677959,115,0.39392128785803493,2117,0.5659970388121023,665,0.5966881617258407,7350,0.6150617358808359,5858,0.6612233915605197,293,0.6284888158720574,1246,0.6094251065012343,4190
5949750.0,1795050.0,0,6.240454418202936e-05,10241,0.6537166216811039,4667,0.6158474713622494,2272,0.5971444469652957,2257,0.3870836871549319,2300,0.5659824379757631,666,0.6540468239156929,4756,0.6975579911580624,2874,0.5833336595158415,615,0.6400154725275602,1090,0.8048933918280483,358
6034850.0,1713550.0,0,9.58132370624327e-09,16046,0.7091415187739666,2270,0.5956924438084094,3037,0.5633146490174403,10043,0.5232345075262609,252,0.5658948950991622,667,0.7220179598881875,2245,0.7059176217868698,2661,0.29464958379440265,10367,0.7900957210497714,145,0.5000336615854282,8351
6031750.0,1712450.0,0,0.0011933319650634018,7118,0.5543262795972377,9741,0.5833009026551517,3670,0.614203528408546,848,0.6068405755966839,19,0.5658645597095139,668,0.5485961051546323,9581,0.5983740801690732,6602,0.4155504840513845,3900,0.608760478289069,1501,0.32856932542652717,13212
5984250.0,1750850.0,0,9.377651444594132e-08,14832,0.4825677942399224,13161,0.4965927087834353,10514,0.6390845491184828,129,0.5197660493206255,277,0.5658023874906323,669,0.48527490126018824,12371,0.5309540147629813,9997,0.3223215863168881,8475,0.5529288752657278,2470,0.3119631895389444,13657
5989750.0,1757150.0,0,0.0009795948562971273,7332,0.5175261071138375,11463,0.5543395507883359,5557,0.6325070856240673,260,0.4267968609382887,1405,0.5656200563690774,670,0.5144375700343446,11076,0.5851038303259555,7227,0.7338112318354295,160,0.5482185539292066,2565,0.6206909224379824,3788
6034250.0,1711350.0,0,2.300832695819099e-13,20174,0.5852832984143677,8087,0.5323376933338176,7321,0.6196444609089412,639,0.4995801094157807,447,0.5656157893317777,671,0.5599540740323788,9061,0.5560855807933396,8649,0.42080806949336413,3710,0.6037451044285389,1571,0.3460574504746534,12743
5985750.0,1753650.0,1,0.9999999999953613,145,0.899093120521209,150,0.7368978198215514,184,0.6023516542239229,1637,0.4330861163830139,1293,0.5656139332347069,672,0.9724541285221117,193,0.9460117674469681,128,0.7568665573996893,127,0.6911220018944344,619,0.8241783052048368,252
5986550.0,1753350.0,1,0.9999999960366102,577,0.8996164778341341,130,0.736419683782501,192,0.6167020725687516,736,0.34909434300885567,3687,0.5656022952629509,673,0.9702106295457683,266,0.9325125671384084,276,0.5750653114872726,670,0.4263453414553391,6103,0.7040116647559007,1662
5947250.0,1760850.0,0,7.189220136418986e-11,18229,0.6773838808939747,3458,0.5664833336191798,4742,0.6176035305182432,702,0.378025783250667,2590,0.5655627011475335,674,0.6715246243638084,3955,0.6063521224751612,6263,0.5309190713997353,1060,0.5812630538211532,1935,0.6092617189207863,4200
5987950.0,1753050.0,1,0.9999999997335696,383,0.8895143402910126,788,0.7312407023658206,285,0.5971055398312848,2266,0.3891985063183233,2242,0.5655582137696437,675,0.9587675060995818,841,0.9122608176900235,805,0.4887722935756972,1790,0.6403614721371332,1085,0.7884524990509474,477
5984750.0,1752750.0,1,0.9999999573188623,763,0.8980497901163922,228,0.728762513970939,328,0.6095549216087135,1093,0.3587780325730895,3293,0.5655347850770702,676,0.9664671189828995,431,0.9184316037599487,616,0.3876760531878807,5052,0.5792126817979888,1970,0.5840869218941794,5219
5999750.0,1746350.0,0,5.2978794237648654e-08,15132,0.6510990081430736,4811,0.5584261380480767,5277,0.6407946206346208,112,0.35028071660488,3633,0.565495512376479,677,0.6696220190649507,4039,0.622321766811477,5584,0.5078621686036977,1417,0.5147115223140702,3372,0.6033342643729616,4433
6041150.0,1736150.0,0,2.3986470991660576e-07,14306,0.6384168165042304,5410,0.5697586875781175,4524,0.5761410024315133,6456,0.499888924102668,441,0.565484752632671,678,0.6351727548873066,5597,0.6282370704123202,5328,0.25495821826342524,13277,0.6551193879916682,949,0.35124699000682646,12628
6035450.0,1717050.0,0,1.7089578760126733e-05,11455,0.33736304747453777,20311,0.4324929337211595,16292,0.6157948708132656,771,0.3685905391377977,2932,0.565459174057818,679,0.34058428805813346,18949,0.40809591774625575,17150,0.4834812831604359,1900,0.41119572546886984,6569,0.49217680011454257,8594
5999450.0,1746550.0,0,0.0016380139632339802,6791,0.5710121774856661,8860,0.5411143751166428,6575,0.6232603714871583,522,0.34695153491609143,3800,0.5654371556396526,680,0.5791663408496706,8140,0.6157813630657732,5831,0.5300120869149096,1077,0.5666177124424187,2203,0.7431516029528346,999
5986750.0,1764150.0,0,0.00030620172788792564,8511,0.3631654753252656,19052,0.4754390277816584,12546,0.5801939002252408,5472,0.45424745189935567,956,0.5653692634572894,681,0.3366729541535156,19119,0.4286295128887795,16036,0.4662036051710582,2314,0.7059572471526917,512,0.8301678640662005,220
5984250.0,1752750.0,0,1.929119185735535e-08,15673,0.6601969995730904,4308,0.560717874402368,5123,0.5708724352100879,7927,0.5671510154680911,73,0.5652550373396912,682,0.6535398293861852,4779,0.6361552272885336,5013,0.2752378680351474,11714,0.7594940639368277,236,0.5265046890017215,7488
5972850.0,1774250.0,0,0.012676409279383351,4683,0.5612058036360598,9386,0.5680072809099631,4642,0.5954545427523757,2460,0.42846749116887173,1378,0.5652233475820704,683,0.5870051978418505,7780,0.6414066786824918,4806,0.5750190803744033,671,0.6857577674036675,667,0.8142093189551454,300
5944150.0,1762950.0,0,2.0406185240729527e-06,12990,0.6778648180043925,3438,0.5941336048363736,3114,0.600380694620828,1857,0.3965582039577699,2045,0.5651724222872465,684,0.665633872750269,4225,0.6757821954053299,3522,0.5185233000539226,1236,0.6570860406582256,924,0.68934428182463,1942
5989650.0,1753450.0,0,2.8332576646248455e-09,16603,0.5324700218724534,10720,0.49368001355519603,10800,0.5738384311640232,7089,0.5191810489370453,283,0.5651465221564468,685,0.5149056264231845,11061,0.5500673154661966,8974,0.49607480680310634,1646,0.7139411361481537,468,0.584818812909823,5191
5972950.0,1777650.0,0,0.0300371311356851,3812,0.5724119433066684,8774,0.5629437971427184,4972,0.6073444863671922,1236,0.4486619187103896,1026,0.5650753093557388,686,0.5914140545605989,7586,0.64012086779329,4860,0.6471688024412242,338,0.6781798424031671,734,0.7895928727115288,463
5985350.0,1751350.0,1,0.9999996218743006,992,0.8952690444218454,454,0.7232121139124316,459,0.5866359434852697,4030,0.5031113485126487,408,0.5649785936532155,687,0.9653072773917366,493,0.9234176040518749,477,0.3801965524749409,5394,0.706936505231323,504,0.5733830107128596,5683
5990950.0,1748250.0,0,8.550011900388e-05,9909,0.5096900725725543,11828,0.4972163159308705,10458,0.5941866941436779,2684,0.3740997856178923,2735,0.5649365959038631,688,0.5069642758285853,11413,0.5180474120786505,10745,0.31454486253466474,8977,0.6218773555792838,1327,0.7620671570310709,762
5907650.0,1770250.0,0,0.0002171062950852931,8915,0.6939809509373076,2793,0.6252162149469409,2007,0.5786737718460294,5824,0.43837318266465153,1203,0.5649090439035415,689,0.7104367451440632,2545,0.7358671398740723,2099,0.5319475713828857,1047,0.7429275817737124,301,0.7972265198952311,412
5944750.0,1797150.0,1,0.9999983539655464,1121,0.8900344505951766,746,0.7217047238532927,498,0.6135180997439172,879,0.3340877296943362,4375,0.5648661418002936,690,0.9617806174002571,668,0.919032962194909,595,0.7032370349259084,204,0.5108687019408981,3486,0.7918235220866571,448
5983850.0,1760750.0,0,0.007619661044742502,5175,0.6761868839192563,3507,0.6300726283021735,1894,0.6087814901733436,1140,0.5034089402007642,404,0.5648577434167603,691,0.6833071385736418,3467,0.7105404311772452,2543,0.4623129839729241,2416,0.6248686597965034,1291,0.41856277617239024,10886
5944650.0,1792150.0,0,2.1113407104969302e-08,15628,0.5930011369602212,7699,0.5579557586517709,5317,0.5892114632055517,3551,0.46152883962940716,839,0.5647358257514913,692,0.5781785259635076,8195,0.6213875989075509,5614,0.5721958866099282,689,0.7548564344571558,250,0.7817898106474128,532
5915250.0,1709450.0,0,0.06545839388011085,3143,0.6867948076385939,3067,0.6195397459764774,2157,0.6208817275283496,589,0.2869457741483814,7007,0.5647186276077453,693,0.7199176437039784,2286,0.7392862738166005,2048,0.5070365765944562,1424,0.37499206911896144,7678,0.6961000841508008,1813
5944750.0,1797250.0,1,0.9999965216554315,1161,0.8890089716758358,822,0.7208757823343361,513,0.605783859527172,1330,0.3264153527325447,4711,0.5647020881916961,694,0.9614366350333032,683,0.9194127703487045,588,0.541074792221467,947,0.5333421367668929,2930,0.8116893339072906,321
5986250.0,1751950.0,1,0.9999999993833377,450,0.8985437167301016,193,0.7347373261985038,218,0.6126585912068906,923,0.47993000020807053,633,0.5646760042889128,695,0.9686861916574679,344,0.9302494132199188,314,0.6937599951090284,218,0.688856595770811,637,0.5518450156944259,6526
5905150.0,1740550.0,0,2.343738384333613e-07,14320,0.5669126233221281,9071,0.5322737105484275,7329,0.5925525061439969,2952,0.4403018826025992,1169,0.5646447240431562,696,0.5514475696450946,9461,0.5951880227350902,6741,0.5132605414304894,1322,0.6892225785263394,633,0.7856578392126148,503
5997250.0,1748450.0,0,0.00752949937286669,5189,0.45703873042649645,14429,0.516651806326682,8709,0.6162138322321215,754,0.3067960515133505,5778,0.5645146447104916,697,0.4619162207808536,13459,0.5242383950153842,10387,0.5001816987353208,1555,0.546890959993655,2601,0.7503591649637542,906
5988650.0,1753150.0,1,0.9999999998961784,318,0.8905026890969299,712,0.7376667358122263,172,0.6126490581713744,924,0.4810675253723778,622,0.5645062291348044,698,0.957712097725035,885,0.9103874967616472,855,0.5017292059738856,1523,0.6012136172974997,1602,0.41200900578529276,11085
5977750.0,1742550.0,1,0.0004802855508230653,8086,0.44992843660844,14761,0.5022161730434509,10017,0.6365046633554525,170,0.2282001010363702,11161,0.5644693315927828,699,0.43121588480082407,14856,0.47452892143462344,13343,0.306393864626203,9507,0.2050429467318644,14462,0.5128487667453283,7937
5984750.0,1750650.0,1,0.9999991332135084,1071,0.8826374294760005,1128,0.7199774745703675,534,0.6100634781164294,1063,0.4527874448337302,972,0.5644562181139238,700,0.9507501031029868,1131,0.903451568298005,1005,0.3706159842394605,5796,0.6519488150385105,976,0.5506483434850684,6576
5908650.0,1754250.0,0,0.0010395854372002066,7265,0.3796516466611117,18259,0.4477035309470684,14987,0.6028674544717191,1600,0.3753730945910715,2692,0.5644127328080081,701,0.392879531001157,16600,0.46958935075046115,13624,0.6489317976815359,329,0.5952126993023701,1697,0.805618800813352,354
5946450.0,1794450.0,1,0.9999996901709424,965,0.8889002731705692,829,0.718949129374909,570,0.5934785326702551,2795,0.3628227415804755,3155,0.5643840055795264,702,0.9612150097767298,702,0.9189563857303779,600,0.5751185810410704,668,0.6372356532816245,1135,0.8451890214614701,155
5946250.0,1769850.0,0,0.07395116376654522,3004,0.383797712301823,18064,0.46139538678286834,13771,0.5955619717871261,2450,0.34118914938311556,4032,0.5643529695901174,703,0.3649512414041063,17897,0.4330184468567104,15781,0.4596150200702833,2485,0.5617992021157566,2281,0.7022686494802122,1702
5997950.0,1749050.0,0,7.920940485235135e-08,14918,0.6699630088021583,3813,0.5722017127370299,4371,0.6284263050846753,369,0.3908635795498782,2200,0.5643422093200916,704,0.6700557425107994,4019,0.6220562051551077,5591,0.5815388301591089,627,0.613086139968783,1439,0.6070014947140541,4291
5936150.0,1697150.0,0,0.006744697618695342,5306,0.39948683335576285,17273,0.4432954809319225,15389,0.6149982243892993,803,0.3700361918863687,2890,0.5642789901311249,705,0.39289541488479474,16599,0.45159713063809936,14690,0.47904704928873754,1994,0.581899430079627,1916,0.7396209513961493,1050
5987650.0,1754050.0,1,0.9999999999979707,104,0.8921870850815392,608,0.7311477027250899,287,0.6344900669763364,204,0.4284571067281688,1379,0.5641181130491593,706,0.9622865363041588,645,0.9214512503522125,529,0.8005990800051794,72,0.5419309411271748,2733,0.6702372429019476,2374
5941850.0,1792750.0,0,3.861093214544443e-07,14028,0.3923097725173279,17607,0.43492852732240633,16083,0.6264386222771159,428,0.3392953040394601,4118,0.564048382379743,707,0.3720748526497075,17575,0.4059349684276098,17262,0.3158235223062179,8895,0.5714242265473849,2118,0.517476377950979,7797
5903050.0,1740450.0,1,0.9999999999941991,158,0.9165282815086976,17,0.7363953283373714,194,0.596213299163562,2359,0.44142919238397677,1142,0.5640321634374399,708,0.9936154870662925,18,0.9699688674236133,16,0.7142617277512705,187,0.7209419815179094,421,0.8653679857690157,113
5986050.0,1750650.0,1,0.9999999723931864,720,0.8972249008666633,301,0.7382662789587013,157,0.6186440168987596,669,0.4789777673691651,638,0.5639933062696538,709,0.9636776028843018,589,0.923258309150108,481,0.5388381766391082,961,0.6042312410646146,1561,0.4296147539568841,10562
6069850.0,1768450.0,0,0.00017908064534364956,9141,0.45268508508201527,14632,0.5103866445559532,9253,0.6058490962538404,1322,0.34562662861416543,3856,0.563987806903451,710,0.45785196954706264,13632,0.5303708971727079,10031,0.49404433088658073,1670,0.45941606621356257,5013,0.7115363001333636,1527
5945050.0,1796550.0,0,1.2113807348578703e-08,15929,0.45901592386796003,14324,0.4712609620915866,12906,0.6009178368984783,1810,0.32828022266797763,4625,0.5639846478498989,711,0.4739578219868259,12920,0.5043950057988547,11575,0.3593365279431453,6373,0.5043534968562705,3671,0.7522421615161206,878
5968650.0,1734550.0,0,0.0021785644306828,6474,0.41522138950006576,16492,0.4726099420445501,12789,0.6038159698291232,1503,0.3944425032073267,2096,0.5639511783954417,712,0.42270853791619734,15238,0.47542276687884555,13282,0.3244487401477496,8351,0.5883924507040093,1806,0.5462745264581755,6742
5904550.0,1753550.0,0,0.0002970852176747497,8555,0.6018467783267917,7281,0.5891807478460576,3353,0.5767421933108623,6306,0.46079057633982407,847,0.5639314538148104,713,0.608686270223711,6801,0.6623988030825119,4002,0.551679660106577,850,0.6666160024253962,840,0.8030418498509899,371
5988750.0,1751150.0,0,1.4218636482820964e-06,13246,0.49541175279947364,12525,0.4935675917845704,10809,0.585056419462988,4374,0.4657440064521946,782,0.5639197274480183,714,0.4803751573888493,12630,0.5262300665610015,10276,0.5110552743384871,1353,0.7001118265117181,552,0.71148995338039,1529
5993650.0,1748450.0,0,0.0010959161167474578,7201,0.3717409412980513,18653,0.4710811881573411,12924,0.6137693291347168,865,0.4330914401497808,1292,0.5639122114271629,715,0.3418748494365935,18899,0.4142122211962793,16863,0.5165844548653524,1266,0.5972990468834039,1664,0.6626357864717944,2546
6041850.0,1751250.0,0,0.09173813914308047,2832,0.6225337919814254,6257,0.5949436779438729,3069,0.6207185882733051,598,0.3639683298280236,3100,0.5638825499477123,716,0.6340338878659046,5643,0.6586618698688984,4137,0.31920847620533876,8676,0.30658450131040693,9896,0.40179637756827524,11368
5987350.0,1753050.0,1,0.9999999975341198,547,0.8901481323729562,740,0.7405266162720068,117,0.6103938497345958,1041,0.49754878774634126,462,0.5638740366816382,717,0.9582371805887324,863,0.9148688729756891,723,0.39491672300379566,4734,0.5671666881794352,2193,0.3484419416829022,12700
5887450.0,1766550.0,0,0.005769298611584147,5485,0.5970882631269921,7508,0.5593656905409307,5205,0.5968587157523214,2285,0.3468211010830617,3806,0.5638645865123303,718,0.591628018747792,7574,0.6181512946902162,5741,0.4014663498218711,4477,0.5610987211027634,2298,0.7435660544891216,994
5986650.0,1753750.0,1,0.9999999999637745,271,0.8992058327373271,145,0.7393311028023717,134,0.6267991540502187,418,0.3666380966521689,3004,0.5638447603368977,719,0.9685434031313533,350,0.9379707462082996,187,0.6437816437778713,346,0.45489779958297516,5167,0.7411821527349512,1029
5987250.0,1753050.0,1,0.9999999982303647,526,0.890059645724304,743,0.738194062302204,160,0.6035799682783567,1526,0.5193890058816658,281,0.5638435820291213,720,0.9581053039193732,869,0.9148944453298813,722,0.4334944216992308,3266,0.5938357920360712,1713,0.3734860535514535,12095
5946050.0,1769250.0,0,7.599637692087753e-06,12067,0.4629443786493191,14099,0.48819333380500957,11329,0.5940820791809674,2700,0.3086583615259913,5681,0.5638112539826514,721,0.47305393139943497,12957,0.4980416274038322,11951,0.3146701784043896,8970,0.5018012142773116,3747,0.713933968286804,1478
5987150.0,1751850.0,1,0.9999999873780724,655,0.8966670702058301,344,0.7158808077684402,631,0.5961638116941604,2368,0.43371718497490985,1277,0.5637007345797869,722,0.967236140859656,399,0.9216745179200222,525,0.5565932866319077,801,0.715797879166673,458,0.7784833195792562,569
5886650.0,1761550.0,0,0.00020578900077133523,8971,0.6644679436371331,4093,0.5816500728381967,3763,0.606124205186698,1300,0.38033346150885033,2511,0.5636831037881402,723,0.6513447650606616,4853,0.6713939524223838,3671,0.5085951134014621,1404,0.5912663444570038,1760,0.7313826789463131,1175
5905250.0,1740550.0,0,0.004975582341904139,5633,0.41069655552262374,16727,0.4858846976020779,11529,0.6054466050614581,1365,0.37775943046812055,2598,0.5636563300066589,724,0.38996450659347714,16723,0.4652958413939826,13858,0.568145279697456,719,0.6725184380873479,778,0.7877271534531908,488
5986650.0,1750550.0,0,4.262837727035371e-12,19237,0.4106071745717124,16731,0.4365440917661604,15953,0.6206913983443229,599,0.48014894216205056,630,0.5636502166734596,725,0.3927801464044839,16610,0.4497290722796101,14789,0.5551202254148255,811,0.6724945556327543,780,0.5307102036495908,7331
5989150.0,1752950.0,0,3.8164227266832946e-05,10719,0.5953996251971192,7579,0.5684914210125233,4606,0.5602959600296658,10958,0.5404765013408974,160,0.5636226204507165,726,0.5841891543421767,7916,0.6195290409785292,5686,0.4532215813113438,2668,0.7699525090467807,208,0.7495315321332074,916
5972750.0,1774350.0,0,7.91906050992999e-05,9999,0.42494656078130266,15988,0.47582669039508596,12514,0.6029369033569064,1593,0.41587874768913674,1621,0.5635868095314894,727,0.4105882243256649,15790,0.4743073922478447,13362,0.6290351742224428,403,0.6738219128389626,769,0.7715374374930678,651
5965950.0,1735950.0,0,0.0028992152098747726,6173,0.43272461440505156,15582,0.5070319218148209,9547,0.5882632756319257,3710,0.39445134923104763,2095,0.5635570080327361,728,0.42490259048627665,15138,0.493069874098347,12255,0.4600609366071128,2472,0.6615885620130123,883,0.821984144312906,264
5988850.0,1751650.0,1,0.9999999994185429,444,0.8941021003380355,539,0.7117421428026883,725,0.5761912070992611,6442,0.5164717021546542,298,0.5635379218914146,729,0.9703704398673589,256,0.9088832762484328,886,0.5510884256274591,856,0.7875659346829927,155,0.7867273593854998,497
5996350.0,1747850.0,0,4.636948769277781e-11,18394,0.6616908163862666,4236,0.5606571434828127,5126,0.6349875905567431,194,0.30577681967713927,5842,0.5634322506904076,730,0.6483601078939202,5000,0.583068279072465,7334,0.46381535294041865,2379,0.522252209611969,3177,0.5813541136826866,5342
5903050.0,1740050.0,1,0.9999999999918254,173,0.9150278612130374,33,0.732183376269184,269,0.5851632019817852,4351,0.40914875719700444,1775,0.5633651032533226,731,0.9931698255891312,30,0.9689943069156088,22,0.5646646770182677,743,0.7004991638087248,546,0.8752596432850209,95
5973450.0,1773150.0,0,0.09796313768399616,2779,0.6376212789986119,5451,0.6010358730127205,2801,0.6191867648640743,652,0.2936947526480848,6561,0.5632696908499568,732,0.6482030098412831,5004,0.6733646872382756,3609,0.5206196072312961,1202,0.42130904541453873,6260,0.6910062257208126,1909
5987950.0,1764450.0,0,0.002641112215722595,6281,0.5661934044614638,9104,0.5554921117695865,5486,0.6117317597766445,975,0.3753159075762345,2696,0.563131625255626,733,0.572210766523624,8474,0.6288520237602155,5296,0.5125834500462677,1329,0.5039533319222786,3685,0.7319353798587468,1165
6008750.0,1731750.0,0,0.0002811869176066667,8621,0.7332118813718532,1742,0.5853440290500885,3560,0.5779707057945681,5976,0.45650370446104793,923,0.5630498365377384,734,0.7305866773334617,2085,0.6975073003586225,2876,0.29930868470097804,10027,0.6070624555801062,1521,0.7208407215643895,1364
5947650.0,1761350.0,0,0.010534479101439273,4873,0.34017740610690433,20180,0.43964039216805345,15694,0.6245403703576246,484,0.31215399127790233,5473,0.5630283791601883,735,0.3191037533203347,19806,0.3927764313768084,17920,0.5116980670507056,1340,0.5088005585014578,3545,0.6440666306330739,3062
5986350.0,1752250.0,1,0.9999999995793167,421,0.8987430823413005,174,0.7378240388196179,168,0.6222912937638502,551,0.41324876574456737,1681,0.5630242628189195,736,0.9686862653198235,343,0.9292895960729444,334,0.6929209118870578,220,0.6687603474148912,816,0.551696023008759,6532
5900250.0,1770950.0,1,0.9730310021161205,1479,0.7462883557077368,1579,0.6364734990813419,1788,0.6234591438711811,517,0.3691775847145261,2914,0.5630138391573478,737,0.7791892426225089,1576,0.7838923717869409,1626,0.537920296318926,980,0.5740049414254778,2071,0.7712475390152695,655
5988350.0,1752950.0,0,3.8116916224925677e-10,17497,0.6848837674179273,3140,0.5609412496940719,5109,0.5913792835572932,3157,0.5153218336924887,307,0.5630065280144915,738,0.6998061450712258,2859,0.6726338462829594,3627,0.30664377752803573,9494,0.732978970174641,347,0.7028092755209653,1687
5905950.0,1752550.0,0,0.0048026321851319395,5667,0.5271613954780053,11021,0.5306028283272282,7474,0.6013393143876777,1768,0.34409707632520503,3910,0.5629901079826457,739,0.5291932400340889,10425,0.5730372417052391,7815,0.578314793823843,647,0.6104688939548258,1477,0.8012420357241703,382
5986150.0,1750950.0,1,0.9999999980876615,531,0.8990416433357609,153,0.7306092507942007,295,0.6129829582842893,904,0.363633511030861,3119,0.5629865681526481,740,0.970287317458367,259,0.9314274592614856,294,0.7604101546022828,120,0.5528824048878251,2471,0.7872293485176522,489
5990750.0,1748250.0,0,0.0009574867635556037,7360,0.537455815030848,10509,0.5620730068033066,5026,0.5962415588386534,2354,0.3787081086115948,2563,0.5628624825294323,741,0.5355969278547048,10165,0.588401614096327,7064,0.5985348445975178,529,0.6380129049530943,1116,0.7750215226600051,611
6044350.0,1751550.0,0,3.789560817417525e-14,20596,0.6492797455941287,4888,0.5256088987626949,7928,0.6346484916744183,200,0.5077050919804097,371,0.5628560712492072,742,0.6332702027494854,5683,0.4868535605441888,12628,0.27039799934242037,12122,0.3453331924442322,8593,0.33283570563076936,13090
5932250.0,1690850.0,0,0.0574617585295595,3247,0.7110541957759982,2218,0.6408244002721367,1709,0.6102229943508523,1054,0.3077936332433354,5719,0.5627746065022975,743,0.7449250928606787,1869,0.7771828254779318,1661,0.4767959163446047,2041,0.5465599371789828,2614,0.7571034735792652,808
5906550.0,1742650.0,0,4.1056115641992685e-12,19254,0.5914629981503237,7785,0.5260617001913762,7889,0.6162934290924957,750,0.4434915013578031,1106,0.5627540545964386,744,0.5660046885109641,8777,0.5775627661416767,7606,0.502734896463096,1506,0.6665318967317686,842,0.6049616461050963,4370
5995150.0,1748950.0,0,0.000267952221180198,8677,0.667103264479482,3970,0.5851075088173211,3571,0.6362892080637853,173,0.2555384143794336,9236,0.5627178138840838,745,0.6867312896781707,3342,0.6965531245484763,2898,0.48751190570650493,1820,0.348551998283408,8490,0.6515403131762789,2855
6041750.0,1736450.0,0,2.4158706070614596e-08,15549,0.50070925686631,12257,0.4883623658937167,11317,0.5862859736014678,4109,0.49068085694585145,528,0.5626971269972902,746,0.49214856600584567,12066,0.5127929580695956,11065,0.26460177918751937,12562,0.6653362476875696,850,0.34384318310290307,12793
5949850.0,1767750.0,0,0.00294247267441481,6157,0.5881975223014115,7953,0.5785048433306264,3973,0.6029952767134924,1591,0.3058176393158249,5838,0.5626812041814788,747,0.5905295650846848,7623,0.635433839318374,5037,0.406253018610532,4270,0.5291030514652451,3007,0.7136976653231092,1487
5985350.0,1750450.0,0,2.720577430818605e-13,20125,0.5225681902737305,11247,0.4874353262465477,11407,0.6182577842774091,686,0.5122330325030702,331,0.5625256737407516,748,0.4870219213079109,12296,0.5147876126273272,10936,0.30250670280909975,9791,0.7149215582350203,461,0.48573218193932055,8798
6032250.0,1729550.0,0,0.0003253216736519901,8436,0.45666257326258347,14447,0.5046927862337158,9773,0.6169929081581662,725,0.36797120088668117,2955,0.5625230369112768,749,0.4486018694533578,14071,0.4982645883444319,11934,0.47152387891685066,2184,0.5593309890139242,2338,0.4727228784067745,9181
5988150.0,1752650.0,1,0.9999999991385935,481,0.891825642064513,629,0.7300082025108287,306,0.6118757325666357,966,0.4017294526381356,1930,0.5624929169156037,750,0.9597536918780954,781,0.9103471236349299,856,0.7467600545997042,140,0.5312349995056164,2972,0.7538411358989887,857
5944550.0,1764150.0,0,0.0007347429198110151,7642,0.5881478508461815,7954,0.5799614250743089,3871,0.5955974690262154,2443,0.34140790454626074,4026,0.5624885729834286,751,0.5921850681752687,7547,0.6366289338724421,4987,0.3867481559113114,5098,0.5899179842776741,1782,0.6988757037195549,1769
5945450.0,1768350.0,0,0.007531126642600594,5188,0.46168552403048874,14172,0.511246447837806,9169,0.5816744804796418,5128,0.4617260915481988,833,0.5624739646378322,752,0.4483422948776852,14083,0.5086836615915173,11301,0.510478164177415,1367,0.7346572444133854,337,0.6957081192328369,1821
5990750.0,1749650.0,0,0.0018976534009356042,6628,0.41514148139857504,16501,0.48919740095935293,11229,0.636640265924412,167,0.3937343584941132,2122,0.5624495951614177,753,0.4291978216944068,14954,0.4962334839184339,12061,0.6019223513172229,517,0.5979810463792792,1652,0.5315709659299314,7300
5903150.0,1740350.0,1,0.999999999987055,202,0.9145408542008823,43,0.731451527976401,278,0.5819468922431604,5061,0.41299557148917737,1692,0.5624373256431554,754,0.9932355421404222,26,0.9697588248511746,18,0.5205194024010995,1206,0.6883239045593057,640,0.8786839021599175,86
6031250.0,1729450.0,0,0.0001951710089644103,9041,0.41437863529851354,16550,0.5023136823933964,10002,0.6123701041202095,943,0.3491128868455263,3686,0.5624084676866545,755,0.4237931891697877,15191,0.4895140522643048,12459,0.49595780921545507,1648,0.4818454647190896,4336,0.5076528880794375,8106
5994150.0,1747250.0,0,0.016905548150446377,4393,0.396313574831998,17425,0.4798076990726965,12145,0.6121097983500656,953,0.30498459836227665,5891,0.5623816015525936,756,0.40822933259958605,15886,0.4808945016892956,12934,0.5313454908227362,1056,0.5158948591725743,3340,0.7627474380987138,751
5981850.0,1756450.0,0,0.14267422731665133,2546,0.6832177688172185,3204,0.6403142316719128,1715,0.603555739598056,1527,0.3817624693165823,2457,0.5623299543364474,757,0.7230955595083667,2216,0.7631179352358958,1764,0.654591690230168,313,0.5016040314784114,3753,0.7466013836629781,958
5989550.0,1757250.0,1,0.999999999872971,327,0.9204359621878065,4,0.7533936208874374,21,0.6150263667314866,801,0.39257354206755074,2155,0.5623241850484769,758,0.9981948022164778,5,0.9845005118526791,6,0.6537718392111296,317,0.486396718821674,4191,0.7575149059639088,805
6032850.0,1711950.0,0,3.683723251360257e-05,10754,0.5158359943308628,11539,0.571517555165072,4412,0.6291153907143797,345,0.43986605507665794,1177,0.5623195861690272,759,0.517957827994151,10916,0.5789487030343407,7549,0.3913730265645545,4874,0.5461823455052647,2622,0.3106166795901315,13687
6009050.0,1763250.0,0,0.010392850934753839,4893,0.6102223345180876,6843,0.5859028592876934,3527,0.605841131679918,1324,0.3807561750884151,2504,0.5622090140772894,760,0.6234293366805999,6157,0.6593391309036193,4107,0.703315250451385,203,0.5936779236057754,1721,0.7650373234046284,730
5904550.0,1740350.0,1,0.9999999999091083,309,0.9169050463529492,16,0.7307435752752278,293,0.6102853913387934,1050,0.38108347461483916,2485,0.5621739857421533,761,0.993662307215864,17,0.9661589948076097,29,0.6866561916881107,230,0.6187100587716747,1368,0.8458267832849955,151
5989550.0,1754550.0,1,0.9999999999999836,3,0.896913310230599,323,0.7337394536028629,240,0.5996649288901411,1933,0.46620692058033214,778,0.5621477167549699,762,0.9752734737612823,116,0.9292315482181458,335,0.7648978890953743,112,0.7191799121455704,433,0.7990256519344251,395
6038450.0,1711450.0,0,9.661699090337719e-05,9777,0.3470442853717882,19872,0.44759822891090123,14997,0.6049149879920449,1403,0.3474324893650135,3776,0.5619467149546296,763,0.3496191944822059,18569,0.4158796609272999,16768,0.47494177238504687,2089,0.5107025250915563,3493,0.4956752401528842,8475
5907250.0,1770050.0,0,0.00031119710011657636,8484,0.3502490063368289,19710,0.4183893064459178,17374,0.6012630955085595,1776,0.3405440380860331,4063,0.5619412117046065,764,0.3482229511451934,18623,0.41453377776139066,16842,0.5478685949728225,877,0.5254241495195321,3092,0.7521236998802748,879
6040450.0,1734250.0,0,3.60648769758761e-08,15330,0.48038611051863356,13257,0.4807471311504749,12038,0.595131921374999,2523,0.4859654747575053,568,0.5619241988609877,765,0.46400708448547323,13358,0.4861131568987852,12670,0.2611821029368243,12817,0.6373404460231735,1130,0.3348077530638107,13038
5871850.0,1728150.0,1,0.9999999451143532,792,0.8945524201419783,506,0.7047239650820415,859,0.607979960199911,1194,0.2901047009337672,6790,0.5618048554897177,766,0.9675770636045905,390,0.9230219090547651,487,0.569627998694366,708,0.5101582430434894,3508,0.7977661758222623,409
5987850.0,1751150.0,0,8.136096291612578e-15,20915,0.5821350249474639,8281,0.5007705123092487,10136,0.5856669144193682,4246,0.505985132430095,380,0.5617774247842602,767,0.561605576372907,8993,0.5170108252961544,10824,0.44237236270575164,2989,0.7176161691958289,445,0.5150310055607363,7875
6069650.0,1768450.0,0,0.003633864416298109,5934,0.4348971443277756,15465,0.5071186342133959,9540,0.6069048425159329,1256,0.3446193005399736,3888,0.5617287084086966,768,0.45451538226465416,13785,0.5330149316745625,9874,0.5341973380987523,1025,0.42522374523125095,6139,0.6982240553187734,1778
6007550.0,1736450.0,0,0.00018569654470818462,9098,0.6168157090542947,6550,0.5504341069797567,5856,0.6289068102614208,352,0.3656561852523089,3034,0.5617169539696464,769,0.635803803181742,5565,0.6612757073461988,4033,0.5095327184977754,1385,0.5565911155675093,2383,0.6729006815271736,2316
5944250.0,1760150.0,0,0.0015846008919715867,6831,0.5553170342444232,9682,0.5462994894670584,6174,0.6040143310015752,1484,0.32390987078464184,4829,0.5617006036990047,770,0.5592429415391718,9100,0.6045446684323531,6345,0.46176931535304533,2427,0.560086031346693,2323,0.7114622494993755,1531
6006850.0,1765050.0,0,0.07015785371508594,3065,0.6205464323810663,6349,0.5847370891192734,3595,0.5889409860389646,3603,0.49269047164127755,509,0.5616404945021168,771,0.6275393560848368,5937,0.6589233595448543,4124,0.6677378472941573,275,0.7147625294969614,462,0.7494694731715297,917
5985450.0,1750550.0,1,0.9999983085884128,1123,0.8964747958804128,364,0.7324292201507687,262,0.6181061155880552,690,0.45328545588478675,966,0.5616316590700507,772,0.965147338567117,499,0.9209438449809053,537,0.37332701465110196,5677,0.6330158537210397,1187,0.4803516043303858,8970
5966950.0,1736850.0,0,0.0022453870673511153,6446,0.3735929698951623,18563,0.45776889586251956,14096,0.5962371491106603,2355,0.35249332491510177,3541,0.561559036525775,773,0.3529402582369855,18410,0.41272017369374336,16931,0.30871136201266225,9356,0.5634203545097579,2249,0.5392104302691862,7025
6035650.0,1693050.0,0,0.15170939566948807,2505,0.5837239616964244,8186,0.5826106598171981,3699,0.6192862075225489,650,0.35912521324127306,3278,0.5615523216027289,774,0.6161111035778297,6481,0.6654733557455877,3886,0.4853518873904106,1860,0.3790601842141903,7556,0.6818873301159061,2108
6060450.0,1762050.0,0,0.0007264478190744983,7650,0.6051201214962669,7109,0.5678269950069853,4656,0.6144396160423483,834,0.36597463163478716,3027,0.5614921973917474,775,0.6106488372311014,6718,0.6392282722037382,4899,0.35243271555308175,6727,0.33221768035995414,9040,0.6172275636095761,3911
5904850.0,1742350.0,1,0.9999999978935379,538,0.8870112736578198,925,0.7193893526147317,552,0.5927868912400355,2914,0.42087300881039336,1518,0.5614800086278529,776,0.9574615813773849,894,0.9414003500037833,157,0.566956109947432,729,0.6865099161029078,658,0.8552935767478809,128
5967450.0,1738650.0,0,6.396608441686382e-05,10216,0.6332115464650206,5685,0.5990268891289862,2887,0.570135972452177,8132,0.4906828997764538,527,0.5614754879914667,777,0.6242912287005564,6110,0.6529452077293992,4347,0.30888178113847564,9346,0.7170051403311234,451,0.5483178877415817,6668
6034750.0,1717450.0,0,4.005241231854775e-16,21348,0.6742670819852313,3609,0.5392450035937242,6736,0.6254503260780683,459,0.584100101438719,40,0.5614443075554032,778,0.6603680131907717,4453,0.537689002531439,9657,0.24234455143433498,14188,0.6174351442911902,1386,0.3199699602454765,13435
6044050.0,1733550.0,0,2.6387227602475705e-05,11065,0.7030729245094115,2449,0.613538832204578,2338,0.6141956552184635,849,0.3874292877523931,2287,0.5614136117684391,779,0.6870589113031179,3323,0.6518985694587927,4385,0.2524855218816421,13479,0.5223704366518899,3173,0.3157607405836971,13555
5944550.0,1762850.0,0,0.0034397545564631917,5987,0.5740304277388512,8699,0.5809219316197086,3815,0.5829175773632053,4840,0.4076311472880246,1802,0.5614092659576818,780,0.6121273199029634,6661,0.6637593587758589,3947,0.5583578986155524,782,0.6721497841217722,783,0.73645602054178,1100
5930550.0,1692150.0,0,0.0014170667688612132,6949,0.6476150316509046,4972,0.5370472247779485,6924,0.5999734646139862,1900,0.32140866195677337,4961,0.5614032056691837,781,0.6344577298797326,5626,0.6185659899124203,5729,0.30678941899301715,9488,0.5525250212070165,2481,0.7520035144960981,881
5983850.0,1750750.0,0,0.0009144036020239335,7411,0.4429683773910753,15094,0.4967996039804297,10490,0.6116667055338553,977,0.4192302312637378,1555,0.5613514854440976,782,0.45588093814037256,13725,0.5108125057976569,11171,0.341864232916971,7301,0.616342777123681,1396,0.5442445874744595,6827
5904250.0,1741950.0,1,0.9999999462890279,789,0.8856440300172566,1007,0.7100298278383274,765,0.5871140927921706,3943,0.3849600716901329,2349,0.5613055793382249,783,0.9567054711666274,932,0.9376873042356297,189,0.4880349973922984,1804,0.6604725921157262,892,0.8689084584300626,106
5971850.0,1775150.0,0,1.4215919603520609e-11,18818,0.604470178663777,7147,0.5208336059308195,8332,0.5695557914723339,8302,0.5013602626689082,431,0.5612317765330004,784,0.6141300518530151,6563,0.6143079884928934,5897,0.321938731751613,8504,0.7771294728284655,180,0.7884802947293696,476
5946750.0,1761750.0,0,4.991125896147248e-05,10449,0.43449959456571957,15490,0.4491831282161868,14860,0.5978725009228198,2152,0.35254085592737106,3538,0.5612227343064233,785,0.41643578720194285,15523,0.4533125477046118,14603,0.5025471074081803,1510,0.5759747307017665,2033,0.6847619357082768,2041
6006450.0,1738950.0,0,1.8325807965191432e-08,15696,0.6795685466839056,3370,0.5795337716591943,3904,0.5663835556492721,9152,0.5279071987513559,215,0.5611688088660487,786,0.6767549651097745,3739,0.6846381890106803,3254,0.4507462704653792,2741,0.7476420083635363,283,0.7639676141511473,740
5909550.0,1753250.0,0,1.3067342658291818e-07,14648,0.7042598862098318,2413,0.557164103542513,5369,0.5768725400907017,6267,0.5207651154859665,271,0.5611542123400999,787,0.6899557784308935,3209,0.6435271114453609,4705,0.30632675104845686,9513,0.7304599124831332,362,0.7666249593655473,710
5985050.0,1753750.0,1,0.9999999997404267,382,0.8972007238653341,304,0.7339125787084143,232,0.5960970737647656,2376,0.5103086080956785,348,0.5611498930853365,788,0.9639980370372246,563,0.9254001507753579,419,0.6776163045308313,252,0.7177788147028501,442,0.5714317764153694,5749
6001350.0,1761950.0,0,2.5033707935397843e-05,11113,0.5614688518802968,9372,0.5397022129784602,6698,0.5982582195110974,2104,0.4214904104465879,1501,0.5611438547251014,789,0.5829491835374567,7972,0.6361397603277411,5014,0.6453971997863639,344,0.7160832795500436,456,0.7871251021338017,491
5986850.0,1754950.0,1,0.9999999999168405,304,0.8892348384924109,814,0.7268359204897641,380,0.6031051632904683,1578,0.32662223161658394,4705,0.5611210506512385,790,0.962053711842257,655,0.9256181693695635,414,0.484014229119331,1887,0.48462423498236307,4251,0.77772961523655,577
5947150.0,1761250.0,0,0.05379905090222838,3293,0.386995773892859,17888,0.4733772679423876,12724,0.5993947491124672,1957,0.3307890124047746,4511,0.561114211440497,791,0.3692209667622868,17693,0.43964293163142254,15399,0.49591305304088174,1651,0.545402211769416,2644,0.698273552887926,1777
5930350.0,1692950.0,0,0.013161270847719002,4650,0.5007294632790978,12255,0.5312953911445792,7417,0.5988572929518367,2030,0.3294204838058057,4573,0.5611074499151841,792,0.4870340835616527,12294,0.5411434930875255,9464,0.4838880922981106,1889,0.5890532193924779,1792,0.7550783964944162,835
5991850.0,1749150.0,0,0.0010502860576926283,7255,0.6726279769162135,3700,0.583728160487297,3650,0.6019167025701988,1692,0.37524307214777936,2697,0.5610876127363588,793,0.6822716793131833,3518,0.6709526287220164,3691,0.31307179902597615,9063,0.5319625340197991,2959,0.7302589912711488,1191
6040150.0,1720650.0,0,9.030253653499657e-05,9848,0.5431998530131393,10241,0.5754482449144355,4141,0.6271955601301852,402,0.4145161177183005,1646,0.5610736128224805,794,0.5639574464633954,8862,0.5967243654436593,6665,0.27723666553411475,11585,0.5187467579918763,3259,0.29984221905125064,14020
6035150.0,1695850.0,0,1.771471555600315e-05,11422,0.700555591762381,2530,0.5590158876582153,5228,0.5964998111385424,2322,0.3681031466614007,2946,0.5610474775154297,795,0.6998024199305243,2861,0.6769997202087523,3479,0.3184199165506303,8721,0.5785623856923167,1987,0.7724323759942321,635
5989450.0,1757150.0,1,0.9999999999901166,184,0.8896931886778489,775,0.7269592012051909,373,0.5935231092866762,2788,0.4104419979095326,1749,0.5609676033291026,796,0.9665777311185074,428,0.9198951259084112,572,0.6149225079854178,448,0.6089443078027379,1495,0.830810923221424,216
5906450.0,1743050.0,0,0.00035036559895593834,8374,0.6621650016523936,4211,0.5699589649819912,4511,0.5853422775013686,4322,0.40313678945022985,1886,0.5609491571159203,797,0.6727286257282685,3908,0.6727321725006812,3623,0.3405032190094881,7371,0.677894881115128,737,0.8391692342600645,175
6005650.0,1731050.0,0,0.0018022466640770789,6688,0.4414823650119151,15164,0.5054490764175189,9697,0.6021626256675794,1655,0.36601558606457446,3026,0.560943339782615,798,0.4347931560082887,14701,0.49471896090394996,12146,0.4766159162769713,2047,0.5449879450792369,2657,0.7432911480902359,997
5908550.0,1770850.0,0,9.666369187905373e-09,16034,0.6961705865271535,2705,0.5919785305284279,3208,0.6000718380984432,1891,0.47507119977749035,679,0.5609241683445634,799,0.7136515056970347,2445,0.6692530948101146,3751,0.5813732384958067,628,0.7551853925216004,248,0.6656156032393395,2481
5984950.0,1751450.0,1,0.9999999738210323,714,0.8986274285463478,187,0.7208854788265132,512,0.6232580162905201,523,0.31317292006927594,5411,0.5608876920332133,800,0.9671203681528737,404,0.9164301629579688,673,0.40181168875955753,4452,0.38555705465229306,7350,0.5931982995862146,4838
5989950.0,1752150.0,1,0.9999999996130515,414,0.8967123362959178,339,0.7237579497028068,449,0.6313207478531926,291,0.3564343114935901,3383,0.5606784651498948,801,0.9710210151869278,233,0.905794400819968,960,0.5801443224637775,636,0.41063738719986964,6580,0.6869718398115812,2004
5887450.0,1766750.0,0,0.004877308375591364,5653,0.5435711778953661,10223,0.5048453251972185,9757,0.5905578416661879,3299,0.3791403197326872,2548,0.5606424244578246,802,0.5233621572393521,10690,0.5320758455156787,9936,0.31191943911593045,9143,0.5865583226439263,1839,0.7342097159793722,1133
5982650.0,1766650.0,0,7.535081842960142e-05,10053,0.5720163809804748,8803,0.5330559478846393,7243,0.6076933491662002,1212,0.4346266137515999,1258,0.5606220845351096,803,0.5897502323537008,7652,0.6373653227864173,4961,0.7132124131312088,189,0.6287702268654922,1241,0.7183409739406365,1409
6009050.0,1733750.0,0,1.6109107402412389e-12,19559,0.6550479827651404,4582,0.5428267795422347,6441,0.5967284125415911,2301,0.5637600958224291,80,0.5605589634188898,804,0.6548190071660918,4723,0.5575123840022405,8578,0.4834754807808266,1901,0.6829276587747011,693,0.51844632011204,7757
5987550.0,1754550.0,1,0.9999999999992497,65,0.8897584923192409,769,0.7207559027350822,516,0.5855231917452609,4279,0.4060730026557605,1841,0.5605497876582775,805,0.9610532027580598,710,0.9204767390937417,549,0.7206458956988336,177,0.6775339550953137,742,0.8826857478732066,79
6060050.0,1760750.0,0,0.0005352485931171993,7959,0.6762080151426112,3504,0.6197026135856077,2150,0.6060986928227687,1304,0.3721064030530556,2817,0.5605262224665167,806,0.6994050175738156,2880,0.7265353678547837,2237,0.46623155181108467,2313,0.40634122751061275,6702,0.6714675504536236,2347
5967950.0,1733450.0,0,7.797629053535348e-06,12051,0.3854757409038601,17974,0.4299945143956531,16486,0.5839548685979704,4597,0.472099316443954,714,0.5604952333447689,807,0.3789910647661827,17265,0.42755618922596117,16102,0.3045166545993233,9658,0.5892421396288925,1790,0.5301732198525217,7357
5987950.0,1754050.0,1,0.9999999999971265,119,0.8897596864134051,768,0.7216555995159745,500,0.5940793093803992,2701,0.3516937212814517,3571,0.5604585234280932,808,0.9611548393165615,705,0.92027965462698,559,0.7035089999749898,202,0.5819842635719389,1914,0.8320244973317357,209
6036950.0,1723050.0,0,5.201040826061443e-06,12350,0.5021949940702368,12192,0.5026794627729431,9975,0.5863936567920391,4086,0.4201809926438767,1529,0.5604571891142944,809,0.4889808845295871,12213,0.5129884527556597,11052,0.33451593772112953,7728,0.5574454981414498,2364,0.4726820099673561,9184
5907950.0,1771650.0,0,0.0008890400018169228,7448,0.34377312078818517,20011,0.4371483474801669,15899,0.584426175043944,4512,0.3978385485393148,2018,0.560429246754739,810,0.334418817201112,19210,0.41927302871205874,16591,0.43806933034323714,3113,0.6735443539679487,772,0.782324582344254,527
5946850.0,1793950.0,1,0.9999995889001874,1000,0.8893931293970441,795,0.7207210307230937,518,0.6227688298057605,532,0.27072125331166613,8137,0.5604247294476044,811,0.961300141116814,694,0.9169977516687432,650,0.5052080353688329,1462,0.3501283644631119,8441,0.7061011869301173,1622
6005650.0,1731250.0,1,0.9706753775418308,1482,0.790275509224514,1374,0.6579603099991536,1369,0.595928795417319,2397,0.4098416224840589,1759,0.5604131779955456,812,0.8207006771931389,1339,0.8306702647683764,1300,0.5596992223870727,773,0.6253605957176064,1283,0.7696438628795014,677
5944050.0,1791350.0,0,5.767639087319029e-07,13791,0.7020580666143019,2479,0.6181536340723589,2197,0.569979858082605,8172,0.4918656787348102,518,0.5604018936745137,813,0.7151169650421075,2396,0.7483532038211134,1931,0.5462634228905748,899,0.7395630243432314,315,0.7965621385724806,417
6003850.0,1760350.0,0,6.536652889653355e-08,15034,0.4248146036051488,15996,0.4402604061613846,15647,0.5569439037773306,12371,0.5659645620057657,75,0.5604009298447798,814,0.4203246957096467,15356,0.45328808103455753,14605,0.3165292878162037,8858,0.8546018742355672,43,0.8233899545540937,258
5983450.0,1751250.0,0,8.943406535085976e-11,18139,0.3164984262525545,21000,0.37569048578035524,19849,0.6208863188599857,587,0.4173936083366836,1590,0.5603843596986915,815,0.2826751770095711,20977,0.3355199340364903,20164,0.30375106628925486,9706,0.6392020251377752,1103,0.5001700720470833,8346
5931650.0,1690850.0,0,0.053779073919022174,3294,0.7084980858402531,2293,0.6356107093837611,1801,0.6125749922580901,931,0.29553089751151684,6449,0.5603762457561732,816,0.7214119095604172,2260,0.7368826063299804,2083,0.4647243175335831,2355,0.4255558370138882,6125,0.719494831692776,1387
6042350.0,1737050.0,0,0.0009586738400746953,7358,0.5784883544978876,8465,0.5819103109883237,3744,0.6079126707223027,1198,0.35874786169386685,3294,0.5603178564559309,817,0.5973815354060077,7322,0.6205453974507713,5645,0.2915615165954739,10581,0.5581826385287829,2352,0.3629947827100607,12367
5989650.0,1752850.0,1,0.9999999999943174,155,0.8951482499851825,462,0.729707843854039,309,0.5961731823996761,2366,0.5042099630581426,396,0.5602838403450807,818,0.9698632740257804,282,0.9112378372009191,830,0.6475493563345225,335,0.666095436081801,845,0.5020227174755139,8290
6002250.0,1713950.0,0,1.7380183993340538e-06,13115,0.6504727593845834,4839,0.568332899153076,4617,0.5993270849719128,1966,0.43894951603206483,1194,0.5602533404242747,819,0.6546432764041278,4731,0.6799247648010179,3384,0.45754280290709826,2546,0.6227578339996547,1310,0.6954016701458676,1826
5985050.0,1752150.0,1,0.9999999630726963,752,0.8977694343776415,255,0.7269521418794143,375,0.611493966483347,991,0.31940965617261247,5071,0.5601810008035367,820,0.9665853639983357,427,0.9182834171025392,622,0.3903202312382228,4922,0.48894689875531216,4104,0.5834841414364169,5252
6005750.0,1736650.0,0,6.259196798949931e-12,19090,0.3098992117312926,21182,0.3404246011051501,21088,0.6126286961156564,926,0.44935658164282966,1010,0.5601542273920872,821,0.2693478718149338,21242,0.3090812309856552,20829,0.5474205259510516,888,0.6417349991347652,1068,0.556276342371344,6337
5992650.0,1749350.0,0,2.4485465274466147e-08,15541,0.3473790613551326,19861,0.42180042311124355,17135,0.6188156048980498,661,0.4838141512099482,590,0.5601400289440382,822,0.3442079783464944,18798,0.4143451742983715,16854,0.3896360252618254,4955,0.5851017714741855,1863,0.3747546817120049,12058
5905050.0,1740250.0,1,0.9999999999472549,286,0.9187480506456867,8,0.7352856774720086,210,0.6270502199848171,407,0.38627870231205297,2315,0.5600638606412747,823,0.995234097781498,10,0.9691778102622013,21,0.7499690461783203,134,0.5531634070826439,2466,0.8044807874561051,361
5981750.0,1765250.0,0,0.010800218825026402,4849,0.5428251198261278,10259,0.5662020683664168,4766,0.5863854742386275,4088,0.44003416510400084,1172,0.5600628029246003,824,0.5742155539984171,8391,0.63133135593192,5197,0.6668584272400689,276,0.6127482615807578,1446,0.7920565745987519,442
5940650.0,1765150.0,0,0.03229733775560509,3727,0.5774087834148054,8527,0.5673960820690068,4687,0.5958757395319692,2411,0.33000018820553295,4549,0.5600479543265153,825,0.5819985433513252,8019,0.6245500928870606,5487,0.5394708330737962,957,0.5447725156971492,2665,0.7128229167674304,1500
5983050.0,1754950.0,0,1.6717336597926223e-08,15744,0.6245220051028034,6149,0.5566395923365123,5406,0.568938671154879,8483,0.5619136654904645,86,0.5600053096957364,826,0.6147943006579355,6535,0.6454110798084587,4626,0.4818188021472488,1939,0.7585440699814109,239,0.726227831300365,1259
5944850.0,1797150.0,1,0.9999973115312656,1144,0.8896441278965459,778,0.7227895544481159,469,0.613477098695136,881,0.30866877446724195,5680,0.5599947587377688,827,0.9615523272496653,680,0.9188810409232755,603,0.6104058233563274,471,0.47664792665134725,4488,0.7718558749252556,643
5902950.0,1740350.0,1,0.9999999999750235,249,0.9157145128763653,24,0.7292255995203604,317,0.580228114648392,5467,0.4244807927287817,1439,0.559992399330942,828,0.9935521959258506,20,0.9686181691011756,24,0.6713038666934353,267,0.7398108987128821,313,0.8866749775404226,71
6033750.0,1727950.0,0,2.504890410175719e-05,11111,0.6223834285447819,6267,0.5817318274353148,3756,0.594261066492113,2671,0.42153884804120684,1500,0.5599681800832513,829,0.6084744749732769,6821,0.6329038444437215,5132,0.4555847342819941,2611,0.6286488655264434,1244,0.46338505749942926,9490
5947250.0,1760550.0,0,2.6122196907824638e-08,15503,0.4734099538117092,13597,0.45201440405079224,14607,0.6018129018225273,1715,0.3571383442323859,3354,0.5599439977792493,830,0.475660998876937,12834,0.5050639105502701,11527,0.49361269559342635,1679,0.6135787174512027,1433,0.6767725922854118,2220
5886950.0,1760650.0,0,0.004111101122524591,5822,0.5057594507836847,12033,0.5249015214834146,7984,0.6030607331181462,1585,0.29799446094764753,6298,0.5599347769805006,831,0.5283678604454847,10472,0.5759604123747514,7676,0.4154554491779008,3910,0.5190170755542582,3251,0.7531744314055908,862
5944650.0,1762950.0,0,8.737769549668555e-05,9888,0.4777185819229414,13380,0.4850536520974928,11609,0.5955068404109491,2457,0.4076001707249202,1806,0.5599244285275479,832,0.44771406254350565,14114,0.4923726178319745,12295,0.4572690635428912,2554,0.6588066886691555,913,0.6743726547333725,2272
5901250.0,1758550.0,0,0.0002863924267706236,8600,0.550276341042236,9923,0.5640252856308711,4899,0.5743439124619127,6953,0.4223924075907306,1489,0.5599095513616777,833,0.5704229020345728,8549,0.6291840987720766,5280,0.5577985044366709,786,0.6536423372710818,964,0.8049658331393152,357
5994150.0,1749650.0,1,0.9999999999815623,226,0.8907226433907498,700,0.7252077949379261,412,0.6472049858099287,61,0.2743078783616381,7895,0.5598768462720268,834,0.9633520490945481,600,0.8988186684101913,1063,0.5070032361440027,1426,0.33289250868982034,9016,0.6591159599936371,2637
5984850.0,1750050.0,0,1.6035870528881926e-05,11519,0.6908756802633294,2915,0.6540914634734305,1431,0.6052752989086444,1382,0.487385060235695,556,0.5598481314275616,835,0.705723598577978,2678,0.7392758986118994,2049,0.3244777715731919,8347,0.5419873557108897,2730,0.3086055521636337,13748
5885450.0,1761550.0,0,1.916147763238589e-06,13041,0.6998200155384624,2558,0.5870417973802053,3469,0.5956833492935893,2433,0.3925401084630895,2158,0.5597924952827881,836,0.6991141962131412,2897,0.6887217024230652,3149,0.48760586462015265,1818,0.5956861134227316,1691,0.7435782028763167,993
5968250.0,1730150.0,0,3.510309186476176e-05,10787,0.39714009258322447,17386,0.4485802103877193,14907,0.6122618011391776,948,0.37088981407304017,2858,0.5597811725489228,837,0.3829096420269953,17078,0.4310996003496079,15896,0.3059044571745785,9545,0.4647792164770874,4861,0.5219303040807632,7640
5986650.0,1754050.0,1,0.9999999999832556,222,0.8988867891525576,161,0.742206561180942,94,0.6265683427834186,421,0.3707806589189838,2862,0.559730933256007,838,0.9677493090308786,382,0.936608822462358,201,0.7437266956978497,143,0.502562307151667,3722,0.6666827533953468,2454
5904950.0,1740850.0,1,0.9999999999695699,263,0.9145511219430997,42,0.7275585944955559,352,0.5792361814072142,5685,0.41330011651055915,1679,0.5597041309199442,839,0.9935586819707838,19,0.9695522023057562,20,0.547443970117335,887,0.6993116480787935,555,0.8849104566434969,74
5885650.0,1761450.0,0,0.004428163050697029,5747,0.6496086134477546,4875,0.6178856744795245,2214,0.5957656431634724,2426,0.35855414375016964,3303,0.5596447284789642,840,0.6927644550765464,3121,0.7401753098855622,2036,0.5178934268481759,1246,0.5869867222979352,1830,0.7730144376216412,632
5975250.0,1749450.0,0,0.7097181180026445,1689,0.712335041811843,2183,0.6252857187075784,2005,0.6125652485360064,932,0.30594979382772425,5832,0.5596406994528431,841,0.7315071217878977,2069,0.7480779873484849,1934,0.35589521991200324,6535,0.5041087127930499,3681,0.5574440788438738,6293
5986750.0,1750650.0,0,1.4217190590651167e-10,17944,0.37516329743427373,18488,0.4266675695193883,16750,0.6015214665411006,1750,0.5124371626722378,330,0.5596392258931461,842,0.35749493975132585,18227,0.4210825127898994,16497,0.4237286199254279,3599,0.6478319007687492,1016,0.5374664962749501,7097
5989650.0,1754150.0,1,0.9999999999708278,257,0.8968903960449153,326,0.7270664107027587,370,0.6113693033523145,996,0.34988717924326845,3655,0.5596282200001076,843,0.9721548680009175,207,0.9111300635210932,832,0.572485873972109,687,0.42802099844406616,6046,0.7023161663253437,1700
5986650.0,1753350.0,1,0.9999999987936845,500,0.898313174165402,213,0.7312689769682138,283,0.6077277077194866,1209,0.3590943817720799,3280,0.5595700933289721,844,0.9647923531072432,518,0.9209624305843267,536,0.5687952083316217,713,0.43336039358659684,5888,0.7038154304707107,1671
5998650.0,1747150.0,0,2.5541619709910385e-19,21720,0.3526285109670441,19591,0.33617926134360104,21185,0.6205930608323177,601,0.36653386115448827,3008,0.5595412947863467,845,0.32643177715688143,19527,0.3335036437654896,20227,0.2836385206848475,11139,0.5931191513861035,1728,0.44731397648277804,10012
5944850.0,1764750.0,0,6.273084910572043e-06,12212,0.6980112134000475,2638,0.6140223332842379,2322,0.6161979917616166,755,0.37307459317088587,2776,0.5595394092713739,846,0.7166531939701294,2358,0.7278704308466273,2218,0.5049654289561409,1467,0.6147745167327537,1418,0.4999025468320192,8355
5986250.0,1751450.0,1,0.9999999988548021,498,0.8986985543807299,184,0.7378592385001363,167,0.6144904399079972,831,0.48848094034272205,550,0.5595058336473813,847,0.9691243108701086,318,0.9325510330192375,273,0.4727504703444847,2148,0.5824425716700217,1904,0.3933009298935001,11586
6035450.0,1727250.0,0,1.0801570556567023e-09,17019,0.5855032200081984,8075,0.5288145779426092,7627,0.5893512799368066,3521,0.49832508484652244,456,0.559464777015023,848,0.581385944805784,8051,0.6036217926874445,6377,0.4598884065609422,2478,0.6856047488137538,670,0.46582345714466955,9414
5960150.0,1738850.0,0,0.0006114677753698861,7830,0.560353766017134,9438,0.527961295702536,7709,0.6057838043688262,1331,0.42077879748415964,1519,0.5594441052496236,849,0.5614003600954446,9002,0.5923370609129404,6877,0.531453094440778,1054,0.6083548555354341,1507,0.7386631876278019,1063
5981350.0,1753450.0,0,0.00011683236381511198,9571,0.3640933067256202,19003,0.43583762817164856,16005,0.5859376762741229,4188,0.48813533696461014,554,0.5593982441881283,850,0.3709393371972972,17613,0.44181900528174634,15270,0.5635411044772405,751,0.6593228302038587,906,0.7639152599129659,741
5906850.0,1770150.0,0,9.550220908525383e-07,13476,0.5117277559300722,11729,0.48172707578638396,11939,0.5912990284808802,3170,0.3858026888007521,2325,0.5592770516172078,851,0.5205601662958192,10799,0.5365578042997465,9709,0.32522607229897016,8296,0.5998085493476709,1627,0.7677960144306466,694
5906850.0,1742450.0,0,1.6984275064517462e-10,17857,0.40766052429925664,16879,0.4299872239435256,16489,0.6036139760213532,1521,0.41215733063293664,1713,0.5592610465966059,852,0.4019189565661454,16186,0.46553930363397567,13844,0.5549255633549034,812,0.6666663470405348,839,0.6469699837498254,2978
5986350.0,1759050.0,0,7.710245589994363e-05,10034,0.4598448175391349,14286,0.5016223336250644,10065,0.5914143539886322,3149,0.43448538332226433,1259,0.5592389738739092,853,0.4535539187039288,13830,0.5119963683315929,11106,0.7107868512166599,191,0.5983002500950312,1650,0.7741116823614591,622
6041850.0,1736650.0,0,7.302314947122711e-06,12100,0.5363376077429398,10566,0.5332027056196045,7233,0.5758765076286212,6534,0.47703294297092025,658,0.5592348864753662,854,0.5312224810646332,10336,0.5537455164348416,8776,0.2642896665645075,12597,0.6592447419028725,908,0.35153708443137033,12617
6060550.0,1761050.0,0,0.01073202698064919,4853,0.3869853244713924,17890,0.49298756199732713,10870,0.6158787949865615,766,0.3494612897107365,3669,0.5592288573273941,855,0.3682062849079111,17739,0.452215189543306,14660,0.35405161404207464,6631,0.3121054731954278,9715,0.6087833428289173,4217
5989450.0,1754550.0,1,0.9999999999999953,1,0.8965490996627834,359,0.7312716530181202,282,0.5840352794544468,4584,0.5228872567167191,255,0.5591619782830302,856,0.974968449302097,124,0.9298637268502773,322,0.7693329224803447,106,0.8220541044184337,80,0.7606681618596904,776
5908650.0,1751150.0,0,1.0371663176453043e-13,20372,0.5551206856854008,9692,0.496449139420727,10526,0.614932010472017,805,0.3834022889675885,2397,0.5591535289306871,857,0.5450124723148759,9753,0.5471994260759971,9143,0.5146961665876164,1301,0.647105148063343,1019,0.5641215110749315,6044
5986250.0,1750650.0,0,3.218767234461224e-13,20075,0.6781605162825006,3427,0.5684799285879542,4607,0.6024524838663535,1632,0.4175835358605569,1585,0.5591036154134653,858,0.7025238709740763,2773,0.5953481760862172,6736,0.5120965579708479,1333,0.6693202132025889,808,0.5475326611141517,6694
6006250.0,1760150.0,0,2.7020729275132644e-07,14244,0.6744175437935156,3601,0.5566162142184329,5407,0.5815648703646319,5159,0.4265581933732863,1407,0.5590801066231051,859,0.6897885911126351,3221,0.6849233884440977,3242,0.3417233983992659,7316,0.7455117715080606,293,0.8327336039835684,206
5986650.0,1753450.0,1,0.9999999993486819,456,0.8983427556852546,210,0.7328989525113968,255,0.5900419868262125,3393,0.4695902964872419,738,0.5589378575630607,860,0.9641074878630898,556,0.9207886353053489,540,0.6186345927735889,435,0.6949553623646805,588,0.7810152216878613,543
6034650.0,1696750.0,0,0.060193538188395186,3214,0.48044926088730044,13255,0.5100415916608384,9290,0.6012825656101776,1774,0.3055656219545373,5856,0.5588885364757576,861,0.49745961983230313,11840,0.5588996640118118,8506,0.496751284072233,1627,0.4862298481160623,4199,0.749757718647309,915
5972550.0,1775850.0,0,1.9700472303279515e-06,13019,0.632199769149987,5734,0.5844366001026168,3613,0.5720535770228158,7588,0.49210008021719165,517,0.5588520124058755,862,0.6458760233357733,5113,0.6867929186954815,3198,0.4831381482735537,1909,0.7326142642721902,350,0.8023144707033013,378
5984650.0,1750550.0,1,0.9999998682598785,869,0.8806850291216441,1133,0.7055363878534244,843,0.5708470396906403,7937,0.4726303206763132,707,0.5588437416224762,863,0.9500198789623817,1133,0.901776882949225,1034,0.3705289739413432,5800,0.6726721313860453,777,0.5843081614918652,5211
6000550.0,1725850.0,0,0.050177431487908174,3347,0.6228007138680473,6245,0.5960677050561446,3013,0.5738844363202265,7079,0.49457338090378705,494,0.5588330389925917,864,0.6511922157900707,4860,0.697832923450884,2867,0.5369818494861156,999,0.6739798123674845,768,0.79198330385946,444
6032950.0,1711850.0,0,3.014435249698636e-09,16581,0.3411609292177832,20136,0.45026398985947474,14751,0.6255224465449019,457,0.43982593778048423,1178,0.5588017757921473,865,0.32761872077122023,19475,0.403439693650511,17424,0.3125386648050168,9107,0.5114695374265392,3465,0.2526605979220793,15835
5987750.0,1754150.0,1,0.9999999999995046,51,0.8893721439570896,797,0.7169660773197715,613,0.5732914009828269,7245,0.45701816188263733,913,0.5587198442252382,866,0.9609685528619984,717,0.9202492981921959,561,0.5906874601419968,566,0.7829215443973611,167,0.8789182286197511,85
5985550.0,1763250.0,0,0.004120283695492785,5818,0.33575654710660047,20363,0.44438293533210493,15296,0.5860798303215717,4151,0.42382758178998586,1455,0.5586451900334354,867,0.3101975004478039,20165,0.3979750578228991,17670,0.5310464269329044,1059,0.5817473711127421,1924,0.7553979516526239,825
5997050.0,1747850.0,0,9.647843023637168e-12,18935,0.4238742853867291,16052,0.42653101407743643,16759,0.6282002837256543,376,0.3176652278150511,5179,0.5586332531036701,868,0.4000481545445912,16287,0.4431463830608089,15192,0.4658481700094578,2325,0.5452253997060399,2648,0.52537594309385,7540
6035550.0,1693150.0,0,3.086151488924824e-10,17603,0.33015020300731823,20563,0.3771652782207441,19792,0.6057436448377185,1334,0.417745495254242,1581,0.5586145461592715,869,0.2907527015082374,20779,0.34879494104888886,19744,0.5188825904861484,1229,0.6791057958381749,726,0.5662586828831214,5956
5987350.0,1754150.0,1,0.9999999999997986,29,0.8984585147094722,199,0.7348212610200973,216,0.5989383589358906,2014,0.5510572040049941,125,0.5586127559826191,870,0.9660860136152246,459,0.9326626134433967,268,0.6125542465045344,458,0.6749411730451977,762,0.5029300330292343,8250
5981150.0,1753150.0,0,0.00010820827642051899,9644,0.56907998473844,8969,0.5492967471687107,5952,0.572813600534742,7377,0.514192627738783,321,0.5586010911046172,871,0.5617513042142682,8982,0.6051470299876363,6314,0.5117934118853269,1338,0.6971726464812674,572,0.7800157929183302,552
5989750.0,1752550.0,1,0.9999999999952116,146,0.8956535032634143,419,0.7273804101202762,363,0.5856087539736525,4258,0.5516991109153463,122,0.5585404137962388,872,0.9702164970165453,265,0.9120236896121445,815,0.6547638177683983,311,0.6911712796894421,618,0.5088777939924085,8079
5968550.0,1733150.0,0,4.4121169410772865e-05,10576,0.6646152938241565,4085,0.5675995982556952,4669,0.6019674636000766,1688,0.4397003032433946,1182,0.558484919177957,873,0.6727990740997125,3905,0.637590223695119,4957,0.3280916349976566,8127,0.5793329558117752,1966,0.5338573229868369,7222
5943150.0,1767350.0,0,0.0007945314910678623,7550,0.5137166952908268,11634,0.5329088801879696,7267,0.595112716414939,2528,0.33436576535440315,4361,0.5584562967548055,874,0.5072143976618924,11396,0.5612876650196904,8406,0.41314482962914234,4001,0.5875312518183141,1820,0.7100230195069362,1551
5903150.0,1740450.0,1,0.9999999999789662,234,0.9145647580849744,41,0.7290460947738587,321,0.5777729267725519,6028,0.4058689401921032,1843,0.558433261572151,875,0.9932180206938195,28,0.968679123857736,23,0.5388895587361858,960,0.6962877423208753,584,0.8840280661797048,76
5909050.0,1750250.0,0,3.01972190237262e-07,14172,0.702450394494587,2465,0.5911877027751224,3241,0.5722944696053535,7518,0.5136491636966245,324,0.5584280242961619,876,0.6907008434216633,3182,0.6671369028626467,3820,0.4996942706999782,1565,0.7521662845096497,263,0.7716711286505424,649
5868950.0,1781850.0,0,0.06389862594456777,3159,0.4746624710820379,13525,0.5163428106152941,8736,0.6187260448003854,665,0.273464623884508,7951,0.5583527777178027,877,0.49896947336711006,11753,0.559483855124183,8479,0.5060225880999466,1447,0.37720527567028395,7617,0.6979717291379969,1781
5976550.0,1775450.0,0,0.003821472991956431,5883,0.44921699266989545,14799,0.5241859577885549,8036,0.6067780611376355,1263,0.29868234000278593,6255,0.5583002019730956,878,0.4656495221484762,13285,0.5379592166556038,9643,0.49624449744556953,1640,0.47371066361390934,4588,0.7293049385280945,1206
5903250.0,1740850.0,1,0.9999999999435434,290,0.9154688441043268,28,0.7349860092832295,214,0.5982119375480565,2114,0.3431822542844393,3950,0.5582498770013222,879,0.9937922015077673,15,0.9696141801023911,19,0.5437971842646674,920,0.6323944529408256,1197,0.8656401608385813,112
5987250.0,1751150.0,1,0.9999999986070358,512,0.9002547641337301,111,0.7262854344054401,395,0.6197184246719339,636,0.3722902479552459,2807,0.5582454625888494,880,0.9702219386655465,263,0.9271126804434914,375,0.5931891416293087,556,0.4274732461083167,6057,0.7051475123357496,1643
6034150.0,1716350.0,0,3.0255681531234447e-05,10937,0.654567968511677,4618,0.6044788358515675,2668,0.601586396065262,1742,0.34206643422082944,3999,0.5581942541933476,881,0.6668195393432418,4165,0.6936900564807764,2989,0.4863036436982634,1846,0.39487264006050193,7063,0.49582689712379546,8472
5987750.0,1752950.0,1,0.9999999586854728,760,0.8900939960447433,741,0.7272558451042465,365,0.614046524640049,853,0.3087280228377186,5675,0.5581646994811539,882,0.9592654426316751,803,0.9102590937507578,859,0.5267607789364344,1112,0.37689767328384416,7627,0.6785701059466569,2183
5932350.0,1691250.0,0,0.04835156928779642,3383,0.5505050121075061,9917,0.5619490544313186,5035,0.6132143219435269,895,0.27921571536558787,7530,0.5581264468356186,883,0.5558221363852522,9250,0.606344778241695,6264,0.5634797173845796,752,0.4019643292060868,6835,0.7002359462573985,1746
6032150.0,1710350.0,0,1.0888085009048172e-14,20858,0.413250742790001,16609,0.40684178034133606,18165,0.5938493286746197,2735,0.4657923787141248,781,0.5581043837393455,884,0.3671787391817355,17789,0.3995248455628657,17594,0.3104927873803577,9236,0.6794460412472936,722,0.4148100738797338,11000
6033950.0,1716450.0,0,4.7607360168555225e-05,10495,0.6718538640488705,3728,0.6214709101504594,2103,0.5944751052680683,2629,0.46708952519885577,769,0.5580695275907607,885,0.6658700945751681,4208,0.6912461487965891,3071,0.4646150148892013,2358,0.6133169450924992,1438,0.46571497551442054,9418
6033350.0,1716550.0,0,2.1434322572473506e-09,16737,0.5360874461265844,10579,0.5029600030808796,9943,0.58586307925943,4203,0.4850430613969398,576,0.5580453154300384,886,0.5095473709720727,11285,0.5259548051708518,10297,0.42912797057644914,3407,0.6917322184258838,611,0.4529018620212293,9818
5886750.0,1761650.0,0,0.01041433932863751,4888,0.6903725405621357,2934,0.5636332596816958,4928,0.5897600444589772,3447,0.39420100474548153,2111,0.5580372868103216,887,0.6730808887477717,3894,0.6366079696326379,4988,0.2956466572196067,10276,0.5999195987566897,1625,0.7125678049528588,1503
5931450.0,1690850.0,0,9.019809502037059e-05,9850,0.5113854651736838,11744,0.49283449666153994,10893,0.6280446243942834,379,0.3369154580711507,4229,0.5580321340260822,888,0.4983204548987634,11785,0.5374289904882532,9668,0.42229443114888177,3657,0.5055390874841948,3645,0.7044396444483777,1656
5885050.0,1761350.0,0,0.0022250346776997083,6450,0.34944574011354423,19752,0.4295250262887931,16520,0.5917771727960651,3085,0.344020063380654,3917,0.5580242945284382,889,0.32492254934857767,19574,0.3863586808032825,18228,0.43272773029156875,3298,0.5768132621812482,2021,0.7483423520651029,937
5902750.0,1740050.0,1,0.9999999944099418,601,0.8866720566243769,940,0.7149548890214736,655,0.5753302102319083,6679,0.4290753951509864,1365,0.5580188957011278,890,0.956618905055948,938,0.9386931340353535,180,0.568613978387732,715,0.7162911062230788,455,0.8778792074225301,90
5907050.0,1741950.0,0,0.006426770642116077,5362,0.3598353647952409,19228,0.4514481691024142,14652,0.5806573905710573,5370,0.4216892638554819,1498,0.5579959085696915,891,0.35385906349833063,18365,0.43731460982883275,15527,0.47906414727269375,1993,0.6419556733163939,1064,0.7878093790548777,486
5999750.0,1744950.0,0,8.494589464629485e-05,9915,0.5210778145013168,11302,0.5154244501295479,8809,0.5932797946168592,2824,0.4580621674072705,896,0.5579618789756962,892,0.5115207679380438,11213,0.5535621663915528,8786,0.47990862800301115,1983,0.6083912413825048,1506,0.7209562268646488,1359
5987150.0,1752650.0,0,2.6868963598681574e-16,21400,0.3721126178415777,18636,0.40322341840243503,18415,0.592633264539136,2942,0.46782156980352313,758,0.5579446671129706,893,0.3560413104137963,18287,0.41527881824180957,16807,0.37888363562081273,5450,0.7170865013191113,450,0.48695188587440397,8760
6003150.0,1730750.0,0,0.0006500080463957883,7773,0.6965428953077845,2686,0.6224836780188964,2073,0.586841389178032,3999,0.36276479088827374,3160,0.557882074498223,894,0.7279819910505682,2124,0.739178127355254,2052,0.5381270328368333,977,0.6021561218356797,1590,0.7815945832093473,534
5887150.0,1766550.0,0,1.8975827178547475e-14,20741,0.6599452684486122,4324,0.5374425503275294,6896,0.6117925760382712,971,0.40747242925498905,1809,0.5578607723087313,895,0.6722398474880731,3923,0.5473521553300931,9139,0.4251593627775744,3547,0.5628906913430953,2264,0.5231355202933282,7616
5980450.0,1751950.0,0,0.004670144406476906,5699,0.37191365915236224,18644,0.47179014615321874,12861,0.6157625469118514,772,0.3694624077083043,2906,0.5578559508335346,896,0.37939882791546675,17249,0.4496848229669008,14794,0.3540886309010154,6628,0.4847708041931241,4246,0.5627505573981605,6095
5984850.0,1752950.0,1,0.9999998972996579,846,0.8972576042338231,299,0.7232486245766075,457,0.5968720022751262,2284,0.38183486004268247,2455,0.557832856452909,897,0.9616215540134566,676,0.9079316182406345,905,0.38204784875705755,5301,0.5789755752308465,1973,0.5836593027935459,5241
5987650.0,1753550.0,1,0.9999999996503128,405,0.8911084917418484,670,0.732041038149557,273,0.6128641199625874,914,0.5331163383297725,193,0.5578221971798372,898,0.9574794717143111,893,0.9067826284973356,931,0.3728879234900908,5698,0.5602422793705145,2322,0.33150780134375046,13131
5903450.0,1756450.0,0,7.116944694673313e-06,12120,0.4044704555896457,17041,0.47099187438952317,12931,0.5728589133313481,7366,0.4587746791834129,885,0.5578158738197705,899,0.3921970576274616,16642,0.4535945288600255,14577,0.5253727357452793,1133,0.6892221015725457,634,0.8026803362897934,376
5985650.0,1764150.0,0,0.025062336443134305,3977,0.7086436853564511,2288,0.6512934800036996,1478,0.5918098761346567,3079,0.3907309850683553,2205,0.55778824265876,900,0.7220951174969438,2243,0.7500880426218623,1904,0.5117925969275361,1339,0.5016500739065416,3751,0.7215398054884287,1346
5988650.0,1758950.0,0,0.0010056479487515048,7302,0.6450253020469451,5094,0.6048142577600885,2655,0.5687033287513715,8553,0.43234668992619124,1303,0.5577858577386935,901,0.6558449529907595,4678,0.7051276952290091,2683,0.4090194359719941,4161,0.6853056486058697,673,0.8729530700352934,100
5942150.0,1769550.0,0,0.001737044375817163,6727,0.36423337245965437,18996,0.43895157192427003,15751,0.5891102775144065,3574,0.4199509347296557,1533,0.5576659871668892,902,0.34772382078587816,18650,0.4041939176987255,17379,0.558213936283124,783,0.7090511823522718,492,0.6821519438992951,2098
5888850.0,1780250.0,0,0.028437120694900397,3868,0.6275232269352281,5977,0.5750964925693482,4166,0.6020070597821724,1681,0.3016120778656745,6085,0.5576542756220987,903,0.62963508782422,5830,0.6531580428131316,4341,0.556360293413358,803,0.478520509499913,4433,0.7298970283806622,1197
5907450.0,1757350.0,0,6.68559432065598e-06,12159,0.6115780613060782,6777,0.5484223018435881,6013,0.5626741078379363,10244,0.4804147661328652,627,0.5576465872079909,904,0.6061442270704245,6909,0.6108688328815748,6036,0.3111298678286557,9193,0.713582234630128,471,0.8069544087904899,349
6007850.0,1732350.0,0,0.000513654811663284,8009,0.37452585672592176,18518,0.437290783995481,15881,0.5897522906467493,3450,0.5056543585538731,381,0.5576337733144503,905,0.37667487660532306,17369,0.4395969764329001,15400,0.5123419467202126,1331,0.639687850334982,1095,0.7368221004771609,1094
5906950.0,1759550.0,0,4.619996122952918e-05,10521,0.6606138479256389,4291,0.6234747686980482,2044,0.5582223806931105,11790,0.4998501008092031,442,0.5576292962853974,906,0.6774498078758033,3715,0.7244090869040417,2270,0.52285956911086,1175,0.7681474574543109,212,0.8495245210542761,140
5947450.0,1763550.0,0,5.773951595141348e-12,19120,0.5372330972043539,10523,0.48029524321532824,12098,0.6115047398928269,990,0.4184604897201824,1570,0.5576151512346756,907,0.5090050291125141,11311,0.523688249517767,10416,0.4021956734505867,4437,0.6124679783058642,1450,0.5268368674936914,7479
6061950.0,1762250.0,0,0.005457807944993745,5542,0.740690232062454,1647,0.6326105241251591,1852,0.6022586879271372,1648,0.32315359960888057,4873,0.5575976540488918,908,0.7650065202347691,1645,0.7627383906053747,1768,0.3515515701479679,6769,0.33446395238280424,8953,0.6378060582359124,3256
5985850.0,1750550.0,1,0.9999996967558613,963,0.8988499667403134,165,0.7277454604095923,349,0.6085810915349718,1156,0.39702501774747273,2035,0.5575893292220385,909,0.9667540238352659,421,0.9182056043904683,625,0.38431786742663077,5202,0.6005288024192839,1613,0.5649883111507383,6002
5947050.0,1768850.0,0,0.010416893961397973,4887,0.47786303298786686,13374,0.4755034255774497,12540,0.6143360396122659,842,0.2976851897267407,6319,0.5575308579751602,910,0.4552227844068647,13757,0.4849244731516489,12724,0.49683242392229165,1625,0.4063580592959628,6700,0.6552707687037063,2732
5948350.0,1797250.0,0,1.164742478269991e-05,11760,0.34025763694632427,20176,0.4348548858219869,16092,0.6122970035208526,947,0.31071886806359006,5551,0.5575122434196231,911,0.3322821797295863,19300,0.4159055758139035,16764,0.5983615856685396,530,0.46949232389965423,4725,0.7301249512785732,1193
6037050.0,1727550.0,0,2.570691614470011e-05,11086,0.6930760955847767,2824,0.5937789419681491,3140,0.5799046023408603,5535,0.47791986007476794,648,0.5574432247626304,912,0.7044464277473821,2719,0.6627990122374559,3981,0.2724477230090969,11927,0.6346932188680957,1164,0.3496383345710441,12670
5986350.0,1751950.0,0,1.4988948475630563e-11,18796,0.6367456425683485,5504,0.5518614424036901,5752,0.6137561776383773,867,0.4586094468082643,887,0.557427202883808,913,0.6542246616311501,4748,0.5919885394636465,6889,0.5143817846215233,1309,0.6843658559314068,683,0.5249649959637106,7557
6061050.0,1766650.0,0,0.04019273049003239,3534,0.5784656776302645,8467,0.5758861986327861,4115,0.610876616287648,1021,0.2968258450387448,6362,0.5574227355719271,914,0.5976670240859621,7309,0.6500990787368149,4471,0.38685635740850666,5090,0.3012077198969967,10069,0.6381354463192316,3245
5909450.0,1755150.0,0,0.0061831656676512485,5408,0.6988340412782736,2606,0.6421095737634577,1686,0.5979624260947862,2139,0.3150406831372143,5314,0.5574139849571701,915,0.7177073604539579,2337,0.7567323331730401,1827,0.5240745854483567,1151,0.41373555371565585,6492,0.709160578226675,1559
5987750.0,1753050.0,1,0.999999999634634,407,0.8898713941018944,758,0.7232507342540985,456,0.5892700769182246,3534,0.367638178876093,2966,0.5574122197877329,916,0.9590450088872516,818,0.909677641390781,868,0.6027768288438686,515,0.540426152037395,2760,0.7719014191452943,642
6000250.0,1734650.0,0,0.019832601178172544,4207,0.6959962369167361,2708,0.6327999241147254,1848,0.5982683059229424,2102,0.41246396118226936,1700,0.5574030049952793,917,0.7134779347029303,2452,0.7402865838496655,2035,0.45750782343059315,2547,0.5921614930931519,1739,0.7379141308413467,1077
6000050.0,1734650.0,0,0.04768425007003817,3390,0.6072946013012723,6994,0.552577216813248,5695,0.6240262569286437,501,0.3616175250451445,3203,0.5573901363971728,918,0.5989451821780546,7228,0.6102817252296531,6069,0.45421436080907074,2646,0.4677646130346913,4771,0.691481599418199,1896
5998150.0,1748950.0,0,1.31849982436524e-06,13291,0.33556256981512383,20368,0.39363114738242805,18941,0.5982251213539532,2111,0.4404907457693056,1162,0.5573717779481366,919,0.3068897646583666,20292,0.3651165518792232,19127,0.5597184739187293,772,0.6435402947007954,1049,0.6438844650350165,3072
5983850.0,1757250.0,0,0.0020333506329676837,6556,0.5844888481657303,8151,0.5608926825923515,5115,0.5864447079148893,4079,0.43976450337138834,1180,0.5573586922286403,920,0.5877508946965457,7737,0.6292664710038915,5277,0.5880268148828861,582,0.6991050383222341,557,0.7907390797409397,454
6042150.0,1737450.0,0,1.266992485062791e-06,13311,0.3401769860526053,20181,0.41772122678046364,17423,0.5845854658608435,4487,0.5225392289572832,258,0.5572963996760452,921,0.3291745469766738,19427,0.3741165157001891,18748,0.25592527296767154,13188,0.6394583378525891,1099,0.32800766951563065,13236
5905150.0,1740050.0,1,0.9999999999858931,207,0.8883572120464651,857,0.7122784903872967,717,0.6125388297749373,933,0.2963123326184771,6397,0.5572822763410121,922,0.9640636354237735,557,0.9060647997576192,953,0.6313337659960658,391,0.5080322542050739,3571,0.7994246621759891,390
5969750.0,1734550.0,0,1.3752851727033796e-08,15856,0.6890897503786163,2982,0.5421310167868876,6498,0.5877806701006543,3787,0.4255106366919381,1423,0.5572768915932031,923,0.6635182462738693,4325,0.5912853919423002,6922,0.25246027291784257,13483,0.6649987517855949,859,0.5046949674624039,8198
6030350.0,1710250.0,0,6.604413076135892e-16,21292,0.6376580513615165,5450,0.49450469712660455,10723,0.6264591551686346,425,0.4114513503446921,1726,0.5572677341863164,924,0.6248609227805579,6077,0.4515912355008761,14691,0.26747768112519377,12333,0.5152498104395327,3354,0.41004859438029584,11149
5989050.0,1754250.0,1,0.9999999999717921,256,0.8968486702641706,329,0.7246717459405934,424,0.5996991732439569,1929,0.37931448869428436,2540,0.5572545954950355,925,0.972393067243308,194,0.9112626729566354,829,0.6588055438296779,299,0.4920404520538588,4024,0.7393520484292007,1052
6042150.0,1751350.0,0,0.000750147703032192,7611,0.5569044960396816,9590,0.542842773023228,6439,0.6226187013840979,536,0.32531488842466405,4764,0.5572529962185235,926,0.5554538277407897,9271,0.5813089045556836,7425,0.2958010044034769,10266,0.2695527937175246,11346,0.3768390636205945,12013
5998750.0,1746650.0,0,0.01970057095091186,4214,0.3548481434115316,19493,0.45180480550367613,14625,0.5998861064570564,1909,0.37956396559285704,2530,0.5572452928177088,927,0.35762898258014686,18221,0.4318638120555238,15844,0.5051306066424582,1464,0.5959875419072032,1688,0.7372674878449084,1088
5944250.0,1769950.0,0,0.001574970849067041,6836,0.6662002927528512,4007,0.6016435559323681,2776,0.6069732262341084,1253,0.30909382540067687,5649,0.5572252423701777,928,0.6855699358701741,3378,0.7159225716612068,2437,0.4476855206717282,2834,0.5016394618076536,3752,0.7071444258152251,1598
5965650.0,1737850.0,0,0.004117140032731383,5820,0.4041458959239593,17060,0.4633344386835306,13621,0.5955324346162022,2452,0.376483288126419,2650,0.5572226778548109,929,0.4011612299519616,16219,0.46258949737087107,14039,0.5639037121454511,747,0.6345893391305294,1167,0.792707171021084,438
5983450.0,1761450.0,0,2.4356854440972624e-10,17709,0.42620495923215024,15930,0.4348587654582281,16091,0.5693999697675252,8352,0.5880325125807966,37,0.557216668205135,930,0.3867563812732089,16876,0.431874011859102,15841,0.47786852001087154,2017,0.8133229052017497,91,0.5881568676361091,5058
5881050.0,1782350.0,0,7.416014925003359e-05,10065,0.5315782783042707,10758,0.5081688198813605,9435,0.6021406516464304,1661,0.3169700674637835,5218,0.557188755684063,931,0.5418051505880649,9889,0.556408869222542,8632,0.3273843595975434,8170,0.36325285157893716,8043,0.6545736780205991,2755
5997550.0,1747350.0,0,0.04519527414546596,3445,0.6999137694138625,2551,0.6431078190951655,1669,0.6241965006883797,495,0.24087495792180938,10285,0.5571289079761659,932,0.717095071630273,2349,0.7454109982712891,1968,0.46338996598743065,2394,0.32452731551905933,9272,0.6502560123487201,2880
6005450.0,1737150.0,0,0.13597984595796464,2572,0.7169363480521375,2078,0.6455469337382774,1620,0.59297129607168,2876,0.42605626606396235,1414,0.557102128534376,933,0.7393029465949922,1947,0.7674879182243408,1727,0.6234432859549149,427,0.682469377829917,697,0.7676468180939695,698
5909750.0,1759150.0,0,0.00031108233961602846,8486,0.4323623454826441,15601,0.47690610913615256,12406,0.5888511426050554,3612,0.3414567909507652,4022,0.5570636155052532,934,0.4370854313196687,14601,0.48958514916906104,12454,0.5415474211592898,942,0.5506101274233988,2524,0.7715644191522053,650
5905250.0,1741850.0,0,0.03302279739894938,3709,0.6541798765989186,4639,0.6241871391296665,2027,0.6148844772369361,806,0.41372173459369377,1670,0.5569454405654706,935,0.6846335564560738,3411,0.7315764188154569,2159,0.65032841748391,324,0.6536928266796314,962,0.5424360134227642,6900
5880450.0,1781750.0,0,6.982862183498316e-09,16205,0.6206505052545851,6345,0.53373100528783,7176,0.6396164623619193,125,0.36955188562649666,2903,0.5569359597547807,936,0.637703066712633,5492,0.5958908564226212,6700,0.4586114873049818,2509,0.35633365079109547,8241,0.5860912711380883,5143
5981450.0,1765650.0,0,0.28044664423451865,2141,0.745291771445235,1592,0.6784673349342387,1174,0.5979125256680109,2147,0.3846991712712058,2358,0.5569038356299455,937,0.7848689438793376,1562,0.8178901396048854,1418,0.6287027947898398,406,0.4935677930527602,3973,0.7296037211449222,1202
5947150.0,1762150.0,0,0.0007356337796724316,7641,0.5886424487595759,7928,0.5703616483051028,4485,0.5930706854220473,2863,0.34112673963396994,4037,0.5568765300393023,938,0.5813620561745431,8052,0.6206081810070285,5643,0.4601822054892406,2466,0.5713410799772264,2120,0.6943912196836448,1843
6007550.0,1736850.0,0,5.958136838959817e-09,16279,0.3456899597290909,19927,0.39803171004367194,18724,0.6124607874002377,939,0.45833255625893576,892,0.5568205674313846,939,0.3181689274106272,19844,0.3755808834873504,18695,0.5813146830238368,630,0.6354514025224538,1160,0.5921540739030786,4881
5867150.0,1784150.0,0,0.020540725343594926,4170,0.49995370488135926,12290,0.49731250860588694,10446,0.6301987636764159,323,0.3265550916036317,4707,0.5567603021626479,940,0.503251091485025,11562,0.5478837923313835,9106,0.4877649212452132,1813,0.3611887564353332,8109,0.657017210208693,2682
6061150.0,1761950.0,0,0.001061586426019525,7237,0.58349436926937,8200,0.5721854258465184,4372,0.6176855791714458,696,0.35004337960621146,3647,0.5567574264603259,941,0.5884504405989694,7702,0.6397780631795495,4882,0.38211151418227907,5298,0.33284733168633207,9018,0.6288410296118422,3532
5982050.0,1755650.0,0,1.9427168088403694e-12,19497,0.5236698064714701,11196,0.4495374913209441,14824,0.5664819694772975,9122,0.5375843625771484,175,0.5567533176374502,942,0.4868432620456685,12306,0.4800712744900334,12986,0.2629978676607785,12679,0.7238052665740049,406,0.6551362488186612,2737
6009350.0,1737850.0,0,0.027852902618358003,3883,0.40522355779054003,17005,0.4837317958826498,11748,0.6095145382826794,1096,0.27248143935735997,8006,0.5567456933884481,943,0.387825921291304,16829,0.4557178782748622,14451,0.4422951110672475,2992,0.44184340631939556,5627,0.7020504351329732,1708
5987250.0,1754150.0,1,0.9999999999991849,69,0.8976029818390546,273,0.7397449828926953,128,0.6030830552577651,1581,0.4546678470184052,946,0.5567106235121422,944,0.9662931947044581,446,0.9349090408743921,228,0.6564240338065868,305,0.6634511061127502,873,0.5289077670435126,7411
6005750.0,1731250.0,1,0.9961548493982298,1324,0.7903206787095605,1366,0.658200970971123,1361,0.6062509723254023,1291,0.32798839247125244,4646,0.5566403054444754,945,0.8209718950601606,1333,0.8302948730505042,1305,0.5489977382507801,869,0.5024592637512433,3724,0.7491649649393954,921
5981550.0,1719350.0,0,0.013604000905679264,4620,0.726413417641778,1845,0.6439223358104024,1652,0.5902153585647625,3357,0.3641166274036696,3095,0.5566328217953828,946,0.7562724118586863,1721,0.7836502154040293,1627,0.5046072564953785,1474,0.589749438107474,1785,0.7653708879469118,726
6034550.0,1694950.0,0,0.06548836798355603,3141,0.6529573069002313,4703,0.6123684639466467,2391,0.6081803517935153,1184,0.284227456091506,7171,0.5566251684160539,947,0.6713831898860161,3960,0.7085563898970646,2599,0.5668185389968775,730,0.4241320418234533,6175,0.7165272657819527,1438
5944750.0,1795750.0,0,9.10688046102963e-06,11938,0.5320432976050102,10741,0.5439337736693506,6363,0.596754192928812,2299,0.3232011304131546,4868,0.5566225654472259,948,0.5230162080669736,10706,0.5798608576708879,7503,0.4615031247087158,2434,0.5126369836286049,3435,0.7580574484443946,796
5982750.0,1750850.0,1,0.9999999939753801,605,0.8964085709727693,372,0.7098611812741775,769,0.5841456823658009,4559,0.4561796203862123,927,0.5566144224461977,949,0.9650273358418568,504,0.9126468378580326,784,0.3813758971650528,5349,0.6192225356050323,1362,0.5854152696981308,5162
5943950.0,1769750.0,0,0.01386491825699561,4599,0.5241662446742716,11160,0.5493210477258902,5948,0.5995131693342599,1947,0.29732425752295516,6334,0.5565896073365489,950,0.5352360145932631,10182,0.5901350407404423,6975,0.443146156832981,2972,0.4624890008753628,4921,0.7164986131929809,1439
5971650.0,1770950.0,0,7.464423224924532e-05,10060,0.3272175317790022,20659,0.4105065799479175,17946,0.6193921802888445,647,0.37828892024834976,2577,0.5565631798995828,951,0.32892636088140925,19434,0.40047441374714887,17550,0.6264592830518376,416,0.5400459237106241,2767,0.7357978162231962,1111
5940050.0,1764350.0,0,0.000991200841728233,7319,0.6245450724487677,6147,0.5790705791155811,3928,0.5915049324555259,3128,0.3071791217574117,5752,0.5564656663103634,952,0.6125509505634901,6637,0.6436075641969603,4703,0.34700164987008586,7014,0.5467577327640825,2606,0.7016138265484732,1721
5992350.0,1748650.0,0,8.615779769284992e-15,20904,0.5580022034662286,9540,0.4945942933064128,10713,0.6241416439813589,497,0.4030251786578223,1890,0.5563777467464208,953,0.5401409249454288,9966,0.5036647068507627,11619,0.3984193248721628,4586,0.6161319930381075,1400,0.468995524924645,9308
6002650.0,1717250.0,0,0.0030397080290694165,6116,0.5252989441012851,11107,0.5466039197734309,6152,0.5932772930486304,2825,0.3613561111366506,3211,0.5563558915403946,954,0.554130873641827,9330,0.6087582564182877,6145,0.4895240262043492,1772,0.582267190921001,1906,0.7583203136685002,794
6042350.0,1737350.0,0,1.3432889072034508e-10,17978,0.650305289178136,4848,0.5578694466892246,5323,0.6060349211851153,1309,0.5295193361983965,206,0.5563262940346563,955,0.6329260717181467,5692,0.5691904391262128,7992,0.24525778511200624,14002,0.5879829859139134,1811,0.29320957213796883,14268
5948150.0,1796250.0,0,0.0012179740364152648,7096,0.5454750882190432,10125,0.542615887756793,6457,0.60639791519151,1285,0.2738135093029686,7924,0.5563258205783368,956,0.5548793483963226,9295,0.6067162365580905,6251,0.4700886580983532,2209,0.38934422048059647,7227,0.7030107338977079,1683
6044250.0,1752350.0,0,0.0011070738508162142,7192,0.6516372271654415,4775,0.6063791146278826,2594,0.6476326452498297,59,0.5387381903953206,168,0.5562981991639724,957,0.6638707231038095,4302,0.681817590048087,3325,0.3093831862304226,9311,0.4224754240699857,6222,0.24013148418181407,16411
5985150.0,1757750.0,0,1.9586852883164945e-07,14434,0.5073509599705502,11949,0.48937850229444463,11208,0.5640656086079913,9815,0.5408535804421676,157,0.5562754623030844,958,0.48642582273184587,12317,0.5262012668075327,10281,0.49616497349465005,1643,0.8293876440157321,69,0.8094299134625633,337
5946350.0,1794550.0,1,0.9999996927100462,964,0.8886641253137639,844,0.7163086675930028,627,0.5867252851458675,4018,0.3570362036724496,3357,0.5562368842033537,959,0.9608746015966549,722,0.9170780918544522,647,0.5561630386823648,805,0.6270577119829411,1265,0.8381924487286794,180
6040850.0,1722250.0,0,0.0001017635922252073,9717,0.6016941650749537,7289,0.5686870920580746,4595,0.5954044308890222,2473,0.4304844786870049,1334,0.556207389939193,960,0.587534728030513,7747,0.595981254502346,6695,0.25581307046340473,13201,0.5735469249114838,2078,0.33256670855170256,13095
6062050.0,1766550.0,0,0.00039205073493411326,8266,0.48642313739198884,12970,0.5016272503256107,10063,0.609261931374712,1109,0.291610181485877,6697,0.5562000583904315,961,0.5052683208552043,11484,0.550819416828874,8929,0.36657222450640703,6011,0.29932200514966356,10140,0.6312930445453827,3448
5886050.0,1780350.0,0,2.5829955562025476e-07,14270,0.5505942685716806,9912,0.532002907196718,7355,0.5839495116783939,4600,0.41073192855324875,1741,0.5560774528686069,962,0.5535471469047382,9366,0.6045993752547978,6340,0.490403456335625,1752,0.6854220585609523,672,0.7487775198634371,929
5985250.0,1752850.0,1,0.9999992977996633,1054,0.8980417616646346,230,0.7334351456101207,244,0.5930087120161913,2873,0.5171969339527204,292,0.5560678972812536,963,0.9659636028838159,465,0.9221235033551323,513,0.3652596214408784,6064,0.6217727128331545,1330,0.41685638801213865,10936
5946550.0,1761350.0,0,0.030506808834607893,3786,0.6818319994673679,3271,0.612908297606756,2361,0.5872270518803352,3913,0.38330981576044465,2401,0.5560563385599198,964,0.7043086464238042,2722,0.7332191927544375,2128,0.5515726614191832,851,0.646507194760656,1026,0.7180631080089631,1413
6006850.0,1764250.0,0,8.207824411419682e-05,9959,0.5983537557251596,7449,0.5861169128939974,3514,0.5569257542512177,12381,0.5423758590631735,151,0.5559992637405146,965,0.59177965539128,7565,0.6308194328439637,5219,0.44534071560772326,2906,0.7674670439468705,217,0.7455424870969998,968
5988850.0,1753450.0,0,0.0025617942327326618,6312,0.5306981431459002,10811,0.560928066205384,5112,0.6072247643662735,1243,0.35419066205667477,3481,0.5559990568474613,966,0.5341892440136756,10226,0.5864365267184002,7161,0.5913533778990665,563,0.45188271867249186,5265,0.6804217879306655,2143
5887150.0,1766850.0,0,2.1825940801554396e-05,11236,0.5353102048509911,10617,0.519345722302678,8464,0.5766262240308491,6333,0.36879889317573544,2926,0.555993292421321,967,0.5608669470042853,9022,0.5813402870730237,7423,0.3410920737806833,7345,0.6087729907940378,1500,0.772239746221344,638
5984450.0,1751650.0,0,0.007260891807111231,5226,0.339143760568494,20232,0.4327373821660039,16272,0.6154531049745084,785,0.30710904361048763,5755,0.5559791545879732,968,0.34232773632916214,18883,0.4097985897450984,17082,0.3362188783769964,7621,0.4691583229483265,4736,0.5389017313976358,7037
5996650.0,1747750.0,0,0.01691712332508192,4391,0.5937437034093869,7654,0.5388793559327106,6771,0.6152755050464079,792,0.26216895294507914,8762,0.5559673290311469,969,0.5910459689046393,7599,0.5860618515128903,7177,0.31016417021776577,9265,0.3802722101041348,7511,0.6547532283248461,2748
5986450.0,1753850.0,0,7.001504531235752e-08,14994,0.48637521533456907,12971,0.4634500397591113,13606,0.5995517452620144,1944,0.48718426018584776,557,0.5559487342430666,970,0.45955662194181834,13557,0.4812362756688793,12912,0.2927372227177658,10496,0.6250946725230198,1285,0.4007414471554729,11399
6060150.0,1762950.0,0,0.0033339120661730814,6030,0.4272310908451294,15877,0.5108177353058536,9211,0.6144691486924398,832,0.3507835324200677,3615,0.5559264328062302,971,0.42950372094828415,14934,0.5058961936161518,11476,0.3678376253198561,5946,0.31497742901467274,9610,0.6114724818512659,4113
6006950.0,1734850.0,1,0.9998960164268238,1228,0.7910268270317775,1316,0.6687254760953292,1238,0.617338139029027,712,0.30592558758541755,5834,0.5559193136213404,972,0.8217025296753164,1320,0.8340507813222918,1283,0.5289744883942212,1089,0.44458936091257195,5534,0.71251765993953,1509
5993650.0,1748750.0,1,0.9999999990666666,486,0.9146711119305672,38,0.7243943472795529,435,0.5901906628460889,3361,0.3682199111064085,2943,0.5557867361160613,973,0.9913530812298518,64,0.9553339670147234,72,0.5979885023359492,533,0.6345978667807752,1166,0.8042513244304458,362
5974350.0,1740250.0,0,0.0013426191101321946,7003,0.55643371420135,9619,0.5747387597492298,4192,0.6195466288948557,641,0.34776383780952547,3752,0.5557714248715102,974,0.5646291334860232,8834,0.6052764692293445,6308,0.32059704769577535,8593,0.5557269566543737,2405,0.5204179827191029,7697
5971250.0,1775250.0,0,4.427934991932968e-06,12468,0.6823953978417271,3240,0.6231337823233297,2052,0.5948160702952159,2581,0.38416414885757444,2376,0.5557523221333497,975,0.676853193825383,3733,0.7074881801510009,2624,0.4698726020758687,2213,0.6356485813800015,1156,0.761156414105898,771
5989750.0,1758450.0,0,0.008034983822251585,5129,0.6830825220021755,3210,0.6518603916328741,1464,0.5951633019854925,2517,0.34142785515892216,4024,0.5557354696835779,976,0.7229862356956019,2219,0.7778103054936736,1656,0.43940801975733335,3069,0.442104037425741,5621,0.730550055074378,1187
6006950.0,1734750.0,1,0.9998059645783967,1240,0.7910473269801521,1315,0.6678111780548626,1249,0.6184909243449475,674,0.307434006605326,5739,0.5557087708540163,977,0.8218173800169405,1319,0.8339673780359895,1285,0.5036158610819239,1498,0.4331671589437407,5897,0.706496335149496,1614
5905150.0,1741950.0,1,0.999999997498715,551,0.8877275779922997,891,0.7124656147779063,712,0.6007179701014072,1834,0.48055422038912615,626,0.5557065039714566,978,0.9570009063877416,914,0.9363735316296601,203,0.5013350226392834,1531,0.6864713045629122,659,0.6408542690205454,3164
5983450.0,1761950.0,0,0.020222386370518135,4191,0.6738089134767964,3632,0.6084312325290707,2540,0.5720954548943702,7578,0.4601152870402199,859,0.5556927669657657,979,0.6921391250884763,3140,0.7320081686635285,2151,0.7346723053970836,158,0.6595124695996504,904,0.8187916653772862,277
5944450.0,1796150.0,1,0.9999985434918213,1114,0.8902089972785081,733,0.7250123881512411,418,0.6132603177187256,889,0.2971041068616563,6344,0.5555737282771435,980,0.9619477160424813,659,0.9198198047844461,573,0.6175098914289439,439,0.42506347177258763,6147,0.7421136958593444,1009
5944650.0,1762450.0,0,8.443386336157099e-05,9925,0.6807294569797059,3315,0.5996766697819723,2856,0.588576316943531,3660,0.39899734827643857,1991,0.5555687141192018,981,0.6793670844152999,3637,0.7007321462235367,2794,0.5263586538619796,1115,0.6615857050131866,884,0.6952761225463157,1828
5948550.0,1767850.0,0,0.03383176853998155,3686,0.6771449619637955,3469,0.6425211909562957,1683,0.6010781878554949,1798,0.32401023429663056,4826,0.5555665765320225,982,0.7137266455582134,2441,0.755212430539328,1846,0.6045360728434628,507,0.44720554480225516,5430,0.7165391571640504,1437
5982650.0,1754850.0,0,1.506618803827449e-10,17911,0.6828099044371333,3227,0.5748695860472408,4178,0.5829258958067332,4838,0.503603294814778,402,0.5555612310454465,983,0.6779779389977623,3692,0.631167395354363,5204,0.5171288428299681,1255,0.6986760193713895,562,0.646564475477873,2996
5904450.0,1742450.0,0,0.0021734203341515863,6479,0.36721766225220226,18857,0.46994445026169945,13012,0.5743795906773531,6942,0.3830321323014283,2407,0.5555346137333699,984,0.34654888358131064,18705,0.4319803405643051,15835,0.4752750007381007,2079,0.6757452485155073,759,0.8423962353013364,163
5905450.0,1740150.0,1,0.9999999999992486,66,0.887776017186598,888,0.7094762420239062,777,0.5899499652955263,3415,0.3848729209660331,2353,0.555533281299254,985,0.9632666017402188,604,0.9053686007435375,971,0.6103352976945587,472,0.6681373891569328,825,0.8440130890165023,158
5989850.0,1752550.0,1,0.9999999999813558,228,0.8961509210823461,389,0.7274748907879376,355,0.5994483077937589,1952,0.45031425795245755,998,0.5555332751693843,986,0.9700375047438636,272,0.9071035098995829,925,0.7457499814746232,141,0.6837548057437742,688,0.6703127942997369,2372
5944050.0,1793750.0,1,0.9999999146415777,832,0.8886577854511382,846,0.7169467077733304,614,0.5976837399052232,2178,0.31805467360475675,5154,0.5554758382837652,987,0.9600548406409498,766,0.9140116164461533,744,0.5400596104747699,954,0.5375555251864768,2822,0.808425087148086,342
5971150.0,1774850.0,0,2.7380490519848866e-05,11035,0.3865990818342455,17912,0.4847317298486394,11644,0.5826459219731803,4897,0.451032228603774,992,0.5554439312002618,988,0.39285019955194156,16604,0.47722757746979005,13184,0.4396177133623207,3061,0.6566177196847918,930,0.6942659753144883,1847
5995150.0,1749350.0,0,2.8591097281728073e-11,18570,0.5425763463876481,10269,0.4964236909354519,10531,0.641355002534293,105,0.2849863027281577,7128,0.5553739681471587,989,0.5321872994420543,10300,0.548601308123031,9062,0.5424185908746151,935,0.38809873042693477,7274,0.5440250471486698,6832
6004250.0,1712950.0,0,0.02016628639886007,4196,0.49106822174757864,12744,0.5255511859691376,7934,0.6085781002459267,1158,0.3414178490498506,4025,0.5553526059264888,990,0.4787096515744167,12701,0.5311683974691661,9985,0.4510955320882205,2729,0.5369781853513242,2843,0.7215674784959663,1343
5982550.0,1757550.0,0,0.0020323810360685433,6557,0.6875030764514617,3041,0.6307656080699704,1883,0.55562473011452,12992,0.5191760022779423,284,0.5553315690205943,991,0.6893473933701584,3238,0.723424895073449,2288,0.4576713997477708,2538,0.8328344492647063,63,0.790533386457329,457
5904750.0,1755150.0,0,0.004874535682770071,5654,0.6303141981676554,5826,0.5825564639698375,3706,0.6126031664984178,929,0.3813560829487173,2471,0.5552685996031338,992,0.6328379448448263,5695,0.6718808670076288,3655,0.6186058301769579,436,0.6202195244562929,1349,0.7825961710121946,524
5997750.0,1740650.0,0,0.0006924857255794182,7704,0.5802855283663764,8382,0.5724863393462014,4353,0.5982648496808003,2103,0.4427610302553612,1121,0.5552612078803045,993,0.6030345718093513,7041,0.6317488059644698,5179,0.534309891446772,1023,0.5884599266836443,1804,0.7655135575771947,725
5904550.0,1740650.0,1,0.9999999998816116,320,0.9127953448545633,83,0.7217724403017337,495,0.5717004050328601,7688,0.4165777581200436,1607,0.5552158726203987,994,0.99232224228358,42,0.965819390499583,30,0.43695681786348706,3145,0.6543863489143846,954,0.8751062379154676,96
6041550.0,1736650.0,0,3.5212862398577563e-10,17532,0.438559825415077,15302,0.446078821586673,15152,0.5787955758962657,5792,0.5077411224271906,369,0.555146267791317,995,0.40243664601219997,16154,0.42530138613407775,16243,0.2350827457243745,14758,0.655053675387851,950,0.31510546705787346,13569
5969950.0,1732850.0,0,2.5577217336660276e-07,14276,0.3403433302887647,20171,0.3551400058191757,20666,0.5915830091256221,3115,0.41310290202076894,1689,0.555056583637489,996,0.3004694662893026,20500,0.3092140654340648,20825,0.24973637851741937,13676,0.6162077592377748,1398,0.5018892772432757,8296
6035850.0,1692950.0,0,0.08964143516638651,2850,0.36243560838035277,19096,0.45533596830066203,14312,0.6179704821463805,693,0.34805245311547345,3734,0.5550224456530385,997,0.36618561109335523,17837,0.44005371927278514,15373,0.4598238749450809,2480,0.36080472749813197,8119,0.6611674509213661,2591
6038650.0,1694750.0,0,0.05073282700975826,3333,0.48150543943779983,13207,0.5291165541424148,7604,0.6156366448755083,776,0.28118842548607076,7389,0.5550216501079053,998,0.4915324626214247,12090,0.5533539165490999,8799,0.42433303917147536,3573,0.31982418982257055,9427,0.6499522675165269,2892
5944850.0,1793850.0,0,0.0002201638481183134,8901,0.5734090597483706,8734,0.5893994995409493,3338,0.5850473849391018,4377,0.3301113215622924,4543,0.5549919015361707,999,0.6095939973649647,6763,0.6707167340234544,3701,0.4924621284396967,1702,0.5684218157326343,2170,0.81532202045165,295
6006250.0,1737450.0,0,0.00037250240251672864,8314,0.31490646555947,21047,0.407501002975331,18128,0.5918998258055934,3060,0.4311240415211146,1323,0.5549843946567468,1000,0.2870207094839202,20878,0.35672409395250093,19453,0.5372902875598532,992,0.6980311346343868,568,0.7416674614696308,1016
