Boylam,Enlem,YANGIN_DURUMU,score_probability_mlp,rank_probability_mlp,score_topsis_pi,rank_topsis_pi,score_topsis_shap,rank_topsis_shap,score_topsis_equal,rank_topsis_equal,score_topsis_entropy,rank_topsis_entropy,score_topsis_critic,rank_topsis_critic,score_vikor_pi,rank_vikor_pi,score_vikor_shap,rank_vikor_shap,score_vikor_equal,rank_vikor_equal,score_vikor_entropy,rank_vikor_entropy,score_vikor_critic,rank_vikor_critic
5989950.0,1756150.0,1,0.9999999999990374,74,0.9225351860886706,2,0.7734877540472852,1,0.6488077369812689,54,0.4962874794231729,472,0.6235485580066344,49,1.0,1,0.995777296440813,1,0.9784981246617117,1,0.7317736784885088,355,0.9171325849697094,44
5989850.0,1756750.0,1,0.9999999999960616,137,0.9218159033628606,3,0.76351474750204,2,0.6415500442321369,101,0.49712902173956475,465,0.6007383790068178,201,0.9989740453912922,3,0.989658439119268,2,0.8394854915891818,32,0.6842489982262909,684,0.8104744507751277,331
5989650.0,1757150.0,1,0.9999999999882185,194,0.9229411891539109,1,0.762792180509285,3,0.6414661309010445,103,0.4211654085097415,1506,0.5714613148334391,535,0.9992992992500398,2,0.9876944760428549,3,0.6264865239014258,415,0.4583959391053375,5052,0.7329415740840117,1153
5986250.0,1753750.0,1,0.9999999999635192,272,0.8996283473093143,129,0.7592224587431342,4,0.6624959679078045,10,0.5407149323843643,159,0.6548621985880019,4,0.9710098163767256,235,0.9567542112271953,63,0.8758695978375657,9,0.8633154386244222,35,0.9847918401600918,2
5986150.0,1753750.0,1,0.9999999999759888,247,0.9009463870492225,104,0.7590228068889497,5,0.6611887195969792,11,0.5268531814730174,227,0.6497395292292069,7,0.9758394903993332,109,0.9642814315893062,34,0.875416716967911,10,0.8487136438936707,47,0.986393070080254,1
5989050.0,1756250.0,1,0.9999999999999243,15,0.8918720163421121,626,0.7586919997514757,6,0.6537361904473389,31,0.599073787846806,25,0.6608714796149334,1,0.9700088621418286,274,0.9444329578274435,138,0.8005909935231479,73,0.8803586380798133,25,0.9703973091483503,4
5989850.0,1756850.0,1,0.9999999999914533,175,0.9202243094301403,5,0.7584020620620836,7,0.625249031177965,463,0.44783109679806243,1040,0.5882720389618066,303,0.9978514271128426,6,0.9863782482154285,5,0.826080604353961,47,0.6556370246049026,948,0.8603376402695675,120
5986650.0,1753850.0,1,0.9999999999938243,164,0.9006338750286852,108,0.7564231143561924,8,0.6489584799812564,53,0.4596674588265914,864,0.6023013101262675,192,0.9742131483755382,139,0.9557462772665924,68,0.8235395524321044,50,0.7109402051700603,484,0.7038828744618156,1665
5988950.0,1756250.0,1,0.9999999999999263,14,0.8926371204043374,591,0.7562913676992361,9,0.6561223937031734,21,0.6249490156787638,13,0.6562350272555404,3,0.9700204469056519,273,0.940850978991672,164,0.9632295233379009,4,0.9391424226008136,3,0.9626846717518,8
5989750.0,1757250.0,1,0.9999999972305602,556,0.8926517493020738,590,0.7561544190757458,10,0.6495026790756869,46,0.4616548761923907,834,0.6066132163188803,156,0.9637937654467327,579,0.9649011209842011,31,0.8391300990944178,33,0.6168349412071888,1392,0.836761650358064,187
5986750.0,1753950.0,1,0.9999999999962181,134,0.9014001855687226,99,0.7561105140145397,11,0.6530740273802375,33,0.49768860892385103,460,0.6111714027204906,118,0.974453894256528,134,0.9556162781268681,69,0.8665718676262995,14,0.7297290452609855,367,0.7857611526113896,502
5986550.0,1754050.0,1,0.9999999999931226,169,0.899171233893971,146,0.7555221771807273,12,0.6430617843686897,87,0.48090073185246346,624,0.6047280821815112,177,0.9689641108736303,330,0.9472504332267146,119,0.7818825175484144,97,0.7687263867328897,210,0.7159043103850447,1447
5986050.0,1753750.0,1,0.9999999999903693,182,0.9013611031676263,100,0.7552987257764068,13,0.6599822613002294,14,0.49621306536904436,474,0.6262994747910564,39,0.975213145049396,117,0.9585183508886818,53,0.8574063608431279,24,0.7292353321159464,370,0.9146205517786099,47
5986550.0,1754150.0,1,0.9999999999910094,180,0.8992526928059424,142,0.7542824659196513,14,0.644267484004239,79,0.4886414343118254,547,0.6179905409119785,75,0.9694178321336272,297,0.9487497285877571,110,0.8175247688069522,55,0.781899287031051,170,0.9107048302455922,48
5986250.0,1753850.0,1,0.9999999999665534,268,0.8980718905268322,225,0.7540711421559343,15,0.639082175589255,130,0.47359394549423306,693,0.6076048914521458,149,0.9688980063167311,334,0.9486983660690129,112,0.6344353236958126,379,0.726675287099871,384,0.7280657265436441,1229
5989650.0,1757250.0,1,0.9999999941673599,602,0.8930100852363229,575,0.7539919959392717,16,0.6559985804846836,22,0.4294269144933046,1354,0.5951792377689776,241,0.9641357167409639,551,0.9640871881872559,35,0.6505226787128268,323,0.49088518812531035,4058,0.7591693150232158,789
5986650.0,1753950.0,1,0.9999999999917528,174,0.9006510699680718,107,0.7539349253936469,17,0.6438357949008668,82,0.45197473502248986,981,0.6071502589987382,153,0.9745132574975538,132,0.9562028491050608,64,0.8479733597088146,30,0.6911899769822615,616,0.8800634847929725,83
5986850.0,1753350.0,1,0.9999999990558344,487,0.8987007030485872,182,0.7538296638226952,18,0.6410066646823467,110,0.5194025125856339,280,0.6333460166471513,26,0.9660985683439112,457,0.9362755564526417,206,0.7285767852978144,169,0.7970976479979096,126,0.8334706962671627,203
5988550.0,1756350.0,1,0.9999999999999478,12,0.8925943334987116,592,0.7535369527541135,19,0.6521946938340089,34,0.5518841753125467,119,0.6337269378316552,24,0.9691476409263512,316,0.9343590020374325,235,0.9611343574637266,5,0.8793341719765203,27,0.9389839836860587,28
5986550.0,1754250.0,1,0.999999999978068,240,0.8987864781467013,171,0.7535067407110536,20,0.6428114067986204,91,0.4514842154944442,987,0.6137652713754252,102,0.9693115755926767,305,0.9484597462872323,113,0.7268416981243456,170,0.7320767096941629,354,0.9184332261245998,41
5989550.0,1757250.0,1,0.999999999872971,327,0.9204359621878065,4,0.7533936208874374,21,0.6150263667314866,801,0.39257354206755074,2155,0.5623241850484769,758,0.9981948022164778,5,0.9845005118526791,6,0.6537718392111296,317,0.486396718821674,4191,0.7575149059639088,805
5986650.0,1754250.0,1,0.9999999999892799,191,0.8997332147309476,123,0.7527154625881421,22,0.6506824686852144,36,0.45150756865709624,986,0.6096948124142088,133,0.9694610185418875,296,0.9464812926693524,125,0.8690544858525451,11,0.6703191703318101,799,0.8759126698572047,94
5988650.0,1756350.0,1,0.999999999999948,11,0.8928088662099816,582,0.7524892208659355,23,0.6497476067974175,45,0.5290827074835343,209,0.6272902795727026,37,0.9694088355219495,298,0.9339402022628928,246,0.9764751175788511,2,0.810739671457599,96,0.9380601439168402,30
5989050.0,1756150.0,1,0.9999999999999685,9,0.8920191142456805,616,0.7523191284468973,24,0.6424277950835484,94,0.555013269284893,108,0.6358189070904482,21,0.969183668016757,314,0.9361363888749672,210,0.8605541709377106,20,0.8696107392870654,30,0.9513711375910188,14
5989850.0,1756450.0,1,0.9999999999996352,43,0.8920928085884342,614,0.752206289664048,25,0.6541676360844891,28,0.6073687962367293,18,0.6542912631824466,5,0.9694967039747981,295,0.9385526888064788,182,0.8687911254431295,12,0.9073955251319628,11,0.9501171332772702,17
5988750.0,1756950.0,1,0.9999999999944329,154,0.8928863570044961,580,0.7521443017028367,26,0.6491277271144525,52,0.5639903807967326,79,0.6311611310443944,31,0.9703119651244057,258,0.937577309907473,191,0.8844854577293034,8,0.8485080321770416,48,0.9505750914391338,16
5989850.0,1757950.0,1,0.9999999886823442,651,0.8925789529523639,593,0.7517001975579508,27,0.6491893838983145,51,0.42834731543047083,1380,0.599306765418802,216,0.9639426082254814,567,0.9637324932465219,36,0.684909516461564,233,0.5252147491458872,3099,0.7868226919405403,493
5989550.0,1757550.0,1,0.9999999892002206,644,0.8931653610215476,573,0.7515058831561209,28,0.6537448885684152,30,0.434863431114716,1252,0.5904933587092804,276,0.9642372513189263,545,0.9634984354425162,37,0.5993609476737701,526,0.4637187316138751,4886,0.7397275336392977,1047
5989750.0,1757350.0,1,0.9999999946529081,597,0.891881612748553,625,0.7513628308499164,29,0.6340411632790173,220,0.4105211419895997,1747,0.5771147107546579,438,0.9625872030869158,633,0.959629260613874,49,0.7595040778603274,123,0.5411397347917217,2743,0.7844556489519456,511
5987850.0,1756350.0,1,0.9999999999987363,87,0.8958433983208939,406,0.7509568763937091,30,0.6311689553651991,295,0.46225381691799355,827,0.590155139741831,283,0.9762693221744351,103,0.9420337207450707,153,0.5250512711054232,1138,0.6761769757653775,756,0.6007739303338635,4546
5988050.0,1755850.0,1,0.9999999999994051,56,0.8930065744938471,576,0.7506666456942157,31,0.6445839431565811,76,0.4952767256071023,484,0.6155142180379203,90,0.9649309903060127,509,0.9392373657637777,176,0.9704774873656279,3,0.7303127962146353,363,0.9103292418665236,49
5985850.0,1753650.0,1,0.9999999999871394,200,0.8998838563046727,120,0.7504066527796013,32,0.641270433144594,107,0.4485361152186195,1029,0.6081889382953654,145,0.9740208276777292,147,0.9550506185540081,75,0.783877734912226,93,0.7252501873067483,396,0.9168414854835697,45
5987250.0,1751450.0,1,0.999999999171181,476,0.8991073136321303,148,0.7500712508111383,33,0.6539842847594779,29,0.5804944586659117,44,0.6375303493803725,18,0.9664251357017231,436,0.9365620205506577,202,0.8588295766897762,21,0.8390154955591926,56,0.8262866299601805,238
5988950.0,1757250.0,1,0.9999999996798732,396,0.920002650264294,6,0.7498462852103683,34,0.6260968610338719,438,0.3991061995950089,1989,0.5813467369519589,382,0.9989245148733201,4,0.9876583157775782,4,0.6083365585712988,484,0.4725352227749957,4624,0.7611914978767438,770
5985750.0,1751350.0,1,0.9999999995746587,423,0.8984097166148323,203,0.7489199471576603,35,0.6494256790859771,48,0.5260823694787978,231,0.631507516008465,29,0.9713808827944685,223,0.9482795284561083,114,0.8530905441415841,27,0.8216403504158414,83,0.8388163481056354,177
5988050.0,1755950.0,1,0.9999999999994253,55,0.8926832979839588,588,0.748896417080479,36,0.6361344267947787,176,0.47708948875259816,657,0.608214256929602,144,0.9647470878969207,521,0.9386889551818681,181,0.9138746513517133,7,0.7143991460482753,464,0.9016589672948068,56
5986050.0,1753650.0,1,0.9999999999702955,261,0.9001133743941333,113,0.7488046472148621,37,0.6448075141159482,74,0.4201778522427695,1530,0.6067970765163119,155,0.9742644535562651,138,0.9544939953243062,77,0.8030435349549747,68,0.6458192894728455,1029,0.8715898987390146,102
5987150.0,1752250.0,1,0.9999999978033922,539,0.900389684688218,109,0.748603316420034,38,0.6510492771369174,35,0.5621855187466156,85,0.6270391134628875,38,0.9673731688098286,394,0.9343495870326851,236,0.8584522328397712,22,0.8123632103529086,93,0.8297833038989944,222
5989850.0,1756350.0,1,0.9999999999997238,34,0.8919508778695554,620,0.7484533532545063,39,0.6462171060849936,66,0.5691257924326881,65,0.6406918530610347,14,0.969114742266275,319,0.9349141981000549,227,0.8621278351006644,16,0.8904672983900271,15,0.9468744111424192,20
5986650.0,1751950.0,1,0.9999999995364257,428,0.8999279343325758,118,0.748442047803493,40,0.6410978974582044,109,0.5166090891410908,296,0.6077676391924277,148,0.971022946292073,232,0.9414725540317502,155,0.8172174267930865,56,0.790276078170792,144,0.7231335754291331,1308
5988650.0,1756450.0,1,0.9999999999999487,10,0.8922977754754363,601,0.7484347074393668,41,0.6303478359618394,317,0.5547054570395346,109,0.6184554970415918,72,0.9689836956744606,328,0.9332550829054297,254,0.927977391799244,6,0.887392313855677,20,0.9391685709517358,27
5986950.0,1754150.0,1,0.999999999998368,95,0.8991136600150381,147,0.7483689292397624,42,0.6313014113877016,292,0.4987531787544978,452,0.6084223183106567,141,0.968569359776622,349,0.9443118468848387,139,0.8613198557698167,17,0.8053032943784619,108,0.9207831818403542,39
5985850.0,1753550.0,1,0.9999999999897247,186,0.8999275997528511,119,0.7480708736186382,43,0.633738591527939,226,0.4716133627867926,717,0.6090026397508616,139,0.97414510718036,141,0.9552790876832263,73,0.8327042668309722,38,0.7628978185290424,227,0.9399016107259898,26
5986950.0,1753350.0,1,0.9999999977617751,542,0.9001130899752322,114,0.7479674291127247,44,0.6447077637108029,75,0.4550550996654295,941,0.5867361088828834,317,0.965360793970978,491,0.925680678289882,412,0.8196119093341794,53,0.6049023740365597,1550,0.6752938260589147,2249
5986550.0,1752750.0,1,0.999999999588354,419,0.9000355715851437,116,0.7479455271304868,45,0.6385657592760932,136,0.48159177950958565,615,0.6141294954710231,97,0.9710395037760793,231,0.9409002814260061,162,0.8157341284897683,58,0.7730950831769151,196,0.8210607178740303,266
5986950.0,1754050.0,1,0.9999999999974636,114,0.8998510293351216,122,0.7479158904218643,46,0.6339622577690034,222,0.5381741861226488,170,0.6000023213444753,208,0.9685430999987562,351,0.9423265548270194,152,0.8516528161641825,28,0.7976169187330758,125,0.7976990276334353,410
5987650.0,1755750.0,1,0.9999999999963634,132,0.8922729888329417,603,0.7478923977229581,47,0.649476329534374,47,0.5111978992340798,340,0.6320390028503047,28,0.964785578943849,519,0.9403399249767004,169,0.8613119504135163,18,0.7880258499671866,153,0.9511554675623863,15
5989450.0,1756550.0,1,0.9999999999995526,47,0.8914523831261113,651,0.7477971734298273,48,0.6434405853167244,84,0.5575346321046684,100,0.6397407196327837,15,0.9689602059659643,332,0.9354273493445914,222,0.8309640445544111,42,0.8604732330096113,38,0.9497433828839075,18
5986750.0,1753850.0,1,0.9999999999932785,168,0.9002170115844494,112,0.747789099318895,49,0.6409960890355436,111,0.45512136641604173,940,0.5819100253361834,375,0.9688488564022807,338,0.9408368531517891,165,0.848822642255237,29,0.6043335724165443,1560,0.6946874959128675,1839
5985750.0,1753550.0,1,0.9999999999844607,214,0.8987124556661419,178,0.7475174367464619,50,0.637196353302297,157,0.48641027662879005,565,0.6194190749327224,66,0.9692893607846739,307,0.9475846123144268,117,0.8289548244215693,43,0.8052379238320824,109,0.9681160016914537,6
5989650.0,1757350.0,1,0.9999999703859055,728,0.8918635496013554,627,0.7474884440717727,51,0.6232213310484997,525,0.43789845179749254,1210,0.5685049619809635,604,0.9622506018055971,648,0.9574433937710249,59,0.8015893446496049,70,0.5741713434291587,2068,0.7768166852799563,593
5987950.0,1756450.0,1,0.9999999999982951,96,0.895807822573654,408,0.7472930497319529,52,0.6263693745299242,433,0.4590321220389902,877,0.6125961074413159,111,0.9774122025583027,99,0.9457315208102691,132,0.5654431113812816,738,0.7358592309409937,332,0.9545711178069345,10
5987150.0,1752150.0,1,0.9999999997897595,360,0.9010241794309121,103,0.7470254953120616,53,0.64934475481657,50,0.4602517927976537,857,0.6181242653499439,74,0.9723550273665724,198,0.9426108920261874,150,0.8644583679222124,15,0.67414857729551,766,0.842285542521305,164
5985950.0,1750650.0,1,0.999999998194959,529,0.8985742632088125,190,0.7470134142774958,54,0.6427282528814104,93,0.5573726040265836,101,0.6222160424148653,54,0.9661548341210083,455,0.9355310106058341,221,0.8370582713542809,34,0.8136803063501024,90,0.8173696413760174,281
5985750.0,1751450.0,1,0.9999999987335102,509,0.8972340729821651,300,0.7467483319217688,55,0.6340642303257336,218,0.5274749462192219,218,0.6140570933479652,98,0.9702622921602957,262,0.9465043527205877,124,0.6809551077690943,239,0.7559158589852508,245,0.8105290387690745,330
5987650.0,1755850.0,1,0.9999999999937139,165,0.8906005333715734,710,0.7463479273797445,56,0.6334819318931935,233,0.49258548868766283,510,0.6232554655763392,50,0.9636532912503752,591,0.9394710697054621,172,0.6433860067919863,348,0.7707467393349776,205,0.9567516436038872,9
5985650.0,1751350.0,1,0.9999998505948658,885,0.8980651240376165,226,0.7462591831489882,57,0.6429236916599446,89,0.5043574380573634,393,0.6238171404935878,47,0.9687195287051927,342,0.9374056064139658,195,0.4334636613713534,3268,0.7938753029577138,133,0.6208830280460484,3780
5986950.0,1754650.0,1,0.9999999999975013,113,0.8917068673854074,639,0.7461271636107801,58,0.6436585451271464,83,0.4761309067891151,666,0.6156652959737164,88,0.963785033955405,582,0.9360080640915196,212,0.8264511654538051,46,0.7687051223071515,211,0.9389549742747425,29
5989950.0,1757550.0,1,0.9999999974051523,553,0.891031093315898,676,0.745863246191705,59,0.6198750666193866,631,0.3743025574952895,2730,0.5476952471489879,1353,0.9605423508150408,733,0.9512389459553096,95,0.7392023269484916,149,0.5024570147577536,3725,0.5880391254413906,5060
5985150.0,1753450.0,1,0.9999999994291877,442,0.897949389032148,235,0.7457649319980927,60,0.628524802584993,364,0.5615020612906395,87,0.6313191031568439,30,0.9664624842233847,433,0.939978297631089,170,0.7567781959722255,128,0.829455542334562,68,0.8740930412959964,98
5985150.0,1752750.0,1,0.9999993078926465,1051,0.8993039087024308,141,0.745716699614368,61,0.6363363019494747,172,0.5691405480443917,64,0.614601793017675,95,0.9680864688460856,372,0.9331558421073494,257,0.4110433603617266,4087,0.7957896632302525,129,0.5913358766559442,4918
5986350.0,1753750.0,1,0.9999999999814957,227,0.8992224713746619,144,0.7456455850541136,62,0.624680144812013,481,0.4033208843758042,1884,0.5875469467158871,309,0.973895383591677,153,0.9532140986485941,80,0.6742297031863389,257,0.6291175348082109,1238,0.8578931857915518,123
5986650.0,1750450.0,1,0.999999992905166,616,0.8966732416400172,342,0.7454046472960576,63,0.6345782103179782,201,0.5165669630838614,297,0.6339744831346058,22,0.9657292390428751,477,0.9377810073700287,188,0.5637518004717345,748,0.7474658671810926,285,0.8521145843577885,136
5986450.0,1752150.0,1,0.9999999998135818,353,0.9000301867122176,117,0.7452280475562949,64,0.6356514295297095,187,0.5039148252899928,400,0.6059804750505685,166,0.9707402453769363,243,0.9393231738631584,173,0.8158356407458192,57,0.8039034207427694,112,0.8075940813488491,344
5989550.0,1757150.0,1,0.9999999999984672,91,0.892308350988742,600,0.7451833286531973,65,0.6371951770167862,158,0.4052094338079401,1857,0.5691870338354141,583,0.9683143560759209,359,0.9257988358471867,407,0.7338086542154987,161,0.5125926573700341,3436,0.7201673838144096,1375
5988050.0,1754950.0,1,0.9999999999995917,45,0.8919428756636709,622,0.744917063842695,66,0.6324247379794135,263,0.5583042130997952,98,0.61181520986807,114,0.9633310957170341,602,0.9350663873784917,224,0.833086583419318,37,0.8582121371247785,40,0.810722475389447,327
5985350.0,1753550.0,1,0.9999999999873155,199,0.8983745267038696,205,0.7447702714843762,67,0.6221462315785925,555,0.4615277133878776,840,0.6083176735006872,143,0.9734323827615253,162,0.9549072458407966,76,0.6371144428112183,371,0.7521789905900765,262,0.9668944096283932,7
5986550.0,1751950.0,1,0.9999999995783055,422,0.8996924265462469,125,0.7446895558933575,68,0.6350628799467463,193,0.45412668693774755,959,0.5895079362155962,291,0.9705362813509492,250,0.9374427944482404,192,0.7959067839234861,78,0.7256167957154331,395,0.6896486253785868,1932
5905150.0,1740350.0,1,0.999999999976062,246,0.9173848606682746,14,0.7446401539234623,69,0.6302392353196239,320,0.46458132857918755,795,0.6093998830851478,135,0.9960719290226786,9,0.9815531655088577,7,0.7680313094838529,108,0.7365996929754728,325,0.8946934393640261,62
5985650.0,1753550.0,1,0.9999999999858067,209,0.9003721918395652,110,0.7446036543590725,70,0.634286300653268,209,0.45466678228776525,947,0.5997830901289973,212,0.9741558522301447,140,0.9525849141930849,81,0.844662749675667,31,0.6873161644742345,653,0.8921174594919148,65
5985650.0,1751450.0,1,0.9999987841441204,1097,0.8971379386268195,309,0.7443651535813876,71,0.637509575456908,151,0.471316294216997,722,0.5954496748253075,238,0.9670575903590118,406,0.9313261459228396,298,0.40314145290540737,4389,0.7008052119314371,544,0.5735087360431446,5681
5986750.0,1752150.0,1,0.9999999989373463,493,0.8989814429116245,156,0.7442595766539326,72,0.6265551586416275,422,0.454490784729473,951,0.5880265365952602,306,0.9699132431132458,281,0.9367379873374589,199,0.680903830736156,240,0.7217687274833311,417,0.7236476186066556,1300
5986850.0,1750850.0,1,0.9999999991296358,482,0.8987753900180927,173,0.7440379270109249,73,0.6313428865325308,290,0.5407988751055232,158,0.6300304629756932,33,0.9712858952199847,225,0.9458847038415573,130,0.7312515711459818,168,0.8102528187024339,99,0.8544663385281859,132
5988250.0,1752050.0,1,0.9999999999378513,295,0.8977559380294233,258,0.7438345979696419,74,0.6167377404002111,732,0.634575051559164,6,0.6209587225233203,60,0.975129719075849,119,0.9329085544614482,262,0.784216243575551,92,0.9230936538176123,6,0.8345042811270345,199
5987750.0,1752550.0,1,0.9999999975187439,549,0.8927349864270728,586,0.7436897162843403,75,0.6357481491213931,182,0.6680921630261939,1,0.6372717053376084,19,0.9620581285694179,654,0.927922499142862,358,0.7856856958192655,89,0.9687617185691988,2,0.839955594871222,171
5988150.0,1752050.0,1,0.9999999999433051,291,0.8976133236132201,269,0.7436028544011969,76,0.6208583541487559,590,0.633140708365553,8,0.6292916730302015,36,0.9753341131134207,115,0.9342475527625643,238,0.7481306106370982,137,0.9296852690446162,4,0.8493546023206695,141
5985250.0,1751250.0,1,0.9999998648448173,873,0.8976866973257784,263,0.7435542017204798,77,0.6497724039973162,44,0.5387784591874404,166,0.6337774115857584,23,0.968428053385032,355,0.9374314703840655,194,0.4383982666475722,3101,0.7915604884043583,140,0.6276395346744933,3568
5986650.0,1754450.0,1,0.9999999999835716,220,0.8970101950271147,319,0.743532073742297,78,0.6129296098426452,907,0.45962155870586735,866,0.6061445083670226,162,0.9684129502219495,357,0.9463144905864639,126,0.5526533939216417,841,0.7316769652716346,357,0.9531094095195013,13
5989650.0,1757550.0,1,0.9999999576003489,761,0.892143599202247,611,0.7432214724681347,79,0.634257952875318,213,0.38670557148952067,2303,0.5675433998865214,626,0.962899271623709,618,0.9573068155926404,60,0.5196858789037517,1217,0.401488305109992,6852,0.7030626882155304,1680
5986250.0,1750950.0,1,0.9999999987428176,508,0.8989805610800168,157,0.7429228750300395,80,0.6264767674965268,424,0.47752859029528016,651,0.6000555749494764,207,0.9710445790274229,230,0.9411132971704853,160,0.7088120494250107,195,0.7481686989277835,278,0.8155207568787824,294
5989950.0,1756850.0,1,0.9999999999779869,241,0.9191151009203689,7,0.7429005582698975,81,0.5895531019410138,3484,0.42413081470253844,1450,0.5484512513355686,1307,0.9963989788259211,8,0.9771042425459825,9,0.7037778436767455,200,0.5994139910209335,1636,0.8161410006469304,289
5988250.0,1752150.0,1,0.999999999988191,195,0.8964427235471784,368,0.7428663670222855,82,0.6108808889907051,1020,0.5734622876998089,56,0.6122348684802857,112,0.9741051677120863,143,0.9309123592485093,305,0.7164708133442397,180,0.8139467271651087,89,0.8262134456701243,239
5986250.0,1751050.0,1,0.999999997092369,562,0.898818066070617,169,0.7428609973819198,83,0.6278024801274756,387,0.467955852299631,755,0.5799690085928464,400,0.9699998419126034,276,0.9366826878830938,200,0.6792369921636262,242,0.6968204737025165,576,0.5703915597627829,5788
5988150.0,1752150.0,1,0.9999999998748035,324,0.8978795594700305,242,0.7428475147989065,84,0.625055664158602,472,0.5040561620574129,397,0.5955214095906277,237,0.9744050604507187,135,0.9247870265718143,437,0.804559280366188,67,0.7529496560135669,258,0.8045019310188507,360
5988350.0,1752150.0,1,0.9999999997060829,391,0.8917022774318085,641,0.7427870095147797,85,0.6288366972742608,354,0.5671528394255715,72,0.6083699012627422,142,0.9602508738583232,754,0.9207757891298635,541,0.7868879521507448,88,0.8286328017276161,72,0.7355861823942575,1116
5987050.0,1754650.0,1,0.999999999997391,115,0.8914954201664276,649,0.742786268951831,86,0.6374406838286844,152,0.45332525422864073,965,0.6079930498022319,147,0.9635280195541072,595,0.9339546878241013,245,0.8028292300407036,69,0.7310133803977898,361,0.9178699741944123,42
5985950.0,1753750.0,1,0.9999999999950417,148,0.8979770014333716,234,0.7427597116584228,87,0.6186077208220091,671,0.4583735371523355,890,0.5863462623730916,324,0.9678460628098419,380,0.9410638755639175,161,0.7140840730997744,188,0.7523749131796106,261,0.8235679871595205,257
5988050.0,1752150.0,1,0.9999999987903156,501,0.8927754119251036,584,0.7425447145848529,88,0.6431366950093632,85,0.5125479456594868,329,0.6027132339044535,189,0.9610433918695663,711,0.9187190447331052,609,0.8344839153382662,35,0.729254547240857,369,0.7552050425428796,831
5994650.0,1749650.0,1,0.9999999998557116,334,0.9183453546499745,9,0.7425046577801387,89,0.6204434667760083,610,0.48412176088235304,587,0.5800193297279533,399,0.992650200554246,39,0.9627579471957981,39,0.7319937791520654,166,0.6891225210240141,635,0.7338772910493097,1140
5986650.0,1751050.0,1,0.9999999982194152,528,0.8987070868892424,179,0.742364860856608,90,0.6281548791252053,377,0.4656161162785219,783,0.6104388250683144,122,0.9715656217454857,222,0.9430163167817514,148,0.6846013706765899,234,0.7544920781770199,251,0.8378788066250203,181
5989550.0,1756550.0,1,0.9999999999997959,30,0.8908599666954516,688,0.7423453003934473,91,0.6223524327598993,547,0.5599819857418685,94,0.6236851788664288,48,0.968212806135375,367,0.9328440348168437,264,0.7563919863432877,129,0.8379262227140754,57,0.9420386452832402,24
5985350.0,1752850.0,1,0.9999989821987779,1084,0.8988700166431024,164,0.7423348832411222,92,0.6205101057077407,604,0.5340250672951776,189,0.5789166542562773,413,0.9668195698457234,419,0.9268377928326432,381,0.38182932036924266,5316,0.6213384579297972,1336,0.4107244742277333,11124
5985050.0,1753450.0,1,0.9999999997763787,367,0.8985580302532906,191,0.7422731527821793,93,0.618469287277261,676,0.5346901965046792,184,0.6163070699160371,81,0.9708437789280733,238,0.9453036365010382,133,0.7043959663376071,199,0.7987134661088986,123,0.866651748363019,110
5986650.0,1754050.0,1,0.9999999999832556,222,0.8988867891525576,161,0.742206561180942,94,0.6265683427834186,421,0.3707806589189838,2862,0.559730933256007,838,0.9677493090308786,382,0.936608822462358,201,0.7437266956978497,143,0.502562307151667,3722,0.6666827533953468,2454
5986350.0,1752150.0,1,0.999999999398745,449,0.8994524297678814,133,0.7421212183713748,95,0.6377831078264059,147,0.42735835670108857,1397,0.5915338252484212,262,0.9699657614318519,280,0.9347906875462137,230,0.7834069076279925,95,0.6813539108059817,708,0.7913773573466236,451
5984750.0,1752050.0,1,0.999999903346984,840,0.8993233742579998,139,0.7420387023178603,96,0.6453359159791581,68,0.4856112933971713,571,0.616145970188249,82,0.9677313148460291,383,0.9283623537342385,352,0.41766385143370643,3825,0.7811110500454393,171,0.604740806809076,4383
5986350.0,1750650.0,1,0.9999999909551524,628,0.8970946290378856,313,0.7419989573034033,97,0.6315049554570928,286,0.5560840937181786,104,0.6329906526577707,27,0.966435499864588,434,0.9392616125225269,175,0.6769792501639664,254,0.8022790696534879,116,0.8589813596837357,122
5986550.0,1751850.0,1,0.9999999993449418,457,0.8998753501289629,121,0.741943291309681,98,0.6304451907975199,314,0.4995849083299987,446,0.5899715627080524,286,0.9706388055332845,245,0.9370861477797066,197,0.7897274340212941,83,0.7821207669909441,169,0.7255993921067942,1273
5988750.0,1757050.0,1,0.9999999999757219,248,0.8909375469634566,682,0.7418094170874402,99,0.635239055763764,190,0.46059177872584384,853,0.6063947470824653,158,0.9684159115358976,356,0.9303782354830035,312,0.7643458908063746,114,0.7004417904639126,547,0.8948891750438621,61
5986150.0,1751050.0,1,0.9999999953720944,590,0.8978704403100228,243,0.7416656236508081,100,0.6251373860109588,468,0.4375439450735153,1216,0.6088177963407911,140,0.9712776396938605,226,0.9431884202834964,147,0.5524515816817965,845,0.7082441815619441,496,0.845552955241506,152
5986850.0,1750650.0,1,0.9999999947870555,595,0.8968707583676008,328,0.7416489379197363,101,0.6213653659402947,576,0.5277859146657434,216,0.5890904499691951,293,0.9638331943625728,575,0.9286272380216709,345,0.5988736100248282,527,0.7079030875639165,499,0.5513774623476114,6544
5987650.0,1753050.0,1,0.9999999994871431,434,0.8900815994660836,742,0.7415526801088481,102,0.6210962609485258,582,0.4602035854817583,858,0.5826038285565984,363,0.9590690689882225,814,0.9169532528181734,653,0.5258019385566164,1125,0.6652235641297044,854,0.5660161351056682,5964
5985650.0,1753650.0,1,0.9999999999927045,170,0.8981451814953708,220,0.7414368471803048,103,0.6194137760374054,645,0.44081931476821173,1156,0.5863864133088896,323,0.9680203560745995,377,0.9407278995276357,166,0.7544140295732822,131,0.72003216512374,426,0.8866649303667924,72
5988250.0,1755650.0,1,0.9999999999999716,7,0.8968931662253737,325,0.7414291896670996,104,0.6166963378148529,737,0.4885224623859181,549,0.588268226507681,304,0.9760192059822843,107,0.9362469905182409,208,0.8143195128986057,59,0.7916526451319549,139,0.8525228975183617,134
5988950.0,1756150.0,1,0.9999999999998921,21,0.8909543135208213,681,0.7413935534967656,105,0.6303459115390554,318,0.5152737322736936,309,0.621884697836807,57,0.9679360398360722,379,0.929586575776327,330,0.7889928424592876,85,0.829843275898372,66,0.9430780709466112,23
5986850.0,1751150.0,1,0.9999999987788621,503,0.8976079311807142,271,0.7412816444796849,106,0.6251306895330705,469,0.5154327333276376,306,0.6207487254709013,62,0.9666135758027365,424,0.9358948268131775,214,0.7146459867303625,185,0.7957947181788175,128,0.8514129341425541,137
5988850.0,1756950.0,1,0.9999999999961269,136,0.8922488656001598,604,0.7412165920213024,107,0.6380520227350579,142,0.5358110490095753,182,0.6153544030084873,91,0.9692913758424906,306,0.9310038227892165,303,0.8558087743416471,25,0.7661842845479594,220,0.9257895809318697,35
5994150.0,1749750.0,1,0.9999999999966134,128,0.8911854453539445,667,0.7411325051195343,108,0.6670218240563669,5,0.4269250757605463,1404,0.6090365316024092,138,0.964203730815425,546,0.9091689972872129,878,0.8047820398401172,66,0.7022693914852944,538,0.7992721432219279,392
5987250.0,1752950.0,1,0.9999999984613068,519,0.8904295335263437,719,0.7410493693252687,109,0.6123979826439054,940,0.5161385403521351,302,0.5738868153661569,493,0.9587257334358633,844,0.9171073753111256,646,0.5042632457187489,1482,0.620900501473417,1343,0.41637508019511105,10950
5993550.0,1748750.0,1,0.999999999655965,404,0.9153803049637765,30,0.7409745288517731,110,0.6233418334464984,520,0.514264548988195,320,0.6129987977903878,106,0.993114927725101,32,0.971633529754292,12,0.6100834124336857,475,0.7140286546673862,467,0.8391130101333677,176
5988350.0,1755250.0,1,0.9999999999999709,8,0.895652145289961,420,0.7409388597160681,111,0.6060648198201545,1307,0.44505242212091045,1078,0.568695125527778,598,0.9753347467752354,114,0.9348162941811274,229,0.5847915773310498,605,0.6922539819518454,608,0.6576507196311712,2673
5987350.0,1752950.0,1,0.9999999969622937,565,0.8898238123976233,762,0.7408647405751324,112,0.6117562764185919,973,0.4966799877166658,469,0.5720274766605663,528,0.9584180537149147,857,0.9165190314675777,670,0.5043985969883236,1478,0.6192972089065911,1360,0.4242218695528671,10700
5985050.0,1753350.0,1,0.999999999706483,390,0.8967102246702174,340,0.7408017756541015,113,0.6151226766691904,794,0.5158388688099023,305,0.5941671816770453,248,0.9644829195503641,536,0.9318940011130048,285,0.5700757152949171,707,0.7141048697069677,466,0.7008466870872556,1737
5988250.0,1754450.0,1,0.9999999999982265,98,0.892546397776822,595,0.7407488093319018,114,0.6392201394548482,128,0.5340817131531769,188,0.6243096073869863,44,0.964756861763797,520,0.936217184816087,209,0.8581837437136688,23,0.7903379555191257,142,0.9531566557777685,12
5985550.0,1753550.0,1,0.9999999999962992,133,0.8990961276295696,149,0.7407196561958629,115,0.6119166379385739,963,0.45580410669348326,930,0.5791152058287072,410,0.9727090876714474,185,0.9487425934316074,111,0.7444552399452127,142,0.7577172573973561,242,0.8099246336653008,336
5994550.0,1749950.0,1,0.9999999999884619,193,0.8904696239118229,715,0.7407016887434235,116,0.6688543872717518,3,0.5060333385334524,379,0.6464812717310309,8,0.9646424577755482,527,0.9155877754568105,697,0.7836980708332193,94,0.7735933344372196,193,0.8450035481448098,156
5987350.0,1753050.0,1,0.9999999975341198,547,0.8901481323729562,740,0.7405266162720068,117,0.6103938497345958,1041,0.49754878774634126,462,0.5638740366816382,717,0.9582371805887324,863,0.9148688729756891,723,0.39491672300379566,4734,0.5671666881794352,2193,0.3484419416829022,12700
5988650.0,1754050.0,1,0.9999999999480447,284,0.8909825248752811,680,0.7405225417672975,118,0.62690251479305,413,0.5963725636745064,29,0.6396799153426224,16,0.96030641160807,750,0.9250562169325547,431,0.8259813301090423,48,0.8761722064513269,28,0.8455268217670331,153
5988250.0,1751750.0,1,0.9999999999072411,311,0.8977337405862903,260,0.7404376886371128,119,0.6298010558581557,332,0.5429191394940832,149,0.6155678412643338,89,0.9750102157054849,122,0.9275947478977418,364,0.8081748003404433,65,0.846869590269772,49,0.8395308367801015,173
5988950.0,1753650.0,1,0.9999999998471818,339,0.8920020521083166,617,0.7403926969864649,120,0.6398033542592279,123,0.6287653558142203,11,0.6069993290829946,154,0.959139698139174,813,0.9166179740941516,665,0.6523226466998302,322,0.7146652181319931,463,0.5090902875911689,8074
5985850.0,1750750.0,1,0.9999999881492855,653,0.8968298707513953,331,0.7402875458617258,121,0.6298797039095024,330,0.5080736603822248,368,0.5962280009773206,230,0.9689937189734938,327,0.9394876459182918,171,0.6915117502733201,223,0.7359900056480329,331,0.704074045538267,1660
5987050.0,1754550.0,1,0.9999999999975389,111,0.8920947157385191,613,0.7402790742872198,122,0.6371687577862396,159,0.4616027082819926,836,0.6041535533273611,180,0.9638475571618145,570,0.9327491659856028,265,0.868161316980905,13,0.6926951395276718,604,0.8918387404713067,66
5988450.0,1752150.0,1,0.999999999242315,472,0.8923099701839654,599,0.7400306077111948,123,0.6271055751300046,404,0.5701018310847796,62,0.6030515851830325,187,0.9604774896011856,737,0.9185063025851005,614,0.8255751526272792,49,0.8670208170328204,31,0.7766685684357459,596
5987750.0,1752850.0,1,0.9999999998367268,347,0.8898289584855493,761,0.7400151109661508,124,0.6134980547348173,880,0.5090175144741116,360,0.6116065155158931,115,0.9599173922992223,771,0.9227997023011598,495,0.5410468755670781,948,0.7321177432934785,353,0.824384361607478,249
5985050.0,1752750.0,1,0.9999998681397871,870,0.8990303292227517,154,0.7399317583038507,125,0.6238836936484385,504,0.45686447625482873,916,0.5833797534182101,356,0.967270109770134,396,0.9250327304792606,432,0.392093918107972,4838,0.726834261905825,383,0.5706098442712233,5777
5985250.0,1753450.0,1,0.9999999999969236,124,0.8987830280860741,172,0.7398010803620302,126,0.6091931810174732,1115,0.5654056443912765,76,0.6109012881849618,121,0.9734929320382824,159,0.9561161016783847,65,0.7492525361729524,135,0.8467462550470177,50,0.9415514968401966,25
5988050.0,1754250.0,1,0.9999999999995841,46,0.8918195105158462,630,0.7397970568432217,127,0.6273490104274032,397,0.5944696670118166,32,0.6334790017953836,25,0.9645003790887235,534,0.9389595391721098,178,0.860934541077986,19,0.9182513765383922,8,0.9777873078016167,3
5987250.0,1754150.0,1,0.9999999999991849,69,0.8976029818390546,273,0.7397449828926953,128,0.6030830552577651,1581,0.4546678470184052,946,0.5567106235121422,944,0.9662931947044581,446,0.9349090408743921,228,0.6564240338065868,305,0.6634511061127502,873,0.5289077670435126,7411
5986350.0,1753850.0,1,0.9999999999955853,141,0.8976816211590737,264,0.7396406163657481,129,0.5910206459828539,3218,0.4563076437794766,926,0.577524639991077,432,0.9729141266008748,178,0.952178989862261,85,0.5258067824164883,1124,0.7087119421681762,495,0.92505796408799,37
5985150.0,1753650.0,1,0.9999999995622673,426,0.8974661869300883,284,0.739588246598699,130,0.6115148067100624,989,0.5095387104277218,355,0.5980325673181458,220,0.9654948609207514,485,0.9327286317413233,266,0.6947175726983539,216,0.7712063757959278,204,0.8426345024151234,161
5988950.0,1753150.0,1,0.9999999999126175,305,0.8911907760498925,666,0.7395739536082264,131,0.6235245605008573,514,0.5362785440056776,181,0.605894001527766,169,0.9590303647922891,819,0.9162564952255248,681,0.794342656463927,79,0.812786435046359,92,0.7760618497873892,602
5987950.0,1755050.0,1,0.9999999999999756,6,0.8963305797720194,380,0.7394293235838593,132,0.6041694732679256,1468,0.4751702051011589,677,0.5851450931032998,337,0.9761690924183928,105,0.9369900514780779,198,0.7378186120439452,151,0.7806871374860275,173,0.9268272784342403,34
5985250.0,1751350.0,1,0.9999994710230402,1023,0.8967660762823918,335,0.7394250778475038,133,0.627948527773446,383,0.5342252433477205,187,0.6032880049529945,185,0.967026066520755,410,0.9329796897542892,259,0.4098606634370954,4130,0.7531309295193943,257,0.5901933967041422,4975
5986650.0,1753750.0,1,0.9999999999637745,271,0.8992058327373271,145,0.7393311028023717,134,0.6267991540502187,418,0.3666380966521689,3004,0.5638447603368977,719,0.9685434031313533,350,0.9379707462082996,187,0.6437816437778713,346,0.45489779958297516,5167,0.7411821527349512,1029
5986850.0,1751050.0,1,0.9999999985757602,513,0.8973513442450373,293,0.7392159814752635,135,0.6208464107868337,591,0.5606084985630212,92,0.6239579684237854,46,0.9664886211969038,430,0.9373440741624426,196,0.7218442243522571,175,0.8188086906616345,84,0.8549292167439945,130
5987850.0,1756450.0,1,0.9999999999998834,22,0.8957743473723722,410,0.7391393751510994,136,0.6034741419514352,1537,0.40913050939058315,1777,0.546486633332143,1444,0.9750359093556221,120,0.9321395586788357,281,0.5684589920686729,716,0.637602132393243,1124,0.5208923428251087,7675
5985550.0,1750650.0,1,0.9999986106045424,1108,0.8967583837892255,337,0.7390991385744806,137,0.627103734313474,405,0.4998193179762492,443,0.5909456133754013,271,0.9664068864465696,438,0.9292233448667334,336,0.39801963074522406,4610,0.7199652423733548,427,0.5726733062539389,5705
5985050.0,1752050.0,1,0.9999999425862818,798,0.8993341673710981,137,0.7390764017928084,138,0.635451074172468,189,0.5108954746904146,342,0.6178476141823067,76,0.9685269832792789,352,0.9307468200686773,308,0.4283315818832544,3440,0.8114851852761118,94,0.6254385842420848,3620
5986750.0,1750250.0,1,0.9999999979066823,537,0.8975780806770056,274,0.7389584132594819,139,0.6279959002277586,381,0.4788030362217324,641,0.6099793368585971,128,0.96502830294591,503,0.928929983520566,341,0.7320415039865231,165,0.7780749566018331,178,0.8323413727220057,208
5987450.0,1753750.0,1,0.9999999993752633,451,0.8984364618777807,201,0.7389074985655428,140,0.6100008776488689,1066,0.5762515064944254,53,0.6033200010180979,184,0.964125384612473,553,0.9260531836463664,400,0.7419616274836924,146,0.8559582018897383,42,0.8061290944805871,351
5988350.0,1751750.0,1,0.99999999987913,322,0.8977683186588461,256,0.7389025901177325,141,0.6262606917651611,435,0.5458449412409874,140,0.6079938337603482,146,0.9746423453231781,130,0.9253774311837271,420,0.7519500706933882,133,0.8319072852400223,65,0.8281527923490936,226
5987950.0,1754950.0,1,0.9999999999996707,41,0.8904722219108699,714,0.7389000969800517,142,0.611715400666595,976,0.49046285343265683,531,0.5966075293442386,229,0.9624899711676802,637,0.9323122555067302,279,0.6922721275389365,221,0.7698423792955185,209,0.9207830555466431,40
5987450.0,1752750.0,1,0.9999999999472948,285,0.8912731578071836,663,0.7387726032106909,143,0.6117764318078971,972,0.5531723971860617,113,0.6120371235651331,113,0.9609763675848815,716,0.9239106972717307,468,0.7980357207122658,75,0.8434270189241245,53,0.8384645684621628,179
5984750.0,1753750.0,1,0.9999999997967304,358,0.8972818358873217,298,0.738744360935046,144,0.6160190514336817,762,0.4819706141374257,612,0.5862138801279398,325,0.9646796963328309,526,0.9290049361215231,339,0.6698079858408119,270,0.7328525025021406,349,0.7392217808143198,1053
5986550.0,1753250.0,1,0.999999999037251,488,0.8997119015966221,124,0.7386502575789421,145,0.6206288662664783,600,0.3765237074284636,2649,0.5794246108308907,406,0.9705465398863063,248,0.9349237112103695,226,0.6870568782442029,229,0.5078673741929507,3579,0.7573911869252076,807
5988350.0,1751650.0,1,0.9999999999810092,230,0.8968220717651224,332,0.7386146801801503,146,0.6216684738787416,569,0.48684539414886313,560,0.5997863474192052,211,0.9737846741991326,154,0.9238024944449698,469,0.8311946342333336,40,0.801857712623678,119,0.8195635436393616,272
5988350.0,1753050.0,1,0.9999999997162914,388,0.8916635323326163,643,0.7385705748129068,147,0.6208185191343503,594,0.5264208746398692,230,0.598578889558246,219,0.9598325257001101,776,0.9167322164049618,661,0.7972211758393237,76,0.8279768670104063,73,0.7980511215276095,404
5985450.0,1751950.0,1,0.9999999287150041,815,0.8985280564020992,195,0.7385258967784858,148,0.6311349177783909,296,0.5047268325794376,387,0.61600166333008,84,0.9680677266686919,373,0.9308459779389351,306,0.4243492282437388,3572,0.7755180386601228,186,0.6187503154650722,3858
5985350.0,1751950.0,1,0.9999999350392639,807,0.8986677334147998,186,0.7384985729366874,149,0.6311126051717634,298,0.5005836193124672,438,0.6149067258076084,93,0.9681657957385857,370,0.9307510262232088,307,0.4254004884938596,3538,0.7866954068398273,157,0.6211490170114878,3774
5985850.0,1753750.0,1,0.9999999999942657,156,0.8977994700669164,252,0.738497002792292,150,0.6062678565908913,1289,0.446436373690675,1059,0.582159819721854,371,0.9679380530543578,378,0.9405115024596243,167,0.7163676515535837,181,0.735249611446309,333,0.9155411531598597,46
5985450.0,1750650.0,1,0.9999989227763955,1090,0.896444821372096,367,0.7384953027715591,151,0.6226110930262762,537,0.5215395993286042,263,0.5971138402511814,225,0.9665394345294425,429,0.9315839691054627,291,0.4032643672119156,4383,0.7212247594896509,420,0.5818830487455453,5326
5986750.0,1753450.0,1,0.99999999961634,411,0.8987012027650365,181,0.7383420336126741,152,0.6038479686818863,1499,0.48448059440058494,582,0.581757393000495,376,0.9649033849962305,512,0.9253615107046909,421,0.7096793087367606,193,0.73704130102973,323,0.8027869622749032,375
5905250.0,1742050.0,1,0.9999999997885491,362,0.8897411553938923,770,0.7383276511256446,153,0.65431061150143,27,0.5069135859103046,376,0.6298470269741197,34,0.9606481724924893,728,0.9560519865303942,66,0.7931817366981628,81,0.752670137113917,259,0.8950469505360332,60
5988250.0,1753950.0,1,0.9999999999453819,289,0.8908530678318699,690,0.7383272092321119,154,0.6256295259357106,452,0.5935271163418605,34,0.6388387011249826,17,0.9602714455416229,752,0.924637696900561,441,0.8289490868637355,44,0.8630822874629931,36,0.8513966435185029,138
5989050.0,1754350.0,1,0.999999999999994,2,0.895633776106098,423,0.7383000361385804,155,0.6007061407469589,1837,0.5023155119194647,420,0.5941779817043407,247,0.9759267818413855,108,0.9383300595613286,184,0.672405203525106,262,0.7680897411919969,213,0.9346603241107648,32
5988050.0,1752050.0,1,0.9999999994923776,433,0.891857541387894,628,0.7382904718351797,156,0.6187750628698477,662,0.6340862295732583,7,0.6220707247671119,56,0.9611903682403281,703,0.9251044681217488,428,0.7852017133131738,90,0.9289504707984991,5,0.836427715464485,190
5986050.0,1750650.0,1,0.9999999723931864,720,0.8972249008666633,301,0.7382662789587013,157,0.6186440168987596,669,0.4789777673691651,638,0.5639933062696538,709,0.9636776028843018,589,0.923258309150108,481,0.5388381766391082,961,0.6042312410646146,1561,0.4296147539568841,10562
5987750.0,1752450.0,1,0.9999999992453332,471,0.8917787331921025,634,0.7382589620356125,158,0.6252365843593788,464,0.5608185438883496,90,0.6134625027282984,104,0.9604814204362984,736,0.9200123827180191,568,0.73727688970418,154,0.8707279597866775,29,0.823577420212173,256
5989250.0,1753950.0,1,0.9999999999948459,152,0.8959410331309744,398,0.7382405721841433,159,0.625859980970465,441,0.5004665839302759,439,0.6099428004947576,130,0.9721750767332524,205,0.9205468175199955,547,0.7782775078697803,102,0.7604667659051749,232,0.8126713713232148,316
5987250.0,1753050.0,1,0.9999999982303647,526,0.890059645724304,743,0.738194062302204,160,0.6035799682783567,1526,0.5193890058816658,281,0.5638435820291213,720,0.9581053039193732,869,0.9148944453298813,722,0.4334944216992308,3266,0.5938357920360712,1713,0.3734860535514535,12095
5903250.0,1740950.0,1,0.9999999999955249,142,0.9154544619456109,29,0.7381853709000094,161,0.597164924750195,2254,0.41317939804682574,1685,0.5536402820733256,1061,0.9932110936420511,29,0.9697740942006909,17,0.5352784613331889,1011,0.6530491402384362,967,0.6583547180545573,2651
5986850.0,1750950.0,1,0.9999999994334767,440,0.8982979256335999,214,0.7380465049925755,162,0.6139066457214457,859,0.5397400849313765,162,0.6134937055067198,103,0.97067621919235,244,0.942680227176055,149,0.7071781676932337,198,0.8030178638595564,114,0.8473383460506291,146
5988650.0,1754150.0,1,0.9999999998420159,343,0.8918185890884648,631,0.7379847306851991,163,0.6305776538070734,307,0.5338033572895862,191,0.6220905271163008,55,0.9603997710838307,743,0.9187226025598947,608,0.8176896242372216,54,0.8368107708852601,59,0.8329954934160613,205
5986150.0,1752450.0,1,0.9999999998800002,321,0.8993462670578688,136,0.7379230541175901,164,0.6201687503242046,618,0.5047601471251293,385,0.6059941049440704,165,0.9705585341663789,247,0.9381546734798725,186,0.7815523831939104,99,0.8296710194942971,67,0.8358247330999667,192
5988950.0,1751550.0,1,0.9999999999988076,85,0.8958739599506068,404,0.73791147901172,165,0.6147428348777411,815,0.5609022347955611,89,0.6147894263445873,94,0.9733292711630462,165,0.9280877141836839,356,0.7348523345450111,157,0.8069352002946777,101,0.827552722554185,228
5988250.0,1751650.0,1,0.9999999999858917,208,0.8965748681480942,355,0.7378854523662262,166,0.6221743208219795,554,0.43488543273690744,1250,0.5974357748780199,223,0.9739820555363788,149,0.9239293379039748,466,0.7692876192651585,107,0.7202506185480229,425,0.8266195310430926,236
5986250.0,1751450.0,1,0.9999999988548021,498,0.8986985543807299,184,0.7378592385001363,167,0.6144904399079972,831,0.48848094034272205,550,0.5595058336473813,847,0.9691243108701086,318,0.9325510330192375,273,0.4727504703444847,2148,0.5824425716700217,1904,0.3933009298935001,11586
5986350.0,1752250.0,1,0.9999999995793167,421,0.8987430823413005,174,0.7378240388196179,168,0.6222912937638502,551,0.41324876574456737,1681,0.5630242628189195,736,0.9686862653198235,343,0.9292895960729444,334,0.6929209118870578,220,0.6687603474148912,816,0.551696023008759,6532
5987650.0,1754150.0,1,0.9999999999999047,20,0.8917968185592781,632,0.7378205186490663,169,0.6265163867382959,423,0.5879112594530114,38,0.6049878787850428,176,0.9628039169284703,623,0.9315887222256974,290,0.8283909186893595,45,0.8356792218128042,61,0.7397434088890822,1046
5986650.0,1750950.0,1,0.9999999991477786,480,0.8992399462830765,143,0.737699189963834,170,0.6256507456363554,451,0.44421190673424105,1093,0.5911694666788322,269,0.9704168681795489,254,0.9357703743664694,216,0.8139766378025288,60,0.7101878386239355,488,0.8138050407111864,307
5987350.0,1752850.0,1,0.9999999998384665,346,0.8897270856867338,771,0.7376678786141185,171,0.6113029224037264,1000,0.479841063874621,635,0.6049917906283405,175,0.9599641064185648,769,0.921364692007379,531,0.5308256895832874,1063,0.7207181310526156,422,0.8268202407965497,234
5988650.0,1753150.0,1,0.9999999998961784,318,0.8905026890969299,712,0.7376667358122263,172,0.6126490581713744,924,0.4810675253723778,622,0.5645062291348044,698,0.957712097725035,885,0.9103874967616472,855,0.5017292059738856,1523,0.6012136172974997,1602,0.41200900578529276,11085
5985150.0,1753750.0,1,0.9999999993571467,454,0.8975520411132459,276,0.7376073999492769,173,0.603513977388294,1532,0.48256099592947294,610,0.5527171731472568,1096,0.9639766712384119,566,0.9246680331824739,440,0.4960840517536096,1645,0.6017106315816314,1599,0.4177167455283902,10910
5988750.0,1753150.0,1,0.9999999999021367,316,0.8912692885480935,664,0.7375962642514214,174,0.6171835331141282,719,0.4961473842880861,475,0.5670311277270855,638,0.9581261807084901,868,0.9101041273043883,861,0.5476865157369804,883,0.6231196264547283,1308,0.4386309257814983,10291
5988950.0,1754150.0,1,0.9999999997599829,378,0.8917373343260611,637,0.7374677863084043,175,0.6333862314439898,235,0.6520238248130978,3,0.6436901205265088,10,0.9606641213550902,727,0.9237582910367155,470,0.8310750650808969,41,0.8814184997260847,24,0.8521972653462973,135
5988150.0,1754250.0,1,0.9999999999992786,63,0.8916882227933597,642,0.7374243695244619,176,0.6268560187067995,416,0.5473769972939908,137,0.622600091081912,53,0.9640450574996223,560,0.9352135392464829,223,0.8534381688329162,26,0.8882071779478111,19,0.9691401560365575,5
5987450.0,1753350.0,1,0.9999999970113176,564,0.8983252673062206,212,0.7373035507696359,177,0.5996998917406713,1927,0.5246117897551549,242,0.5508051014884825,1170,0.9630254066730498,613,0.9189421003271793,601,0.42600554613322117,3518,0.5854689079991118,1857,0.36554957938659893,12297
5987650.0,1755450.0,1,0.9999999999994842,52,0.8904097736957852,723,0.7372987244869127,178,0.6115960504631314,981,0.5113596238588709,338,0.6074380864376505,150,0.9627074876946219,627,0.9339594061111203,244,0.6991649144808687,211,0.7979786645901557,124,0.9467621682439937,21
5988150.0,1755550.0,1,0.9999999999999809,4,0.8963110135262204,382,0.7371540790858132,179,0.6021582304672038,1657,0.4834464766062813,598,0.5761030393750531,458,0.9752010716468497,118,0.9332371412457211,255,0.7381083375157256,150,0.7742148211849906,192,0.8491298545288186,143
5986750.0,1750350.0,1,0.9999999980673624,533,0.8969790868702306,320,0.7371009344939086,180,0.6176213412294417,700,0.529357309089686,207,0.6138991948055086,99,0.964930294857752,510,0.9313627301479508,296,0.6771649591748363,253,0.7834099330735875,166,0.8373927870691134,185
5989950.0,1757650.0,1,0.999999993317116,611,0.8910052992194873,678,0.7370841685074448,181,0.6047841509470796,1412,0.3722816868692955,2808,0.5487218583012934,1292,0.9610655959473243,709,0.9508880985908921,98,0.6473108369205176,337,0.4739725004367572,4578,0.7418095933340458,1013
5986150.0,1751550.0,1,0.9999999987622852,505,0.8979061929747928,238,0.7369826855574166,182,0.6143646867435198,840,0.5094655870090289,356,0.6035427066450773,183,0.9704723173427006,251,0.9408576966940321,163,0.6421886347777215,352,0.7543656552205158,252,0.8310170909102237,215
5987350.0,1751450.0,1,0.9999999993545468,455,0.8983532691373354,209,0.7369428588360811,183,0.62315540800862,526,0.48965967503818786,540,0.5901432461033443,284,0.9645576909574436,532,0.9241241857602287,461,0.8227463405637296,52,0.7761739885662475,184,0.7971249415719304,413
5985750.0,1753650.0,1,0.9999999999953613,145,0.899093120521209,150,0.7368978198215514,184,0.6023516542239229,1637,0.4330861163830139,1293,0.5656139332347069,672,0.9724541285221117,193,0.9460117674469681,128,0.7568665573996893,127,0.6911220018944344,619,0.8241783052048368,252
5986450.0,1752250.0,1,0.999999999333745,460,0.8983901602176846,204,0.7368218535684684,185,0.607624526680044,1219,0.4431719329124264,1113,0.5459049267706432,1483,0.9680409986246774,374,0.9279190530392748,359,0.42296294842812654,3633,0.5474630158586098,2586,0.3600843786225879,12435
5985350.0,1753450.0,1,0.9999999999857911,210,0.8990674636026287,152,0.7368163728812035,186,0.6111186800956353,1008,0.3775710989161146,2608,0.5668700675656865,640,0.9727080349337077,186,0.946000966038552,129,0.7372856313534597,153,0.5971504768312853,1668,0.8373399131854395,186
5902950.0,1740550.0,1,0.9999999999895146,190,0.9148923676779899,34,0.7367794817153283,187,0.5904024933185941,3318,0.41804285499415705,1575,0.5737648075479644,497,0.993833804099828,13,0.9736158299524376,11,0.5012383389048323,1535,0.6872192869617638,654,0.8976550814085269,59
5986650.0,1753250.0,1,0.9999999987675126,504,0.899523195810096,131,0.7367243366705902,188,0.6156902874168596,774,0.35141826845216056,3587,0.5703594584241914,555,0.9704543514156895,252,0.9340284611919718,242,0.5971418783640605,538,0.4456994826374864,5480,0.7206967144255377,1368
5986550.0,1752650.0,1,0.9999999998063658,355,0.8989301996560058,160,0.7367033168361158,189,0.6010338589923014,1800,0.5832691055225669,41,0.6060869734817487,163,0.9703716023644451,255,0.9414083995313984,156,0.6692829394711324,272,0.8487994994929196,46,0.8362895917012486,191
5986750.0,1753750.0,1,0.9999999999838014,218,0.8986801755931639,185,0.7366795809144143,190,0.6143951735731813,839,0.34904204737580913,3690,0.5502328255624261,1212,0.967586202703541,389,0.9345549000570895,234,0.6499551485992281,325,0.4495498817449133,5353,0.7337865059500221,1145
5985850.0,1750650.0,1,0.9999976004999647,1137,0.8975457666502987,277,0.7365423341168896,191,0.6217516621861398,566,0.5431725882788795,148,0.5933195647704445,249,0.9670329894915983,407,0.9297548872286481,325,0.40311383414348967,4391,0.7966677804917226,127,0.584187411598112,5214
5986550.0,1753350.0,1,0.9999999960366102,577,0.8996164778341341,130,0.736419683782501,192,0.6167020725687516,736,0.34909434300885567,3687,0.5656022952629509,673,0.9702106295457683,266,0.9325125671384084,276,0.5750653114872726,670,0.4263453414553391,6103,0.7040116647559007,1662
5987950.0,1753550.0,1,0.9999999997304843,386,0.8914282578426387,654,0.7364127125248208,193,0.6111386370653035,1007,0.5530514804581931,115,0.5810377367854114,388,0.958853488273188,834,0.9137133418889541,757,0.7797209118387592,100,0.7517219306955385,266,0.5964685223125936,4707
5903050.0,1740450.0,1,0.9999999999941991,158,0.9165282815086976,17,0.7363953283373714,194,0.596213299163562,2359,0.44142919238397677,1142,0.5640321634374399,708,0.9936154870662925,18,0.9699688674236133,16,0.7142617277512705,187,0.7209419815179094,421,0.8653679857690157,113
5944650.0,1797150.0,1,0.9999999478283995,784,0.8966405538124292,347,0.7363336390342502,195,0.6357025232427562,185,0.3921764498901062,2168,0.5959736269541687,233,0.9768115867203421,100,0.9337342857254919,247,0.8006050872769437,71,0.6272124752622577,1261,0.8552755774482198,129
5986650.0,1752650.0,1,0.999999999615415,412,0.8996479692840726,128,0.7362837397192886,196,0.6220268390787766,558,0.3807922196622587,2500,0.5748644683508957,480,0.9699835645347175,278,0.9319540818251324,284,0.76559715547095,110,0.5381904795531216,2806,0.7716725353053471,648
5905150.0,1740250.0,1,0.9999999999703906,260,0.9156100801605775,26,0.7362637627713225,197,0.6079269403483881,1197,0.43920589981982994,1190,0.5814918198037858,381,0.9946597811505868,11,0.9752435398915364,10,0.6373288713676806,370,0.7034223081643163,527,0.8675723056929181,109
5988350.0,1753550.0,1,0.9999999998743216,325,0.8912438283605225,665,0.7361789925523085,198,0.6176086013339953,701,0.5825114943088503,42,0.5747375985521865,482,0.9582313522490365,864,0.9125438271819495,788,0.421362169100276,3692,0.6048585120074562,1551,0.3678360108010793,12227
5986750.0,1751050.0,1,0.9999999960668995,575,0.8974285496279141,285,0.7361618379216917,199,0.6214787942853041,575,0.4705642360188055,729,0.6053770749494136,173,0.966197988894632,450,0.9312104616730893,301,0.7187193426832758,178,0.7758635356303013,185,0.8418942030919692,167
5988950.0,1757150.0,1,0.9999999971119793,561,0.9179779422850833,10,0.7361334982077663,200,0.5807288909951233,5356,0.41953433489172764,1547,0.5531772240894917,1081,0.996982774431801,7,0.9795881642285205,8,0.6306971053487817,396,0.5794860871088714,1964,0.813941942441358,305
5986750.0,1750450.0,1,0.999999994697151,596,0.8961169334871907,391,0.7359327674538165,201,0.6114145788131486,995,0.5333145817239021,192,0.6126310785110475,109,0.9646856734144458,525,0.9326409848260192,271,0.5714991874255462,694,0.7585946457392354,238,0.8423974750416565,162
5987650.0,1755350.0,1,0.9999999999989433,77,0.8900460751034622,745,0.7359009773356274,202,0.6088727804299043,1138,0.44569463009272464,1070,0.5954283652404203,239,0.9624208460608671,641,0.9315684624301495,293,0.6169104867591015,441,0.7458116978850793,291,0.9475400683617227,19
5987250.0,1752250.0,1,0.9999999997592499,379,0.8981419055084549,221,0.7357076753563004,203,0.6037260112020246,1511,0.4925725111015886,511,0.5754116809082457,471,0.9645647466904951,531,0.9241809198457874,459,0.7392181190712694,148,0.7800894829209575,175,0.784521158062383,510
5993850.0,1749850.0,1,0.9999999999954889,143,0.8901901586758431,735,0.7356717865657548,204,0.6448741388673719,72,0.34610802809943336,3833,0.5847175050568754,342,0.96318947665816,606,0.9047582773336638,985,0.6261855021690762,417,0.5921273278540403,1741,0.7905684051668938,456
5986150.0,1752550.0,1,0.999999999818461,351,0.8977975629194469,253,0.735657334160292,205,0.6073328081192655,1237,0.42487728796836527,1429,0.58533522069063,334,0.9693677541390873,301,0.9343459225491458,237,0.5776258272252186,655,0.7048614024828678,519,0.8159033536155453,290
5985150.0,1753350.0,1,0.9999999997795841,365,0.8963551709294322,379,0.7356411551439627,206,0.5983492435237969,2097,0.472716448212597,704,0.5763056447447147,454,0.964112815777808,555,0.9280189251384023,357,0.5379603920960699,979,0.6925072070181714,606,0.7669252530619517,707
5989250.0,1751750.0,1,0.9999999999940696,162,0.8961621969710123,387,0.7355973743192457,207,0.615855502855491,768,0.5271578779364681,221,0.6099696442526003,129,0.9728073929656056,181,0.9228950536917149,491,0.8113879820145973,62,0.8103300546058557,98,0.8305726127895855,218
5985850.0,1751950.0,1,0.9999999997786908,366,0.8993279035607672,138,0.7354496307581375,208,0.6250869253353842,471,0.5158827627275122,304,0.6111096557482734,120,0.9707596639167198,242,0.9383743423374878,183,0.7638927768362804,116,0.821929658984567,81,0.8395067041887692,174
5987350.0,1753750.0,1,0.9999999996654882,400,0.897805002648645,250,0.7353615635178649,209,0.6067588262272179,1266,0.4639300061322695,805,0.5877460721253606,307,0.9637166476971968,587,0.9217318423213774,523,0.7377427335301612,152,0.7532688505242107,255,0.8083098448752336,343
5905050.0,1740250.0,1,0.9999999999472549,286,0.9187480506456867,8,0.7352856774720086,210,0.6270502199848171,407,0.38627870231205297,2315,0.5600638606412747,823,0.995234097781498,10,0.9691778102622013,21,0.7499690461783203,134,0.5531634070826439,2466,0.8044807874561051,361
5984850.0,1752750.0,1,0.9999999450452784,793,0.8983260297656256,211,0.7352006893162076,211,0.6161730278981273,758,0.4277268527592377,1387,0.5841439463771774,350,0.9670039556589342,411,0.9235623777841656,473,0.3971329441004354,4653,0.7219347341739148,415,0.5912689556316154,4925
5988250.0,1755250.0,1,0.9999999999998366,24,0.8960729245816609,394,0.7350870768331462,212,0.6047931594863273,1410,0.34292346551637376,3961,0.5470450535232492,1399,0.9754335359081909,113,0.9301636706709092,315,0.6334072380822799,384,0.5163916034220711,3327,0.7057918995995581,1626
5985950.0,1753050.0,1,0.9999999992709785,466,0.8990735868476888,151,0.7350353091742845,213,0.6150500774710559,799,0.34916684418188304,3684,0.5547006780691202,1009,0.9690731368934244,324,0.928246054124642,354,0.6992972671386639,210,0.5019285992163554,3742,0.7229077592101727,1312
5903250.0,1740850.0,1,0.9999999999435434,290,0.9154688441043268,28,0.7349860092832295,214,0.5982119375480565,2114,0.3431822542844393,3950,0.5582498770013222,879,0.9937922015077673,15,0.9696141801023911,19,0.5437971842646674,920,0.6323944529408256,1197,0.8656401608385813,112
5994550.0,1749750.0,1,0.9999999998172187,352,0.9178173098729315,12,0.7348280373401249,215,0.6156792513355965,775,0.2716731188472244,8075,0.5509834854042774,1164,0.9932206793474907,27,0.9590745255353273,50,0.5105139882828901,1366,0.3544320088721784,8302,0.6820918163198473,2101
5987350.0,1754150.0,1,0.9999999999997986,29,0.8984585147094722,199,0.7348212610200973,216,0.5989383589358906,2014,0.5510572040049941,125,0.5586127559826191,870,0.9660860136152246,459,0.9326626134433967,268,0.6125542465045344,458,0.6749411730451977,762,0.5029300330292343,8250
5985350.0,1751250.0,1,0.999999916470003,829,0.8971868571371745,305,0.7347471595685017,217,0.6294552201130673,341,0.43112696122652916,1321,0.5914474564981728,263,0.9670287988690047,408,0.9271705970130151,372,0.4076172426102559,4211,0.7133264093622005,473,0.5919767820629964,4889
5986250.0,1751950.0,1,0.9999999993833377,450,0.8985437167301016,193,0.7347373261985038,218,0.6126585912068906,923,0.47993000020807053,633,0.5646760042889128,695,0.9686861916574679,344,0.9302494132199188,314,0.6937599951090284,218,0.688856595770811,637,0.5518450156944259,6526
5984850.0,1752050.0,1,0.999999972666403,718,0.8988267064901748,167,0.7346397479871205,219,0.6327349293650617,255,0.42736615945320955,1395,0.6004308589158611,204,0.9678352447060348,381,0.9257550561458099,409,0.4182372868092932,3796,0.694493922600599,593,0.61468498935733,4009
5903150.0,1740150.0,1,0.9999999999782145,239,0.9144066912676573,45,0.7345342845117221,220,0.5889681360410535,3597,0.3977784081063837,2020,0.5701530282943654,561,0.9933869726683221,25,0.9715000925738412,13,0.4849477630521499,1869,0.6762057608875306,755,0.8812695456352789,81
5985950.0,1750750.0,1,0.9999999905075924,635,0.8962512111398286,384,0.7344953548568149,221,0.6087262012437243,1145,0.3804206957898238,2509,0.5433350756373134,1651,0.9676196049847516,388,0.9298768254815367,321,0.5498951322526835,861,0.5761602674637182,2028,0.4360789518622895,10368
5986850.0,1750750.0,1,0.9999999966736244,570,0.8964994620620814,361,0.7344244146850778,222,0.6070014440289655,1250,0.4812605031468559,619,0.5821393857669831,372,0.9635956024281084,592,0.9243095487631793,453,0.5895819796391819,571,0.706012750162066,511,0.7920026884657119,443
5986150.0,1751450.0,1,0.999999995865426,578,0.8982676873820247,215,0.7343941560773216,223,0.6118332847784924,969,0.4088705505216746,1780,0.5397891772450578,1905,0.968363984934798,358,0.9271724753283059,371,0.3909548270417186,4892,0.5174440346566238,3289,0.337385189406046,12970
5988150.0,1752550.0,1,0.9999999988819379,496,0.8919478315078785,621,0.7343436447490769,224,0.6134741323538311,882,0.5177763763707601,290,0.5839161813588185,352,0.9601338901825638,761,0.9148236463927077,726,0.7151433866584105,184,0.7631407262892586,225,0.795760224611973,422
5994250.0,1749650.0,1,0.9999999999935432,167,0.8910870087901032,672,0.7343302225679075,225,0.6641420621646008,8,0.35491176069612884,3447,0.5931489942565138,253,0.9640352303110351,561,0.9051125035991212,973,0.7696263678916438,105,0.5427649421346626,2714,0.786596430340856,498
5987550.0,1755350.0,1,0.9999999999982883,97,0.8899571079641059,750,0.7343225276109951,226,0.6053146066290385,1381,0.4137916292876295,1664,0.5854085179491457,332,0.9623093475223324,643,0.9301481988172501,316,0.594578527192152,549,0.7030169615642093,532,0.9029105199768426,53
5988350.0,1754050.0,1,0.9999999999608471,276,0.8897042070854321,774,0.7342619215547521,227,0.6104568363634074,1039,0.5573686616048729,102,0.6207771795648874,61,0.9590220813281359,820,0.9203461529454409,555,0.6792252796457586,243,0.8053780487827704,107,0.8367342004984155,188
5987350.0,1754050.0,1,0.9999999999992768,64,0.897723561568944,262,0.7342010459535933,228,0.5910190733363884,3219,0.44164065311862394,1140,0.5384117049045918,2004,0.9655276655559125,483,0.9296460169962378,329,0.6006266584419367,521,0.6346601446290256,1165,0.4912600631279642,8625
5988250.0,1754550.0,1,0.9999999999940814,161,0.8921849767355439,609,0.7341665322368569,229,0.6137691802800721,866,0.6553958139972502,2,0.6186064678381666,71,0.9644388484079199,539,0.9362636782085235,207,0.6909629073469015,224,0.979804376423907,1,0.9322577927796318,33
5902950.0,1740650.0,1,0.9999999999900437,185,0.9146497382290776,39,0.734131836819043,230,0.5863336947654223,4100,0.4142241954529018,1653,0.5663219034263964,651,0.9933996465210861,24,0.9711857265675923,14,0.49074762051054577,1746,0.6769430967204663,748,0.8885482313373599,70
5985550.0,1752850.0,1,0.9999999997545765,381,0.8985339524636263,194,0.734131683735711,231,0.6013892733706389,1762,0.4433436074170461,1108,0.5510192918071875,1162,0.9686096837767955,346,0.9286519800123639,343,0.689864926748722,226,0.6635830735415006,871,0.5250679640850324,7552
5985050.0,1753750.0,1,0.9999999997404267,382,0.8972007238653341,304,0.7339125787084143,232,0.5960970737647656,2376,0.5103086080956785,348,0.5611498930853365,788,0.9639980370372246,563,0.9254001507753579,419,0.6776163045308313,252,0.7177788147028501,442,0.5714317764153694,5749
5986050.0,1752450.0,1,0.9999999996196554,408,0.8987051250302239,180,0.7339074775986587,233,0.6077934085741565,1204,0.5339422056922158,190,0.5976950765228551,222,0.9698173728548567,285,0.9363581198652566,204,0.6574864008405074,303,0.8218449569376334,82,0.8263440692119499,237
5986050.0,1752550.0,1,0.9999999997981164,356,0.8981089410886361,223,0.7338999746419266,234,0.6090379400043191,1126,0.40621615134947875,1834,0.5797231302756115,403,0.969281274044827,308,0.9322929458844882,280,0.6282818897032685,407,0.6894494936736539,631,0.8102339550363338,333
5986750.0,1750950.0,1,0.9999999992752335,464,0.8982002289647579,218,0.7338642470256195,235,0.6116301513145042,979,0.42430415011986006,1446,0.5889416187924641,295,0.9701979710136586,267,0.935847003159261,215,0.6634090979179862,289,0.724652461441591,402,0.8300043210710417,221
5988450.0,1752250.0,1,0.9999999997845956,364,0.8915660538967909,646,0.7338528864079674,236,0.6065101906506707,1279,0.5164452356521677,299,0.5784323885778803,418,0.9594813268939555,793,0.9136452928478862,759,0.7898711092740205,82,0.8015651913017374,121,0.7523102447893664,877
5985550.0,1750550.0,1,0.9999972075307467,1148,0.8959605227750632,397,0.7338506805568168,237,0.6093026933936013,1103,0.5233323200380637,250,0.5844706978418928,347,0.9659771737978942,463,0.9290055612300022,338,0.3929892372468714,4799,0.713591843683951,470,0.5751963763850548,5621
5989950.0,1753450.0,1,0.9999999999782196,238,0.8964046675318523,374,0.7337939188590114,238,0.6107310717961826,1030,0.5959019052446075,30,0.610174884328827,124,0.9718385957481385,214,0.9201551233701183,564,0.7870517123729961,87,0.7855179118202085,161,0.8134161988591637,312
5985850.0,1753050.0,1,0.9999999998214697,350,0.8990158660210849,155,0.7337639924043508,239,0.6067673247834758,1265,0.3529671630072575,3519,0.5543482835109024,1025,0.9695063840610674,294,0.9294414255254037,333,0.6825202973377147,238,0.5239670129403768,3127,0.7597913723048184,781
5989550.0,1754550.0,1,0.9999999999999836,3,0.896913310230599,323,0.7337394536028629,240,0.5996649288901411,1933,0.46620692058033214,778,0.5621477167549699,762,0.9752734737612823,116,0.9292315482181458,335,0.7648978890953743,112,0.7191799121455704,433,0.7990256519344251,395
5987150.0,1753150.0,1,0.9999999996823001,395,0.8895927355068863,786,0.733632534343258,241,0.5978345356643525,2157,0.5090320217725155,359,0.5844069206966481,348,0.9585909344161354,852,0.9161969548684337,683,0.5521114579951694,848,0.7171131518615286,449,0.7937517030074335,432
5903550.0,1740350.0,1,0.9999999999979667,105,0.9157736929939227,23,0.7335640897045879,242,0.5879720943579153,3754,0.3749600071073482,2707,0.5385331924752884,1984,0.9924907077058491,40,0.964369362178779,32,0.5801556802047948,635,0.6559160927814143,944,0.6683332803324863,2407
5988250.0,1754050.0,1,0.9999999999617712,274,0.8902308091739942,730,0.7334686376203307,243,0.6103601194862098,1044,0.48098761346781904,623,0.6001852812450549,206,0.9587592383999002,842,0.9144165812684606,739,0.7233603122631136,173,0.7725647592830199,199,0.8129918724035925,315
5985250.0,1752850.0,1,0.9999992977996633,1054,0.8980417616646346,230,0.7334351456101207,244,0.5930087120161913,2873,0.5171969339527204,292,0.5560678972812536,963,0.9659636028838159,465,0.9221235033551323,513,0.3652596214408784,6064,0.6217727128331545,1330,0.41685638801213865,10936
5989550.0,1757650.0,1,0.9999996308396474,985,0.890784670628217,695,0.7334021999342889,245,0.6003740669477784,1859,0.3717246916497717,2828,0.5386448959856031,1974,0.9612323282815501,699,0.9506228547252916,100,0.541222029395293,945,0.4101942864627186,6596,0.6977668737565498,1787
5988350.0,1754450.0,1,0.9999999999990703,72,0.8919217809088458,624,0.733350612458772,246,0.6099569790971847,1069,0.5719131028681073,57,0.6065545157121208,157,0.9638440256437915,573,0.932897085634562,263,0.8111354890765097,63,0.888406581351367,18,0.9538245899470664,11
5989550.0,1754450.0,1,0.9999999999999454,13,0.8966404841723086,348,0.7333393593839184,247,0.6040066534389424,1486,0.42902671997209674,1366,0.5766713859311632,450,0.9758303732206354,110,0.931696574498933,288,0.8338553726874053,36,0.6778658487177486,738,0.8828843502623797,78
5904950.0,1740950.0,1,0.9999999999721125,254,0.9155876957824737,27,0.7332647777292489,248,0.5969542476134111,2278,0.35632074721479134,3388,0.5537484758841394,1053,0.9935179465110316,22,0.9679652535871238,25,0.5821339624037308,624,0.6519989945848023,974,0.8618284769184191,115
5987450.0,1756050.0,1,0.9999999999999085,18,0.8964206051742364,371,0.733230106873204,249,0.5912422142936811,3181,0.47309009385721434,698,0.5335548196948372,2441,0.9742739964063237,137,0.9269677001741947,378,0.5041031234129241,1488,0.6061089348080191,1535,0.43085164443186574,10529
5988050.0,1753450.0,1,0.9999999990798922,485,0.8920483940536339,615,0.7332032488244391,250,0.6179825283611312,692,0.4922875787871072,516,0.5500542554481034,1225,0.9584391028143047,855,0.9063652837554486,942,0.4424485617549615,2987,0.5711269985676605,2123,0.36932670084067964,12201
5986550.0,1750350.0,1,0.9999999980706991,532,0.8973919052828994,289,0.7331936103215037,251,0.6148191632872626,812,0.4863903572985172,566,0.5952003154750052,240,0.9643768669459348,540,0.9252493668905932,424,0.73713611074966,155,0.7863441156848495,158,0.820918354928768,267
5987250.0,1751050.0,1,0.9999999996577453,403,0.9000391386380655,115,0.7331105871827478,252,0.6224080457018638,543,0.4587950826589367,884,0.5782823475714101,421,0.9693416691104728,304,0.9288414779720471,342,0.7595728743065062,122,0.6628971135161139,876,0.7932192672828857,436
5987650.0,1752950.0,1,0.9999999999041385,315,0.8901615934476359,738,0.7331025105725305,253,0.602152536639487,1659,0.44661386095357725,1055,0.5864468686841503,321,0.9595833682538549,789,0.9164452145017191,672,0.6132512969325163,455,0.7331940406585153,344,0.815133223255038,296
5984950.0,1752150.0,1,0.9999999675729062,735,0.8996858851951356,126,0.7330077877221213,254,0.6293927799634415,342,0.37689125941255347,2628,0.5737745394703105,495,0.9677306717313545,384,0.92173160926095,524,0.4001799433701263,4519,0.5238477686686924,3139,0.5813318157612605,5346
5986650.0,1753450.0,1,0.9999999993486819,456,0.8983427556852546,210,0.7328989525113968,255,0.5900419868262125,3393,0.4695902964872419,738,0.5589378575630607,860,0.9641074878630898,556,0.9207886353053489,540,0.6186345927735889,435,0.6949553623646805,588,0.7810152216878613,543
5986250.0,1754150.0,1,0.9999999999978169,108,0.8970540020673975,315,0.7328934133841906,256,0.5812337544546637,5235,0.4339543173767332,1272,0.5284612747003216,2981,0.965580435147203,482,0.9306278225863959,309,0.50715978644215,1422,0.5967908545786872,1673,0.43470417547007734,10415
5986050.0,1750750.0,1,0.9999999636039825,751,0.896640645966524,346,0.7326784346337949,257,0.6103802034220415,1043,0.4891582180053333,542,0.5520985429719845,1122,0.9626822052427622,629,0.9190264577811698,596,0.3921269970030783,4834,0.5458105048009478,2636,0.3401740389253055,12875
5987150.0,1755850.0,1,0.9999999999990468,73,0.8907440399631337,699,0.7326617562613501,258,0.6103146263443724,1047,0.3829496758097248,2413,0.5523495761476032,1111,0.9613289787956477,692,0.9226271435720599,500,0.6921388935076251,222,0.5773495068461235,2010,0.6848106130953746,2040
5993650.0,1748950.0,1,0.9999999997282192,387,0.8902717461180938,729,0.7325583498056875,259,0.6565760197006281,20,0.5799584359652317,47,0.6411128298945389,12,0.9646915508216415,523,0.9158756672030102,693,0.7315559248111523,167,0.7595965279954449,235,0.8491887638856375,142
5986250.0,1754050.0,1,0.9999999999969178,125,0.8974004610125462,288,0.732513725441197,260,0.5798934718419777,5538,0.48413527696678765,586,0.5460834344730209,1471,0.9663257197890834,445,0.9341016124368562,240,0.6577996589742462,301,0.7476953827292606,281,0.634425831289319,3354
5989950.0,1753350.0,1,0.9999999999941076,160,0.895900432986692,402,0.7324903071951522,261,0.6045560807863004,1428,0.5672633063099454,71,0.5957021900243015,235,0.9710178824814552,234,0.9173834273883497,639,0.7547721400167124,130,0.7504650317414798,270,0.7933083020008761,435
5985450.0,1750550.0,1,0.9999983085884128,1123,0.8964747958804128,364,0.7324292201507687,262,0.6181061155880552,690,0.45328545588478675,966,0.5616316590700507,772,0.965147338567117,499,0.9209438449809053,537,0.37332701465110196,5677,0.6330158537210397,1187,0.4803516043303858,8970
5988550.0,1754050.0,1,0.9999999999650095,270,0.8904276917019008,720,0.7323497350053821,263,0.6085932083875015,1155,0.47474314305112797,681,0.5903736230856779,278,0.9584791470281959,854,0.9119486771908534,816,0.7610000081273669,119,0.7728851714071417,197,0.79910435792633,394
5983450.0,1750850.0,1,0.9999999682300714,732,0.8966043531148336,351,0.7323101703294004,264,0.6356028038460637,188,0.5382688749427735,169,0.6193299104159388,67,0.9669457220549266,414,0.9314112470635078,295,0.4271064849381262,3485,0.7088752483354533,494,0.6235735842420825,3690
5987550.0,1753250.0,1,0.9999999971373728,559,0.8916227815921195,645,0.7323092636619454,265,0.6032258203873353,1562,0.4829549880689788,605,0.539542982427044,1919,0.9582010404824809,865,0.906796623798284,930,0.39395017342476957,4764,0.5534788188528093,2462,0.34026333453486346,12873
5984750.0,1753050.0,1,0.9999996678653162,972,0.8977237300317558,261,0.7322808153666154,266,0.6105984187495549,1034,0.5149388239808442,313,0.596850549134399,227,0.9624421009359787,639,0.9165456356967777,669,0.40295728465498093,4399,0.8105078408996345,97,0.6066447526584632,4304
5987050.0,1753750.0,1,0.9999999991764597,475,0.8985821682899827,189,0.7322518387812776,267,0.6008145909551325,1820,0.4058433237710736,1844,0.5499806390749581,1229,0.9635393647701044,593,0.9163792910533164,676,0.7578849229946023,125,0.5536325013733372,2457,0.7209124588576072,1361
5988150.0,1755650.0,1,0.9999999999999805,5,0.8956299385961096,424,0.7321859838946254,268,0.5824678651836404,4939,0.4948340983237017,490,0.5670574920534912,637,0.9749730131185904,123,0.932926387549753,261,0.6787674322161765,246,0.7659176445814695,223,0.8977860993951398,58
5903050.0,1740050.0,1,0.9999999999918254,173,0.9150278612130374,33,0.732183376269184,269,0.5851632019817852,4351,0.40914875719700444,1775,0.5633651032533226,731,0.9931698255891312,30,0.9689943069156088,22,0.5646646770182677,743,0.7004991638087248,546,0.8752596432850209,95
5986650.0,1750250.0,1,0.9999999626689035,753,0.8983665355163093,207,0.7321489182272926,270,0.6304990335821447,310,0.521359639383495,264,0.5890841937189764,294,0.9641175490782887,554,0.9206979867799736,543,0.4993491547934641,1569,0.7882960571596201,152,0.791981180576077,445
5984750.0,1753350.0,1,0.9999999997608626,376,0.8970265604238622,317,0.7320956997231091,271,0.5989348598073755,2016,0.5474714917871961,136,0.5820833075638329,373,0.9643356140321864,541,0.9285250686541221,346,0.6491205527023514,328,0.7852601017627892,162,0.7752853478099877,608
5989750.0,1753750.0,1,0.9999999999913973,176,0.895589754357645,428,0.732083604550652,272,0.6038858073093192,1496,0.5792610192622178,49,0.6138691661720354,100,0.9718931694388077,213,0.9224119636989205,508,0.7737645276635315,104,0.7957808432967513,130,0.8338202752241878,202
5987650.0,1753550.0,1,0.9999999996503128,405,0.8911084917418484,670,0.732041038149557,273,0.6128641199625874,914,0.5331163383297725,193,0.5578221971798372,898,0.9574794717143111,893,0.9067826284973356,931,0.3728879234900908,5698,0.5602422793705145,2322,0.33150780134375046,13131
5984750.0,1753250.0,1,0.999999999789356,361,0.8969473774064303,321,0.7317377997614466,274,0.596165892831264,2367,0.545996153294511,139,0.5768648548055815,448,0.9641263114089075,552,0.9278850580443743,362,0.6777986623222974,251,0.7767503102662172,183,0.723400261943584,1304
5986950.0,1754950.0,1,0.999999999991878,172,0.8908979430638193,685,0.7315536051086342,275,0.6200619093315739,621,0.3730285024564294,2779,0.577672536269225,428,0.9630186856386285,614,0.928366682829189,351,0.7419673954068493,145,0.5360644730352845,2865,0.8031554747360237,369
5986350.0,1754150.0,1,0.999999999998491,90,0.8976108343388594,270,0.7314744543119658,276,0.5792963214025504,5670,0.49173394923161085,521,0.5415056576309404,1764,0.966206344856422,449,0.9329434035066508,260,0.6036910032266188,509,0.7001784576089148,551,0.5559055231632537,6350
5987150.0,1755450.0,1,0.9999999999978806,107,0.8901688357463123,737,0.7314641786835406,277,0.6086398845716505,1153,0.34961124176754443,3664,0.539073009745914,1946,0.960751615784454,725,0.9203933950772676,553,0.5948966215013949,546,0.5188972286025844,3253,0.5382508700203634,7066
5903150.0,1740350.0,1,0.999999999987055,202,0.9145408542008823,43,0.731451527976401,278,0.5819468922431604,5061,0.41299557148917737,1692,0.5624373256431554,754,0.9932355421404222,26,0.9697588248511746,18,0.5205194024010995,1206,0.6883239045593057,640,0.8786839021599175,86
5984650.0,1753350.0,1,0.9999999998724909,328,0.896512622003344,360,0.7313863892753251,279,0.5959770643759379,2390,0.5238008781330665,245,0.5780394463208006,423,0.9639978889694019,564,0.9276071148912679,363,0.6462767608873332,340,0.7462548551404068,289,0.7656948547068059,723
5987950.0,1756350.0,1,0.999999999999698,38,0.894485120856363,513,0.7313264846340294,280,0.5811258133437702,5264,0.4226128794427063,1483,0.5543290707528616,1026,0.9749100412403542,126,0.9325338901514669,274,0.46370732523280345,2381,0.6691756256161795,811,0.8823351257761022,80
5987950.0,1754450.0,1,0.9999999999995464,48,0.8913026212510997,661,0.73129431322397,281,0.6022374694002611,1649,0.4917652230683575,519,0.5705993230713526,550,0.961931319223283,660,0.9247590323397705,438,0.7880253685107774,86,0.7564571657734163,243,0.8070110871064957,347
5989450.0,1754550.0,1,0.9999999999999953,1,0.8965490996627834,359,0.7312716530181202,282,0.5840352794544468,4584,0.5228872567167191,255,0.5591619782830302,856,0.974968449302097,124,0.9298637268502773,322,0.7693329224803447,106,0.8220541044184337,80,0.7606681618596904,776
5986650.0,1753350.0,1,0.9999999987936845,500,0.898313174165402,213,0.7312689769682138,283,0.6077277077194866,1209,0.3590943817720799,3280,0.5595700933289721,844,0.9647923531072432,518,0.9209624305843267,536,0.5687952083316217,713,0.43336039358659684,5888,0.7038154304707107,1671
5903050.0,1740350.0,1,0.9999999999877389,197,0.9159580419603609,21,0.7312680095286855,284,0.5842515399807919,4537,0.4424064594282322,1126,0.5668954447121034,639,0.9938308907211987,14,0.9704472095771871,15,0.6875640869546715,227,0.7470473792790254,287,0.8899679495035636,67
5987950.0,1753050.0,1,0.9999999997335696,383,0.8895143402910126,788,0.7312407023658206,285,0.5971055398312848,2266,0.3891985063183233,2242,0.5655582137696437,675,0.9587675060995818,841,0.9122608176900235,805,0.4887722935756972,1790,0.6403614721371332,1085,0.7884524990509474,477
5986550.0,1750450.0,1,0.9999999985692358,514,0.8978029036896974,251,0.7311979787045678,286,0.6170945784047596,723,0.4163929921177741,1611,0.5724203051867143,520,0.9641613031312428,550,0.9203259200607496,556,0.733772510476052,162,0.6564143148158499,935,0.7918942723634184,447
5987650.0,1754050.0,1,0.9999999999979707,104,0.8921870850815392,608,0.7311477027250899,287,0.6344900669763364,204,0.4284571067281688,1379,0.5641181130491593,706,0.9622865363041588,645,0.9214512503522125,529,0.8005990800051794,72,0.5419309411271748,2733,0.6702372429019476,2374
5986050.0,1753050.0,1,0.9999999988751629,497,0.8987227306371283,176,0.7310430123934756,288,0.6078150736128345,1202,0.3162426008984367,5247,0.5427408293983417,1685,0.968681483641036,345,0.9257080922586948,411,0.6176984012362378,437,0.42044980895017325,6283,0.6935277821435849,1860
5986750.0,1753350.0,1,0.999999999732516,385,0.8978852208280319,241,0.7309155986708303,289,0.5922764967222072,2994,0.38828681079305427,2264,0.5540621342332716,1039,0.9639800487723088,565,0.9192350326041354,591,0.6955390488892473,214,0.5597125480282303,2327,0.7712954108130492,654
5986950.0,1750650.0,1,0.9999999985304802,517,0.8976195833631905,267,0.7308746944505891,290,0.6126232110514509,927,0.42259261237871104,1484,0.5714991265806649,533,0.9638068152172479,578,0.9196161316975381,581,0.7403253308808752,147,0.6738148033455368,770,0.7884923305814993,474
5989150.0,1751750.0,1,0.9999999999984164,94,0.8955298617196655,433,0.7307961629268299,291,0.5990692462185448,1997,0.484934263359692,577,0.5920405199726114,258,0.9722355516173056,203,0.9196453115981995,580,0.7152911428419493,183,0.7795638905721423,176,0.823742292202002,254
5985250.0,1752250.0,1,0.9999998963308953,847,0.8969283535968853,322,0.7307882452430424,292,0.6093892182673988,1102,0.3365651199164906,4245,0.5723342204978206,522,0.9669010873674488,417,0.9226327472996695,499,0.4013590279879591,4485,0.5696210921756977,2146,0.6016511312085944,4501
5904550.0,1740350.0,1,0.9999999999091083,309,0.9169050463529492,16,0.7307435752752278,293,0.6102853913387934,1050,0.38108347461483916,2485,0.5621739857421533,761,0.993662307215864,17,0.9661589948076097,29,0.6866561916881107,230,0.6187100587716747,1368,0.8458267832849955,151
5987950.0,1753450.0,1,0.9999999997976599,357,0.8908561480484397,689,0.7306631343358425,294,0.5984987365573192,2069,0.48174704308440164,613,0.5534332345042084,1073,0.9578346185493832,880,0.9072623057832082,923,0.7153171571949339,182,0.6903830134237081,622,0.5395876676373876,7011
5986150.0,1750950.0,1,0.9999999980876615,531,0.8990416433357609,153,0.7306092507942007,295,0.6129829582842893,904,0.363633511030861,3119,0.5629865681526481,740,0.970287317458367,259,0.9314274592614856,294,0.7604101546022828,120,0.5528824048878251,2471,0.7872293485176522,489
5989450.0,1752250.0,1,0.9999999999969051,126,0.8946841360407608,498,0.7305795856924868,296,0.5899202581902311,3418,0.5206152276852425,273,0.5956616080237314,236,0.9716321075997276,219,0.9210291738901719,534,0.6098892713926752,477,0.7667868266572271,219,0.8274556358151333,229
5987550.0,1756150.0,1,0.9999999999996931,39,0.8958022600366535,409,0.7305723681221549,297,0.5796539640163447,5592,0.46594104832026856,780,0.5308122844425901,2735,0.9740791243660143,146,0.9269674704934083,379,0.6103014101275266,473,0.6700903044480211,801,0.5231535725137143,7615
5989150.0,1754250.0,1,0.9999999999729308,251,0.8972157078954661,303,0.7305694610603819,298,0.617382041813742,711,0.39897899067866077,1993,0.5766259554399114,451,0.9730588835798227,173,0.9154720835892654,705,0.7333930800770463,163,0.5377225572150248,2817,0.7714418770830205,652
5988250.0,1753550.0,1,0.999999999952162,280,0.8904671021259857,716,0.7305291241784505,299,0.6054721344092299,1360,0.457042296544389,912,0.5546635276079517,1011,0.9573026153556219,898,0.90553986335898,967,0.6175147559922025,438,0.6381620382343252,1112,0.47960817411557655,8988
5986750.0,1750850.0,1,0.999999999295063,462,0.8974980521508455,282,0.7303694191868486,300,0.601750949568608,1723,0.4353365136593397,1244,0.583188326345028,357,0.9696270066727366,289,0.9342234719437548,239,0.6054517608396327,501,0.7240441845127341,404,0.8274403378541799,230
5989150.0,1752050.0,1,0.9999999999972957,117,0.8947958260633442,492,0.7303000920718461,301,0.5902278378297706,3354,0.48018057698408884,629,0.5868883700778764,314,0.9716707731683273,217,0.9191464330406002,593,0.5934553587155602,553,0.739434549654336,316,0.8194611295382351,273
5989850.0,1755850.0,1,0.9999999999996172,44,0.8908217490099952,693,0.7301166190977568,302,0.6183879313844081,679,0.3443877525067009,3894,0.5468463382705607,1415,0.9655033460886349,484,0.9122063986130566,809,0.679026066297996,244,0.46051042980246915,4976,0.6936786666891842,1856
5988950.0,1754050.0,1,0.9999999998482045,338,0.8910596932383386,673,0.7301003840029412,303,0.6124695451845209,938,0.5673774060388853,70,0.609762738420554,132,0.9590631511529855,816,0.9140499961477043,742,0.7998948314631276,74,0.8165114607119597,86,0.825366787960065,246
5987250.0,1753450.0,1,0.9999999991096544,484,0.8911613602280819,668,0.7300647735886692,304,0.6176935479913577,695,0.3559021081707554,3404,0.5444165084739877,1576,0.958036382716411,872,0.904669519648625,986,0.7230097517291132,174,0.4777822830615883,4453,0.5407310770160809,6965
5986050.0,1753150.0,1,0.9999999996352242,406,0.8994904613964508,132,0.7300600389467788,305,0.6031795116707437,1567,0.33637200999947975,4252,0.538501856614624,1986,0.9688504952997424,337,0.9248282581027429,434,0.6096982863911873,478,0.4228989466455675,6207,0.6885467249662798,1958
5988150.0,1752650.0,1,0.9999999991385935,481,0.891825642064513,629,0.7300082025108287,306,0.6118757325666357,966,0.4017294526381356,1930,0.5624929169156037,750,0.9597536918780954,781,0.9103471236349299,856,0.7467600545997042,140,0.5312349995056164,2972,0.7538411358989887,857
5988850.0,1751550.0,1,0.9999999999975469,110,0.895378123224225,446,0.7299096685488565,307,0.5922886070970829,2991,0.5504633330958313,127,0.5831679509564834,358,0.9720661453817709,210,0.9209006839712325,538,0.6637890267005385,288,0.7769966671003812,181,0.7985049008815241,398
5987950.0,1755450.0,1,0.9999999999989766,75,0.890623991033925,707,0.7299001493421171,308,0.6001194754600433,1883,0.4380699267189019,1208,0.5769285654775004,445,0.9620406048474367,656,0.9265547997739999,385,0.7642948223574493,115,0.6879735980902788,643,0.8832647170343505,77
5989650.0,1752850.0,1,0.9999999999943174,155,0.8951482499851825,462,0.729707843854039,309,0.5961731823996761,2366,0.5042099630581426,396,0.5602838403450807,818,0.9698632740257804,282,0.9112378372009191,830,0.6475493563345225,335,0.666095436081801,845,0.5020227174755139,8290
5986950.0,1755050.0,1,0.9999999999963769,131,0.8904999009348326,713,0.72968738963811,310,0.6095587306772788,1092,0.3491733288737862,3683,0.5517590048701472,1138,0.9617561214426767,670,0.9229882081570357,489,0.6683988325445587,274,0.507000756303639,3606,0.7717165261002071,646
5989950.0,1756450.0,1,0.999999999998924,80,0.8894861192068979,792,0.7296516593867294,311,0.5814246139088275,5190,0.5651430034332987,78,0.5887640311850766,297,0.9666790999054745,423,0.9272473175509252,369,0.6274486201940135,413,0.8041134146409703,111,0.9098304084315972,50
5986550.0,1754450.0,1,0.9999999999969917,121,0.8967000955168993,341,0.729541122003344,312,0.5750221618442578,6751,0.430135440138332,1339,0.5188826896868516,4265,0.9650363650427808,502,0.927900398164573,361,0.39492640309620275,4733,0.5476622808347105,2582,0.3662946637979626,12269
5984850.0,1751750.0,1,0.9999999421312882,800,0.8972197091966997,302,0.7293873385794446,313,0.6276217762464698,391,0.36099889271591507,3223,0.5815387770098479,380,0.9621242051153278,650,0.9123532658785953,801,0.4046148277732273,4332,0.5751608677180065,2050,0.5939658104857826,4792
5988050.0,1754350.0,1,0.9999999999988249,84,0.8913864567101768,659,0.729370168480826,314,0.6042559924872549,1458,0.4550084910050637,942,0.5848735492221381,340,0.9630369725228743,612,0.9279161861919308,360,0.8315906728242637,39,0.6941542935452287,595,0.8933839898310728,63
5903150.0,1740050.0,1,0.9999999999509137,281,0.9141116478799965,50,0.7293675912895727,315,0.58190037410833,5069,0.35388276221128145,3489,0.5541297071074716,1037,0.9927742081216411,37,0.9665860361748437,28,0.4708417029791583,2195,0.6525646160934839,971,0.8693114604073526,105
5984750.0,1753650.0,1,0.9999999998574978,333,0.8969042486088888,324,0.7292429312514985,316,0.5934075557880211,2806,0.4266266130718035,1406,0.5446803598362795,1562,0.9633362160586376,601,0.9197785173695051,575,0.6552415129830593,309,0.6857342401707058,669,0.5679248884558283,5881
5902950.0,1740350.0,1,0.9999999999750235,249,0.9157145128763653,24,0.7292255995203604,317,0.580228114648392,5467,0.4244807927287817,1439,0.559992399330942,828,0.9935521959258506,20,0.9686181691011756,24,0.6713038666934353,267,0.7398108987128821,313,0.8866749775404226,71
5984450.0,1750850.0,1,0.9999967270999879,1157,0.882600088266692,1129,0.729177230785267,318,0.6211793829200571,579,0.5000800307154937,440,0.5800518967903889,398,0.9512111814091975,1128,0.9106274012766947,845,0.3800361394056886,5401,0.66033672848678,894,0.4929147648859932,8568
5984350.0,1750850.0,1,0.9999953741680734,1176,0.8828131020833441,1125,0.72906607932816,319,0.6230808919190597,529,0.5047420996639846,386,0.5723348969865071,521,0.9509196718434364,1130,0.9089256079455575,885,0.372769305954434,5703,0.5836640221745784,1888,0.38008257649700294,11936
5988050.0,1752650.0,1,0.999999998965956,490,0.8914120625699862,655,0.729046616289276,320,0.589762568289007,3446,0.6261239289466066,12,0.5902673861621534,281,0.9602438115017765,756,0.9187548215785034,607,0.5784430601002629,645,0.9173878368677535,9,0.8165937466621321,285
5903150.0,1740450.0,1,0.9999999999789662,234,0.9145647580849744,41,0.7290460947738587,321,0.5777729267725519,6028,0.4058689401921032,1843,0.558433261572151,875,0.9932180206938195,28,0.968679123857736,23,0.5388895587361858,960,0.6962877423208753,584,0.8840280661797048,76
5986750.0,1751650.0,1,0.9999999809728525,686,0.8973569732351409,291,0.7290283120939206,322,0.6283630965035707,371,0.4897836176685424,539,0.621115826849728,59,0.9701838841794975,268,0.9376423475609498,190,0.6121992491419265,460,0.7883885585901245,151,0.8460816127494538,149
5985450.0,1752950.0,1,0.9999999997655711,374,0.8979187383818767,237,0.7289913126677721,323,0.5884264781416119,3678,0.4563841018623446,925,0.5320361930633966,2591,0.9671856231139071,402,0.92323549611926,482,0.4209824876834063,3702,0.554146724113655,2438,0.3604193356035277,12427
5987450.0,1753550.0,1,0.9999999954199161,587,0.8908489117553736,691,0.7289508965404886,324,0.6045731450856704,1426,0.5517241482848159,120,0.5531602783470926,1083,0.9570847841955576,908,0.9055642600428443,966,0.3798474767580533,5408,0.5717204804098619,2111,0.33612574012204366,13012
5984350.0,1750750.0,1,0.9999956506563497,1172,0.882769334108485,1126,0.7289052987418914,325,0.6234644419718957,516,0.5116908662086715,333,0.5777877027618215,427,0.9510145296873932,1129,0.9095972270425039,869,0.37655333191973184,5537,0.6376961963133316,1121,0.4537282818248508,9792
5985050.0,1751950.0,1,0.99999997842745,699,0.8980911813807159,224,0.7289025177447108,326,0.6158526679422575,769,0.38734581407023494,2290,0.5812580444580929,384,0.9671541820873555,403,0.9221156117352548,514,0.40619305780070825,4273,0.636504642303523,1144,0.6049377265060192,4371
5987250.0,1751750.0,1,0.9999998633809555,874,0.8986227803492742,188,0.7288116102803839,327,0.6349324564776824,195,0.6060924741051916,20,0.6261157347211341,40,0.9696505751051935,288,0.9355506211880605,220,0.6000025336134049,525,0.8431215332164068,54,0.8202574198352355,270
5984750.0,1752750.0,1,0.9999999573188623,763,0.8980497901163922,228,0.728762513970939,328,0.6095549216087135,1093,0.3587780325730895,3293,0.5655347850770702,676,0.9664671189828995,431,0.9184316037599487,616,0.3876760531878807,5052,0.5792126817979888,1970,0.5840869218941794,5219
5986850.0,1755050.0,1,0.9999999999773979,242,0.8893332218724549,802,0.7286558111192639,329,0.6037640315587129,1507,0.3307103076636986,4513,0.5539749916697505,1042,0.9617638005466494,669,0.9244225723844199,450,0.48515002204041835,1863,0.5157568045158049,3344,0.7878555223707892,485
5988650.0,1753550.0,1,0.9999999999125357,306,0.8908699939431383,687,0.7286418370207864,330,0.6043350678713518,1451,0.4653748800062466,786,0.5437424197413436,1624,0.9568629513260252,919,0.9021640905102286,1028,0.46951373699404986,2224,0.5755511124479304,2040,0.38690598032229984,11750
5983350.0,1750750.0,1,0.9999998379503666,895,0.8945330271238373,510,0.7286407784954116,331,0.6211379800086386,580,0.4633583339761086,812,0.5910981370937555,270,0.9649658965890564,507,0.9248963934845109,433,0.39657029632111707,4678,0.6381724644629176,1111,0.5829801610499366,5281
5985050.0,1752950.0,1,0.9999998894238142,854,0.8980581117252657,227,0.7284915516299649,332,0.6155600602367712,783,0.34862872366446956,3707,0.5662271522520831,656,0.9627140938186858,626,0.9115562526708401,824,0.39716868985664466,4649,0.47623343457293155,4502,0.5938205264353581,4802
5993850.0,1749950.0,1,0.9999999999866835,204,0.8904141764226605,722,0.7284475717239415,333,0.6449992499353817,70,0.28471546662906433,7144,0.5728631870745843,509,0.9636716631511473,590,0.9026620321843899,1020,0.5641682769812004,745,0.38408513117788756,7389,0.6979508414153506,1783
5986150.0,1753950.0,1,0.999999999993598,166,0.8974007403962817,287,0.7283527838642483,334,0.5673822306952153,8882,0.5084087698003235,366,0.5293184050145643,2892,0.9659833525547895,462,0.9317787893006199,287,0.5434112812536731,924,0.6418480145646683,1066,0.4616740718693355,9549
5987950.0,1754850.0,1,0.9999999999996845,40,0.8907449559825031,698,0.7283393595256883,335,0.5841413017395205,4563,0.47668570406803673,662,0.54797367118736,1338,0.9612276012845251,701,0.9224392243011832,507,0.7645588813356539,113,0.751305721893571,267,0.661520643020574,2581
5987650.0,1752150.0,1,0.9999999994495912,437,0.8914934397578067,650,0.7283089467868967,336,0.6159237203603085,765,0.5195145712536227,278,0.5913817467881849,264,0.9597570930627626,780,0.9129511755617158,770,0.6629255973669381,291,0.7928085479548209,136,0.8130493678049466,314
5985750.0,1753050.0,1,0.9999999998737674,326,0.8983626615274745,208,0.7282994596306586,337,0.5943705799649179,2651,0.3401284759650606,4080,0.5453262352622158,1526,0.9689757068396926,329,0.926736037712796,383,0.636965605376249,374,0.5142071348615878,3390,0.7551326381066215,834
5904850.0,1740850.0,1,0.9999999999999167,17,0.8896330775469063,780,0.7282401317226406,338,0.6264009833010933,430,0.4691503685354531,742,0.5944087594505076,244,0.9648721563515891,514,0.9159767547403916,688,0.7487707543575742,136,0.7390754151635506,320,0.8804562382369497,82
5985850.0,1752950.0,1,0.9999999996849647,393,0.898699236771605,183,0.728231643268024,339,0.5862562391075203,4114,0.38496543494097907,2347,0.521984904373855,3829,0.9677126862594668,385,0.921941163923463,515,0.6071138475821778,492,0.5688106489982226,2157,0.467616617002106,9353
5987550.0,1753350.0,1,0.9999999948116036,594,0.8908881447740654,686,0.7282284840489001,340,0.5891497915354268,3564,0.5584972729429166,97,0.5453509499464045,1524,0.9575592017256136,890,0.9073214603829844,920,0.4074927273031056,4217,0.5909117729162827,1765,0.35510900702109094,12539
5987550.0,1755850.0,1,0.9999999999989349,79,0.8897210692306506,772,0.7281643927935192,341,0.5827099798708846,4882,0.4803752631859176,628,0.5541340979028654,1036,0.9609393081414821,720,0.9245197421342335,444,0.6232048487905352,428,0.728065542864685,377,0.7199917544826283,1382
5986850.0,1753450.0,1,0.9999999997712099,369,0.8978441443906218,245,0.728158427782231,342,0.5823257198724875,4977,0.41514406287731437,1636,0.5443240247800922,1585,0.9632572554368359,605,0.9161489100349105,686,0.5951501117856595,545,0.6149576853164722,1412,0.7693548379628643,680
5987350.0,1752750.0,1,0.9999999999380123,294,0.8899757660231039,748,0.7281451619400667,343,0.5917850667755865,3084,0.4137704046415577,1667,0.5701269189407053,562,0.959427143027672,800,0.9138556380119356,755,0.6032143300262979,512,0.6696289309726227,804,0.8141292739204972,302
5986550.0,1750950.0,1,0.9999999893936841,642,0.8977409259190016,259,0.7280213422750382,344,0.6104829122165916,1038,0.336500112175413,4248,0.5688475770932251,592,0.9702793383654919,261,0.9324476510610136,277,0.6115380957084923,463,0.5308386088548388,2982,0.7893741019807727,465
5987050.0,1753650.0,1,0.999999999787353,363,0.8981501431987301,219,0.7279961500828487,345,0.5860644171460206,4157,0.3743137785612784,2729,0.5338633381384704,2419,0.9631191491683289,609,0.9139014529288619,753,0.7165765303165641,179,0.5100055785999125,3513,0.7194440545841567,1388
5903250.0,1740750.0,1,0.9999999998605844,331,0.9163107529436075,18,0.7279848291962852,346,0.5899968838458306,3405,0.3007817187787236,6133,0.5327529739578349,2521,0.9931526015761325,31,0.9627379587266814,40,0.6788913218593349,245,0.49704564510057925,3881,0.7720058100059293,640
5989650.0,1751850.0,1,0.9999999999969427,123,0.896161509921768,388,0.7279141739998118,347,0.5973879012646257,2220,0.5166998075808309,295,0.5454472465326572,1517,0.9700643938990023,270,0.9082109255282742,900,0.4254433768297967,3536,0.5718680156168168,2109,0.36210725499279994,12394
5987950.0,1753950.0,1,0.9999999998388027,344,0.8910367641791573,675,0.7278509029675587,348,0.6112168988941036,1004,0.43217091648353273,1309,0.5495839105684922,1253,0.9571774963256459,904,0.9021329461319777,1029,0.7004805123760216,207,0.62926085784963,1237,0.5245220354555853,7577
5985850.0,1750550.0,1,0.9999996967558613,963,0.8988499667403134,165,0.7277454604095923,349,0.6085810915349718,1156,0.39702501774747273,2035,0.5575893292220385,909,0.9667540238352659,421,0.9182056043904683,625,0.38431786742663077,5202,0.6005288024192839,1613,0.5649883111507383,6002
5994650.0,1749550.0,1,0.9999999995868807,420,0.9176787835844544,13,0.7276513756240875,350,0.6089292655789674,1134,0.28885382872498255,6878,0.5366347529352118,2147,0.9917409073757998,54,0.9515080835667871,92,0.5713518874855332,695,0.37854591747701494,7573,0.6782980576198722,2189
5989850.0,1753450.0,1,0.9999999999902409,183,0.8949925140668322,479,0.7276303865810989,351,0.5915949126470779,3112,0.5446990148887937,143,0.5884085368695924,299,0.9703227447955401,257,0.9149158064184677,721,0.7143969205581542,186,0.747484203853425,284,0.7984574007435556,399
5904950.0,1740850.0,1,0.9999999999695699,263,0.9145511219430997,42,0.7275585944955559,352,0.5792361814072142,5685,0.41330011651055915,1679,0.5597041309199442,839,0.9935586819707838,19,0.9695522023057562,20,0.547443970117335,887,0.6993116480787935,555,0.8849104566434969,74
5988050.0,1753150.0,1,0.9999999916893131,624,0.8921968231759703,606,0.72754632333952,353,0.6132356788588714,892,0.43496658610786826,1249,0.5396146333283655,1916,0.9587026335180517,845,0.9038918972527613,993,0.6446417744419335,345,0.5065360625907673,3616,0.48715749464857905,8750
5987050.0,1752250.0,1,0.9999999532845907,773,0.898459290719396,198,0.7275258486784526,354,0.613643367643506,876,0.6164363485191553,16,0.621290556249475,58,0.9704407330468381,253,0.9392966186498015,174,0.604786192136553,505,0.9065161425048708,12,0.8384984384520637,178
5989850.0,1752550.0,1,0.9999999999813558,228,0.8961509210823461,389,0.7274748907879376,355,0.5994483077937589,1952,0.45031425795245755,998,0.5555332751693843,986,0.9700375047438636,272,0.9071035098995829,925,0.7457499814746232,141,0.6837548057437742,688,0.6703127942997369,2372
5985450.0,1751550.0,1,0.9999989097601154,1091,0.8981215541882156,222,0.7274739582574739,356,0.5969771028644537,2277,0.4943751924599452,496,0.5498852732154491,1234,0.9656382250978561,480,0.9176225728170015,632,0.3651718301040633,6066,0.641228829345106,1076,0.4677110413756941,9349
5987450.0,1753450.0,1,0.9999999941397484,603,0.8973440652809133,294,0.7274572298483601,357,0.5749845908113157,6765,0.5271236915552303,222,0.5347333971609881,2340,0.9617487761932741,671,0.9135988413078341,760,0.5046146418136029,1473,0.6219131822596502,1326,0.4133443509686414,11049
5987150.0,1755750.0,1,0.9999999999995304,50,0.8899428376458763,752,0.7274484087783043,358,0.5913813793549761,3156,0.3730986747453781,2775,0.5247258178094163,3458,0.9599666802966667,768,0.9169566850889309,652,0.5928054406878441,557,0.5718219550271796,2110,0.4803832066716778,8967
5988050.0,1755350.0,1,0.9999999999966094,129,0.8899857878502853,747,0.7274472620888163,359,0.6008924417185949,1812,0.3255237275745641,4754,0.5369243180306582,2117,0.9604202185470361,741,0.918269905472395,624,0.5933772194378545,555,0.46494318213875097,4854,0.6917249195186617,1893
5989850.0,1752450.0,1,0.9999999999897153,188,0.8955057268272132,435,0.72744638718424,360,0.5908720499301929,3246,0.5497871096746318,130,0.5728416111064856,510,0.9699885189005802,277,0.9120993183937413,813,0.6946026831715445,217,0.7317728401678675,356,0.70446935573865,1655
5945050.0,1796650.0,1,0.997472563758687,1306,0.8955635004955591,431,0.7274140912069658,361,0.4080032455543938,21535,0.28332945185574765,7247,0.4324417893363155,19944,0.9758172010695003,111,0.9265073069810439,387,0.3856784129520212,5149,0.3970968014140237,6992,0.7019226031503107,1711
5987350.0,1753850.0,1,0.9999999955159842,582,0.8988783282303173,162,0.7273977800115554,362,0.6043711323328999,1441,0.383914610314117,2383,0.5399252341788706,1894,0.9630410670715644,611,0.9114841776016078,826,0.6335735228130158,383,0.45122861697404826,5285,0.6924093599312378,1880
5989750.0,1752550.0,1,0.9999999999952116,146,0.8956535032634143,419,0.7273804101202762,363,0.5856087539736525,4258,0.5516991109153463,122,0.5585404137962388,872,0.9702164970165453,265,0.9120236896121445,815,0.6547638177683983,311,0.6911712796894421,618,0.5088777939924085,8079
5984750.0,1752150.0,1,0.9999999697349475,731,0.8980015834805593,232,0.7273653242407443,364,0.6187283734793969,664,0.33178067936780387,4471,0.5686752051459524,600,0.9663482323933106,443,0.9178798702821807,629,0.3946129853863233,4744,0.499986776587809,3800,0.5911525346053753,4933
5987750.0,1752950.0,1,0.9999999586854728,760,0.8900939960447433,741,0.7272558451042465,365,0.614046524640049,853,0.3087280228377186,5675,0.5581646994811539,882,0.9592654426316751,803,0.9102590937507578,859,0.5267607789364344,1112,0.37689767328384416,7627,0.6785701059466569,2183
5988350.0,1753150.0,1,0.9999999999171423,303,0.8896165782666023,783,0.7271941584931944,366,0.5799561098961624,5522,0.4760663759022513,667,0.5459371761786747,1479,0.9571825174851394,903,0.9068766725789091,928,0.5913840485725214,562,0.676948358621027,747,0.5182515106270875,7766
5944550.0,1796350.0,1,0.9999997571111211,944,0.8959027885083286,401,0.7271505728719438,367,0.6042859526114928,1456,0.26868157885464583,8303,0.5304505312908011,2780,0.9750124644276748,121,0.9224793162742398,505,0.5452550848764015,908,0.35490296399369203,8287,0.6877435122393315,1983
5902950.0,1740050.0,1,0.9999999983449943,523,0.8879588294093894,879,0.7270750110969689,368,0.6080971628747163,1188,0.42919278326522003,1363,0.5803617086313944,396,0.9577644435175563,882,0.9439455173568275,141,0.6633810291250417,290,0.7265949331145034,386,0.8729563371525829,99
5984450.0,1750750.0,1,0.9999970676883354,1152,0.8815571725285228,1132,0.7270750030623976,369,0.6137452176258282,868,0.49144760944235905,524,0.5999871284033239,210,0.9517108390072953,1124,0.9145257607948055,737,0.40164899949232913,4465,0.6646917127586938,864,0.5990457551492001,4612
5989650.0,1754150.0,1,0.9999999999708278,257,0.8968903960449153,326,0.7270664107027587,370,0.6113693033523145,996,0.34988717924326845,3655,0.5596282200001076,843,0.9721548680009175,207,0.9111300635210932,832,0.572485873972109,687,0.42802099844406616,6046,0.7023161663253437,1700
5989450.0,1753650.0,1,0.9999999999082165,310,0.8903690124285089,725,0.7270426661861045,371,0.604598684307181,1425,0.561117986261892,88,0.6062824881817499,159,0.9583390009149801,860,0.9126557133849067,782,0.7651773291860673,111,0.7728826908414935,198,0.8219432952268513,265
5987050.0,1755750.0,1,0.9999999999990747,71,0.8900495850739227,744,0.7269730984634267,372,0.5965063738999736,2320,0.34230088450654644,3990,0.524664930083517,3465,0.9601364838638454,760,0.9166027471176198,666,0.584474869836171,608,0.5073748367177058,3595,0.4886163314589448,8708
5989450.0,1757150.0,1,0.9999999999901166,184,0.8896931886778489,775,0.7269592012051909,373,0.5935231092866762,2788,0.4104419979095326,1749,0.5609676033291026,796,0.9665777311185074,428,0.9198951259084112,572,0.6149225079854178,448,0.6089443078027379,1495,0.830810923221424,216
5986950.0,1752950.0,1,0.999999951023355,777,0.8965889333551664,354,0.7269528685690226,374,0.5983701112376258,2095,0.2925673027538172,6631,0.5443643489454685,1580,0.9642635457229276,544,0.9194795275752395,586,0.43182717555605077,3330,0.3183805931297131,9478,0.6470581772787818,2975
5985050.0,1752150.0,1,0.9999999630726963,752,0.8977694343776415,255,0.7269521418794143,375,0.611493966483347,991,0.31940965617261247,5071,0.5601810008035367,820,0.9665853639983357,427,0.9182834171025392,622,0.3903202312382228,4922,0.48894689875531216,4104,0.5834841414364169,5252
5984850.0,1751150.0,1,0.999999893834095,848,0.8966438763648311,345,0.7269242055974428,376,0.6114590964913625,993,0.47543932489822527,674,0.5707221443296441,548,0.9652185096225311,497,0.9201146439780702,565,0.38116733650745804,5358,0.6973465314380771,571,0.563942518228161,6052
5905050.0,1740350.0,1,0.9999999996618458,401,0.9172206816706492,15,0.7268920228044995,377,0.6123056896220256,946,0.2783683885149585,7603,0.5359784473937885,2204,0.9937395813062109,16,0.962317506878009,42,0.5922086460334459,560,0.38758844832609785,7291,0.7105316284771921,1543
5986450.0,1754750.0,1,0.9999999999949465,150,0.8904192655290012,721,0.7268809682236187,378,0.6057471862949204,1333,0.3244994498327066,4807,0.5202416637833055,4055,0.9601921357351381,759,0.9155385979393332,701,0.5375940508826674,986,0.43412428311064144,5866,0.4414871452287079,10213
5987550.0,1754850.0,1,0.999999999999108,70,0.8910099756469209,677,0.7268580052909663,379,0.5954190134447402,2470,0.4651490532481953,787,0.5711431673159263,540,0.9622895556387969,644,0.925184408187032,427,0.7969473997659828,77,0.7270266049229851,381,0.9045353440167186,52
5986850.0,1754950.0,1,0.9999999999168405,304,0.8892348384924109,814,0.7268359204897641,380,0.6031051632904683,1578,0.32662223161658394,4705,0.5611210506512385,790,0.962053711842257,655,0.9256181693695635,414,0.484014229119331,1887,0.48462423498236307,4251,0.77772961523655,577
5986250.0,1753250.0,1,0.9999999989217547,494,0.8996546381003806,127,0.7268107238537778,381,0.5991298638591183,1988,0.3236892276771394,4838,0.5293414430496517,2890,0.9689341162659065,333,0.9233921471995798,478,0.47404354855207853,2108,0.33967186743710376,8787,0.6364436942326709,3289
5987650.0,1752550.0,1,0.9999999971527955,558,0.8921985338128966,605,0.7267760514069593,382,0.6187156478745512,666,0.4589671296188341,880,0.5783827753725874,419,0.9605409726121015,734,0.9118854685047741,819,0.6546863795735824,312,0.5817295766900498,1926,0.7886621685003347,473
5989750.0,1755750.0,1,0.9999999999998153,28,0.890702402001737,701,0.7266739677022304,383,0.6051249455958085,1391,0.3807912152931807,2502,0.5525816686765899,1103,0.9657650085966871,476,0.912814209609232,777,0.7763497789116443,103,0.5448584456231771,2661,0.7886906516804423,471
5985850.0,1750450.0,1,0.9999986836014761,1102,0.8975673463840209,275,0.7265848607084432,384,0.5958391270149959,2413,0.48531051640367345,573,0.56599711503568,664,0.9661649216938645,453,0.9207736933791738,542,0.3823821070203768,5287,0.722164825765644,414,0.56974321923413,5808
5984750.0,1752550.0,1,0.9999969295938881,1153,0.8971540990991067,308,0.7265694092118508,385,0.6000573814055964,1893,0.510017509371433,350,0.5507690101229666,1172,0.9602523785143094,753,0.9067054713736518,936,0.35820066033035025,6422,0.6302620278163571,1228,0.4418268842944031,10204
5984750.0,1752950.0,1,0.9999998263451244,900,0.8968714927429814,327,0.7265145271170111,386,0.604006059344642,1487,0.3775855115731729,2606,0.5664798178164198,644,0.961354152586633,690,0.9091406101164992,879,0.38511725901835403,5174,0.6067106136352721,1523,0.5859437092947115,5151
5987350.0,1754750.0,1,0.9999999999995386,49,0.8895940079997298,785,0.7264811280995759,387,0.59160413612647,3110,0.42983489600213004,1348,0.5679261866420248,618,0.9613935274017342,686,0.9242756372399397,454,0.6344839378197749,378,0.7289932115265115,373,0.9048687013986669,51
5943750.0,1796950.0,1,0.999999999403357,448,0.8943556154916478,519,0.726471107449948,388,0.5960703484813428,2379,0.3507367715147258,3616,0.5300006556931268,2829,0.9727752648829512,182,0.9184724474673188,615,0.49124161740019245,1734,0.5709327745262892,2127,0.4542361205154586,9775
5902950.0,1740450.0,1,0.9999999999727396,253,0.9147437112244939,36,0.7264586233306771,389,0.5721999918588514,7548,0.41980218176199047,1539,0.5533920690232129,1075,0.9930120592317977,34,0.9670823837078723,26,0.589304987029969,573,0.7183471332459763,436,0.8776812892349362,91
5987150.0,1755150.0,1,0.9999999999870808,201,0.8909354415838998,683,0.7264245593152954,390,0.6129570947180472,905,0.3611339798424526,3216,0.5664183599050375,650,0.9628711227877089,620,0.9255267839517394,417,0.6459601194571258,342,0.47933782257316526,4408,0.7678191452444396,693
5983450.0,1750750.0,1,0.9999999485555575,782,0.8945883936494031,504,0.7263600762612833,391,0.6162458037319597,751,0.4292199482644365,1361,0.5896417408237801,289,0.9652929429059564,495,0.9243794799847965,452,0.40231213680074296,4426,0.6404316427366676,1083,0.597222895720129,4676
5983450.0,1750950.0,1,0.9999999804248904,691,0.8967133693406057,338,0.7263334387372572,392,0.6198070791260519,633,0.49861224925539477,453,0.5931869667120203,252,0.9661675935695094,452,0.9242504602690643,457,0.4067697978810687,4251,0.6902810348165133,623,0.6024632040283137,4463
5987650.0,1753450.0,1,0.9999999996605402,402,0.8902257866571696,731,0.7262887202781874,393,0.5899038649587515,3422,0.45784933203185546,901,0.5327733987808405,2518,0.956685424098195,933,0.9022998431126923,1024,0.3678334958593177,5947,0.5348424002594138,2896,0.32594101630208683,13291
5945450.0,1795750.0,1,0.9999995944607175,999,0.8892776212176928,806,0.7262879637395145,394,0.613248531360635,890,0.3304381642438117,4527,0.5420109878479622,1738,0.9600656662292513,765,0.9150793492248241,714,0.5424985734112291,933,0.5556077267415864,2411,0.5197448601846553,7718
5987250.0,1751150.0,1,0.9999999986070358,512,0.9002547641337301,111,0.7262854344054401,395,0.6197184246719339,636,0.3722902479552459,2807,0.5582454625888494,880,0.9702219386655465,263,0.9271126804434914,375,0.5931891416293087,556,0.4274732461083167,6057,0.7051475123357496,1643
5987850.0,1754050.0,1,0.9999999999988824,82,0.8893546552510687,801,0.726230464398213,396,0.5981469713666305,2120,0.38916213590207843,2244,0.5682269708965834,611,0.9612595886441594,696,0.9231825454485244,484,0.6258585526411723,418,0.6962333511802875,585,0.9004294627776137,57
5986650.0,1750350.0,1,0.9999999866849947,657,0.898828628580477,166,0.7261305812699995,397,0.609695215338927,1085,0.5046415298483959,388,0.57243572119955,519,0.9647244567377854,522,0.9193927032567751,589,0.579274439345814,643,0.7029198580508857,534,0.7984163299550457,401
5989750.0,1755850.0,1,0.999999999999905,19,0.8902040598679554,734,0.7260646141489763,398,0.60252249092911,1621,0.350227704215632,3637,0.5431848270517053,1659,0.9649345200131818,508,0.9102990086078486,858,0.6726966952189198,261,0.5163283825924165,3329,0.7529098802208845,867
5989450.0,1753750.0,1,0.9999999999458247,288,0.8901894229817469,736,0.7260631376339187,399,0.5995116243784134,1948,0.5499579741834055,128,0.6009858934748282,199,0.9583993877386562,858,0.9124210176608756,798,0.7896972857256264,84,0.7809240021678829,172,0.8230931832416495,260
5988750.0,1753050.0,1,0.9999999999298983,298,0.8910525863546321,674,0.7260485498119201,400,0.5959971796977933,2386,0.4152945608006609,1633,0.5676074729600122,623,0.9588998896508549,830,0.908604999876763,891,0.8108800970342543,64,0.61710481028798,1390,0.8029846426984113,373
5987750.0,1756750.0,1,0.9999999999997218,35,0.8959220855621646,399,0.7260087931457198,401,0.5813046206086934,5218,0.3746053814677693,2720,0.5189112028970674,4259,0.9741448865363356,142,0.9235305476250367,475,0.7037554284397312,201,0.5129520128966139,3425,0.6013876839857877,4513
5985750.0,1751950.0,1,0.9999999992463562,470,0.899388756257495,135,0.7259949176868671,402,0.6155912411392545,779,0.435594511170982,1240,0.5779692971825768,425,0.9700601434405164,271,0.9297605964803725,324,0.6779687789402478,249,0.6331236479145385,1182,0.8207136317651471,269
5989650.0,1752750.0,1,0.9999999998900286,319,0.8949417299477067,486,0.7259096638530584,403,0.5900154208107898,3399,0.5306718326968504,201,0.5447855307433049,1558,0.9689611641887641,331,0.9074362707401584,916,0.35955171031664523,6362,0.5560640504040433,2396,0.3265341839396416,13272
5944550.0,1796450.0,1,0.9994635132626946,1256,0.8957121524297119,414,0.7258720168217601,404,0.3992968661598168,21544,0.25963447770798204,8937,0.4053994792499465,21170,0.9746821419803323,129,0.9206877997308157,545,0.36066268031466486,6300,0.33233744351861816,9035,0.6482871847970875,2943
5945350.0,1795750.0,1,0.9999996230296022,990,0.8896537058585825,776,0.7256154988611084,405,0.6150354013331276,800,0.3077536395697539,5722,0.5332891374834219,2468,0.9600282435206082,767,0.9134123542823182,764,0.5540041845872614,826,0.4859437982428021,4207,0.4462332754336784,10058
5988350.0,1754550.0,1,0.9999999999986187,89,0.8914464058271896,652,0.7255970018267737,406,0.5940309614632503,2706,0.46482044641636133,789,0.5700897246702614,564,0.9628048269899305,622,0.9251900105025432,426,0.7569688425701608,126,0.6760719920446042,757,0.8726219414958905,101
5903150.0,1740850.0,1,0.9999999999109916,307,0.915615629380059,25,0.7255697069672473,407,0.5767686785093665,6297,0.332664241917321,4430,0.5299512245315624,2836,0.9928899870272035,36,0.9625365780990677,41,0.6336090375418185,382,0.5776296141735635,2005,0.8184702645999307,278
5988650.0,1751950.0,1,0.9999999961477521,573,0.8956471973100569,421,0.7254978505957416,408,0.6149827277654797,804,0.5087700938940196,362,0.585362508912451,333,0.9717599167398142,216,0.9146158228534875,734,0.5653663390959498,739,0.7746598377654953,189,0.6640152920144089,2518
5989150.0,1754350.0,1,0.9999999999997446,33,0.8952696044507797,453,0.7254703346494777,409,0.5913873572863614,3155,0.30664562691570757,5789,0.5484689860499744,1305,0.9749613619020774,125,0.9264616226408154,391,0.6279038809788913,410,0.48757702228691535,4149,0.7780708524774308,572
5986950.0,1753450.0,1,0.9999999996027638,416,0.8979326177264073,236,0.7253478121913722,410,0.5851586021893626,4353,0.3643108300994629,3085,0.5311845697605374,2682,0.9628729207799428,619,0.9123535504126211,800,0.6343268737588246,380,0.4823374571670209,4319,0.7138971877959004,1479
5989750.0,1752850.0,1,0.999999999994033,163,0.8956088399934424,426,0.725346195113049,411,0.5846547049275125,4470,0.5556402458321482,105,0.5474363546068582,1368,0.9696731406927067,287,0.9094388641138771,874,0.3598372443966442,6347,0.5678278913649937,2178,0.32871951974722646,13210
5994150.0,1749650.0,1,0.9999999999815623,226,0.8907226433907498,700,0.7252077949379261,412,0.6472049858099287,61,0.2743078783616381,7895,0.5598768462720268,834,0.9633520490945481,600,0.8988186684101913,1063,0.5070032361440027,1426,0.33289250868982034,9016,0.6591159599936371,2637
5987250.0,1753150.0,1,0.9999999982937022,524,0.8888018784915209,835,0.7251781221975094,413,0.5708138749653932,7947,0.4843126962912002,584,0.5304900376095416,2775,0.9564077578274792,946,0.9057988488528559,959,0.362755686123452,6181,0.5510356581266908,2515,0.3283103931612482,13226
5989850.0,1753350.0,1,0.9999999999945295,153,0.8950221140966266,476,0.7251358925780774,414,0.5848873115053668,4412,0.5435616079070545,146,0.5775324088233407,431,0.9700035864658576,275,0.9125445176359602,787,0.703180259555178,205,0.7290832439191863,372,0.7867622593294088,496
5985450.0,1751450.0,1,0.9999985144657874,1116,0.8974848565780289,283,0.7251336005571222,415,0.5918684344989802,3070,0.5423752109364142,152,0.5674246426672449,631,0.9659521904768914,467,0.9219021338047039,517,0.3787813098168251,5456,0.7467061535499813,288,0.5648419456035509,6009
5987450.0,1756150.0,1,0.9999999999998541,23,0.8949539416354068,483,0.7250975709270558,416,0.5684633863408133,8608,0.44407057661229943,1099,0.5245597149778907,3480,0.9733837869765065,164,0.9240402976586388,462,0.5674565490473806,725,0.6927429582435032,603,0.5801545801102136,5401
5902850.0,1740850.0,1,0.9999999999837468,219,0.9145072302401779,44,0.7250810973874647,417,0.5682368973902437,8658,0.4101073062670198,1754,0.5325500567397349,2542,0.9922438619611116,44,0.9633751480089552,38,0.5476620419997216,884,0.6684275616800329,822,0.7769027294844846,592
5944450.0,1796150.0,1,0.9999985434918213,1114,0.8902089972785081,733,0.7250123881512411,418,0.6132603177187256,889,0.2971041068616563,6344,0.5555737282771435,980,0.9619477160424813,659,0.9198198047844461,573,0.6175098914289439,439,0.42506347177258763,6147,0.7421136958593444,1009
5986550.0,1754550.0,1,0.999999999998755,86,0.8982240153059073,216,0.7250114025119359,419,0.5704770598482043,8036,0.5269106799446479,226,0.5260047179084468,3283,0.9658482867860977,471,0.9286317239625803,344,0.4458833760991714,2891,0.6009408964137016,1605,0.3994254398822654,11433
5986850.0,1755350.0,1,0.9999999999998246,27,0.8957066520750442,415,0.7249976123333551,420,0.5816736248650466,5130,0.34660975891109214,3813,0.5154140825396308,4811,0.9740932582548752,145,0.9222535412859711,511,0.6600816951359397,296,0.4950165124553454,3936,0.5724804913500743,5711
5983250.0,1750650.0,1,0.9999998025815074,919,0.89662727520811,350,0.7249222314904484,421,0.619824862096087,632,0.48689722409176084,558,0.5874535845427387,311,0.965112973191877,501,0.9192303635785394,592,0.3915466835205562,4862,0.6325212097042258,1193,0.5797768279405997,5414
5986850.0,1752250.0,1,0.9999999905850364,634,0.8966678279770505,343,0.7248499965202582,422,0.6130193274009967,900,0.4003183708453128,1958,0.5942114042959383,246,0.9693953660042768,299,0.9327197703479237,267,0.59520642926327,544,0.6688633935027766,815,0.8314446757741597,213
5984850.0,1752650.0,1,0.9999998063452058,915,0.8976186643417045,268,0.7247733445245403,423,0.5906380346345479,3284,0.4408834639284696,1154,0.5421754481535372,1729,0.9650272289483933,505,0.913880471641793,754,0.35606629625344666,6525,0.6678700144145018,827,0.5284097365280129,7422
5989050.0,1754250.0,1,0.9999999999717921,256,0.8968486702641706,329,0.7246717459405934,424,0.5996991732439569,1929,0.37931448869428436,2540,0.5572545954950355,925,0.972393067243308,194,0.9112626729566354,829,0.6588055438296779,299,0.4920404520538588,4024,0.7393520484292007,1052
5944450.0,1796250.0,1,0.9999981075656328,1129,0.8906917635768072,702,0.7246680069118023,425,0.6121328371469161,952,0.28194102567480855,7329,0.5411020245401844,1795,0.9616935693706029,673,0.9173224175739443,643,0.5479669360796899,876,0.3662451488931343,7956,0.6959321424585658,1815
5944450.0,1796450.0,1,0.9998679408767684,1233,0.8964353533094738,369,0.7246563347705964,426,0.39586462647019205,21548,0.29563125232192,6439,0.4175473259897406,20870,0.975583950326097,112,0.9230461067547496,486,0.37456987351887816,5619,0.36771552343367475,7899,0.6727559931165016,2319
5986150.0,1754050.0,1,0.9999999999941964,159,0.8971254228609865,310,0.7246499108449217,427,0.5650205705089906,9575,0.4594603581052091,868,0.5225473965439101,3743,0.9656346737398915,481,0.9284850271255487,348,0.5531061911515318,831,0.680993558517559,712,0.543285178631238,6863
5987450.0,1754850.0,1,0.9999999999994431,53,0.8906152797200197,708,0.7246425704745448,428,0.5903079391614406,3342,0.47332076212266777,696,0.5773001207862645,436,0.9624215734552269,640,0.9263643119112083,394,0.7330087831614123,164,0.7752992490051003,188,0.9256487084134417,36
5943950.0,1797150.0,1,0.9999999900120476,638,0.8954931759063097,436,0.7245362540230548,429,0.5969285731261789,2279,0.37010265546907506,2887,0.5252145414170761,3381,0.9730955690349756,170,0.9168225101207818,658,0.5793652107582516,641,0.5878939965145604,1815,0.4650956690780077,9438
5993950.0,1749950.0,1,0.9999999999707772,258,0.8899187036810959,754,0.7245216456103091,430,0.6393157569400969,127,0.30550156645405546,5864,0.5769659722544014,444,0.9630055410660175,615,0.9003740673654559,1050,0.6658032663571102,279,0.45332683856313416,5222,0.7382654754651463,1070
5988450.0,1753150.0,1,0.9999999998539868,335,0.8906042227979919,709,0.7245037411878701,431,0.5960549832531641,2382,0.3774677669812498,2613,0.5503950382129355,1202,0.9581302355608805,867,0.9049526285314938,979,0.7471698042168418,139,0.5491226022416867,2545,0.7640541309209228,738
5945350.0,1795850.0,1,0.9999989321674695,1087,0.8898010175317619,765,0.7244953366502026,432,0.617774770097453,694,0.2850886919122414,7125,0.5361358092553151,2185,0.9603929507473778,744,0.9139469321882119,747,0.6061392082016459,495,0.4344455316963932,5850,0.5335715394768494,7232
5986050.0,1753950.0,1,0.9999999999957785,139,0.8973090000180547,296,0.7244921093951773,433,0.5645288358398134,9699,0.4834798711845983,597,0.5287975034399839,2949,0.9659398307779994,468,0.9298577684094521,323,0.531411691990044,1055,0.723597867085857,407,0.5938220886507357,4801
5987050.0,1754150.0,1,0.9999999999953917,144,0.8975380008596062,278,0.7244276109740811,434,0.5855250001745232,4277,0.3404615780154127,4068,0.5351790839111623,2297,0.9661649196134348,454,0.9274486817367714,366,0.6952683530820598,215,0.4864238460483685,4190,0.7565544957983558,815
5993650.0,1748750.0,1,0.9999999990666666,486,0.9146711119305672,38,0.7243943472795529,435,0.5901906628460889,3361,0.3682199111064085,2943,0.5557867361160613,973,0.9913530812298518,64,0.9553339670147234,72,0.5979885023359492,533,0.6345978667807752,1166,0.8042513244304458,362
5986550.0,1754850.0,1,0.99999999998699,203,0.889921548311936,753,0.7242365971491638,436,0.6015774037798363,1746,0.2905800792878063,6760,0.5207526667169509,3987,0.9604672677040449,738,0.9160099820595744,687,0.5596299273247245,775,0.38501958156807603,7363,0.5017698427332011,8298
5985750.0,1752950.0,1,0.9999999996754301,399,0.8978255463748122,248,0.7242257234884742,437,0.5823083845796222,4980,0.3296384070634461,4564,0.5093753457990908,5859,0.9672394469334279,398,0.9188300369763103,604,0.5212282283978786,1196,0.490726774338373,4066,0.4140617024391051,11024
5986450.0,1754850.0,1,0.9999999999833586,221,0.8898001340788203,766,0.7242242982890075,438,0.606611422672631,1274,0.2883055019863395,6917,0.5279216130004805,3044,0.9603565558236261,746,0.9162570542536159,680,0.5734126316919825,681,0.37535116478707575,7663,0.6448388609881538,3042
5987750.0,1756650.0,1,0.9999999999997149,36,0.895596978434455,427,0.7241188999884604,439,0.5758822968891624,6533,0.38290509281091006,2415,0.5195410584267788,4162,0.9739490024643891,151,0.9230085661833962,488,0.6478928284129902,333,0.5459643164103294,2632,0.6482871298321746,2944
5989450.0,1757050.0,1,0.9999999999504297,282,0.8884972743135758,850,0.7241019137394958,440,0.5798920046474346,5539,0.4102814274823424,1751,0.5548211864078177,1004,0.9658333220708307,473,0.9187663477019656,606,0.4677291913491942,2274,0.6565153303596698,934,0.8616358297982907,117
5993650.0,1749050.0,1,0.9999999999546394,279,0.8893158526729436,803,0.7240423539127883,441,0.6293897218220936,343,0.4288008679387416,1369,0.5901798547447568,282,0.9624955381901836,636,0.9021896819854002,1026,0.6980210007311387,213,0.671243984214296,793,0.8023971733503523,377
5946350.0,1795050.0,1,0.999997392540993,1142,0.8894691181383587,793,0.7239973413093823,442,0.6138454661028633,862,0.33239259713319347,4447,0.5733930920961917,502,0.9620709999869352,652,0.9223241897533974,510,0.5936094189352694,552,0.5455222410875555,2642,0.82202373817002,263
5986050.0,1754050.0,1,0.9999999999942097,157,0.8979010503629661,239,0.7239454373602122,443,0.5698068639373909,8221,0.4403550838510042,1166,0.5129685341623053,5219,0.9657115224169615,478,0.9259890159685142,402,0.5512525327699198,853,0.6145555571386434,1420,0.45865805125351,9638
5989750.0,1752450.0,1,0.9999999999865334,205,0.8953248640400676,450,0.7239094744862932,444,0.5899996334752577,3403,0.32812945402793536,4632,0.528314371527942,2998,0.9695836074688836,291,0.9034460697423632,1006,0.6753297505975107,255,0.5204838982886449,3214,0.5935782636296919,4817
5985550.0,1752350.0,1,0.9999999986719765,511,0.89897291150939,159,0.7238688805406536,445,0.6204513486179938,609,0.2891559474265688,6858,0.5474167618733637,1371,0.9692276832443772,311,0.924464326710967,447,0.4189962428816091,3763,0.29896400972462867,10151,0.6365639365133853,3283
5984850.0,1751650.0,1,0.9999996219254866,991,0.8950906013030652,471,0.7238171299070327,446,0.6074918943150803,1229,0.301203638409727,6111,0.5546288795835361,1013,0.9603324591855987,748,0.9064457011466828,941,0.3790076043873367,5446,0.522909877066721,3160,0.566906184793609,5931
5985650.0,1752350.0,1,0.9999999988840562,495,0.8988715416805888,163,0.7237810638869705,447,0.614881736004599,807,0.28916607103186787,6857,0.5438550392602326,1619,0.9691659253238487,315,0.924446017886813,449,0.42599759331751896,3519,0.30453146380152274,9961,0.6380164205157409,3251
5902850.0,1740650.0,1,0.9999999999847458,213,0.9150552331346548,32,0.7237658029620876,448,0.5658431616320685,9323,0.42303564228998514,1472,0.5270532370323057,3171,0.9918636043256627,50,0.9610854713526946,44,0.5224184697451533,1180,0.6941249500747797,596,0.7257104357850451,1269
5989950.0,1752150.0,1,0.9999999996130515,414,0.8967123362959178,339,0.7237579497028068,449,0.6313207478531926,291,0.3564343114935901,3383,0.5606784651498948,801,0.9710210151869278,233,0.905794400819968,960,0.5801443224637775,636,0.41063738719986964,6580,0.6869718398115812,2004
5905150.0,1740850.0,1,0.9999999999852835,211,0.9140463259574306,51,0.7237281458593282,450,0.567888207690002,8757,0.42212276095632867,1494,0.5456524183202964,1507,0.9929030884049367,35,0.9668592482778534,27,0.5147531606585689,1298,0.677416758706592,743,0.8578224377538154,124
5985950.0,1754050.0,1,0.9999999999844458,215,0.8979826406759122,233,0.7236859415214854,451,0.5748308185274367,6811,0.4322357033666699,1308,0.5217024790586741,3869,0.9661756131168413,451,0.927128904158491,374,0.5783820496374904,646,0.6047508670021171,1552,0.6007597999928418,4548
5989550.0,1754150.0,1,0.9999999999993545,59,0.8951490444478266,461,0.7236557246489106,452,0.5700768446778514,8143,0.4159821302421406,1618,0.5542613450323394,1029,0.9708017756476888,241,0.9106679235949429,844,0.6649523514842112,281,0.7059252587728567,513,0.7981329500819503,403
5987450.0,1754750.0,1,0.9999999999993292,61,0.8902236331267199,732,0.7234659449065122,453,0.5891378209716344,3569,0.45966973121057086,863,0.5704198228195885,553,0.961790383296281,667,0.9239496106988513,465,0.6720057665839999,265,0.7609998835353291,230,0.9019569968560246,55
5989150.0,1752150.0,1,0.9999999999912947,178,0.895481113503679,438,0.7233351344141659,454,0.5747714454371088,6825,0.4757629160116898,670,0.5213935112602318,3917,0.9693660391596688,302,0.9045997289456366,987,0.3647275525017255,6090,0.5359863989158299,2868,0.3241471934536889,13334
5986950.0,1753650.0,1,0.9999999979162111,536,0.8984234224939732,202,0.7232978824174814,455,0.59008814709604,3383,0.31937486292266665,5076,0.5130310922926168,5210,0.9627310132472618,625,0.9090933917027831,881,0.4168664877035102,3852,0.30056576767493237,10100,0.5996417809984095,4586
5987750.0,1753050.0,1,0.999999999634634,407,0.8898713941018944,758,0.7232507342540985,456,0.5892700769182246,3534,0.367638178876093,2966,0.5574122197877329,916,0.9590450088872516,818,0.909677641390781,868,0.6027768288438686,515,0.540426152037395,2760,0.7719014191452943,642
5984850.0,1752950.0,1,0.9999998972996579,846,0.8972576042338231,299,0.7232486245766075,457,0.5968720022751262,2284,0.38183486004268247,2455,0.557832856452909,897,0.9616215540134566,676,0.9079316182406345,905,0.38204784875705755,5301,0.5789755752308465,1973,0.5836593027935459,5241
5989650.0,1751950.0,1,0.9999999999952056,147,0.8954183145969588,444,0.7232188822635273,458,0.5861558115667326,4132,0.5029830223377413,413,0.5399697254730357,1889,0.9693683838257358,300,0.9057015050783882,964,0.540207072314305,952,0.6160769789533829,1403,0.4322065161020523,10486
5985350.0,1751350.0,1,0.9999996218743006,992,0.8952690444218454,454,0.7232121139124316,459,0.5866359434852697,4030,0.5031113485126487,408,0.5649785936532155,687,0.9653072773917366,493,0.9234176040518749,477,0.3801965524749409,5394,0.706936505231323,504,0.5733830107128596,5683
5904550.0,1740250.0,1,0.9999999997603517,377,0.917879177570459,11,0.7231425323374431,460,0.6014994519345193,1752,0.42973079558338145,1350,0.5441858193818978,1594,0.9935274955893192,21,0.9609456291189682,45,0.6082919263760971,487,0.590000062929535,1778,0.7406197023766689,1038
5989550.0,1753150.0,1,0.9999999999608782,275,0.8953541694508191,448,0.7231401413444871,461,0.5785410938112118,5854,0.4992549284874625,448,0.5335482227270324,2442,0.9690520836464894,325,0.9041786799035937,990,0.5235605013605313,1163,0.6106617017278708,1473,0.42287715430224926,10750
5943850.0,1797550.0,1,0.9999999599872762,757,0.8956214243342466,425,0.7231244541640743,462,0.6123957507597086,941,0.27260115647442335,7994,0.542022658766181,1735,0.9744541186643764,133,0.9200212078308988,567,0.5727344329757589,684,0.37636591282689114,7640,0.704912219892791,1647
5989550.0,1753250.0,1,0.9999999999336264,297,0.8955817594414752,429,0.7229984982786007,463,0.5815126222039247,5168,0.511655618837444,334,0.5304657723907124,2777,0.968756758356674,341,0.9026951384646108,1018,0.4013991397565012,4483,0.5607589783625894,2309,0.34660658864707805,12732
5904650.0,1740250.0,1,0.9999999995547979,427,0.9134743429380872,65,0.7229209997042697,464,0.5835935159940274,4685,0.3275354632332749,4662,0.5505803320362082,1188,0.9926568803640181,38,0.9642852493167593,33,0.4527484411244813,2683,0.6065231314839135,1527,0.8546307475351986,131
5985950.0,1753150.0,1,0.9999999992902093,463,0.8984828017198636,196,0.7228628945674206,465,0.5903851865158368,3327,0.31064861805446414,5557,0.5243385271030764,3505,0.968269719482079,361,0.9211164109129939,533,0.5844454779333705,609,0.39932304198159185,6922,0.6759936796137881,2237
5987250.0,1751650.0,1,0.9999998610318177,876,0.8978943105695808,240,0.7228584780320574,466,0.6155944840297765,778,0.5911088938370224,35,0.6071787461610842,152,0.9688265594977872,340,0.9318484715485862,286,0.5867086654942991,588,0.8403512359679697,55,0.8124106516662648,317
5945450.0,1795850.0,1,0.999998409547284,1119,0.8896369579404212,779,0.7228518644124935,467,0.6166371278922756,741,0.26871934241798895,8301,0.5302533465376609,2798,0.9601050046675933,762,0.9122478674130111,806,0.5892253886210098,576,0.39806837708417053,6958,0.5071030929771704,8119
5987350.0,1753450.0,1,0.9999999979385976,535,0.8964348842546793,370,0.7228423146560755,468,0.5642796809504546,9767,0.5106398005683535,343,0.5289037749630039,2933,0.9610864299041378,708,0.9116289300695024,822,0.4446074821717474,2925,0.6232019809938035,1306,0.4214567836400748,10804
5944850.0,1797150.0,1,0.9999973115312656,1144,0.8896441278965459,778,0.7227895544481159,469,0.613477098695136,881,0.30866877446724195,5680,0.5599947587377688,827,0.9615523272496653,680,0.9188810409232755,603,0.6104058233563274,471,0.47664792665134725,4488,0.7718558749252556,643
5986250.0,1753150.0,1,0.9999999997662568,373,0.8993171773404199,140,0.7227493294547932,470,0.5921680912750549,3010,0.33304050702618027,4416,0.5361828086813685,2177,0.9692530049535008,310,0.9243834533120256,451,0.45024024305240884,2756,0.348970457998228,8474,0.6512525565424541,2859
5987650.0,1752050.0,1,0.9999999998487012,337,0.8897976562830887,767,0.7227096316447084,471,0.5897456026972333,3452,0.5699343331805858,63,0.5898632851214268,288,0.9588425618766356,836,0.9153001596825686,709,0.5565981154749748,800,0.8327944143649637,64,0.8232325076633696,259
5984550.0,1751750.0,1,0.9999999806931247,690,0.897852475223515,244,0.7226058174505794,472,0.6157949674536177,770,0.2808391597382944,7416,0.5511774192059922,1156,0.9658998625263568,470,0.9139083007138254,751,0.3855851815748008,5153,0.37448481010138,7695,0.5759813168849657,5578
5987350.0,1753350.0,1,0.9999999892660604,643,0.8975059614134795,280,0.722570476325347,473,0.5678834211486605,8758,0.4959041675221041,478,0.5158581261351466,4737,0.9615922834772549,678,0.9094670747321736,871,0.3500197351045581,6847,0.5428215969639725,2710,0.3158591723258446,13553
5983150.0,1750950.0,1,0.999999845136976,889,0.8973861494406024,290,0.7225528185964684,474,0.6373025734972521,155,0.36683652012013884,2998,0.5695149325580902,576,0.9659565804465888,466,0.9169960533911455,651,0.3958947079916064,4700,0.49161179572976244,4040,0.575760034565495,5589
5943750.0,1796850.0,1,0.9999999974308709,552,0.8952489788451389,455,0.7225233043604185,475,0.5849762137231613,4394,0.46630124236690285,777,0.5254154280692153,3352,0.9727189598643005,183,0.9173573679279082,640,0.39684653623150234,4663,0.5450239099716591,2654,0.3598250407341703,12438
5985750.0,1750450.0,1,0.9999998421498526,893,0.8970681369791839,314,0.7225035215155585,476,0.5900267313160884,3396,0.4292843290420835,1357,0.5664660604381393,647,0.9662918538737107,447,0.9197801502123698,574,0.39072680895289347,4907,0.706807852381863,506,0.5936728669176302,4811
5989050.0,1754150.0,1,0.9999999996187805,409,0.8912897047384443,662,0.7224826595490517,477,0.6051204863688657,1393,0.40397637989637253,1873,0.5674097044994999,632,0.9588890105721426,832,0.9060922690382334,952,0.7339162741319688,159,0.5429333831889014,2705,0.7695760728331973,678
5985150.0,1753050.0,1,0.9999997707918776,939,0.8978388177590583,246,0.7224789300361004,478,0.6077048446184906,1210,0.3142909040725195,5352,0.5478741253452631,1345,0.9622828803726686,646,0.9075118103745419,913,0.3866872536675595,5106,0.3494886881196262,8456,0.5838167647351309,5234
5989750.0,1753850.0,1,0.9999999999880034,196,0.8956966340820932,416,0.7224460431690215,479,0.590387923840668,3325,0.36666848312141587,3001,0.5545225697636336,1018,0.9708845916509913,236,0.9080091376305862,902,0.7625095633720196,117,0.5593310014078231,2337,0.7800463859321976,551
5984550.0,1751850.0,1,0.9999999843653047,672,0.8982089558928174,217,0.7223495781488194,480,0.6174628974873885,708,0.28613971322866744,7069,0.5522881490492925,1115,0.9662712335740475,448,0.9146443775372298,733,0.3899835755118022,4935,0.34578471366229757,8587,0.582059918098956,5317
5987250.0,1751950.0,1,0.9999999895538539,641,0.8973272888736941,295,0.7222802331549542,481,0.6123211515947091,945,0.5526694518382359,117,0.6138383736463926,101,0.9690787587365206,323,0.9333339498143411,251,0.5977933439514699,534,0.8436325031408469,51,0.8377687164237269,182
5902850.0,1740750.0,1,0.9999999999803133,232,0.9145788879016825,40,0.7222789061379797,482,0.5606577185894561,10844,0.4117377923188358,1721,0.5210018788271533,3965,0.9918244148863988,51,0.9607461528339625,46,0.5234181131985673,1166,0.6704392960122741,797,0.6872483084495316,1996
5983550.0,1750950.0,1,0.9999999737602641,715,0.8971611527358151,307,0.7222714074039807,483,0.6251482131666715,467,0.3583641576095686,3310,0.5678661485853767,619,0.9660949851234779,458,0.9182965666109506,621,0.3982343084557076,4601,0.5068636858726496,3610,0.5865388762764113,5126
5987850.0,1755050.0,1,0.9999999999999225,16,0.8960609377567631,396,0.722168612256622,484,0.5710214837599852,7888,0.39843986531011727,2005,0.5304346916981327,2784,0.9746955753412728,128,0.923992179320803,464,0.6387327145893131,363,0.578431864810904,1991,0.803826204976333,367
5943750.0,1797550.0,1,0.9999999662733154,740,0.8954223146503137,443,0.7221634510149374,485,0.6002200342916049,1876,0.3117432329514591,5494,0.5461201534426289,1468,0.9743986828867329,136,0.9206971883034382,544,0.6739385492101381,259,0.48215003141398627,4324,0.767413208099742,702
5987150.0,1751650.0,1,0.9999998979700107,845,0.89844705626755,200,0.7221391755978182,486,0.6192828201250964,651,0.498552105354789,455,0.5883784951053742,301,0.9688342356744939,339,0.9269275933151706,380,0.5776048397354836,656,0.7416175366240815,307,0.7958707554548117,421
5987950.0,1755350.0,1,0.9999999999969926,120,0.8893804329305071,796,0.7221218875192169,487,0.5842227194867216,4539,0.35654960785789647,3378,0.5512736608476557,1153,0.9611596133070741,704,0.9214492207776007,530,0.577975733922075,650,0.54082074898111,2751,0.7999809183240723,385
5989850.0,1753750.0,1,0.9999999999874483,198,0.8943130171675048,520,0.7221177740139207,488,0.5711141593605412,7860,0.5317970006737407,197,0.5535111047252992,1067,0.9688973159325732,335,0.9086621181965814,890,0.6029784417849947,514,0.7094665644374529,491,0.5877962294437469,5073
5943550.0,1796850.0,1,0.9999999956821315,581,0.8951118709396524,467,0.7221021910495953,489,0.5933949636156389,2808,0.3108801409158773,5542,0.5105675616986091,5622,0.9723198394673944,201,0.9129508216667509,771,0.45913760636132617,2499,0.48724429434084005,4162,0.3881713964176724,11720
5985850.0,1752350.0,1,0.9999999991591009,478,0.8987423387980662,175,0.722048946166635,490,0.6122211449401221,949,0.3042740691742303,5944,0.5495878914857665,1252,0.9693492628107954,303,0.9252962553679973,422,0.43780362578979337,3121,0.3261763587355281,9213,0.6552172366263255,2734
5986950.0,1753750.0,1,0.9999999997049094,392,0.897760155189852,257,0.7220048010440318,491,0.5761829737499543,6446,0.33068216137997275,4515,0.5200944180838795,4076,0.9626515474541814,631,0.9104617637621132,852,0.5427501988094877,932,0.3969618114305047,6997,0.6631814596424371,2534
5908850.0,1740050.0,1,0.9999999999604481,277,0.9158037478407485,22,0.7219832987638277,492,0.5893642683855019,3518,0.35527980714925966,3427,0.5082614374476915,6063,0.9922218223411187,46,0.9571529393040553,61,0.37525235104632015,5588,0.4829288534852747,4298,0.3427002128321708,12818
5945050.0,1796750.0,1,0.9911828567754212,1384,0.8954284483986789,442,0.7219007700953878,493,0.39186374120068046,21559,0.2689147909442311,8281,0.3840916528959708,21492,0.9734537262720273,161,0.9147202130635296,731,0.3327518491447722,7828,0.35312294984349313,8342,0.3281608160031977,13231
5988050.0,1755450.0,1,0.9999999999981157,102,0.8898184797296012,763,0.7218211747527383,494,0.5847444167666132,4442,0.3699965359381309,2891,0.5482434585385143,1316,0.9608686296954283,723,0.9197174004932036,578,0.6576797125917812,302,0.5538744061659762,2448,0.7999915849065007,384
5904550.0,1740650.0,1,0.9999999998816116,320,0.9127953448545633,83,0.7217724403017337,495,0.5717004050328601,7688,0.4165777581200436,1607,0.5552158726203987,994,0.99232224228358,42,0.965819390499583,30,0.43695681786348706,3145,0.6543863489143846,954,0.8751062379154676,96
5987950.0,1754550.0,1,0.9999999999965457,130,0.8913979280453685,656,0.7217401021485662,496,0.585325065200605,4325,0.5785078271188852,51,0.5775498472626628,430,0.9626747124690209,630,0.9255390871493231,415,0.5203611515130004,1211,0.8630018261147472,37,0.8711710329626694,103
5984850.0,1751250.0,1,0.99999985355084,883,0.8947299658188141,495,0.721716535963167,497,0.5972726382599343,2236,0.37655821189539623,2646,0.547854357252438,1346,0.963810412575448,577,0.9147431764610268,729,0.3630997524813251,6161,0.6088179664045186,1498,0.5461487198691238,6750
5944750.0,1797150.0,1,0.9999983539655464,1121,0.8900344505951766,746,0.7217047238532927,498,0.6135180997439172,879,0.3340877296943362,4375,0.5648661418002936,690,0.9617806174002571,668,0.919032962194909,595,0.7032370349259084,204,0.5108687019408981,3486,0.7918235220866571,448
5985150.0,1752950.0,1,0.9999998426426734,892,0.8980444455776163,229,0.7217013793007007,499,0.6082834851499117,1176,0.3204942883411652,5006,0.5460943926424726,1470,0.9622132249750165,649,0.9065355350040123,940,0.3844399753047977,5197,0.3549702012959828,8284,0.5785483881592436,5470
5987950.0,1754050.0,1,0.9999999999971265,119,0.8897596864134051,768,0.7216555995159745,500,0.5940793093803992,2701,0.3516937212814517,3571,0.5604585234280932,808,0.9611548393165615,705,0.92027965462698,559,0.7035089999749898,202,0.5819842635719389,1914,0.8320244973317357,209
5985750.0,1752450.0,1,0.9999999990162711,489,0.8983668719423562,206,0.7216428488695374,501,0.6055575634576326,1353,0.2898178888241281,6802,0.542379108243981,1711,0.9690908701110521,322,0.9245067332635744,446,0.41659142300488394,3863,0.30842772929609186,9829,0.6439248873346128,3068
5989350.0,1753750.0,1,0.9999999999729767,250,0.8894251677644288,794,0.7214140193148477,502,0.5864989338217514,4063,0.5172803678818869,291,0.585768975376553,328,0.95753873773776,891,0.90870459249766,889,0.7428675097778298,144,0.7596399951020917,234,0.81370860166714,309
5983250.0,1750850.0,1,0.9999999165491383,828,0.8965712423419593,356,0.721223216827107,503,0.6176228839680373,699,0.47011256047045163,732,0.5691419068909851,586,0.9648898482740055,513,0.9165110415661893,671,0.3812504765565208,5353,0.6187522983022586,1367,0.5628624924628232,6091
5987550.0,1753550.0,1,0.9999999992555817,468,0.8911057076162795,671,0.721124339553152,504,0.5991275969939244,1990,0.3821970582714659,2443,0.5146871006930344,4939,0.9566322336716729,937,0.8958471598055178,1090,0.388175468059639,5025,0.475534077634165,4524,0.3280450886826042,13234
5987250.0,1755150.0,1,0.9999999999950215,149,0.8906690830330919,703,0.7211190698505049,505,0.5968544121073729,2288,0.34929426984864437,3677,0.5457940008519331,1493,0.9615262189862764,682,0.9192936164515985,590,0.6129588486642854,456,0.4510487098583824,5300,0.7390840763509374,1060
5988350.0,1755050.0,1,0.9999999999976081,109,0.8908066744305363,694,0.7211136828655962,506,0.5918053571226448,3080,0.34721445693716424,3785,0.5309670707807752,2709,0.9612391010302384,698,0.9169432698390589,654,0.6427299232670258,349,0.4511276122850757,5294,0.7291592691863948,1212
5985050.0,1752850.0,1,0.9999999535116247,772,0.8985528042315967,192,0.7210654886299555,507,0.6028334167364379,1601,0.31227495232216324,5462,0.5450310993066815,1541,0.9668688833292984,418,0.9149937646516402,719,0.38425020725974246,5205,0.384780607915159,7370,0.5826898097339694,5293
5944050.0,1797250.0,1,0.9999999837114073,673,0.8950860578988038,472,0.7210416110199174,508,0.5881536999217086,3723,0.34073515913458824,4055,0.5083226667185271,6046,0.9723877551693326,195,0.9130781223718123,769,0.391811504269012,4849,0.4983791627673839,3841,0.3486719381365262,12693
5985750.0,1750550.0,1,0.9999998090013408,914,0.8968471210602416,330,0.7209431008494713,509,0.5910622991606104,3214,0.3594172854694736,3263,0.5542703485234555,1027,0.965928093654379,469,0.9166185971435147,664,0.38382535780548044,5230,0.602719529250456,1585,0.5832386853401599,5269
5986350.0,1754250.0,1,0.9999999999980147,103,0.8907825729275572,696,0.72091888227816,510,0.5711653183043611,7852,0.47717744994018757,655,0.5193446462871962,4191,0.9606982891773702,726,0.917336045001085,641,0.5777827731544547,653,0.6393967235861722,1101,0.47690189253328497,9055
5904450.0,1740650.0,1,0.9999999999720153,255,0.9137724260795023,59,0.7209137893709505,511,0.5712545811956423,7825,0.414488002874176,1647,0.5420036997464426,1739,0.9919343593172995,49,0.9622346717926274,43,0.5471838849146002,892,0.6722650397090593,782,0.8341873043213566,201
5984950.0,1751450.0,1,0.9999999738210323,714,0.8986274285463478,187,0.7208854788265132,512,0.6232580162905201,523,0.31317292006927594,5411,0.5608876920332133,800,0.9671203681528737,404,0.9164301629579688,673,0.40181168875955753,4452,0.38555705465229306,7350,0.5931982995862146,4838
5944750.0,1797250.0,1,0.9999965216554315,1161,0.8890089716758358,822,0.7208757823343361,513,0.605783859527172,1330,0.3264153527325447,4711,0.5647020881916961,694,0.9614366350333032,683,0.9194127703487045,588,0.541074792221467,947,0.5333421367668929,2930,0.8116893339072906,321
5985750.0,1752350.0,1,0.9999999992096382,473,0.8984757982315957,197,0.7207806569799532,514,0.6056354526832664,1349,0.294528738897235,6497,0.5431395433019076,1662,0.9691385616050117,317,0.9242687109881432,455,0.4231171443489412,3627,0.31479802076971375,9616,0.6480174605990641,2950
5943650.0,1796950.0,1,0.999999999518199,430,0.8940922990441262,540,0.7207701139708373,515,0.5832859926080532,4758,0.3330683882065777,4415,0.5088764038330602,5942,0.9716199703606522,220,0.9122347765810358,807,0.3801685976203213,5398,0.48994387153784946,4084,0.3433049386373952,12807
5987550.0,1754550.0,1,0.9999999999992497,65,0.8897584923192409,769,0.7207559027350822,516,0.5855231917452609,4279,0.4060730026557605,1841,0.5605497876582775,805,0.9610532027580598,710,0.9204767390937417,549,0.7206458956988336,177,0.6775339550953137,742,0.8826857478732066,79
5989950.0,1752050.0,1,0.9999999998425211,342,0.8965591973128759,358,0.7207515122996485,517,0.6072255967864498,1242,0.3826633352806989,2428,0.5508366290104288,1169,0.9708104878379386,239,0.9048860007446599,980,0.6787234746722393,247,0.4814188191171359,4351,0.7241526088691044,1292
5946850.0,1793950.0,1,0.9999995889001874,1000,0.8893931293970441,795,0.7207210307230937,518,0.6227688298057605,532,0.27072125331166613,8137,0.5604247294476044,811,0.961300141116814,694,0.9169977516687432,650,0.5052080353688329,1462,0.3501283644631119,8441,0.7061011869301173,1622
5903650.0,1740350.0,1,0.9999999999567615,278,0.9140410626197255,52,0.7206019516254282,519,0.5671381657402789,8948,0.2247840425193567,11410,0.48852058148392363,9771,0.9905249597769176,79,0.951901411760596,87,0.42653006923985826,3504,0.3938324770542396,7095,0.5010556046566548,8317
5985350.0,1751450.0,1,0.9999998134482985,911,0.8970514625961533,316,0.7205685547527303,520,0.5816794429563662,5126,0.46240989839838414,826,0.5494418900141017,1263,0.9654098012777759,488,0.916391312549995,674,0.36899018482132484,5888,0.703069640314179,531,0.560105120817966,6187
5946450.0,1794850.0,1,0.9999996732369214,970,0.8942335590740629,527,0.7203868938967137,521,0.5933734932354565,2812,0.28835666183634934,6914,0.5459585740323936,1477,0.9745356828587519,131,0.9225002461590412,503,0.4813039180040922,1955,0.45347952710191763,5218,0.7628564148540135,748
5902850.0,1740350.0,1,0.9999999999398959,292,0.9151416022196506,31,0.7203477664421093,522,0.5645397625775139,9692,0.3748209741994294,2711,0.5294472750632994,2879,0.99223510748122,45,0.9601159884176325,47,0.5318700077782602,1048,0.6565154560337212,933,0.8404817338808614,169
5987250.0,1753350.0,1,0.9999999934497432,608,0.89153796933347,648,0.7203227540910387,523,0.590638985429114,3283,0.43075098583084626,1328,0.5278605643902023,3054,0.9579067673669043,876,0.9006661472256376,1045,0.614305581643037,452,0.5240227804727979,3122,0.5851153521110793,5181
5908050.0,1742750.0,1,0.9999999823430655,681,0.8872695478229647,913,0.720296035570766,524,0.6115689475214204,985,0.4093894115934527,1769,0.5812240645324956,385,0.958941905843181,827,0.9465356404912364,123,0.6364487482902007,375,0.6629814937582827,875,0.8452839016645205,154
5987650.0,1753350.0,1,0.9999999669410795,739,0.8916304096324404,644,0.7202857027703288,525,0.6070665891805909,1249,0.41686076788614873,1601,0.5191071693062832,4227,0.957239885791774,900,0.8962690473878844,1085,0.41597824505690073,3884,0.4603418269397279,4985,0.3435553743939461,12796
5986450.0,1750450.0,1,0.9999999982235088,527,0.8971749230957087,306,0.7202780041676909,526,0.6002931804426683,1868,0.3250866518326499,4776,0.5495355135576294,1257,0.9638446380611998,571,0.915288653775794,710,0.6590435769512833,298,0.46166844573443133,4946,0.7318756030413003,1167
5988050.0,1753050.0,1,0.9999999808078514,687,0.8919529893177641,619,0.7202211513599682,527,0.592162848711616,3012,0.40862085171364015,1785,0.5206079347319246,4012,0.9586219182735212,851,0.9012879160358457,1040,0.5957176582743562,542,0.4243922110067948,6167,0.5407359502920902,6964
5946650.0,1793650.0,1,0.9999999998240412,348,0.8944492128213064,516,0.7201666102178919,528,0.5780436937767486,5961,0.3070971105330426,5756,0.5145980135811683,4955,0.9723729881519593,196,0.9137113036048534,758,0.5287222417423736,1091,0.5222500823234748,3178,0.6023071407788863,4472
5987050.0,1753050.0,1,0.9999999944138589,600,0.8974147608060786,286,0.7201654705739964,529,0.5849569926234861,4400,0.2802377017102936,7463,0.49650990572434467,8245,0.9619064760550095,661,0.9057238451274272,963,0.37200255370790347,5734,0.2452798816834154,12469,0.4506748953857169,9907
5944650.0,1797250.0,1,0.9999996669482064,973,0.89534777325575,449,0.7201367172392453,530,0.592709519502777,2932,0.30130729194626704,6107,0.520238446466742,4056,0.9737217681277608,156,0.9166004032887836,667,0.6707970439850306,269,0.4421918119983079,5617,0.6291957557178296,3520
5943350.0,1797350.0,1,0.9999999949588079,592,0.8951427944769718,463,0.7201057318791136,531,0.597280806663466,2233,0.2798334043457729,7492,0.53402064494687,2402,0.9734921967928181,160,0.9167202086519093,662,0.6249165412787543,424,0.41593169621046044,6436,0.723168407758888,1307
5988750.0,1752750.0,1,0.9999999999784739,236,0.8892664059094074,807,0.7200957663557714,532,0.5812091261047084,5245,0.3557157595835493,3415,0.5469649753169377,1406,0.9573741535708534,897,0.9034350262211284,1007,0.5831021264680181,619,0.5972396701389624,1666,0.7839442318246358,514
5984950.0,1751550.0,1,0.9999999642987368,747,0.898036154916046,231,0.7200722050597249,533,0.618711259892793,668,0.2771173841846955,7705,0.5486731387249544,1297,0.9663896205696155,440,0.9139495795366162,746,0.38898550922801145,4985,0.3321265487819277,9045,0.5765619759152794,5557
5984750.0,1750650.0,1,0.9999991332135084,1071,0.8826374294760005,1128,0.7199774745703675,534,0.6100634781164294,1063,0.4527874448337302,972,0.5644562181139238,700,0.9507501031029868,1131,0.903451568298005,1005,0.3706159842394605,5796,0.6519488150385105,976,0.5506483434850684,6576
5984650.0,1751750.0,1,0.9999999707790588,727,0.8976052006362804,272,0.7199641629393504,535,0.6125013882409716,935,0.2767343623649011,7733,0.5504445827957458,1195,0.9660069480994443,460,0.9139070357067528,752,0.38855353760558176,5016,0.34304314691997173,8668,0.5833765671552537,5260
5984850.0,1752550.0,1,0.9999956138078666,1173,0.8963925581056654,377,0.7199197716169137,536,0.5762915390090588,6418,0.5030111666059848,412,0.530996997999265,2706,0.9595116658390981,791,0.9036075545104293,1000,0.3417027488033124,7317,0.5793029852804467,1967,0.36610058774823206,12273
5985350.0,1752250.0,1,0.9999997507081437,946,0.896764859570634,336,0.7198488912745536,537,0.5929491804898244,2881,0.25044850750529024,9594,0.5258438257756187,3302,0.9653648305268095,490,0.9115196256950734,825,0.3625890058358415,6192,0.35458383191424414,8299,0.5471810041150187,6703
5987250.0,1751550.0,1,0.9999998470295789,887,0.8963217642321929,381,0.7198212042825566,538,0.6112410642691355,1002,0.5701194516385584,61,0.5991622715761737,218,0.9633569236617233,599,0.9206631287329182,546,0.578685819286638,644,0.8170668749437161,85,0.8031359709729173,370
5984650.0,1753750.0,1,0.9999999993362876,459,0.8961437201759488,390,0.719764157878757,539,0.5658397579193207,9325,0.5270203336598285,223,0.5546183075186022,1014,0.9637183372670693,586,0.9233649131250842,479,0.5500728348414933,860,0.7676610540883209,215,0.8192695016633997,276
5985850.0,1752450.0,1,0.9999999994955726,432,0.8987218466358096,177,0.7197623833230098,540,0.603127965162431,1575,0.3111081299948318,5526,0.5433569241185374,1650,0.9691023997651683,320,0.923617447532437,472,0.446005570486132,2888,0.33572823467729385,8908,0.6562059933366065,2705
5905150.0,1740750.0,1,0.9999999999665552,267,0.9143837064449728,46,0.7197129505095787,541,0.5627803141697908,10211,0.36132038310358233,3212,0.5151830817559224,4844,0.9917602165004088,52,0.9587938190013515,52,0.5183118390426154,1240,0.6466713333912583,1025,0.7226659295522615,1318
5987650.0,1753250.0,1,0.9999999890710288,646,0.8909091112423476,684,0.7197105938660334,542,0.5877859921491712,3786,0.3916290915204935,2180,0.5064594556674749,6413,0.9567212943271116,931,0.896188031700246,1087,0.36257256448073616,6194,0.4760812778169292,4505,0.31329302281786164,13622
5986150.0,1751950.0,1,0.9999999991174753,483,0.8973540661375942,292,0.7197081402482898,543,0.578167407169436,5935,0.3787630167261726,2561,0.5181504367099816,4369,0.9670029277834428,412,0.9190182757592085,597,0.5899905589307065,570,0.6108966414856819,1470,0.49442215914764875,8521
5986850.0,1752150.0,1,0.9999999834119011,676,0.8973083505806231,297,0.7196615039817529,544,0.6096211346456407,1088,0.36346679799163445,3127,0.5711283765374708,541,0.9688641732547105,336,0.9265454957532296,386,0.5780692829824686,649,0.5365022645430875,2853,0.7790291949390873,564
5946250.0,1795850.0,1,0.9999983964753876,1120,0.8892534364371356,808,0.7196101666997173,545,0.6078809419063843,1199,0.29994410105036057,6176,0.5310501826498137,2699,0.9596033662134351,788,0.9104463726322134,854,0.5980006788738439,532,0.48084852736853234,4364,0.5643042803169923,6033
5986350.0,1753250.0,1,0.9999999994087112,446,0.8987934109232167,170,0.7195841820986523,546,0.5816238889476321,5142,0.3181244268570517,5148,0.522332636432611,3772,0.9683064660645059,360,0.9204730758862812,550,0.43304262191513376,3282,0.32887100797462643,9134,0.6319857789965533,3428
5944450.0,1796350.0,1,0.9999997994187944,920,0.8957538207375193,412,0.7194820223719297,547,0.5850347749817063,4380,0.2659530032028912,8487,0.5034412705691643,6926,0.9736389204139292,157,0.9147336022682173,730,0.521980273058924,1188,0.3330679885159785,9013,0.6279983131277905,3555
5943850.0,1797050.0,1,0.9999998179264306,907,0.8891068198008429,818,0.7194631513297046,548,0.5996825528108201,1932,0.3285966344936283,4612,0.5529896879432877,1087,0.9603736331519815,745,0.9149834659663664,720,0.5892792369392965,575,0.5596711509900425,2329,0.8158082163597602,292
5905250.0,1740950.0,1,0.9999999999997855,31,0.8882147544860275,866,0.7194277172081414,549,0.6015812252796875,1745,0.415839390023719,1623,0.5450689909118488,1540,0.9625251880434017,635,0.9054544967773823,969,0.5526455105079984,842,0.6424256203233755,1059,0.5719235777842203,5734
5986250.0,1754250.0,1,0.9999999999978921,106,0.8903141628939681,726,0.7194136825435633,550,0.5698973763171221,8195,0.44671949389187526,1052,0.5083019853362317,6050,0.9598695290221065,774,0.9139507707744757,745,0.39902893110748106,4565,0.5515361505232408,2506,0.3646274650620309,12314
5906650.0,1742750.0,1,0.9999999972314149,555,0.8877661156161953,889,0.7193976384177887,551,0.5993960989230082,1956,0.39075933093384213,2203,0.5450178631423945,1543,0.9575079449576006,892,0.9387180779192488,179,0.6407896368197414,355,0.6470158174960854,1022,0.6923206620728063,1883
5904850.0,1742350.0,1,0.9999999978935379,538,0.8870112736578198,925,0.7193893526147317,552,0.5927868912400355,2914,0.42087300881039336,1518,0.5614800086278529,776,0.9574615813773849,894,0.9414003500037833,157,0.566956109947432,729,0.6865099161029078,658,0.8552935767478809,128
5944950.0,1796750.0,1,0.999999492650985,1020,0.8949515194094997,485,0.7193780378770366,553,0.592197692329335,3006,0.2465347000597709,9887,0.49952293241288037,7655,0.9730778864922077,171,0.9132034917470984,767,0.4271908118513267,3482,0.3169222571743384,9521,0.3648840961931137,12311
5943350.0,1797250.0,1,0.9999999919577075,620,0.8952131755870669,459,0.7193041876236936,554,0.596609474754933,2312,0.2973747434621317,6330,0.5399159582918243,1896,0.973726471407946,155,0.9175668710661018,635,0.6571039230681748,304,0.4464451194275806,5452,0.7441502560195057,984
5987550.0,1753650.0,1,0.9999999979724472,534,0.8915633347849132,647,0.7192798458412641,555,0.6003524667474083,1863,0.3736113499476636,2752,0.5104205656901635,5645,0.9569736710464711,915,0.8950350684534418,1097,0.42921435365499727,3404,0.39467608023333944,7072,0.35029321546033143,12656
5903250.0,1740450.0,1,0.9999999999997511,32,0.8881886706547992,868,0.7192366236823539,556,0.5987757144927117,2039,0.40369516729686095,1879,0.5702153216966931,558,0.9634607922725097,596,0.9094538673645173,873,0.5578134682639597,784,0.6929395530376694,600,0.8792040950163703,84
5986350.0,1753150.0,1,0.9999999997639499,375,0.8994104387841632,134,0.7192315689491348,557,0.5853631675105337,4316,0.3401519899750508,4078,0.5313464327598657,2667,0.9692716889202037,309,0.9230489016125036,485,0.42727866359322775,3478,0.3396981781014139,8785,0.6435076248554765,3085
5985550.0,1752250.0,1,0.9999999911461198,627,0.897514341474821,279,0.7192033359578232,558,0.5981781573976651,2118,0.2254335220636834,11355,0.5089863321086466,5920,0.9672016401872745,401,0.9165605649710169,668,0.3892048076350232,4976,0.23618076488317818,12888,0.5747904275022702,5637
5986650.0,1751650.0,1,0.9999999954836276,585,0.8967788508627745,334,0.7191349257660249,559,0.5996604375284704,1935,0.44371489517503937,1104,0.58482488358075,341,0.9691005973838869,321,0.9301268129991682,317,0.5872519552363662,585,0.748783878693685,275,0.8223998691594151,262
5986450.0,1750650.0,1,0.9999999968379505,569,0.8964868513462075,363,0.7191341728425383,560,0.5927642633350673,2921,0.35047964858716457,3627,0.5501890794093298,1217,0.9634111907292245,598,0.9150302947788482,717,0.6143066321198987,451,0.5439343910820004,2685,0.7789841859815789,565
5989050.0,1753150.0,1,0.9999999835298439,675,0.8917530492949385,635,0.7191325208728458,561,0.6090213821978931,1127,0.4324812253712972,1301,0.5531799008917013,1080,0.9583103600514177,861,0.9006443840119168,1046,0.666030681879365,278,0.4883436865394024,4121,0.718383622288256,1406
5987650.0,1756750.0,1,0.9999999999993434,60,0.8953556233227615,447,0.719100416662292,562,0.565370342930042,9465,0.360590376947293,3237,0.49880926465116276,7800,0.9730082222231105,175,0.917567148835101,634,0.5385856990787538,968,0.48889898637275,4105,0.5362912543117678,7138
5942950.0,1797050.0,1,0.9999999859664188,661,0.8956842149227748,418,0.7190900663511121,563,0.5999511344685982,1902,0.30782695086830675,5717,0.5423658022517802,1713,0.9739278432043622,152,0.9176988128727638,631,0.6152882728442767,446,0.42808783879640266,6043,0.7319840636486551,1163
5986450.0,1750350.0,1,0.9999999992019826,474,0.8968024285707847,333,0.7190880250789136,564,0.5946319389392773,2608,0.3482275234530142,3722,0.5478095142742049,1352,0.9629339650963783,617,0.9128828889152663,775,0.6250477620687132,423,0.5319911342017158,2958,0.7681533303747319,690
5944350.0,1797550.0,1,0.9999997408013942,949,0.8894918678791893,790,0.7190750790222257,565,0.6066155484232351,1272,0.26468592061400886,8588,0.5145660342799491,4963,0.9591794019436093,810,0.907593894665199,912,0.49096072645761857,1738,0.3828983975440098,7435,0.40415423448404,11299
5987850.0,1753950.0,1,0.9999999993248236,461,0.8887320598002972,840,0.7190672748857242,566,0.5721713583425443,7558,0.4799158543721552,634,0.5278154467382841,3059,0.955008979383663,1034,0.8981922679548804,1067,0.4123713301307932,4036,0.5629417530530543,2262,0.35670700590501037,12500
5985750.0,1754050.0,1,0.9999999999842439,217,0.8966311453803921,349,0.7190279376407674,567,0.56287798203378,10177,0.3355202596335071,4298,0.4929350674957355,8937,0.9644391064455701,538,0.9202219260986823,562,0.5105843195153725,1363,0.4766795521894056,4484,0.42912923313011886,10576
5946350.0,1795350.0,1,0.9999947886513643,1182,0.8893136797066693,804,0.7190277004871144,568,0.5958814118726812,2410,0.2833511881845709,7245,0.5174840071647545,4472,0.959832036466121,777,0.9107840993588205,840,0.5523159922321409,847,0.4402960064800088,5681,0.4540385714515567,9782
5987250.0,1755050.0,1,0.9999999999910829,179,0.8899528699514024,751,0.7190229565929491,569,0.5885394818810719,3666,0.3336262207729188,4387,0.5409405985566675,1804,0.9613927605028445,687,0.9189574692178597,599,0.6315551304200736,390,0.4599291203211435,4995,0.7494007154907204,919
5946450.0,1794450.0,1,0.9999996901709424,965,0.8889002731705692,829,0.718949129374909,570,0.5934785326702551,2795,0.3628227415804755,3155,0.5643840055795264,702,0.9612150097767298,702,0.9189563857303779,600,0.5751185810410704,668,0.6372356532816245,1135,0.8451890214614701,155
5946250.0,1795450.0,1,0.999999558651886,1006,0.8892457739990588,813,0.7189333696926673,571,0.5972273200314596,2246,0.31471947847713255,5330,0.5130908294213208,5200,0.9589584493584863,825,0.9078260635357682,908,0.3907677398832271,4903,0.4866934491880438,4184,0.34575989989342604,12750
5987050.0,1753350.0,1,0.9999999994472804,438,0.8963962364284821,376,0.7189232931949558,572,0.5640821839330182,9811,0.3440269959190597,3915,0.4926388519493635,8999,0.9605927015364892,731,0.9035763348917911,1001,0.3500504163751388,6845,0.48714498169225806,4166,0.30767754212501963,13780
5984650.0,1751850.0,1,0.9999999652178809,744,0.8978272973983419,247,0.7189226714175423,573,0.6121431632668907,950,0.27009174357140986,8197,0.5440475797967755,1603,0.9660042682635668,461,0.9127663552746141,780,0.38553135584250053,5158,0.28617757195113946,10647,0.5789774868759558,5443
5986450.0,1750750.0,1,0.9999999977863634,540,0.8964047431625995,373,0.7189010504398476,574,0.5858350075478992,4210,0.36199110961557446,3187,0.5367927393650235,2130,0.9630561505792412,610,0.9134302705212531,763,0.5749777980117493,672,0.578970861179626,1974,0.7700296185226835,672
5986150.0,1751850.0,1,0.9999999991634896,477,0.8976236360910061,266,0.718830901548921,575,0.5768418822052126,6276,0.34967675791780467,3661,0.5026658688103188,7065,0.9669122136973409,416,0.9167701281645744,659,0.3552816856372025,6553,0.48487593928126915,4242,0.31186441543460164,13659
5943750.0,1797450.0,1,0.9999998262724328,901,0.8956889418628606,417,0.718751478286286,576,0.6047103368505194,1417,0.29300408072564404,6598,0.5454026068054827,1521,0.9748951381022131,127,0.9203921149445682,554,0.5164296699374633,1269,0.3669706649228589,7933,0.7054170605651628,1636
5987750.0,1754050.0,1,0.9999999999982201,99,0.8892493208077746,810,0.7186727991084032,577,0.5825530504097542,4916,0.3989762215961962,1994,0.5469833937725105,1403,0.9603312587298425,749,0.9170431090657506,649,0.6380276031974589,367,0.6855895597518025,671,0.8683507537395998,107
5989150.0,1757250.0,1,0.9999999999232416,300,0.8898463322232342,759,0.7186356453804442,578,0.5830871737448569,4800,0.3872819005862673,2293,0.540793756738523,1819,0.966328953511519,444,0.9150587827707286,716,0.6371010540882001,372,0.48668331861966263,4185,0.750740634607888,902
5983350.0,1750850.0,1,0.9999999326434749,812,0.8950979713660839,470,0.7185986893867983,579,0.5976390322421611,2186,0.49530035139843437,483,0.5761379117873174,457,0.9648344387502321,516,0.9204823397669404,548,0.3888878517016864,4995,0.6682381950138975,823,0.5891298999226202,5018
5989450.0,1753550.0,1,0.9999999999798495,233,0.8931563866855204,574,0.718541168513398,580,0.5642893226128047,9762,0.44032156604303413,1168,0.5363565849524913,2162,0.9682020067851418,368,0.9036584668001384,996,0.46893257082907147,2236,0.6373339832106741,1132,0.6300720056169589,3484
5903350.0,1740450.0,1,0.9999999999996654,42,0.8883276362319832,858,0.7185203648969984,581,0.600291746258611,1869,0.3746418109908832,2719,0.5660492760538469,661,0.9635323472920234,594,0.9084004478993565,896,0.5694000281324318,709,0.6865594476805257,657,0.8780335915897568,88
5985250.0,1752350.0,1,0.9999999637265045,749,0.8988216039361805,168,0.7184960807352744,582,0.6040576637012367,1478,0.3047388419109868,5908,0.5412977410953131,1779,0.9670271015895746,409,0.9144593078207459,738,0.38733469640686613,5066,0.30687060433935587,9888,0.5832847562176967,5267
5989050.0,1752050.0,1,0.9999999999850344,212,0.8944459203181473,517,0.7184326034256355,583,0.5627302198620907,10224,0.3747148884639351,2715,0.49804563987037986,7942,0.9682164911985631,365,0.8986876927112435,1064,0.36744327130631294,5963,0.5027274387098053,3717,0.32023950247489863,13428
5945650.0,1798250.0,1,0.9999998373420746,896,0.8887164543086602,841,0.7183754838340907,584,0.5887587046434635,3631,0.29897957360690947,6232,0.5086119731540797,5988,0.9587760567526658,840,0.907653312329036,910,0.3829884369391816,5258,0.4801554561985244,4384,0.34333552302331816,12805
5988450.0,1753050.0,1,0.9999999999704186,259,0.8899741202186203,749,0.7183605817375939,585,0.5725651845564066,7455,0.38608310025260967,2320,0.528690397393283,2958,0.9571046546609273,906,0.9005849150059833,1048,0.6380495358773767,366,0.587477164224506,1822,0.7131507157053788,1494
5987050.0,1752950.0,1,0.9999999924591515,617,0.896603635524781,352,0.7182856431365977,586,0.5749596874197294,6772,0.2676480675794429,8374,0.4825478495745105,10990,0.9609814367220635,714,0.9026169231333185,1021,0.3510068223064209,6798,0.24456065166858476,12501,0.29959056618519964,14030
5989450.0,1753250.0,1,0.9999999998105671,354,0.8946640735705764,501,0.7182658843356965,587,0.56701688938902,8982,0.5279251662234297,214,0.5305966145041358,2760,0.9684441970474925,354,0.9030889349417992,1011,0.47740110120055457,2028,0.6106097380456812,1474,0.4051650419597004,11277
5984050.0,1751450.0,1,0.9999999010843288,842,0.8954802868586256,439,0.7182594765529797,588,0.606338217497869,1287,0.24926523656997532,9684,0.5361184489575437,2190,0.9641828364899562,548,0.9114580860764987,827,0.36663521990477776,6007,0.3539035156016631,8314,0.5530003591517664,6480
5947350.0,1793950.0,1,0.9999999994447413,439,0.8939405544696138,548,0.7182552696331864,589,0.5702848609888358,8092,0.3812263296606289,2479,0.5473117660578464,1381,0.9732296799493845,168,0.9199151962771814,571,0.5317272387288003,1051,0.6848495785286218,679,0.8307085734993145,217
5946350.0,1795450.0,1,0.999999390681561,1039,0.8895028495339097,789,0.7182139531229064,590,0.6017626534213988,1722,0.2955970331345352,6442,0.5145176839470766,4975,0.9591669009710035,812,0.9074961035131945,914,0.4862792432864824,1847,0.4403923355278476,5678,0.4021053537400714,11357
5986750.0,1755250.0,1,0.9999999999949252,151,0.8893668220429196,798,0.7180290699432855,591,0.5809399421942837,5314,0.298180235633002,6287,0.495480343219346,8447,0.9594415643891588,797,0.9106099838679523,846,0.4037046330425482,4367,0.38874222047851226,7250,0.36088363304692916,12420
5987550.0,1753450.0,1,0.9999999975349787,546,0.8909870672437757,679,0.7180107060400025,592,0.5936212218452279,2775,0.38894082238161043,2251,0.5157639838432593,4757,0.9567480342116359,928,0.895537156950074,1094,0.4549199258685326,2632,0.47945880551997944,4404,0.4255912612490006,10668
5993650.0,1748650.0,1,0.9999999991580955,479,0.913826748023976,58,0.7179947562161403,593,0.5796916351772674,5583,0.3229161353495624,4889,0.5405488343609729,1842,0.9905429382145619,78,0.9505581494078738,103,0.5392089590422291,959,0.5820814855959904,1911,0.7902383037117711,459
5944050.0,1797350.0,1,0.999999921500405,823,0.8948978656432334,487,0.7179832636354109,594,0.5889888983706881,3594,0.2640350379654202,8636,0.5053389490402944,6599,0.9726578365642964,188,0.9122224342994323,808,0.6101996490103945,474,0.39311062207488756,7120,0.47940119443195595,8994
5983650.0,1751550.0,1,0.9999999034726388,839,0.8955791566435067,430,0.7179556438558492,595,0.6054278510435107,1371,0.2338744251315625,10763,0.5247893130511305,3446,0.9640456952460669,559,0.9099745254044762,862,0.3585143401833898,6408,0.3336598174817562,8980,0.535772568225227,7153
5942950.0,1797150.0,1,0.999999975557999,707,0.8952380595170486,456,0.7178916583663996,596,0.5951204962936818,2525,0.2944329884721631,6503,0.5389982312754075,1952,0.9740100033619372,148,0.9178156326069343,630,0.6093947483994395,481,0.4214981838801273,6251,0.7314609841906659,1173
5904650.0,1740350.0,1,0.9999999999829496,223,0.9139419347849876,54,0.7178869521678872,597,0.5659841077486032,9281,0.38383389518643135,2389,0.5133957711999537,5155,0.9908667029278109,70,0.9557719681313376,67,0.495005190047646,1662,0.62432578564662,1298,0.5191805927808992,7736
5943850.0,1797150.0,1,0.9999999539536978,769,0.8893631323867308,800,0.7177705953779224,598,0.5958465780377109,2412,0.31996035563948305,5039,0.5178310332131817,4420,0.9588468150541215,835,0.9071288789321039,924,0.571716625090215,692,0.5105799128329358,3498,0.4581944009972867,9655
5988350.0,1754950.0,1,0.9999999999957092,140,0.891395173382637,657,0.7177659728363642,599,0.5857325166023349,4233,0.36402633083070324,3097,0.522544723507166,3744,0.9615268289086839,681,0.915491678671208,704,0.5545393246014858,820,0.40712975911095683,6681,0.6968520821597916,1800
5983250.0,1750550.0,1,0.9999999431386303,797,0.8957732888392346,411,0.7177000536986172,600,0.5995163906789519,1946,0.4784568252906009,643,0.5794576955025187,405,0.9650062271715076,506,0.9180542138898419,627,0.3924913159221076,4814,0.6432738933641111,1052,0.5963499321432482,4713
5989350.0,1753650.0,1,0.9999999999913507,177,0.8941323793507007,537,0.7175672121194309,601,0.56657137426048,9087,0.40535835302748596,1852,0.5514687497134318,1144,0.9698185862797847,284,0.9068532570706825,929,0.6238322448778753,426,0.6963927514898168,582,0.7946618210012751,426
5946750.0,1793550.0,1,0.9999999987965102,499,0.8940344566663138,544,0.7175149720577892,602,0.5798163746048324,5556,0.2703678650204755,8168,0.5279791243897783,3038,0.9730761734162418,172,0.9159053376974893,692,0.4700033012203759,2211,0.43653538674336756,5801,0.7412088106497672,1028
5989450.0,1752350.0,1,0.9999999999825293,224,0.8955408764636742,432,0.7174965289454254,603,0.5689932094728867,8467,0.4004422186400883,1953,0.4995925328462743,7644,0.9685720595309435,348,0.8971989258309248,1080,0.3421564388713927,7284,0.49803433359050575,3853,0.3035032412804055,13912
5904050.0,1741150.0,1,0.9999999999625,273,0.9136883403324232,61,0.7174721355233109,604,0.5669398840950841,9003,0.3808016925547773,2499,0.5272424307896517,3142,0.9914767421684328,60,0.958502049088299,54,0.5290186542425214,1088,0.6524902821720674,972,0.7530785466244079,863
5943950.0,1797250.0,1,0.9999999864951237,659,0.8950556916274185,473,0.717444386732007,605,0.5764540738424707,6379,0.3813499053709258,2472,0.5084043200903252,6026,0.9723306140236452,199,0.9126619264490311,781,0.48275504460843754,1916,0.5520054641331311,2493,0.40666617028247987,11245
5988050.0,1752550.0,1,0.9999999999259719,299,0.8905058509393493,711,0.7174288057157815,606,0.5703750419041071,8068,0.4206335171702393,1520,0.5361553661611502,2181,0.95855655580352,853,0.9050270868639751,977,0.5455781883387132,903,0.6064572385448452,1529,0.7794216209998277,560
5903450.0,1741250.0,1,0.9999999542435826,766,0.8866350235655034,944,0.7173704465011169,607,0.6014192629332672,1760,0.3895945321126236,2231,0.5768711118811715,447,0.9577174555922449,884,0.9423971080382002,151,0.5574826935012815,789,0.691409151230474,612,0.8925979804878418,64
5944050.0,1797150.0,1,0.9999999859429176,662,0.8941718237623723,534,0.717270292989817,608,0.5839406369481975,4602,0.2787128507242536,7565,0.5154232354296456,4810,0.9725621913347209,190,0.9135732182838774,762,0.5165755364793079,1267,0.4586346466284954,5040,0.6501702622118546,2881
5943450.0,1797250.0,1,0.999999984415687,670,0.8951167750079407,466,0.7171017168508236,609,0.5984661021184068,2081,0.25317504262342505,9386,0.5261330115353225,3265,0.973402834851812,163,0.9146838499850293,732,0.5062610064114009,1441,0.33283554945982596,9019,0.6743754856078347,2271
5904350.0,1741950.0,1,0.9999999900021844,639,0.8868582315651656,931,0.7170469002256811,610,0.5880608193067678,3741,0.4466541236661463,1053,0.5710169601580253,544,0.9578779465566373,877,0.943738060816143,144,0.5892910094082626,574,0.725855229698315,394,0.884126762511782,75
5945550.0,1798250.0,1,0.9999999060994497,837,0.8886881213762786,842,0.7170309848574697,611,0.5835917438111361,4687,0.31002323045403024,5590,0.5107165306483518,5593,0.9588284313069824,838,0.9078597733710758,907,0.498615141263413,1584,0.5111318651267507,3475,0.4230878617074296,10739
5906650.0,1742850.0,1,0.9999999982771897,525,0.8879931836655578,877,0.7169696093683703,612,0.5912649431745276,3177,0.45277395092670497,973,0.5277282504922978,3072,0.9567520578074065,927,0.9355592421826628,219,0.42741440166343314,3475,0.5470492276028827,2596,0.3801478709859816,11934
5987750.0,1754150.0,1,0.9999999999995046,51,0.8893721439570896,797,0.7169660773197715,613,0.5732914009828269,7245,0.45701816188263733,913,0.5587198442252382,866,0.9609685528619984,717,0.9202492981921959,561,0.5906874601419968,566,0.7829215443973611,167,0.8789182286197511,85
5944050.0,1793750.0,1,0.9999999146415777,832,0.8886577854511382,846,0.7169467077733304,614,0.5976837399052232,2178,0.31805467360475675,5154,0.5554758382837652,987,0.9600548406409498,766,0.9140116164461533,744,0.5400596104747699,954,0.5375555251864768,2822,0.808425087148086,342
5946350.0,1794950.0,1,0.9999984208011267,1118,0.8890237046545815,821,0.7169292894309212,615,0.5937363935719909,2754,0.3104640587411853,5569,0.5449885858742622,1546,0.96064283229836,729,0.9148302554639192,725,0.5675511810773842,724,0.5076089853787228,3585,0.7852933822623139,505
5986350.0,1754350.0,1,0.9999999999989726,76,0.8904422468817694,718,0.716658439890133,616,0.5626664632187807,10250,0.4574625349148489,905,0.5050724494107113,6654,0.959904713210131,773,0.9133127556438829,765,0.39764502825713754,4624,0.5551636457423986,2423,0.3643346399344487,12325
5944350.0,1796650.0,1,0.9999975699097664,1138,0.889911124142745,755,0.7166242206171591,617,0.6020421492470569,1675,0.25820780960441553,9035,0.5033209069272123,6951,0.9594482102585679,795,0.906352849390069,943,0.38736448901162523,5065,0.30431586360485796,9975,0.33910649669745274,12913
5987150.0,1755550.0,1,0.9999999999988547,83,0.8892324447913922,815,0.7165994216855684,618,0.5603834434630873,10925,0.369827130971762,2893,0.5064789994850017,6405,0.9593704322612353,802,0.9129066370814009,773,0.5775470628717212,657,0.5698523768477008,2144,0.6007627029278036,4547
5904550.0,1740550.0,1,0.9999999999782301,237,0.9138474434444108,56,0.7165900745493798,619,0.5624394273583768,10317,0.34197179426389934,4002,0.49433738253758164,8665,0.9900552864499272,89,0.9512485803203496,94,0.35641467385637227,6504,0.48545500873399305,4225,0.3363531536966865,13005
5989050.0,1752150.0,1,0.9999999999926037,171,0.8947765603244158,493,0.7164745321884787,620,0.5695546956743447,8303,0.33628683195317083,4259,0.49885999068160247,7788,0.9685021659922495,353,0.8972691077734588,1078,0.4810683928996574,1961,0.5275881037503054,3039,0.3867449621548501,11756
5946350.0,1794450.0,1,0.9999995034868986,1016,0.8889469581125218,825,0.7164697195083455,621,0.5910691659129865,3211,0.32895057850653076,4591,0.5506517936424542,1178,0.9607577529853195,724,0.9154608200672004,706,0.5831202688447932,618,0.5557069853001536,2407,0.8173392401205425,282
5989850.0,1755750.0,1,0.9999999999998277,25,0.8898764310134779,757,0.7164328166088741,622,0.5781726217926473,5933,0.34465383846693587,3887,0.5271840342333277,3151,0.9648236242508673,517,0.9069545721737013,927,0.6413369629452381,354,0.47665184530371196,4487,0.7455367474861766,969
5987050.0,1755550.0,1,0.9999999999986802,88,0.8885837580918706,848,0.7163962966770524,623,0.5593389312137336,11328,0.3591722507890966,3275,0.5056060252845176,6553,0.9590185352425743,821,0.9125213550160753,791,0.47522117025749144,2080,0.5743924904027495,2063,0.5915053472695968,4908
5943050.0,1797050.0,1,0.999999946752147,785,0.8954163165328699,445,0.7163756466108199,624,0.5944910911579954,2627,0.3057490527657614,5844,0.5379235255238297,2044,0.9739570582851577,150,0.9168740932516433,656,0.6189573456626036,433,0.43062714477817066,5973,0.7347835518997299,1124
5909450.0,1740150.0,1,0.9999999996841749,394,0.9135552972521498,64,0.716351478515553,625,0.5802225549533367,5468,0.4233138733321369,1464,0.5177253922753613,4434,0.9915485593919307,59,0.9581281650546476,56,0.37639024873965143,5542,0.5067665929675278,3611,0.3520554180778299,12606
5983850.0,1751350.0,1,0.9999999220805106,822,0.8951296290053835,464,0.7163285610686009,626,0.6033502996051772,1551,0.2530692263065414,9398,0.5405630210239047,1838,0.9644605141502417,537,0.9125186738837496,793,0.3759222415009684,5558,0.3561429049163093,8249,0.570459341173691,5785
5946350.0,1794550.0,1,0.9999996927100462,964,0.8886641253137639,844,0.7163086675930028,627,0.5867252851458675,4018,0.3570362036724496,3357,0.5562368842033537,959,0.9608746015966549,722,0.9170780918544522,647,0.5561630386823648,805,0.6270577119829411,1265,0.8381924487286794,180
5906550.0,1742750.0,1,0.9999999987482735,507,0.8875968708590014,895,0.7161277204433116,628,0.5873302038209331,3884,0.41959024029195713,1546,0.5306084379771794,2757,0.9568459812896777,921,0.9359693505502099,213,0.5296057708240196,1081,0.6363048529421528,1152,0.5227122874186706,7627
5902950.0,1740850.0,1,0.9999999969321614,567,0.8874856995343607,900,0.7159336922841296,629,0.5794292382749184,5642,0.4210373513016263,1512,0.537290662354852,2085,0.9565360984298867,940,0.9357069372889644,217,0.5870421947341802,586,0.7013657716914958,541,0.722055542989444,1334
5946450.0,1794050.0,1,0.9999999981349936,530,0.8938643367528409,554,0.7159054658202524,630,0.5765045803202172,6363,0.25872779836372733,9003,0.5104333172759907,5641,0.9723269923578018,200,0.9124266351150978,797,0.45537794718871105,2619,0.422893281274732,6208,0.6847033169050144,2044
5987150.0,1751850.0,1,0.9999999873780724,655,0.8966670702058301,344,0.7158808077684402,631,0.5961638116941604,2368,0.43371718497490985,1277,0.5637007345797869,722,0.967236140859656,399,0.9216745179200222,525,0.5565932866319077,801,0.715797879166673,458,0.7784833195792562,569
5904250.0,1740450.0,1,0.9999999998607261,330,0.9136617465379865,62,0.7158800073748091,632,0.5737576377003427,7109,0.28581456353634904,7084,0.5227162550823193,3727,0.9913266781319696,65,0.9555801532494618,70,0.5236186035871029,1161,0.5146689376999362,3376,0.7846203841145802,509
5987050.0,1755850.0,1,0.999999999999825,26,0.8942271898722607,528,0.7158797315859872,633,0.5552381173272819,13194,0.3038482745921928,5966,0.48881452764138933,9710,0.9721790815660076,204,0.9145835991821983,736,0.47518145577870485,2082,0.4358384979833283,5813,0.5669414156732502,5929
5987150.0,1751950.0,1,0.9999999641957573,748,0.8974992935654549,281,0.7158254558853002,634,0.6127754735595962,918,0.350262099877979,3636,0.5664713297878226,646,0.9682338129742007,364,0.9221295344001338,512,0.5719406303378413,690,0.494892983905036,3938,0.7523162474970821,875
5987850.0,1754450.0,1,0.9999999999989371,78,0.8903780204615307,724,0.7158195704055133,635,0.5708912194237233,7919,0.4461420503905311,1063,0.5370735633098948,2100,0.9605966391644934,730,0.9156002884888202,696,0.5676784002654596,722,0.6657401131866771,848,0.8481367983473056,145
5944450.0,1797650.0,1,0.999999352251104,1044,0.8949973076830654,478,0.7158161556064757,636,0.5912326206754944,3183,0.23725527472932834,10529,0.4976739266006427,8018,0.9728534593173889,179,0.9110563601759825,835,0.49767232213008117,1604,0.2911119886967677,10450,0.4325220445817727,10472
5909750.0,1740350.0,1,0.9999999994265267,443,0.9162777299079696,19,0.7157432998868173,637,0.5957915685847266,2422,0.21502046669414743,12127,0.4933697448918196,8850,0.9934712506966478,23,0.9568745290861675,62,0.3879030949753697,5036,0.20322823086239505,14554,0.47266571438710137,9187
5946750.0,1793650.0,1,0.9999999963477424,572,0.8946590634967623,502,0.7157260112023874,638,0.5836487618464885,4667,0.2691624104309894,8263,0.5285382650379629,2974,0.973577223692543,158,0.9159171451103103,691,0.5352034860648747,1014,0.3740961299644807,7709,0.7050286157464067,1646
5988650.0,1753650.0,1,0.9999999997701778,370,0.8904500220154282,717,0.7157108697309016,639,0.5800855398245929,5487,0.40074688883023957,1947,0.5052443582668391,6621,0.9554921887029051,1004,0.8916463880280995,1116,0.3412169382250321,7342,0.49709877149512194,3879,0.3024232669303373,13940
5989550.0,1751950.0,1,0.9999999999699347,262,0.8953221215650932,451,0.7156240299379235,640,0.587704599880169,3805,0.2588122907961957,8995,0.49538559868844423,8461,0.9685974989233479,347,0.8948935249944943,1100,0.503564311825912,1500,0.328478167458939,9153,0.3927957612074924,11600
5946450.0,1793950.0,1,0.9999999538419594,770,0.8881810264422916,869,0.7156016311138694,641,0.5881462383886271,3724,0.28115714539322134,7393,0.5361923345634473,2175,0.9594717931449919,794,0.9109089505938178,836,0.4435088580153932,2963,0.47130234963807804,4668,0.7625997454485212,754
5943050.0,1797150.0,1,0.9999998934708447,851,0.8957329327129814,413,0.715576807573037,642,0.5959117899288423,2402,0.29907847857704883,6226,0.5337292418165962,2429,0.9740984189792431,144,0.9161759110218299,684,0.5365425281561411,1003,0.377395249181826,7608,0.7010235453870911,1732
5904450.0,1740550.0,1,0.9999999999682794,266,0.9132718946594758,72,0.7155759887240657,643,0.5605120038837337,10890,0.336924972900353,4228,0.49437549064530495,8657,0.9897804058041418,91,0.9506003596484001,101,0.41803115302811134,3806,0.5095102635437961,3524,0.37413274966390486,12078
5993950.0,1748750.0,1,0.9999999999229516,301,0.8888157113062234,832,0.715569438741099,644,0.6024894648400704,1627,0.3135097438208168,5399,0.5495636820771341,1256,0.9620064594727283,658,0.8958233082554012,1091,0.6138954747409074,453,0.539622020465845,2774,0.7864073566753336,501
5909850.0,1740250.0,1,0.9999999995986297,417,0.9162251749544437,20,0.7154575517245875,645,0.5953817675664149,2479,0.2265805915434571,11270,0.5066637168552552,6371,0.99405012547409,12,0.9596878812480408,48,0.40302466878275167,4396,0.23509297990758515,12943,0.6249610373873011,3635
5985050.0,1752250.0,1,0.9999995700821179,1004,0.8971088069526353,311,0.7153947219855727,646,0.5879002579777902,3765,0.21060414788893142,12453,0.49257752581782266,9018,0.9641776590219558,549,0.9036349328233534,998,0.33192333376157046,7878,0.202300777803453,14597,0.40554758133468005,11271
5983950.0,1751350.0,1,0.9999998581693491,880,0.896239101985396,385,0.715314490988803,647,0.609484913020884,1097,0.2371226632715802,10541,0.5245577610264546,3481,0.9642831249824156,543,0.9089877431832818,884,0.3611186309114428,6269,0.25434009762576804,12050,0.5372692033983543,7105
5985950.0,1754150.0,1,0.9999999999864959,206,0.8962802650726828,383,0.7153061252239119,648,0.5495336966591361,15585,0.39068737281136684,2207,0.5052392387224123,6622,0.9648481896957054,515,0.9228626728664547,492,0.5196534603157283,1219,0.6057090484905637,1537,0.6582210302965521,2654
5904650.0,1740550.0,1,0.9999999999369416,296,0.9140348320497611,53,0.7152520632508705,649,0.5707863704214755,7950,0.2796525346771322,7505,0.4965460874777493,8234,0.9904010567750998,84,0.9505254643688997,105,0.5174556491006718,1252,0.47732734857205483,4463,0.47091006889755604,9250
5908350.0,1740050.0,1,0.999999993425555,609,0.8868721440566784,928,0.7151931586582232,650,0.6037124463001882,1515,0.33789244664077495,4189,0.5284579011688022,2983,0.9563430040114836,950,0.9336281591764085,249,0.49653448850112125,1631,0.520404911892287,3218,0.45945211139691655,9615
5986750.0,1755450.0,1,0.9999999999993996,57,0.8941732327433517,533,0.7151337190855676,651,0.5572234102733067,12241,0.29900042344312755,6230,0.4876350490710487,9968,0.9725121128431217,191,0.9150144057071504,718,0.48223629249548483,1930,0.42363909883038176,6185,0.5166612350067207,7827
5946850.0,1793550.0,1,0.9999999891283337,645,0.8890858550414581,820,0.715076539904931,652,0.5863783398165592,4089,0.2650060550444605,8566,0.51966392732541,4142,0.9591715816101716,811,0.9073290034794727,919,0.5647401634291761,742,0.41265982395337053,6523,0.7144212064862779,1465
5908950.0,1740050.0,1,0.9999999995957407,418,0.914723942407006,37,0.7150481407932461,653,0.5766961617743386,6318,0.4198399593465131,1536,0.5245622320429901,3479,0.9923168202066169,43,0.958955726783832,51,0.5725465027185677,686,0.5887824823168298,1798,0.5730736581993083,5692
5983750.0,1751450.0,1,0.9999999148698929,830,0.8958508094281215,405,0.7150377127118063,654,0.6022786612187029,1645,0.23048082750263385,11005,0.5165338912420748,4628,0.963781751567651,583,0.9073940180828485,917,0.35187744673421073,6746,0.287759259630874,10575,0.5273171735525914,7460
5902750.0,1740050.0,1,0.9999999944099418,601,0.8866720566243769,940,0.7149548890214736,655,0.5753302102319083,6679,0.4290753951509864,1365,0.5580188957011278,890,0.956618905055948,938,0.9386931340353535,180,0.568613978387732,715,0.7162911062230788,455,0.8778792074225301,90
5986650.0,1751450.0,1,0.9999999002815221,844,0.8960714067750398,395,0.7149384206653905,656,0.5890246563634712,3585,0.34794227900018,3741,0.5210663267937222,3957,0.9664172153873323,437,0.9167461374625292,660,0.36261649015832675,6187,0.4856322968261031,4219,0.32171011563576013,13388
5945750.0,1797750.0,1,0.9999922543503974,1201,0.8889099199862148,828,0.7148924559374543,657,0.5933146740638148,2818,0.27177691784201435,8068,0.5391607620396259,1944,0.9613833011462741,689,0.915947767982806,689,0.4944462549849121,1665,0.3476487624731791,8517,0.6995537045297704,1755
5986150.0,1754450.0,1,0.9999999999763685,245,0.89639738163553,375,0.7148777320385752,658,0.5566354738043343,12521,0.3270197167789957,4684,0.4835017502776864,10805,0.9638418987122689,574,0.9168952137095758,655,0.4677962890938996,2271,0.4442835757917052,5543,0.4009982582658367,11391
5986650.0,1755650.0,1,0.9999999999989082,81,0.8954849127591333,437,0.7148390280218608,659,0.5553383137873432,13133,0.4135308001897658,1675,0.4914410884438419,9225,0.9728285560761465,180,0.9155244352014235,702,0.44749366395974,2840,0.5590082014855504,2343,0.3918829044700902,11628
5904050.0,1740350.0,1,0.9999999998582698,332,0.9117924118579809,95,0.7147605753333487,660,0.5645302608826291,9697,0.34725119276617283,3783,0.5046900868066407,6717,0.9894766582897563,94,0.9517589997863659,89,0.3825244922431289,5282,0.5096739272006617,3520,0.3772188520619948,11998
5947250.0,1793950.0,1,0.9999999998441418,341,0.8939583446490863,547,0.714684816271384,661,0.5624045585324629,10326,0.2928664870613158,6606,0.4940392598138975,8711,0.9712322214031273,228,0.9084649788552861,895,0.4916169745216893,1725,0.4945654462588418,3946,0.49286446482798385,8570
5986550.0,1754750.0,1,0.9999999999811382,229,0.8895308156522552,787,0.7145434169054449,662,0.5673072026376603,8898,0.3325115700469004,4438,0.4983429880693763,7890,0.9594317234083785,799,0.910491343256391,850,0.5831255513915932,617,0.4550429686702876,5161,0.555738723101506,6359
5905050.0,1740850.0,1,0.9999999999061078,312,0.9129479080598256,78,0.7144945494129225,663,0.5519078014318899,14737,0.3001643507340492,6164,0.5107921418574995,5580,0.9916424947997935,56,0.9574797818714653,58,0.40701231783795133,4239,0.559724763194148,2326,0.8130516698936598,313
5989050.0,1757250.0,1,0.9999999998755371,323,0.8898426277510099,760,0.7144296104580158,664,0.5769620868056727,6243,0.38130694611863564,2474,0.5352422716837619,2289,0.9663714911535576,442,0.9137330191998952,756,0.5456240655427456,902,0.4376136432630118,5768,0.721907901397928,1336
5945650.0,1797750.0,1,0.9999937225885588,1192,0.8887984526681697,836,0.7144195271089405,665,0.591255827158066,3179,0.2734675046853922,7950,0.5387615653492416,1968,0.961350263840309,691,0.9158554557637927,694,0.4869645512311275,1835,0.35318823743955907,8338,0.7034439942343094,1674
5908450.0,1740050.0,1,0.999999990686136,633,0.8861983209090566,970,0.7143536873821063,666,0.5980804881493544,2130,0.33342830789372035,4398,0.5183912766530743,4335,0.9556283050132695,997,0.9315735820905432,292,0.3777004813307434,5494,0.4755686111361894,4523,0.34418290148423925,12786
5993950.0,1749850.0,1,0.9999999999469542,287,0.8887389768683879,839,0.714351824078383,667,0.6001762953460192,1878,0.23519461360232966,10670,0.5276214639945942,3092,0.9612409994543455,697,0.8908428913930135,1123,0.4614847204185063,2438,0.3073041439030414,9865,0.6409229607036827,3163
5943450.0,1797350.0,1,0.9999999788066043,697,0.8949529610824112,484,0.7142774783334865,668,0.5872823218453835,3897,0.2689865297202968,8277,0.5241771747117443,3523,0.9732811891650677,167,0.9139364619905859,749,0.5352231869534774,1013,0.36512230378099053,7991,0.6931555341898618,1867
5985550.0,1752950.0,1,0.9999999992696764,467,0.8977845437051637,254,0.7142611175802858,669,0.5601049957442713,11030,0.3266572106020458,4702,0.4847424128524077,10564,0.9664343700140701,435,0.9125329234020049,789,0.40178086062037366,4455,0.4451223924912129,5509,0.3389858020270683,12917
5946450.0,1794150.0,1,0.9999999950729705,591,0.8937707526823481,561,0.7142353816429678,670,0.574586568604919,6889,0.22429527790411521,11451,0.48448427500064273,10615,0.9712731950644677,227,0.9067531832447225,934,0.3682649142808655,5926,0.3232699153505112,9313,0.3295388545153466,13189
5983650.0,1751450.0,1,0.9999999650700381,745,0.8958814397665398,403,0.7142343983941734,671,0.6023150915338817,1644,0.24988571566855405,9638,0.5280177028937879,3031,0.9643140513800442,542,0.9095628976447843,870,0.3649539737219971,6076,0.3188257551866318,9467,0.5500136590157565,6608
5986150.0,1754350.0,1,0.9999999999685123,265,0.896590581306271,353,0.7142242940219906,672,0.5485055852285857,15908,0.38253885959528466,2432,0.48283281628128927,10935,0.9638675209182764,569,0.9174884307336107,637,0.35623102850046895,6515,0.5127046934464207,3431,0.33610014745304273,13013
5944850.0,1797250.0,1,0.9999977881898467,1133,0.8892492531654295,811,0.7142176819444281,673,0.5893398892800773,3524,0.29246509182527186,6640,0.5191249086216774,4224,0.9596259412981657,786,0.9085916689391333,893,0.610569001569044,469,0.4376679039853659,5765,0.6543248197882825,2759
5944250.0,1797550.0,1,0.9999992461738532,1062,0.889199561057254,816,0.714182348360018,674,0.5950712245254067,2540,0.2540594795451793,9320,0.5147372279575819,4928,0.9591880099204844,808,0.9067555527578505,933,0.5885795355161583,579,0.3728002845156787,7745,0.5852994121788876,5169
5986750.0,1751550.0,1,0.9999999371774597,803,0.8955072697746093,434,0.7141756263160304,675,0.593083597942049,2862,0.33115823650555787,4501,0.5541139036383619,1038,0.9676279808000466,387,0.9224837775378693,504,0.49255333587738825,1697,0.5464739499349338,2615,0.787749393128258,487
5943550.0,1796950.0,1,0.9999999654759658,743,0.8941333057294434,536,0.7141712005926263,676,0.5876307157627652,3820,0.25000258328008784,9626,0.5273968227057332,3117,0.973226794291483,169,0.915126450428364,713,0.5067719842410114,1428,0.3524205249505574,8366,0.6949786326793368,1836
5943450.0,1796050.0,1,0.9993778875832576,1262,0.8896457451415527,777,0.7141500203911084,677,0.3911080269841162,21561,0.31224201473681584,5466,0.4305454308394646,20158,0.960584755471509,732,0.9126496278366971,783,0.3726787195291468,5705,0.4535592242973031,5216,0.7291580076657638,1213
5985750.0,1753950.0,1,0.9999999999773215,243,0.8960829636487719,392,0.7140920850964244,678,0.5480844229203206,16041,0.3551827340777529,3432,0.48799580083604044,9885,0.9641990199390631,547,0.9190744020096914,594,0.5152596870716101,1286,0.5290966590718216,3008,0.4631609596959907,9499
5983850.0,1751450.0,1,0.9999996468010659,979,0.8949703434556544,480,0.714073553442673,679,0.5964963335068031,2325,0.2016316393433942,13202,0.5100079420859626,5728,0.9631708971876467,608,0.9060268895840279,956,0.3445607869965399,7142,0.2525412869458856,12134,0.5209229438215333,7673
5905250.0,1740850.0,1,0.9999999999993916,58,0.8877139876645813,892,0.7140656245429232,680,0.5909340535874155,3237,0.37172817850003204,2827,0.5517451371824633,1139,0.9629785519403776,616,0.9057469543851089,962,0.5047726349588653,1470,0.6487792116932782,1007,0.8556652916561874,127
5989150.0,1753950.0,1,0.999999999982436,225,0.8948059815426006,491,0.7140608077810895,681,0.571600799623204,7712,0.34117829203656896,4033,0.5309175574581642,2716,0.9696045928751669,290,0.9012229345386144,1041,0.6209978011487468,429,0.5311747790508972,2973,0.7579464375461047,799
5904250.0,1740350.0,1,0.9999999999219658,302,0.9138438754149611,57,0.7140064942042565,682,0.5660118806026181,9275,0.3070560186745021,5759,0.5067574416891636,6348,0.9906313585650006,77,0.9521920944342421,84,0.5309056147577291,1061,0.5406897822094796,2756,0.6501505536232585,2882
5994650.0,1749750.0,1,0.999999999708785,389,0.9142925244575171,48,0.7139538663784372,683,0.5588340956582863,11529,0.2680787873317165,8341,0.5077519438220222,6164,0.9895508086347804,93,0.9437657153971143,143,0.5200195926465383,1214,0.44900751146274387,5366,0.7177405306563133,1421
5984950.0,1751150.0,1,0.9999995129024598,1013,0.8940634785980427,541,0.7139417654385319,684,0.5688676004692484,8507,0.4105880291788937,1744,0.5121883725848857,5339,0.9622627361932198,647,0.908129747529266,901,0.326843323796561,8202,0.5181324960828767,3270,0.3325861617094663,13093
5946750.0,1794050.0,1,0.9999999184137307,826,0.8884106974900304,855,0.7138903950237143,685,0.584815839781833,4430,0.23083791751794086,10975,0.5087432732320074,5969,0.9588368812717015,837,0.9061441364265364,949,0.4306951270028113,3367,0.34281985462423803,8677,0.6239652423162094,3673
5902750.0,1740350.0,1,0.9999999954011045,589,0.8863160476079289,963,0.7138879508169479,686,0.57464535033709,6864,0.373813148733605,2745,0.5380214098631103,2036,0.9558233920668114,981,0.9340379437940615,241,0.49375005853292164,1674,0.6485874129736984,1008,0.8419759975689619,166
5986650.0,1755750.0,1,0.9999999999984601,93,0.8942075662440361,530,0.713848707439572,687,0.5459701691790624,16728,0.40927055718638944,1772,0.4905747666630225,9395,0.972050435636439,211,0.9154985371775357,703,0.44436333377720505,2931,0.5592874142014488,2339,0.3931521857175866,11590
5994250.0,1749750.0,1,0.9999999999765194,244,0.8898044181708485,764,0.7138425945362876,688,0.6068401179614649,1260,0.2678106762049954,8364,0.5337687949272837,2427,0.9620624947839769,653,0.8917483356513534,1114,0.49520101868394883,1661,0.33851360943934483,8814,0.6570682302665846,2681
5987350.0,1754850.0,1,0.9999999999886688,192,0.8903121563902043,727,0.7137188390841442,689,0.5808417951860592,5331,0.3603271295947046,3244,0.5369515735679742,2112,0.9613060386396395,693,0.9161696379676985,685,0.6491224428417022,327,0.4825188216238716,4316,0.7589915146163603,790
5987550.0,1754950.0,1,0.9999999999967066,127,0.8896296113077695,782,0.713683266234422,690,0.571393086333296,7769,0.38300273078647457,2409,0.5416453553852639,1756,0.9609457514490225,719,0.9170653198448389,648,0.5653102499001996,740,0.5914090453254492,1754,0.8261318860758207,240
5986250.0,1754350.0,1,0.9999999999972737,118,0.8901485840227819,739,0.7136592203584168,691,0.5569829188092961,12349,0.42415873775869734,1449,0.4959295399963956,8373,0.9595007056080954,792,0.9107726984280113,841,0.44451075143810437,2926,0.5629876586955853,2260,0.39069551914696543,11653
5903350.0,1740750.0,1,0.9999999944292204,599,0.91356732013204,63,0.7135897964731631,692,0.584684765478031,4462,0.27792671155711873,7635,0.5397289212371239,1909,0.9921607836414837,48,0.9582183548459984,55,0.5776632814178287,654,0.45689617497105317,5112,0.7627865435851866,750
5989450.0,1753150.0,1,0.9999999997945046,359,0.8951117370005182,468,0.7135544307526472,693,0.5515883686237061,14881,0.5016232887002197,426,0.5031983012241019,6971,0.9681717187661648,369,0.8975973597957738,1075,0.3475645356893997,6984,0.5380596085531515,2808,0.3138109652340766,13603
5908650.0,1740050.0,1,0.9999999954696455,586,0.8878223158402858,887,0.7134584407276132,694,0.5962684545131675,2350,0.41076016098926443,1739,0.5239788012320526,3546,0.9566780462786768,934,0.9332855984042712,253,0.4323506656210728,3311,0.5270454419807797,3054,0.37939453797221523,11956
5989050.0,1753250.0,1,0.9999999975205598,548,0.8908311394741117,692,0.713400704629319,695,0.5878575622838552,3774,0.3729287397830828,2784,0.5120531569305363,5370,0.9560767407300076,969,0.8914642742431744,1118,0.5911695906999632,565,0.4323953077594318,5920,0.5207972278994758,7680
5904150.0,1740350.0,1,0.9999999999092213,308,0.9133941651356432,67,0.7133796973659727,696,0.5672620649813989,8914,0.2643948993832667,8611,0.5041169226441595,6818,0.9904765736047685,82,0.951220524437975,96,0.49807764604223514,1591,0.4738771509099279,4582,0.6665231080698478,2458
5988450.0,1754950.0,1,0.999999999998461,92,0.890666902514509,704,0.7132924835131262,697,0.5779292117227187,5986,0.3426170862647561,3980,0.5076141881250412,6184,0.9601992278596494,758,0.9098844900591885,865,0.5070172246639271,1425,0.4071005496886876,6682,0.660940274634356,2596
5983250.0,1750950.0,1,0.9999999845757725,668,0.896188520962032,386,0.7132578880315812,698,0.5996172214074055,1938,0.3697694308517767,2897,0.5463469379781182,1459,0.9646355626894315,528,0.9116194068470781,823,0.3745045959271408,5623,0.5498489148536115,2531,0.5675844986015879,5898
5943450.0,1795950.0,1,0.9999999813811581,684,0.8882723756728547,864,0.7132424580879911,699,0.5834187173601972,4729,0.2663173673365658,8464,0.49916039925984945,7733,0.95763670988172,889,0.9023835499606728,1022,0.39830882408759183,4594,0.43180058706214186,5937,0.349623107413489,12672
5946950.0,1793550.0,1,0.999999975427699,709,0.8890962372723816,819,0.7132301190953109,700,0.5876294777245424,3821,0.2580405361105227,9052,0.5235721664109796,3603,0.9594473252566971,796,0.9076349481139419,911,0.5545069640679088,821,0.37220465174878914,7770,0.6958623037182907,1819
5944450.0,1796650.0,1,0.9999933501034443,1194,0.8898912322836298,756,0.7132218862863767,701,0.5944210459218122,2642,0.25795127663395123,9059,0.4961318289935315,8337,0.9592558617075642,804,0.9043529784286495,989,0.3916115357630229,4856,0.28137873787245216,10844,0.34085538597440956,12863
5943550.0,1796050.0,1,0.9993232461155864,1265,0.8893080447626015,805,0.71313305219776,702,0.39110676883219103,21562,0.2925241287033524,6635,0.4294283235622643,20254,0.9604008069395923,742,0.9119058625774173,818,0.3713396301965769,5764,0.4136778877565519,6496,0.7082332416449273,1582
5986750.0,1755350.0,1,0.9999999999895701,189,0.8888058012922136,834,0.7128884953613314,703,0.5660558185802671,9263,0.3169581887067785,5219,0.5123329424906037,5305,0.9598165875069331,778,0.91291180125278,772,0.5286190588835904,1094,0.46723605522080136,4792,0.7414295339782119,1024
5984950.0,1751950.0,1,0.9999999722655876,721,0.8971063044441473,312,0.7128824454367879,704,0.5942806387340246,2666,0.25202740946312363,9483,0.5273288879855336,3127,0.9653035819480791,494,0.9085786275939869,894,0.36848527531570974,5916,0.3078434069435776,9846,0.5601315132058807,6185
5989150.0,1757350.0,1,0.9999999997591358,380,0.8897140894419101,773,0.7128516392319403,705,0.5746744010629266,6856,0.37310848201924957,2774,0.5300110725214986,2827,0.9661447586577933,456,0.9122786290891352,802,0.515501571409039,1280,0.4139762979064415,6485,0.7063335393658068,1617
5988550.0,1752350.0,1,0.9999999972043003,557,0.8948103944904109,490,0.7128097401006286,706,0.5803678361739858,5443,0.44430718093574556,1090,0.5425570953024961,1700,0.9701668321164234,269,0.9041488461109706,991,0.5347485962754487,1021,0.6752195095431656,761,0.6499548652881253,2891
5983750.0,1752150.0,1,0.9999998712134047,868,0.8951733652652714,460,0.7127772888388673,707,0.5723969342865414,7494,0.4471667438277265,1045,0.5229635676111591,3693,0.9626895174181936,628,0.9083950961952258,897,0.3359255423022056,7638,0.6442117322189181,1043,0.4948448091460024,8502
5943550.0,1795050.0,1,0.9999998224487134,904,0.8889388279841595,826,0.7127768977823845,708,0.5961024871204071,2375,0.2310666171976265,10964,0.5085486693718242,6000,0.9586699114051748,847,0.904374912947888,988,0.5052794374041907,1461,0.304677697454091,9956,0.5498650469376921,6613
5985850.0,1754150.0,1,0.9999999999695168,264,0.896379948865028,378,0.7127102144138605,709,0.55561414499618,13001,0.3199245879742462,5045,0.49656495385540533,8229,0.964689960980103,524,0.9195152865196732,584,0.5587993233371982,780,0.43274989386005325,5907,0.696251556911346,1809
5983950.0,1751450.0,1,0.9999998294992267,898,0.8952157280668271,458,0.712586468217125,710,0.59668129277716,2307,0.22703029723291585,11231,0.5209319800540225,3973,0.9637549832028168,585,0.9079455181184262,904,0.3572425074409007,6457,0.271289164611235,11259,0.5437219448481555,6843
5946350.0,1793950.0,1,0.9999999888203687,650,0.8881247616387103,873,0.712479997510158,711,0.5770435892229342,6222,0.2652143059530889,8547,0.5090773017542003,5904,0.9583400814031341,859,0.9051019972301181,974,0.44109269219590164,3019,0.44270597191546934,5607,0.6036434760010809,4421
5905150.0,1741950.0,1,0.999999997498715,551,0.8877275779922997,891,0.7124656147779063,712,0.6007179701014072,1834,0.48055422038912615,626,0.5557065039714566,978,0.9570009063877416,914,0.9363735316296601,203,0.5013350226392834,1531,0.6864713045629122,659,0.6408542690205454,3164
5906550.0,1742850.0,1,0.9999999969490956,566,0.8873179712845946,908,0.7124178443001089,713,0.5866080501189479,4035,0.34400112466393823,3920,0.5167216920290774,4598,0.9562784960695102,956,0.9312767820079662,299,0.5227763129344455,1178,0.5983384429364491,1649,0.5272154756479395,7464
5987350.0,1751050.0,1,0.9999999918632313,622,0.8989779060643143,158,0.7124153479092564,714,0.5970465361796542,2269,0.3624888164905523,3172,0.5172505028654553,4514,0.9666085341960123,425,0.9106047974341722,847,0.4049690844201529,4312,0.39707340177172346,6993,0.6608169796287832,2600
5943750.0,1797050.0,1,0.9999998575535222,881,0.8892488835063821,812,0.7123955270955556,715,0.5843515440205956,4517,0.3175421143885023,5185,0.5124680220476971,5290,0.9586535972044286,848,0.904863755307814,981,0.6386962166022834,364,0.4989340908789539,3825,0.554640600087005,6417
5986550.0,1755750.0,1,0.9999999999994293,54,0.8942781752467155,522,0.7123934880503855,716,0.5499611054567392,15448,0.3543685567043766,3471,0.49534445080511136,8470,0.9724997797743601,192,0.9155425676271669,700,0.5142693120340375,1310,0.5580440996836208,2353,0.6129701985536746,4071
5905150.0,1740050.0,1,0.9999999999858931,207,0.8883572120464651,857,0.7122784903872967,717,0.6125388297749373,933,0.2963123326184771,6397,0.5572822763410121,922,0.9640636354237735,557,0.9060647997576192,953,0.6313337659960658,391,0.5080322542050739,3571,0.7994246621759891,390
5986650.0,1755350.0,1,0.9999999999804365,231,0.888999045085561,823,0.7122618090371168,718,0.565354753271043,9468,0.2931982676434055,6592,0.4982859721264133,7904,0.9596947200074002,784,0.9110712168007786,833,0.5375364639654222,990,0.39961219154913463,6911,0.6232879205358475,3703
5984750.0,1752650.0,1,0.9999999822293487,682,0.8970115684551931,318,0.712122859204492,719,0.5629575957126735,10145,0.4158483570223543,1622,0.5267649236008718,3200,0.9646354542754257,529,0.9092267879700223,876,0.35034549286709693,6827,0.6787515843858427,727,0.5520495511736736,6513
5944550.0,1797550.0,1,0.9999998234865798,902,0.8947478838717696,494,0.7120162922916483,720,0.5685001652884355,8601,0.29373528441528013,6557,0.48560477305872873,10387,0.9721318574547669,208,0.9082666802121309,899,0.3698566933109557,5848,0.42548225840882825,6129,0.3321740823604762,13106
5985650.0,1754050.0,1,0.999999999972901,252,0.8958332385954094,407,0.711955723230091,721,0.5478484208468719,16095,0.3209994701252141,4982,0.48248532160479907,11000,0.9638256750235645,576,0.9168226373650016,657,0.532784108633737,1036,0.4676584055438524,4775,0.4733974104298555,9153
5987050.0,1755950.0,1,0.9999999999997105,37,0.8937755235116651,559,0.7119247507813006,722,0.543686778337096,17410,0.2918761654672719,6681,0.47677499960357356,12098,0.971642030135388,218,0.9119437833308115,817,0.4289151864892483,3414,0.41289273409555927,6511,0.5250975455717065,7550
5905050.0,1740750.0,1,0.9999999998223335,349,0.9117553872404484,96,0.7119193118404399,723,0.5484712640358457,15920,0.38824547007854293,2266,0.49564592179068556,8415,0.9896033876954801,92,0.9522076627190647,83,0.36837569898965117,5922,0.5070349044209772,3604,0.35423945821764513,12562
5947350.0,1792750.0,1,0.9999999673387734,737,0.8938386938703837,555,0.7118657734241162,724,0.6011727589743903,1789,0.24902689433488187,9703,0.5400274617226252,1881,0.972932334333037,176,0.9139276038568745,750,0.4755465231630758,2069,0.32257356044050467,9336,0.6837828737627404,2065
5988850.0,1751650.0,1,0.9999999994185429,444,0.8941021003380355,539,0.7117421428026883,725,0.5761912070992611,6442,0.5164717021546542,298,0.5635379218914146,729,0.9703704398673589,256,0.9088832762484328,886,0.5510884256274591,856,0.7875659346829927,155,0.7867273593854998,497
5906050.0,1742450.0,1,0.9999999249659121,818,0.8873479113758815,905,0.7117396685327003,726,0.6116408042370286,978,0.5026422412112629,416,0.5991916543513267,217,0.958637045360007,849,0.944691484619516,137,0.6072531094876549,490,0.7478804321560275,280,0.889492893129797,69
5905150.0,1742050.0,1,0.999999997764921,541,0.8872069829499991,918,0.7117207446956486,727,0.5991734125091235,1982,0.3439250809460589,3922,0.534771513709447,2338,0.9562066003450828,962,0.9316888925516025,289,0.656137721376168,306,0.5919337603238901,1743,0.5912308251284882,4927
5989950.0,1757950.0,1,0.9999995446659443,1008,0.8886796641666161,843,0.7116491397185214,728,0.5834463017586126,4721,0.41216496516536544,1712,0.5525905977981475,1102,0.9598340792830542,775,0.9435118418944286,146,0.6083198636132072,485,0.5289758826455118,3010,0.7791093622816367,563
5907950.0,1742750.0,1,0.9999998278078627,899,0.886797542445652,935,0.7116012027925658,729,0.6041307520151418,1472,0.27736954388526724,7688,0.547833283656708,1348,0.9578562432661644,879,0.9374418196550631,193,0.5835146219502342,613,0.48717474441012054,4164,0.787030270760468,492
5946350.0,1794050.0,1,0.9999999954031509,588,0.8934556782273227,567,0.7115609437673596,730,0.5704681257791908,8039,0.24035127333605394,10329,0.5063705624928052,6424,0.9721647911772224,206,0.9106702959877576,843,0.41455015944534535,3941,0.3697486792188799,7841,0.6936003212992525,1858
5945950.0,1793450.0,1,0.9999999465596239,787,0.8891776192119782,817,0.7115493749676869,731,0.584804637195843,4432,0.28314571065615124,7258,0.5246545512976197,3467,0.9594086769134988,801,0.9072914531991653,921,0.640147920513161,359,0.43259805577975063,5913,0.7290110269739125,1214
5946050.0,1793450.0,1,0.9999999637119146,750,0.8881273673973595,872,0.7115106135333569,732,0.5780383712341778,5963,0.3021544736204102,6055,0.5384542715944284,1997,0.9596252994667581,787,0.9107298574826157,842,0.4873782518865183,1826,0.5059276879987964,3632,0.7867834421957205,495
5989950.0,1758050.0,1,0.999999638110969,982,0.8865267944332192,954,0.7115067617990344,733,0.5737557895634335,7110,0.3549268567541717,3445,0.5456590501448799,1505,0.9589432733051348,826,0.9435152411096424,145,0.48017997755495667,1977,0.4958115449639344,3916,0.7712048916300818,656
5903650.0,1741050.0,1,0.9999999956914201,580,0.9137502269774922,60,0.7114660435100348,734,0.5815152512546341,5167,0.28547826120041936,7103,0.5374552433475904,2073,0.9923548479418315,41,0.9577784896178136,57,0.5860589661877376,592,0.4628919879096026,4905,0.7656940096132079,724
5905250.0,1742450.0,1,0.9999999972610609,554,0.8857810158412974,995,0.7114179786755552,735,0.5635367515121819,9978,0.39133001861932687,2187,0.5244164767219502,3498,0.9560816683498746,968,0.9350614442304208,225,0.40314861621886255,4388,0.6023773291141268,1588,0.679890119090726,2160
5983650.0,1752150.0,1,0.9999998456211824,888,0.8940401368795247,542,0.7113179258768993,736,0.5676600532817858,8816,0.37793706509260167,2593,0.5045826289837735,6732,0.9615838511380683,679,0.9041215373754222,992,0.31865531017372395,8707,0.5142888479319648,3385,0.34115079824754346,12856
5988750.0,1751850.0,1,0.9999999996175519,410,0.8940396027463259,543,0.7113104458709637,737,0.5724580190141023,7473,0.45204900202096626,980,0.5525245400514828,1106,0.9702180699004236,264,0.9066627823119868,937,0.545194255678616,910,0.7438060733425875,298,0.7813169842124107,540
5945950.0,1793350.0,1,0.9999999802984308,692,0.888566887714736,849,0.7112810028080571,738,0.5841837548817772,4551,0.25323770650676336,9378,0.5187671258149219,4287,0.9589388856404426,828,0.9060555807044087,954,0.520406115691134,1210,0.3981745997887671,6954,0.7099032929730076,1553
5985050.0,1751550.0,1,0.9999999850580705,665,0.8952310666694089,457,0.7112119536504292,739,0.575700217032551,6588,0.3308970866404661,4507,0.5402215374447995,1867,0.9645987653332725,530,0.9104507131557155,853,0.37050913159695364,5802,0.5817624577792575,1923,0.5808745232141013,5368
5904750.0,1742350.0,1,0.9999999987152297,510,0.8859799818412345,983,0.7111881111744608,740,0.5745314705374431,6902,0.31063354356754236,5558,0.5043813044317571,6772,0.955117738708311,1026,0.9284577752429342,349,0.3894370799948067,4965,0.5205909849972674,3211,0.4050285827574216,11278
5989350.0,1753150.0,1,0.9999999998695563,329,0.8888088488902346,833,0.711171466683887,741,0.5558935610945295,12850,0.44420981152149663,1094,0.5073026341054359,6237,0.9542355977508878,1069,0.8914224999391437,1120,0.36564950810589947,6053,0.5274573803700422,3043,0.3250129305162204,13312
5946850.0,1793650.0,1,0.9999999202070987,824,0.8882984735027267,862,0.7110964911047545,742,0.5825032747412902,4928,0.26771997743586506,8368,0.532561662466444,2539,0.9597287953958912,782,0.9097257478507462,867,0.4753874222163075,2075,0.38660853440453324,7323,0.71746859857361,1426
5984950.0,1751650.0,1,0.9999998749205524,866,0.8956369218872275,422,0.7110673693578404,743,0.5815519681456536,5162,0.27696371865322866,7714,0.5119283143549289,5389,0.9589926099963116,822,0.8952717173670396,1096,0.34281114092393405,7242,0.4233495240190144,6193,0.5261129832679687,7513
5989250.0,1752650.0,1,0.9999999995663191,424,0.8929964167300443,577,0.7109817951817166,744,0.5701624866746062,8125,0.4512726510400629,989,0.5441647099248137,1597,0.9682152610464108,366,0.901957705667794,1033,0.5234489999316481,1165,0.6816718578474014,706,0.6325950906269444,3415
5987550.0,1754450.0,1,0.9999999999975289,112,0.8889326449459867,827,0.710914986520341,745,0.5619961126799421,10441,0.3637213050514944,3111,0.5342354803551345,2383,0.9602724957539035,751,0.9148452138284755,724,0.63458499654991,377,0.600327416754031,1616,0.8346509870371454,197
5943650.0,1794050.0,1,0.9999998139469226,910,0.8883837594642746,856,0.7108779608997507,746,0.5814515857239679,5183,0.26551829339745825,8526,0.5180943939975525,4379,0.9586920421835675,846,0.9062598446644848,946,0.4981582517436759,1589,0.43080334329073333,5969,0.7271505130593277,1241
5987450.0,1753650.0,1,0.9999999998519387,336,0.8896318753183227,781,0.7106269160746941,747,0.5620941556002831,10412,0.32497570628609507,4783,0.4831837974379385,10873,0.9548360238477793,1046,0.888563171498396,1134,0.3502387342947254,6835,0.4333310024913255,5890,0.3040139003632606,13899
5987050.0,1755450.0,1,0.9999999999958291,138,0.8879846337053902,878,0.7106226106302176,748,0.552922306886796,14346,0.302128411978261,6057,0.47715562457421357,12014,0.957677565526693,886,0.9048179040162463,983,0.3529912352257164,6696,0.42503637131584737,6148,0.33005636724050247,13171
5897950.0,1755850.0,1,0.9999999845020662,669,0.8913102340469999,660,0.7105669906356471,749,0.5944466273678258,2636,0.27784368110743934,7639,0.53808581298845,2031,0.967516772589199,391,0.9517503991342752,90,0.4859299651198772,1850,0.5148990934261067,3366,0.7732114202762438,629
5909350.0,1740250.0,1,0.99999999956491,425,0.914193695686323,49,0.7105113764314144,750,0.5818467693012477,5077,0.2950706217315134,6472,0.49791794559494823,7970,0.9914399109261431,62,0.9515456668262127,91,0.3883490653806059,5022,0.46539112556668594,4842,0.3495167481161523,12674
5988750.0,1751950.0,1,0.9999999985602446,516,0.8944624929159167,515,0.7104939612479425,751,0.5699309299471345,8187,0.5151887779536461,310,0.5460190657507369,1475,0.9699833822260825,279,0.9055386344395343,968,0.5348067054200535,1020,0.7714984317561617,202,0.6512091545210662,2861
5993750.0,1749050.0,1,0.9999999998445965,340,0.8888299650737576,831,0.7104730056507446,752,0.6143568216991175,841,0.2805502181227708,7436,0.5503965384078229,1200,0.961633985543404,675,0.8918702382145874,1113,0.6119701840891495,461,0.41126918312322847,6563,0.7113832151308033,1532
5909350.0,1740150.0,1,0.9999999997727929,368,0.9143085162734775,47,0.7104317531537652,753,0.5807299021917492,5354,0.30741146796672303,5741,0.49871371672625,7819,0.9914286388942251,63,0.9514145899517975,93,0.3937552598538373,4768,0.47236542828319883,4631,0.35349531033023895,12575
5983550.0,1750150.0,1,0.9999999795327856,694,0.8950409696566177,475,0.7104147291911092,754,0.5865672827179134,4047,0.3868479228307291,2302,0.5326547091812246,2531,0.9637602693070533,584,0.9094586001087348,872,0.3564097933958431,6505,0.5802474522775993,1951,0.5431090894279708,6867
5989350.0,1753250.0,1,0.9999999994116944,445,0.8896000629542635,784,0.710405098327107,755,0.5782230975446879,5921,0.32210890653062096,4932,0.5212156462751777,3942,0.9556315611897662,996,0.8920813156905922,1112,0.6643053226228448,286,0.45793721471974447,5068,0.7046323556142637,1653
6005750.0,1764450.0,1,0.9999999733357421,716,0.8724481920114474,1140,0.7103886531326936,756,0.5573814753957063,12183,0.3543074927062228,3474,0.49105142241729277,9300,0.9307364885963808,1149,0.8785089511969648,1169,0.29662771835807966,10216,0.48280592198951244,4302,0.27137886384502574,15084
5902450.0,1740050.0,1,0.9999999905023039,636,0.8868647508983454,930,0.7103858791368559,757,0.5763407297125764,6403,0.35525566841756456,3428,0.5297204446303565,2855,0.9557613451415472,986,0.9309542814392445,304,0.5349448949615716,1018,0.6333894987981326,1179,0.8242862852994401,250
5903950.0,1740950.0,1,0.9999999994308653,441,0.9129019794970687,79,0.7103619941622861,758,0.5665887450551239,9081,0.2062381301662113,12807,0.49751359696118785,8044,0.9907229938695167,73,0.9504739565496088,106,0.43485463416561687,3214,0.3427633371952259,8681,0.6788114887930083,2178
5986550.0,1755650.0,1,0.9999999999981513,101,0.894126931672221,538,0.7103506495429144,759,0.544436399365722,17188,0.3186905616289656,5125,0.47134416984992283,13094,0.9716103473330602,221,0.9104901863321112,851,0.35864470699402173,6401,0.4593278050055667,5018,0.3341689696630791,13057
5902950.0,1741150.0,1,0.9999999875781295,654,0.8862456127316798,967,0.7102350509731878,760,0.5630270105394167,10126,0.3892800777778214,2235,0.5128190832272945,5239,0.9554843075089614,1006,0.9313588011691161,297,0.48041825347076406,1974,0.6165877338077103,1394,0.5353973507689034,7163
5946750.0,1794550.0,1,0.9999995287159243,1011,0.8884742636147454,852,0.7101462784633322,761,0.5759273966476143,6512,0.29881693306472196,6243,0.5311669634164385,2683,0.9600903084189609,764,0.9110660801439825,834,0.5383711046920852,971,0.48371754235682574,4277,0.7700148571692924,673
5984050.0,1752150.0,1,0.999999853965907,882,0.8939078144846069,553,0.7101241282927966,762,0.5556091439159904,13002,0.4642572710465538,800,0.5184704892469573,4324,0.9620835393147127,651,0.9088697034344354,887,0.3273094177690047,8171,0.6309727692792896,1218,0.47043537522758183,9268
5946550.0,1794850.0,1,0.9999999091549987,833,0.8935135992429839,565,0.7100802448796212,763,0.5677713491216079,8784,0.2666420330797704,8445,0.510956162452869,5551,0.9726756749899751,187,0.9125235607356929,790,0.4592306651068344,2493,0.4176527292184561,6385,0.7237085200582059,1298
5909850.0,1740350.0,1,0.9999999850972929,664,0.913240367382786,73,0.7100384285625955,764,0.5736572534323828,7132,0.1361154143669701,17072,0.47162800853829334,13033,0.9915764062514792,58,0.9510719443741918,97,0.361097115097716,6271,0.15705177257444103,16481,0.3223837778218328,13371
5904250.0,1741950.0,1,0.9999999462890279,789,0.8856440300172566,1007,0.7100298278383274,765,0.5871140927921706,3943,0.3849600716901329,2349,0.5613055793382249,783,0.9567054711666274,932,0.9376873042356297,189,0.4880349973922984,1804,0.6604725921157262,892,0.8689084584300626,106
5984050.0,1752050.0,1,0.9999998431762862,891,0.8944784969113969,514,0.7100160061383533,766,0.5577836936227881,11992,0.42949455227129824,1353,0.5065882430973252,6383,0.9618186274868249,665,0.9053034488458689,972,0.3175214500582788,8781,0.5492437077200303,2544,0.36252317392065425,12381
5944150.0,1793750.0,1,0.9999999541899315,767,0.8879465742489722,880,0.7099380745099279,767,0.5808191431823582,5335,0.2731977170116503,7964,0.5285429628305958,2973,0.9588603871104308,833,0.9074442219989054,915,0.4577413615479595,2534,0.4423309518262377,5613,0.7437686713180551,990
5946450.0,1794950.0,1,0.9999998937535106,849,0.8937707801251522,560,0.7098937049820631,768,0.5670971016525892,8957,0.27041281401889866,8163,0.5082837328443165,6056,0.9727189459472471,184,0.9122731553824737,803,0.5033295434327871,1502,0.421452352889117,6252,0.7224887287057453,1327
5982750.0,1750850.0,1,0.9999999939753801,605,0.8964085709727693,372,0.7098611812741775,769,0.5841456823658009,4559,0.4561796203862123,927,0.5566144224461977,949,0.9650273358418568,504,0.9126468378580326,784,0.3813758971650528,5349,0.6192225356050323,1362,0.5854152696981308,5162
5984550.0,1752050.0,1,0.9999999865009324,658,0.8960729328677948,393,0.7098181922592601,770,0.5600702632996487,11042,0.35429028087614267,3475,0.5206831829496307,3999,0.9637891672424708,581,0.9065573075251941,939,0.34563085213794276,7081,0.5938092573576617,1715,0.5503005870486859,6592
5986950.0,1755950.0,1,0.9999999999992459,67,0.8939143045020327,551,0.7097997300496554,771,0.5437336499381625,17391,0.31543161352439864,5292,0.49790587836245825,7976,0.9726105536778322,189,0.9155822045013824,698,0.4963659890748937,1635,0.4608349567768172,4966,0.733914513238488,1139
5988550.0,1752250.0,1,0.999999994016574,604,0.8950515478842838,474,0.7097972034524265,772,0.5772967015478496,6149,0.38076293891261076,2503,0.5334590475545696,2451,0.9705947534835195,246,0.9030431679532976,1013,0.5381891406148455,975,0.5199123351355787,3230,0.743876919606677,988
5989050.0,1753650.0,1,0.9999999754755547,708,0.8907754948709216,697,0.7097905163959721,773,0.5919379687448029,3053,0.33868075317849156,4151,0.5156059634484881,4778,0.9565182729649699,941,0.8914757755238493,1117,0.4492488527773564,2785,0.32309362255789,9317,0.6164094269032016,3948
5905050.0,1740050.0,1,0.9999999999789351,235,0.8894883535252741,791,0.709790216036092,774,0.6038713765913009,1497,0.36374595394231746,3109,0.5527790352165799,1094,0.96450854644682,533,0.9050320257081675,976,0.7004570718350224,208,0.5552439234556275,2420,0.8139931253977112,304
5946250.0,1795950.0,1,0.9999889374796996,1208,0.8892520270025536,809,0.7097500500160141,775,0.5861200187625076,4142,0.2602720529831925,8890,0.4969044334179363,8167,0.9587820427005793,839,0.9029263382691786,1015,0.5091396116869584,1392,0.35060266915238736,8421,0.41302815409569194,11058
5989050.0,1754050.0,1,0.9999999987534349,506,0.8902856442384256,728,0.7095815938823206,776,0.5836535973321657,4664,0.3441899879192885,3903,0.532983601157391,2497,0.9570194682100853,912,0.8955327725161748,1095,0.5240564325212609,1153,0.4027694164831406,6808,0.679819312792393,2163
5905450.0,1740150.0,1,0.9999999999992486,66,0.887776017186598,888,0.7094762420239062,777,0.5899499652955263,3415,0.3848729209660331,2353,0.555533281299254,985,0.9632666017402188,604,0.9053686007435375,971,0.6103352976945587,472,0.6681373891569328,825,0.8440130890165023,158
5902950.0,1740750.0,1,0.999999993329098,610,0.8866580145104356,942,0.7093603055942703,778,0.5603670724730118,10930,0.40825764660929514,1794,0.5130921610231608,5199,0.9551019724697273,1027,0.9297401541379128,327,0.5041080051729429,1487,0.65675921085505,929,0.5769002379513355,5541
5944550.0,1797650.0,1,0.9999994593019191,1025,0.8944931221551676,512,0.7092534631808945,779,0.5696971512019111,8257,0.25769379901061823,9082,0.48055941930061435,11359,0.9718103050729606,215,0.9058844430397404,958,0.36610037699791254,6031,0.3441096681712713,8634,0.32736489852565176,13247
5944250.0,1797650.0,1,0.9999945377923356,1186,0.8893657317533518,799,0.709196686355481,780,0.5903248099320038,3338,0.24391418914945368,10080,0.49448021441213896,8632,0.9588928570354307,831,0.9021301574093462,1030,0.49173212983823344,1723,0.2900948605546916,10491,0.4121322590693899,11081
5905650.0,1742350.0,1,0.9999999923522055,619,0.8860080326676363,981,0.7091717702869311,781,0.590609869321132,3290,0.4299760771025621,1343,0.5445279894182212,1573,0.9556912990443361,991,0.9335450908766528,250,0.5492472390865991,867,0.6406768020705346,1079,0.5276502709420456,7446
5946850.0,1794050.0,1,0.9999999662689141,741,0.8886009772662083,847,0.7091247538236776,782,0.5751475259344472,6720,0.23755731121277474,10507,0.49411958650368415,8701,0.9581044593695023,870,0.9013022434037518,1039,0.5234987178133845,1164,0.34669205933408953,8552,0.539599770154883,7009
5902450.0,1740350.0,1,0.9999999818254027,683,0.8866520990856713,943,0.7091125320394672,783,0.5723179708658138,7512,0.32786328301364426,4651,0.5330444430074532,2491,0.9564323995125803,944,0.9330356622086866,258,0.5595284643502112,776,0.5862813467041642,1844,0.8257572259922321,244
5983650.0,1752050.0,1,0.9999997627935374,942,0.894956424122791,482,0.7091079799829308,784,0.566732665518577,9047,0.3748337482406495,2710,0.49452321533913707,8622,0.9616432518832853,674,0.9013615489615217,1038,0.3115930377472922,9165,0.4672472511907344,4791,0.27131998425181525,15089
5986650.0,1751550.0,1,0.99999993348258,809,0.8954725871002746,440,0.7091008284042609,785,0.5893768145984067,3515,0.2966785802146563,6370,0.5457213471391774,1501,0.9676895310638968,386,0.920301811472992,558,0.509556274164314,1383,0.4366237792585509,5797,0.7258101321800077,1267
5903350.0,1740650.0,1,0.9999999761823374,705,0.9123442269564087,90,0.709100439407691,786,0.5762773107267185,6422,0.23915782652466422,10405,0.5263671506862457,3239,0.9916062051845671,57,0.9554831153741764,71,0.45083920608950356,2738,0.3505296284714582,8422,0.7030494095341953,1681
5903850.0,1740950.0,1,0.9999999995290936,429,0.9129008001777021,81,0.7090066670371095,787,0.5673549212719158,8888,0.2835759122374399,7220,0.5074551914736377,6209,0.9904242282370829,83,0.9503602143664144,107,0.5229056740969122,1174,0.49811233331167015,3849,0.6695455720858903,2391
5943650.0,1795050.0,1,0.9999997269086678,958,0.8882988677072611,861,0.7089810903916196,788,0.5841848541360576,4550,0.24096499617849076,10280,0.5098002680848239,5774,0.9584356267054849,856,0.9036979386739358,995,0.4877805131796794,1812,0.34656910516442696,8555,0.6745559523936262,2262
5983750.0,1752050.0,1,0.9999999014266518,841,0.8953086277723039,452,0.7089654232197179,789,0.5728738099564548,7359,0.31089964722932883,5541,0.4919202145996705,9150,0.9618843586464727,663,0.9002086176262332,1053,0.31457370972303533,8974,0.4599182260760135,4996,0.3441537157440532,12788
5984450.0,1752050.0,1,0.9999998052225298,916,0.896456938881146,365,0.7088709714140728,790,0.555524469008677,13047,0.3945781855152842,2089,0.49396405230522866,8724,0.9623639726816869,642,0.9003607014003905,1051,0.31039853817288576,9244,0.5148326806987026,3369,0.32461449988462987,13322
5985050.0,1751450.0,1,0.9999997024037164,962,0.8976723282629423,265,0.7088527404286529,791,0.5896760418808679,3461,0.3095460039207609,5616,0.5069906800947693,6294,0.9640577401266561,558,0.9010899595731439,1043,0.33883908508192817,7458,0.38889761821814095,7244,0.5131658546091131,7931
5946750.0,1794350.0,1,0.9999999573979153,762,0.8939295793539878,550,0.7087502968892051,792,0.5674469232174142,8865,0.2741114565120313,7908,0.5150508546746673,4866,0.9730282563098481,174,0.91259538491345,785,0.5507871770345862,858,0.4111205560856124,6574,0.7223817724656356,1331
5906650.0,1742450.0,1,0.9999999494103838,780,0.8871192740275906,921,0.7086098448372017,793,0.587685584286693,3809,0.26684296406629854,8435,0.5247691103469517,3452,0.9570648825296534,909,0.9325318234093432,275,0.6057029929214985,498,0.45739389557998567,5096,0.752026044122722,880
5902550.0,1740450.0,1,0.999999991359129,626,0.8859585087854952,986,0.7085912659272008,794,0.5614477496167554,10617,0.377185390771811,2619,0.5299977095955182,2831,0.9559684501533902,973,0.9333178498821654,252,0.47736717357425584,2031,0.6489144717338639,1004,0.8374281912240535,184
5908050.0,1742850.0,1,0.9999999918082992,623,0.8866068475712687,947,0.7085751690229001,795,0.5789678509003973,5753,0.3753897651775499,2691,0.5097730504237958,5777,0.9557886324464953,984,0.9300996286850901,318,0.4700254071861909,2210,0.5346083657380742,2903,0.40236797538176994,11344
5905450.0,1742950.0,1,0.9999999954972492,584,0.8857190287704592,1000,0.7085725820857963,796,0.587589761033278,3828,0.40155251598158115,1936,0.5352525628926573,2285,0.955472456946574,1007,0.9320346109808699,283,0.5375443112106987,989,0.5815970560333632,1932,0.4570407107299582,9690
6005750.0,1764550.0,1,0.999999967619969,734,0.8722191178749626,1144,0.7083723749314904,797,0.5544773227565574,13555,0.3249892109130122,4781,0.48739398259204547,10018,0.9305530582861176,1150,0.8772000240585842,1170,0.3583584643726544,6417,0.4884309700292849,4118,0.30786900344792745,13770
5983950.0,1751950.0,1,0.999999954065279,768,0.8939116566194013,552,0.70824424892211,798,0.5524534267477367,14527,0.37096398612909776,2854,0.4973136947494988,8087,0.9616161958476026,677,0.9034519136144223,1004,0.3137908792415621,9025,0.5647155387040494,2232,0.4120576994034031,11083
5908550.0,1740050.0,1,0.9999999702291071,729,0.8872896568051216,909,0.7081709050335405,799,0.5915435514376418,3120,0.2850694588824665,7126,0.49930040413626814,7699,0.9557259371429141,988,0.9264899847715031,389,0.37723267789680703,5508,0.4543433495986625,5186,0.3379790370063098,12946
5943750.0,1793650.0,1,0.99999983526847,897,0.8880068506588042,876,0.7081223666059775,800,0.5971311221819278,2259,0.2016608312506167,13199,0.497491675643036,8047,0.9571969862750906,901,0.8988474578395087,1062,0.3746417147280162,5613,0.22802426318395086,13287,0.32835411166905026,13225
5944050.0,1793650.0,1,0.9999996466213835,980,0.8879124274307653,881,0.7081117758218956,801,0.5907708927908275,3258,0.2095907826008076,12524,0.5030878193161324,6989,0.9578619911445196,878,0.9017580480812367,1035,0.4423140999269537,2991,0.2765025802453127,11045,0.47082068294692736,9254
5946750.0,1794450.0,1,0.9999999725531005,719,0.893548799565453,564,0.7081053662659775,802,0.5603117154884301,10953,0.2906088733838638,6756,0.5149076214398611,4894,0.972915830342985,177,0.913138526464579,768,0.5089928679660228,1397,0.4702617656914938,4697,0.7575297528001912,803
5904650.0,1741650.0,1,0.9999999885831276,652,0.8856569355047453,1005,0.7080641708919636,803,0.5728045754068013,7380,0.386692277896644,2305,0.5324737542904029,2551,0.9555250194193009,1003,0.9325630610116018,272,0.47329339337777465,2128,0.6249349551460288,1288,0.7045887585728896,1654
5904750.0,1741550.0,1,0.9999999908918321,630,0.886041142140323,978,0.7080618982730638,804,0.5763347771593629,6405,0.32876474527911254,4601,0.5041131723774779,6820,0.9546160060205583,1058,0.9264209092462905,392,0.35646667634236406,6501,0.47927744354167157,4409,0.33428965971947155,13050
5909750.0,1740250.0,1,0.9999999971241791,560,0.9148670821355611,35,0.7078215553127271,805,0.5898531977628821,3429,0.21816505574075545,11903,0.5037237731999367,6886,0.9930195657912171,33,0.9550663685479224,74,0.4182812758281058,3794,0.23993150061720625,12703,0.6267483761044548,3590
5983850.0,1751950.0,1,0.9999997279457279,956,0.8950196479849705,477,0.7078167660564575,806,0.5686564914639408,8568,0.24405719677373794,10068,0.47585178999441863,12265,0.9614152658223317,685,0.8972119592513265,1079,0.3020760983154749,9829,0.33627103746684006,8886,0.2573846442815476,15646
5988950.0,1752550.0,1,0.999999999452041,436,0.8934201942310775,568,0.7077804843742882,807,0.564887023506613,9608,0.47697775462041303,659,0.5536083094633354,1062,0.9690142892531469,326,0.9033219169703733,1008,0.5370265346948546,996,0.757953445259828,241,0.7829140341176352,521
5904750.0,1742450.0,1,0.9999999955089058,583,0.8866241094234668,946,0.7076815936707576,808,0.5659495845674161,9291,0.39169710814039116,2179,0.5339156011308122,2414,0.9566724880752223,935,0.9346310780507057,233,0.5147710821150654,1297,0.6879593011829447,644,0.8343460110486428,200
5902450.0,1740450.0,1,0.9999999860804896,660,0.8859607090825934,985,0.707645943192581,809,0.5614649002249928,10613,0.36076680498712393,3231,0.5221647104917682,3801,0.9556406074349422,994,0.9312271194423134,300,0.48437766996733134,1881,0.6375419509398946,1127,0.8236748568529788,255
5902550.0,1740350.0,1,0.9999999807135337,689,0.8863748118209455,961,0.7075111131514038,810,0.5650382251492851,9569,0.37125917548851,2844,0.5323591289620869,2560,0.9560379998581199,970,0.9323985835641038,278,0.5097449793972392,1382,0.6786065468179477,728,0.8349920860567509,195
5903450.0,1740650.0,1,0.9999999846179675,667,0.9133747631512052,69,0.7075039929407558,811,0.579543510679387,5613,0.24720234908916452,9824,0.5248793168869148,3438,0.9917351085476508,55,0.9538202572186331,78,0.4648545967033819,2350,0.32923617126147253,9122,0.6853840318240673,2031
5943650.0,1793650.0,1,0.9999996140653882,995,0.8878893270139281,883,0.7074164886609202,812,0.5927677445537946,2919,0.22562734622053776,11336,0.5192666493125981,4208,0.9581503224655608,866,0.9035736086034069,1002,0.453555375838154,2664,0.313857700742215,9652,0.6616931217017016,2573
5944150.0,1793650.0,1,0.9999996023167937,997,0.8878895365356851,882,0.7074110804304287,813,0.5921690443562854,3009,0.26803074140512867,8343,0.541967040012594,1742,0.9594338003725945,798,0.909061817028843,883,0.49543378088039947,1654,0.38363049587283127,7406,0.7201641474937537,1376
5904450.0,1741050.0,1,0.9999999997665134,372,0.9139297721781449,55,0.7073779904812448,814,0.5605111542054291,10891,0.20027066843551178,13296,0.47569052916485854,12300,0.9901256434511005,88,0.9452897291102051,134,0.48545810727522865,1856,0.29043881909297853,10477,0.4661822624780756,9403
5985350.0,1752350.0,1,0.9999999790138718,696,0.8978174951784353,249,0.7072540952502879,815,0.5732572784845371,7261,0.28885255312423386,6879,0.5150952311460492,4856,0.9657855442311143,475,0.907361469432642,918,0.36277700658984546,6179,0.2870283112649369,10612,0.5649686381743849,6003
5909550.0,1740350.0,1,0.999999887566213,855,0.8868280746321157,933,0.7072493333824639,816,0.6009968225015803,1805,0.42445113666989887,1440,0.5319942266034611,2597,0.9563487311886695,949,0.9320463307707604,282,0.49340055194221877,1685,0.5423186890931256,2726,0.4185258258224547,10888
5993850.0,1748850.0,1,0.9999999999897216,187,0.8874760292448505,901,0.7071128350631994,817,0.5836163882878556,4679,0.3416509709508153,4014,0.5281712659591619,3008,0.95991315944906,772,0.8878450093919692,1137,0.5187120108762387,1233,0.5792180898762862,1969,0.7068782392492262,1607
5946850.0,1793150.0,1,0.9999998418445043,894,0.8884743644220523,851,0.707102819920491,818,0.5977404462588252,2167,0.24377156754024398,10088,0.5324396897999042,2552,0.9592267007161394,805,0.9059054557865915,957,0.4657468136320302,2327,0.31232081889783525,9706,0.6697397213227548,2385
5989250.0,1752750.0,1,0.9999999996096549,415,0.8928019256454126,583,0.7070799911167182,819,0.5603910912219298,10923,0.41600241553823863,1617,0.537739200783458,2056,0.9681455851448157,371,0.8998934831876402,1055,0.5229191314116599,1173,0.6829668777446352,692,0.7626947517301934,752
5945950.0,1793050.0,1,0.9999993380852352,1046,0.8882137776982392,867,0.7070459396248724,820,0.5927208105422276,2929,0.2599731630416539,8911,0.5401234041147376,1874,0.9599222275722276,770,0.9097807485854762,866,0.4751707767943588,2084,0.3336207065384128,8985,0.6919296266871449,1889
5986950.0,1755850.0,1,0.9999999999992164,68,0.8942708392675847,523,0.7069135062885256,821,0.5365484346452756,18952,0.31598819277753765,5258,0.4649553126312146,14271,0.9711726629622623,229,0.9076567453469939,909,0.4166320743431984,3862,0.4257383084457075,6121,0.3992251765358533,11439
5982750.0,1750750.0,1,0.9999999931411021,612,0.8965653317094074,357,0.7068433768543951,822,0.587985074923112,3750,0.39732357865871604,2029,0.547264541197195,1383,0.9649082000140278,511,0.9088438305319846,888,0.3784507528150791,5469,0.5914459810495696,1753,0.5812458113296066,5351
5898750.0,1755050.0,1,0.9999999945340847,598,0.8921226324693282,612,0.7066915552379808,823,0.5940017127334216,2713,0.17298403910513796,15297,0.4854897132731615,10419,0.9664629428844336,432,0.9419751619911916,154,0.3651616610784414,6067,0.23553902256507264,12920,0.3271016750597264,13257
5904650.0,1741550.0,1,0.9999999529473809,775,0.8853979244554958,1019,0.7066802718863838,824,0.5750977870103622,6732,0.3882723232298278,2265,0.5544280383373685,1022,0.9564213491281918,945,0.936342185795615,205,0.4706149868071994,2200,0.6626311511299886,878,0.8767581461098395,92
5903450.0,1741150.0,1,0.9999999720232328,723,0.8856923328018167,1002,0.7066045355355265,825,0.574027609284732,7037,0.37350491552328297,2758,0.5439664754006359,1613,0.9560364222775314,971,0.9336931972741209,248,0.5009527212604108,1538,0.6558517483972031,946,0.8606842485648096,119
5907450.0,1741650.0,1,0.9999999948386402,593,0.8866716118637298,941,0.70653564996274,826,0.56873760927099,8542,0.3629702474220259,3151,0.5005322212641373,7472,0.9555768162839438,999,0.9282293758988768,355,0.4760005564490397,2061,0.5365571253989848,2850,0.40642918117498206,11252
5944650.0,1797650.0,1,0.9999993622704922,1042,0.8881489024368809,870,0.7064649945980775,827,0.5717648430889238,7676,0.2813032124327751,7381,0.4926581197143505,8996,0.9579548608986517,874,0.9009746222658419,1044,0.48088438185885196,1966,0.44287049486161234,5601,0.4114389558792707,11102
5905150.0,1742450.0,1,0.9999999744527688,712,0.88626211035559,966,0.7064112263790642,828,0.5677294839446436,8802,0.31264955629749813,5444,0.5299864093557384,2832,0.9569041997315446,917,0.9339628859787121,243,0.5038580458820371,1492,0.561051766336091,2299,0.8178094066836372,280
5906650.0,1741950.0,1,0.9999999969179132,568,0.8860184997151331,979,0.7063476457199741,829,0.5736454185859171,7135,0.2992179886827749,6219,0.49763952454156263,8026,0.9548830350939005,1041,0.9257833723460427,408,0.48494774652015904,1870,0.5191118756131792,3248,0.4105526693654382,11133
6034250.0,1724550.0,1,0.9998575906453724,1234,0.824811081600324,1249,0.7061848648289377,830,0.613359287232029,887,0.24655957997555913,9884,0.5319587611360719,2602,0.8637909955161487,1259,0.8837523422756891,1156,0.38585061374577756,5141,0.25330615272370227,12093,0.5044461114203513,8208
5983950.0,1752050.0,1,0.9999998090258232,913,0.8945684939209843,505,0.7061533611365508,831,0.5512593663035177,15000,0.4113056931527346,1729,0.49144350682621984,9224,0.9614187784088928,684,0.9014685149742394,1036,0.30517313852317085,9608,0.4809932625478781,4359,0.27124042994813113,15091
5898650.0,1755050.0,1,0.9999999929318693,615,0.8921480691275594,610,0.7061292175371333,832,0.5985501158869748,2066,0.16559806968182766,15691,0.4859434460252848,10322,0.966374549816005,441,0.941192387345404,158,0.36515647421746067,6068,0.19707546790134356,14827,0.325168615470644,13310
5946750.0,1792750.0,1,0.999999959823571,759,0.892541614277972,596,0.7061173691136654,833,0.5859759844850962,4175,0.26272681339411946,8728,0.5389375077199253,1954,0.9721180635413301,209,0.911881111608742,820,0.46350439361076623,2387,0.41977115505273943,6300,0.7415540258765796,1021
5904550.0,1740750.0,1,0.9999999999981812,100,0.8871126508841283,922,0.7060929385848913,834,0.5790416437045605,5731,0.35026227137872784,3635,0.5424724090890868,1706,0.9620081416944883,657,0.9002428474607665,1052,0.5056706941697632,1453,0.646696992568189,1024,0.8618049391317191,116
6034250.0,1724650.0,1,0.9994557401472902,1257,0.8247555385009346,1250,0.7060921836397197,835,0.6060469901554426,1308,0.23738409790160836,10518,0.5203067975316905,4046,0.8628017830975984,1272,0.8799192132069487,1166,0.42003502884990007,3731,0.3058455478948844,9922,0.47860419229110807,9020
5904450.0,1741150.0,1,0.9999999977118872,544,0.9132080536980925,74,0.7060843166021432,836,0.5546428026692752,13477,0.24976019032175495,9649,0.5046298792700994,6724,0.9913058830790719,66,0.9518896182394984,88,0.5195922698247146,1220,0.3922429339887221,7149,0.7124036745790417,1510
5903550.0,1740850.0,1,0.9999999992518955,469,0.9133156168775693,70,0.7058631739066245,837,0.5622352256337995,10372,0.24121545095131622,10261,0.47909436346791423,11640,0.9894362074847713,95,0.9438239819477351,142,0.4253045568625855,3540,0.37441503156864586,7697,0.3732412274123478,12103
5983550.0,1750250.0,1,0.9999998203306096,905,0.8945919486406508,503,0.7058600231425517,838,0.5663509133826675,9163,0.4352576271175621,1245,0.5065188679619416,6396,0.9617349041048343,672,0.9028127907007535,1017,0.32060361262090586,8591,0.5344197372711869,2907,0.3496367653895235,12671
5943850.0,1797450.0,1,0.9999997801538115,934,0.8940286605236855,545,0.7058139104072134,839,0.603917246074306,1490,0.2709104985578932,8126,0.5412741843181544,1781,0.9733289627164602,166,0.9127768900351771,779,0.44357017025816536,2958,0.3094962016100594,9800,0.6735928138203863,2293
5946050.0,1792950.0,1,0.9999997853383714,929,0.8877437754367554,890,0.7057731095202664,840,0.5903988337259078,3319,0.2440359830814837,10069,0.5317146180956769,2629,0.9589746245504882,824,0.9062699791523573,945,0.47226337099046045,2160,0.32090289363528046,9394,0.679442169905153,2171
5897850.0,1755850.0,1,0.9999999675562813,736,0.8906596421642835,706,0.7057446354646495,841,0.5826979025700008,4883,0.27602242966162205,7775,0.533995347338499,2403,0.9674281869668045,392,0.9505496354670986,104,0.4828420888488826,1913,0.5072430348033676,3599,0.7834980959484665,518
5898750.0,1755150.0,1,0.9999999997689142,371,0.9011598238809693,102,0.7056036605286501,842,0.5869728136617661,3978,0.14337470352795045,16759,0.4779412768179519,11872,0.9766414325822615,102,0.9289524287730648,340,0.37132987682434493,5767,0.20516559271444923,14454,0.328434738215987,13219
5984650.0,1750550.0,1,0.9999998682598785,869,0.8806850291216441,1133,0.7055363878534244,843,0.5708470396906403,7937,0.4726303206763132,707,0.5588437416224762,863,0.9500198789623817,1133,0.901776882949225,1034,0.3705289739413432,5800,0.6726721313860453,777,0.5843081614918652,5211
5905250.0,1741950.0,1,0.9999999830285465,677,0.8883259118285683,859,0.7054158265677457,844,0.5945454399464594,2617,0.22914140737778066,11097,0.4993711937331658,7682,0.9566516887808256,936,0.926082320862765,399,0.4137457819081518,3978,0.25068731311055403,12221,0.563248722274797,6076
6006550.0,1738750.0,1,0.9999998852377746,857,0.8867356369877484,938,0.7052428163339958,845,0.6092718876283002,1107,0.24852189554049586,9728,0.5467873244801813,1418,0.9555262514781621,1002,0.9231982482052868,483,0.4630638132066799,2402,0.31776118181464585,9494,0.6618347415744645,2567
5988850.0,1752450.0,1,0.9999999996778508,398,0.8933379603128323,570,0.7052391729955985,846,0.5561278729946357,12753,0.4292273368943304,1359,0.5259419418293891,3290,0.968244464453207,363,0.8981866033158491,1068,0.5152949386124483,1285,0.7063979309238182,509,0.6884127641413793,1960
5904250.0,1741150.0,1,0.9999997359650972,953,0.88657499465483,949,0.7052053522608241,847,0.5940831046859091,2698,0.21408168641483802,12197,0.519947970579565,4099,0.9561307981276408,965,0.9285036972941642,347,0.44986551747191417,2765,0.2920194550102089,10415,0.6518552930761728,2844
5907550.0,1742350.0,1,0.9999999961258108,574,0.8872307663581561,917,0.7052039387014004,848,0.5774024263578684,6128,0.3351955310124179,4320,0.5015228454080799,7280,0.9556757767071618,993,0.9264133897370007,393,0.5204354463559346,1207,0.5447975102332326,2664,0.45523384973356973,9745
5898650.0,1755250.0,1,0.9999999995171087,431,0.9013019232861769,101,0.7051850300478076,849,0.5925456810892933,2953,0.14122708896894867,16844,0.4809510190293164,11279,0.97676476140626,101,0.9290065152719316,337,0.36296776717725865,6170,0.1658947461757443,16147,0.36191271344542675,12400
5906250.0,1740250.0,1,0.9999999908083904,632,0.9133868361554505,68,0.7051339753826973,850,0.589460251799204,3491,0.23025810787393233,11023,0.5252452502133006,3376,0.9921634642012745,47,0.9537592659136703,79,0.4113981894232033,4074,0.27727659796346027,11013,0.6615770143910666,2578
5904350.0,1742050.0,1,0.9999999713882176,725,0.8850496842473201,1038,0.7051311469146826,851,0.5682242511699294,8662,0.41939960941404936,1551,0.5504022687187214,1199,0.9561335060618756,964,0.9360891015552713,211,0.44399346818766805,2947,0.6562451566747542,937,0.8593601740020621,121
5946850.0,1794550.0,1,0.9999998811295622,863,0.8880248570945404,875,0.7050751578719916,852,0.5653786546658045,9463,0.29710029616253913,6345,0.5218399023086352,3856,0.9590668078821444,815,0.9066278249181359,938,0.5168026531533263,1259,0.476865840014675,4480,0.7610414152520308,772
5945650.0,1797850.0,1,0.9999987792476429,1098,0.8878619999128734,885,0.7050271614926163,853,0.5646410934530776,9671,0.2397419101111238,10369,0.4842664518780185,10674,0.958026625347997,873,0.9004532152316794,1049,0.4391430864238314,3074,0.3370174945196103,8861,0.46056072204774245,9585
5907050.0,1742750.0,1,0.9999997964922619,921,0.8865479251235235,953,0.7049791488866501,854,0.5835830161182395,4690,0.24007055267477162,10343,0.5234544707167668,3618,0.9572787440275651,899,0.932646399897691,270,0.5344782585134085,1022,0.39148388355256736,7174,0.722429098610566,1328
5944750.0,1797650.0,1,0.9999903161596453,1205,0.888794093746977,837,0.7049773477230177,855,0.5721355184822592,7567,0.2530352752382139,9404,0.4966493786571135,8213,0.9589808566661998,823,0.9030791562566179,1012,0.5468312850763779,894,0.3460290026729317,8576,0.6147220531683524,4007
5989350.0,1753550.0,1,0.9999999999050113,314,0.8942029138704636,532,0.7048705796646424,856,0.5376838226464802,18762,0.3862181810905539,2317,0.48267805659758356,10968,0.9672609512296539,397,0.8905227641509182,1126,0.43348966799877553,3267,0.591818325603101,1747,0.4748000289811899,9121
5986050.0,1754450.0,1,0.9999999999012203,317,0.8964869417806374,362,0.7047687520322208,857,0.5425955066128949,17690,0.3044405920582638,5929,0.4613436810569222,14938,0.9631753837757095,607,0.9099443214964624,863,0.34973158581929453,6856,0.3241257201321066,9283,0.32422421910592414,13331
5898750.0,1754950.0,1,0.9999998859141283,856,0.8906656227964431,705,0.7047314759537379,858,0.5899661822470631,3411,0.20630226591964834,12795,0.52320603005614,3665,0.9680227622448572,376,0.9508654659989964,99,0.4328139331506964,3294,0.29387060695773437,10345,0.6819692751656292,2106
5871850.0,1728150.0,1,0.9999999451143532,792,0.8945524201419783,506,0.7047239650820415,859,0.607979960199911,1194,0.2901047009337672,6790,0.5618048554897177,766,0.9675770636045905,390,0.9230219090547651,487,0.569627998694366,708,0.5101582430434894,3508,0.7977661758222623,409
5947350.0,1793050.0,1,0.9999994449521429,1027,0.8925724255190688,594,0.7047082080418049,860,0.5850014276465264,4391,0.18738430764570602,14379,0.4906888136516834,9374,0.9698320205538343,283,0.9006266377454551,1047,0.38259526615735007,5280,0.2299621355647261,13191,0.33689413549749925,12988
5906150.0,1742450.0,1,0.9999999614566325,756,0.8873342033959691,907,0.7046915918861469,861,0.5669544884063998,8999,0.3816020941860926,2464,0.5352936948738178,2280,0.957646093842822,887,0.9355905158466736,218,0.5114003675959935,1345,0.6579942755930183,919,0.8471029325900659,147
5902550.0,1740050.0,1,0.999999982437313,680,0.8865602881409103,950,0.7045586299784339,862,0.563150892520968,10077,0.2912058564730062,6723,0.5035242872829548,6915,0.9549403371448516,1038,0.9252151962603744,425,0.5419825350001186,939,0.5076142467242459,3584,0.7390964176483119,1059
5947150.0,1793150.0,1,0.9993954228854002,1261,0.8933156944395809,571,0.7045340171314654,863,0.3719234011605987,21626,0.26364083056102894,8668,0.41844200063547937,20845,0.9723722221270132,197,0.9109057844614887,837,0.35389307734940045,6642,0.3454511308247554,8591,0.669471268221514,2393
5988950.0,1752450.0,1,0.9999999996141056,413,0.8932723672138455,572,0.7045197942355061,864,0.5573211766946703,12203,0.3688903227798713,2921,0.5215056497948719,3900,0.9682630003877359,362,0.8970612811290459,1082,0.516631970376688,1263,0.6066145180089796,1524,0.7514146233560703,889
5908350.0,1742450.0,1,0.9999994727991296,1022,0.8867593430170377,936,0.7045154867783262,865,0.6037943679761043,1505,0.23416781811117277,10749,0.5354505989210486,2260,0.9580838646823382,871,0.9346864411689337,232,0.49038167201709004,1753,0.3224830902706224,9344,0.6937681991015824,1854
5905650.0,1740250.0,1,0.9999999935528334,607,0.9132769070283167,71,0.7044738888705995,866,0.580929689482804,5318,0.18168746563017318,14775,0.49208442265957325,9123,0.990706603533601,75,0.9472132293019057,120,0.4004661478905568,4513,0.2301939848522434,13175,0.5807230167926895,5378
5904350.0,1741050.0,1,0.9999999987833474,502,0.9127277856128792,85,0.7044161584368666,867,0.5596316215947813,11205,0.19267389745645372,13931,0.4890681459381183,9652,0.9904896571059024,80,0.94730623088904,118,0.39152480734447437,4863,0.25158232652362944,12178,0.6248527733291438,3640
5989350.0,1752650.0,1,0.999999998346139,522,0.8921949248134051,607,0.7043792704958987,868,0.552967479454291,14317,0.4911109595626558,525,0.537509329179682,2068,0.9673115699435945,395,0.8992717264453783,1059,0.5135854411610903,1318,0.6990023884473964,558,0.6846782711915929,2046
5946750.0,1792850.0,1,0.9999999351277915,806,0.8927561780125292,585,0.7042754491268473,869,0.5865666629386712,4048,0.25903595030068305,8978,0.5374638271833666,2072,0.9722616193384591,202,0.9111361079674382,831,0.5037114453638509,1496,0.367903413541399,7886,0.7117892770567196,1521
5946850.0,1794450.0,1,0.9999997782674567,936,0.8878520854782743,886,0.7041442006539205,870,0.566485638127473,9120,0.28755962245483135,6969,0.5222968756414446,3783,0.959061834935131,817,0.906287001626529,944,0.49937383905355115,1568,0.44290838165996504,5600,0.744126570109944,985
5908350.0,1742350.0,1,0.9999995140879313,1012,0.886125300647452,973,0.7040491569875108,871,0.5954503825303987,2462,0.23424492330776306,10738,0.5338736592832481,2417,0.9577790713348546,881,0.9347192884351959,231,0.5325517125533719,1040,0.36757839081361454,7904,0.7219019782882439,1337
5906650.0,1742350.0,1,0.9999996202147846,993,0.8889962926639696,824,0.7039687217712837,872,0.5995429092308813,1945,0.3089754892181874,5661,0.5275878431963678,3096,0.958629189155098,850,0.9326572696907413,269,0.42653159723241296,3503,0.30896820422470506,9816,0.662090755703405,2561
5906650.0,1742050.0,1,0.9999997853641115,928,0.887624235832198,894,0.7038903263731578,873,0.589093502117259,3577,0.2629911686817995,8708,0.5194778555400161,4174,0.9570289641380698,911,0.92968101365418,328,0.5659298091798366,735,0.3763848889377208,7639,0.7015664065580314,1722
5903550.0,1741050.0,1,0.9999999896964947,640,0.913009139109778,76,0.7037115550493162,874,0.5645497643962211,9688,0.26703910816652754,8417,0.5178291965468765,4421,0.9914530118481467,61,0.9521506494186115,86,0.5693374443905088,711,0.4115765560660658,6556,0.7292308029672656,1209
5945950.0,1792950.0,1,0.9999995519898557,1007,0.8878775181938718,884,0.7036043768136739,875,0.5881681590860693,3719,0.2504192467250247,9597,0.5308523806617379,2728,0.9591826539037017,809,0.9061380144289886,951,0.4147785982053981,3935,0.29280745546914266,10387,0.6644773417862284,2509
5984550.0,1751950.0,1,0.9999999812211046,685,0.8964530953322815,366,0.7035409387225348,876,0.5580312173203148,11863,0.2578022086346229,9071,0.4862526210223577,10253,0.9628051109964719,621,0.8974313817365398,1077,0.31887787764167086,8695,0.3477249400950616,8512,0.5077681264814637,8100
5907950.0,1741650.0,1,0.9999998594858555,878,0.8868695484656082,929,0.7034630489195246,877,0.5863939781701669,4085,0.22818327597945937,11162,0.5148250488492196,4911,0.957112140815184,905,0.9304076932194958,311,0.5736389047522701,679,0.3654695491725295,7981,0.7009103960326843,1736
5908050.0,1742050.0,1,0.9999999798754651,693,0.8864603864802335,958,0.7033889020493664,878,0.5752820823107199,6686,0.29239970326265885,6645,0.4903744443156346,9427,0.9550754320462481,1028,0.9242507612818456,456,0.3787620240850069,5457,0.4667675764682675,4808,0.3402211800294329,12874
5904350.0,1742450.0,1,0.9999996632618561,975,0.8854281619924562,1016,0.703377213142669,879,0.5928433811514772,2904,0.24829064639637052,9749,0.5368646350006129,2121,0.9559907325420864,972,0.9304210102815538,310,0.48388691014486174,1890,0.4308742894071269,5965,0.7437488829937119,991
5905150.0,1742350.0,1,0.9999997862456864,925,0.8874081620430008,903,0.7033156546350772,880,0.5963126441260888,2339,0.268113556871101,8339,0.5315551806438958,2646,0.9571044473534508,907,0.9302577832134897,313,0.5352547168758233,1012,0.3667010937830998,7940,0.698973594367126,1766
5947350.0,1793850.0,1,0.9999999983992758,521,0.893930073373633,549,0.7032080696066934,881,0.544415142517788,17199,0.2536505342997501,9347,0.47478829218373425,12465,0.9708084586326267,240,0.9020190089497331,1032,0.46431264067555633,2366,0.3697276725321934,7844,0.6075279389673589,4273
5940650.0,1792550.0,1,0.04424703154210046,3457,0.8139955129818641,1299,0.7031278022831086,882,0.6168814317638923,730,0.28129390737499543,7382,0.5310888579070338,2693,0.8627761844682862,1273,0.8459679299078707,1260,0.5181405765276794,1242,0.3698074133808259,7838,0.6737906277906975,2289
5946850.0,1793050.0,1,0.999999264168059,1057,0.8874040950550733,904,0.7030651481548549,883,0.5998615515018633,1911,0.25355454898941804,9356,0.5452000263299968,1534,0.9589285050252103,829,0.9060457792090543,955,0.5254762038560161,1131,0.35973754249889445,8157,0.7068387473957598,1608
5983150.0,1750850.0,1,0.9999999532023658,774,0.8942259892535127,529,0.7029115088776645,884,0.5804179705537235,5430,0.3035004956005799,5986,0.5084190502031072,6024,0.9618918313472472,662,0.8999737317375947,1054,0.33191651069064043,7879,0.4884846652968726,4117,0.5154087503576208,7861
5903650.0,1740950.0,1,0.9999999867960669,656,0.9127500671698541,84,0.7027893508883477,885,0.5663443493449433,9166,0.23491959323698014,10691,0.5109130467754455,5560,0.9912175576881852,67,0.9505761313031592,102,0.4528947672748238,2681,0.31678506991691446,9530,0.673737343691886,2291
5943650.0,1794150.0,1,0.999999783364414,930,0.8873432273454049,906,0.7027652586047549,886,0.5689440179344085,8480,0.26398617939032337,8639,0.517257179443146,4512,0.9582459854874114,862,0.9034567418270988,1003,0.4126183963086957,4028,0.41390833109769765,6487,0.7256332800655886,1271
5943550.0,1794150.0,1,0.9999999719782261,724,0.8872768911582679,911,0.7027609228542522,887,0.5579993017343168,11887,0.2888459155411823,6880,0.4960230900029045,8357,0.9570391407865398,910,0.899429872206161,1058,0.4355111809631351,3193,0.4951359795338912,3934,0.630800174756339,3458
6005250.0,1765350.0,1,0.9999999329919982,811,0.8716875072075243,1151,0.7027170664301061,888,0.5508011708060464,15151,0.44377606300554917,1103,0.4974594931237679,8059,0.9335031398972861,1137,0.8926582583175968,1109,0.32879116790392215,8069,0.5286393279235222,3019,0.3285250558286027,13215
5906550.0,1742050.0,1,0.99999968442421,968,0.8882550507081289,865,0.7026292900368277,889,0.5954215337583395,2468,0.2735881739678808,7940,0.5215210011242116,3896,0.9576437514098595,888,0.9299692757129797,319,0.4414062760188614,3010,0.3053324963797024,9936,0.6604359358112268,2609
5983550.0,1750850.0,1,0.9999999914503511,625,0.8954411434992402,441,0.7025285603033351,890,0.5756641276850655,6601,0.33412829048379683,4371,0.5230105744518541,3685,0.9638891565698399,568,0.9057601141100573,961,0.35931420738097275,6374,0.4721500947716555,4643,0.5607480595721772,6155
5904150.0,1740550.0,1,0.9999999999969735,122,0.8871107521798999,923,0.7025127612373384,891,0.5742448767730045,6972,0.32721382426726575,4676,0.5376782627882373,2061,0.9618206487651355,664,0.897948728463789,1073,0.5386546204652671,965,0.5866010167970304,1838,0.8315379069940776,212
5988750.0,1752650.0,1,0.9999999777317812,701,0.8882738267576487,863,0.7022786518106758,892,0.5696291668891088,8275,0.4334969573268739,1283,0.5422647719734256,1723,0.9557332683464657,987,0.8943029303868397,1103,0.5319706697933504,1046,0.6858784315916324,665,0.7709600501867393,659
5904250.0,1741250.0,1,0.9999997644471248,941,0.8859521829185735,987,0.7022676118491475,893,0.5877534592783954,3794,0.1958669329870501,13673,0.510054024090965,5713,0.9554905923256929,1005,0.9256642248508373,413,0.41469731677441346,3938,0.2606331143578614,11746,0.6315580174422886,3440
5904250.0,1742050.0,1,0.9999999049462648,838,0.8856138750755806,1008,0.7021595769971211,894,0.5735726584752263,7159,0.28634770130780784,7051,0.5281504523243068,3012,0.9559008458784447,978,0.929752848800919,326,0.47989485972556256,1984,0.516907386343879,3304,0.7896711029770813,462
5988450.0,1752550.0,1,0.9999999619644758,755,0.8887887238115842,838,0.7020480980745253,895,0.5735196256919713,7175,0.37685834971849114,2632,0.5338881756108984,2416,0.956295004586389,954,0.8939452840379037,1105,0.533771917722322,1027,0.5357485049198706,2878,0.7547212393606058,840
5904050.0,1740850.0,1,0.9999999985637511,515,0.9129015779019167,80,0.7019843709928131,896,0.5503511783056105,15313,0.18178273896289096,14771,0.47343247277968326,12726,0.9899685148403947,90,0.9439824945316081,140,0.39074133515763954,4906,0.24314213404517937,12562,0.6091408403617302,4203
5903550.0,1740450.0,1,0.9999999984913783,518,0.9128486902761027,82,0.701971343622075,897,0.5537934485285293,13923,0.19774613556345022,13499,0.46687825605765804,13929,0.988962301882409,97,0.9404964142665193,168,0.4021901304495681,4438,0.2867919301289812,10624,0.3571742426417721,12490
5946350.0,1795950.0,1,0.9999944829302764,1188,0.8881447010270833,871,0.7019124154195919,898,0.5684164889362134,8617,0.23490964073984633,10692,0.48705573702950555,10097,0.9579515375976635,875,0.8989631415741907,1061,0.5386393504945897,966,0.3273830991208726,9182,0.5322769481685511,7277
5898650.0,1755150.0,1,0.9999999993401447,458,0.9009028732101316,105,0.7017819650730198,899,0.5778623130895099,6011,0.1352654068233694,17110,0.468758903955273,13574,0.9762155267585193,104,0.9262681380939786,396,0.35105224654302747,6794,0.15961699443043398,16375,0.33198878206651383,13112
5871950.0,1728150.0,1,0.9999999464473563,788,0.8947245905912828,496,0.7017379312415731,900,0.6046344108595405,1422,0.25336352991399363,9366,0.54435318014887,1582,0.9669469237478772,413,0.9183753695935596,617,0.5454736223748955,904,0.4253298214801513,6137,0.7378637052567641,1079
5909650.0,1740450.0,1,0.9999999230124882,820,0.8872708390341135,912,0.7016524509326814,901,0.5933301143742796,2817,0.18462891495223363,14572,0.49175392582532523,9183,0.956831142654978,922,0.9270040804153059,376,0.38698284919979564,5083,0.1989153659346652,14752,0.4736572251308121,9146
5904050.0,1740950.0,1,0.9999999975092269,550,0.9130898595980564,75,0.7015557390146917,902,0.5512342181258513,15006,0.21311032530293295,12277,0.485915506969983,10330,0.9904888730487627,81,0.9462065342876316,127,0.4442398799391867,2937,0.2973413260922364,10206,0.6471908177185823,2971
5872150.0,1727650.0,1,0.9999999006012937,843,0.8948218414631127,489,0.7014812408395713,903,0.6125105641601541,934,0.2679174029879261,8353,0.5532445953576899,1077,0.9672068728306619,400,0.9194632942146151,587,0.5002771177855568,1553,0.4349537409129124,5840,0.7480620708108003,943
5906750.0,1740250.0,1,0.9999999888212315,649,0.9125084379123928,88,0.7014379181387208,904,0.5727909462325914,7382,0.22151758897219154,11658,0.5167347556971128,4596,0.9917516173294919,53,0.9522520094365802,82,0.43949670245804184,3064,0.294529583197252,10320,0.6726928044217833,2320
5905250.0,1742350.0,1,0.999999983661686,674,0.8871222670516077,920,0.7014247222859652,905,0.5666692550064154,9064,0.23686997378631106,10557,0.4880432128023792,9873,0.955574085569223,1000,0.9235048595576874,476,0.4967325343413911,1628,0.36766279703837124,7900,0.5826593450163934,5295
5898750.0,1755250.0,1,0.9999999993736868,453,0.900713306058149,106,0.7014076846250683,906,0.578781294654344,5796,0.1315488825887592,17309,0.4683305462666847,13655,0.9760810196911883,106,0.9257212409798957,410,0.3495936553902703,6868,0.15528844700496303,16536,0.31412795117797054,13595
5903950.0,1741050.0,1,0.9999999960529111,576,0.9129783601871395,77,0.701249068470735,907,0.5481885422577056,16008,0.23519362030034072,10671,0.4937530692816073,8771,0.9907191772409889,74,0.9479034746538224,115,0.48322560476017395,1907,0.33963935485164964,8790,0.6766514194527229,2222
5988650.0,1752250.0,1,0.9999999489964241,781,0.8948610351050585,488,0.7011199474034512,908,0.5681441961615826,8683,0.34815954564479923,3729,0.5077338625729791,6166,0.9695806155819214,292,0.894894109539204,1099,0.5188507613167628,1230,0.3867332599050599,7316,0.6556555112487397,2723
5890350.0,1758850.0,1,0.9999985429596503,1115,0.8947132808814611,497,0.701115734316015,909,0.5993861627320397,1961,0.19079085169380983,14098,0.5273644815791049,3123,0.963700583882936,588,0.9382880308308356,185,0.40555911064464967,4294,0.23707678614192984,12843,0.6499642670627561,2890
5904850.0,1740750.0,1,0.9999999999992899,62,0.887282010264436,910,0.7010269397271144,910,0.5660992586021939,9248,0.3944345106849008,2097,0.5248958971283181,3434,0.961260281622029,695,0.8958881266567753,1089,0.5107854218614827,1358,0.6742642343921648,765,0.7887604964890934,469
5946850.0,1792650.0,1,0.9999991510438355,1070,0.8874544045796359,902,0.700988760655251,911,0.6011895275738023,1785,0.26344990520209577,8677,0.5463236182693726,1462,0.958746477200523,843,0.9047962627414456,984,0.5256312848081718,1127,0.3618971982808613,8085,0.7085544545268437,1573
5993950.0,1748850.0,1,0.9999999992745099,465,0.8884410657643177,854,0.7009727528605441,912,0.5937424172433785,2751,0.21846998810850352,11888,0.5008961589600882,7404,0.9597040379129104,783,0.8797557883664352,1167,0.4489194588660923,2795,0.26990662387257813,11333,0.6032628257108774,4437
5905650.0,1740350.0,1,0.9999999936972754,606,0.912179424003438,92,0.7008934263703706,913,0.5731838674879439,7282,0.1841423189298716,14614,0.5003592714770133,7509,0.990756658873512,72,0.9478546365488953,116,0.40992491089267147,4126,0.25244485595251365,12139,0.6358818673785246,3311
5906150.0,1742850.0,1,0.9999999699886262,730,0.8859462938330639,988,0.7008916639803549,914,0.571526986242914,7730,0.4411616277062745,1151,0.5166305877791241,4614,0.9548704141545965,1042,0.9272000469339406,370,0.35907735371029914,6383,0.5173428087524792,3292,0.3434610314251344,12800
6006450.0,1738650.0,1,0.9999998197401166,906,0.8867483017805506,937,0.7008876009765238,915,0.5974834117635894,2201,0.2321880655046921,10885,0.5245695174799668,3477,0.9546000337924914,1059,0.9175972109990629,633,0.390144602874255,4929,0.2617974046835345,11689,0.6145952011546767,4010
5890150.0,1759150.0,1,0.906715058298349,1569,0.8197170557941112,1253,0.7007988995280643,916,0.5881224981892994,3727,0.19021238930151804,14152,0.4757773797955626,12284,0.8587959119115324,1284,0.887570127983461,1139,0.3698209820139289,5851,0.17256692186325617,15888,0.3112821727107812,13667
5871750.0,1728350.0,1,0.9999999334758893,810,0.8939643612339819,546,0.7007837957450562,917,0.5967639714047217,2297,0.20482787524980417,12927,0.5160650285629242,4700,0.9654211170867921,487,0.912561953222629,786,0.4864655046280385,1841,0.37336586185849896,7727,0.5625070439972732,6103
5987250.0,1751850.0,1,0.9999998616980896,875,0.8959050262742957,400,0.7006384316602196,918,0.5816084655666024,5149,0.2952862927853867,6459,0.5225425800962654,3745,0.9656759274067274,479,0.9086017562866897,892,0.45685568019610234,2571,0.395256398014874,7050,0.6802735384726222,2151
5872150.0,1727750.0,1,0.9999999433282464,796,0.8949627516633843,481,0.7005956811537497,919,0.6064756417367412,1281,0.26341346124024834,8684,0.5404335246385654,1854,0.9665902389383576,426,0.9162174028987702,682,0.4983345909843777,1587,0.4287941192831142,6023,0.7337976563096739,1143
5903650.0,1740850.0,1,0.9999999975963851,545,0.9114799710238812,98,0.7005200199945683,920,0.5578615132855047,11956,0.15282233677083684,16350,0.4643436606708484,14383,0.9884810761676697,98,0.9390485644891944,177,0.36970292996968834,5855,0.19783971885138707,14800,0.34132038940974985,12850
5903950.0,1741150.0,1,0.999999996407976,571,0.912591338741642,86,0.7005083810061897,921,0.5424014279778034,17754,0.20837583759467776,12622,0.48048135618341437,11377,0.9901916528277892,86,0.9458488233604281,131,0.4694144471457188,2228,0.31185440286196076,9721,0.6542394781220058,2766
5905350.0,1740150.0,1,0.9999999999052693,313,0.8866256295615474,945,0.7001047691134653,922,0.6019241099036143,1690,0.2809360899125037,7411,0.5526887459920171,1097,0.9626008997321701,632,0.8998250995156994,1056,0.5495176508916748,864,0.4945604895326433,3947,0.7946840669955335,425
5944850.0,1765050.0,1,0.9991620885588637,1271,0.8558012534508631,1161,0.7000694882903561,923,0.600353791314286,1862,0.28973547114533443,6808,0.5403461950273026,1860,0.9073000126789866,1219,0.8978112127837671,1074,0.43073583009258876,3365,0.4935489164876137,3974,0.5968040568381544,4694
5947050.0,1793150.0,1,0.9999999071220242,834,0.8928624804343197,581,0.7000402908769688,924,0.5756777645802709,6597,0.2598167637526775,8925,0.5263951699013718,3236,0.972033611613961,212,0.9080089164735476,903,0.4853084833653448,1861,0.34256670899727426,8685,0.69134518215996,1903
5903550.0,1740950.0,1,0.9999999857515256,663,0.9117383805575411,97,0.7000218478449238,925,0.5602060687808643,10988,0.22815491196388918,11166,0.5084583559633019,6018,0.9909096675271335,69,0.9495461152007293,108,0.42601845817916895,3517,0.2995806775700338,10129,0.6682694633061765,2410
5907050.0,1742850.0,1,0.999999965009187,746,0.8860412095386606,977,0.7000064428814848,926,0.5597395528844124,11167,0.23255644690509372,10852,0.47513485003410794,12410,0.9547781759205975,1049,0.9216726145280341,526,0.4118605891223259,4056,0.40729580853056313,6675,0.3592996184738405,12454
5904250.0,1741650.0,1,0.9999999771927323,703,0.8868789923058327,927,0.6999897635452941,927,0.5743299950599182,6955,0.2528786121546297,9417,0.4829133145818692,10916,0.9544979638447076,1061,0.9194984112846364,585,0.34434507838591266,7154,0.3637307361146338,8025,0.31897872436296537,13465
5986550.0,1751450.0,1,0.9999999317690718,814,0.8941553910356467,535,0.6998843913357031,928,0.5629681890879488,10142,0.2687922703253105,8294,0.5100481261639803,5715,0.9658223906576808,474,0.9113323964700674,828,0.3973184841301536,4637,0.4056860961893871,6716,0.6929466214758017,1870
5984450.0,1751950.0,1,0.9999999791262755,695,0.8951064026269555,469,0.6998239201549307,929,0.5558564165490929,12872,0.2350277259436405,10685,0.4962704929545468,8302,0.9627578458273994,624,0.8980806036296984,1070,0.3311777794447087,7925,0.29769739321906274,10197,0.5368248664807329,7120
5945950.0,1792450.0,1,0.9999997145362145,960,0.8880736806681662,874,0.6998063454111669,930,0.5784017151404639,5884,0.20014118047186705,13313,0.4781935369264004,11811,0.9567894967270197,924,0.8933145475203929,1108,0.36074957010409503,6293,0.20489132795221676,14464,0.32072276440883407,13418
5904350.0,1741550.0,1,0.9999999659839973,742,0.8857791325928018,996,0.6997213418669904,931,0.5641780694110313,9795,0.2769553359045479,7716,0.5016786153551949,7244,0.9547864988631521,1048,0.9239161653398714,467,0.5081972177253106,1412,0.4879589800774484,4133,0.6492482596038993,2910
6041350.0,1722350.0,1,0.9934797811921702,1358,0.876498797667504,1135,0.6996781703490497,932,0.5868035744034226,4007,0.16628656193997138,15647,0.47763951101253727,11920,0.9277402474124876,1159,0.8808711027739337,1164,0.2402842768909097,14332,0.14917713691213064,16738,0.17940053863784666,19202
5987550.0,1752050.0,1,0.9999999924502044,618,0.8884742387770567,853,0.6996598647011558,933,0.5817553177101346,5102,0.3550162688266069,3440,0.5457580206620674,1497,0.956790790289917,923,0.8957720489758033,1092,0.5543067252041307,823,0.5074945192851448,3588,0.7543861293693768,846
5988550.0,1752650.0,1,0.9999999729606842,717,0.8886640995607209,845,0.6995510630817539,934,0.5681606750919833,8676,0.34773861413033186,3756,0.5259402612341624,3291,0.9561600588876961,963,0.8923572658591583,1110,0.5306921010333733,1066,0.4734270637786854,4598,0.718705403536423,1401
5946050.0,1792550.0,1,0.9999997861021428,926,0.8875866230462511,896,0.6995490189209935,935,0.5801787513436991,5475,0.18334169704125275,14667,0.4832230678099859,10865,0.9568552392584926,920,0.8940565697605836,1104,0.3603262837421105,6320,0.18741686920851408,15286,0.3718306503326574,12133
6034050.0,1711050.0,0,0.006614192768405587,5332,0.7347200485327818,1728,0.6994829675922324,936,0.6591391874331508,15,0.5969189669231744,26,0.659381555663423,2,0.7735578002310526,1605,0.8224969920881602,1365,0.5760337221001953,666,0.8857999950608562,21,0.5728000020865377,5699
5904150.0,1740850.0,1,0.9999999970768354,563,0.9134666034958036,66,0.6993784898076727,937,0.5426714644350142,17674,0.2381452721758368,10473,0.48152353285545485,11167,0.9903564907297462,85,0.9450196481116035,136,0.42572051582033277,3527,0.340637724827083,8756,0.6660921209257269,2465
5904650.0,1740750.0,1,0.9999999999973113,116,0.8862700256232007,964,0.6993139412105613,938,0.5576585647064751,12050,0.3956472964455131,2065,0.5349653127545114,2320,0.9613905806836534,688,0.8983640506841398,1066,0.45236316489380735,2692,0.650425114086007,993,0.8398221930676122,172
5902950.0,1741250.0,1,0.9999996264378644,988,0.8852554438930392,1026,0.6992387821193574,939,0.5414340956426072,17983,0.33505698296347924,4327,0.4988525946699531,7791,0.9550183779015707,1032,0.9269718775028758,377,0.416639489275067,3860,0.5998430886394629,1626,0.7653116452877265,727
5907550.0,1741650.0,1,0.9999999909460825,629,0.8868094344983669,934,0.6992133735789433,940,0.5678920260767635,8756,0.23384132703717803,10765,0.47428539881345083,12555,0.9549190970305189,1040,0.9200301063146729,566,0.345325147714987,7100,0.3632482284379026,8044,0.31672335461409495,13520
5983850.0,1752050.0,1,0.9999999462055211,790,0.894263884142787,524,0.6992113851607948,941,0.5446546367815855,17123,0.30193107283486387,6065,0.47327975488637564,12748,0.9610316073443819,712,0.8957568611525953,1093,0.29698913053862874,10190,0.46650967588220893,4815,0.35102314520241173,12636
5900250.0,1770050.0,1,0.9999997289668119,955,0.8425705907722026,1227,0.6992100634217701,942,0.6008275989333554,1818,0.270533157387221,8155,0.5241102268089695,3532,0.8997621151868213,1228,0.9152828172046171,711,0.5797077191328784,638,0.44819125307760976,5390,0.6549329566023236,2744
5903750.0,1740950.0,1,0.9999999977487655,543,0.9124103091771054,89,0.6991616610014619,943,0.5529498117102868,14329,0.18675696219310395,14427,0.471376018964077,13084,0.989278933905184,96,0.9411446851584089,159,0.4430991190799469,2974,0.26725077849060574,11452,0.5147353382094184,7884
5871650.0,1727450.0,1,0.9999985673005978,1109,0.894535863655882,509,0.699149094777819,944,0.40199724527418207,21543,0.260902276824941,8847,0.43288175927436595,19901,0.9671026684216398,405,0.9183371170566881,619,0.3501006278459182,6843,0.41668090657450296,6416,0.7141443256580886,1471
5871650.0,1728450.0,1,0.9999999623636201,754,0.8942486008528884,526,0.6990774194329584,945,0.5962896595667194,2345,0.22560020456360957,11340,0.5207029732622671,3992,0.9654571044093458,486,0.9121002831198525,812,0.5181746186442583,1241,0.3960878764117979,7022,0.6709074034745363,2361
6005250.0,1764950.0,1,0.9999997825797233,931,0.8715057955763933,1152,0.6990527149348599,946,0.5464142293717601,16591,0.2709223726891964,8125,0.4697190116869595,13394,0.9332886656527072,1140,0.8877402881966793,1138,0.32095571077489127,8566,0.4307412788009447,5971,0.3140100286516323,13596
5904350.0,1742350.0,1,0.9999999569111054,764,0.8849148097953636,1049,0.6990369321261961,947,0.5611554673357296,10696,0.28055261692619343,7435,0.5072459059291968,6253,0.9546378794191185,1056,0.9247891412390132,436,0.409809082580908,4135,0.5239373090921111,3129,0.7468850545669389,953
5944750.0,1797750.0,1,0.999990867851008,1203,0.888318046236987,860,0.6989547556768373,948,0.5626218584218884,10261,0.22557149845230487,11343,0.47475416174088236,12468,0.9577430338665831,883,0.8961662812129652,1088,0.44186824468700325,3000,0.2626999885306376,11644,0.4397058933493364,10262
5988850.0,1752650.0,1,0.9999999919122752,621,0.8875594703217483,898,0.698880281762076,949,0.5600912263245958,11036,0.3792294559963398,2544,0.5326705898215972,2527,0.9549207316970206,1039,0.8912060075229608,1122,0.5250464776578425,1139,0.6174081468180119,1387,0.7709222580398353,660
5904650.0,1741150.0,1,0.9999999762928812,704,0.8852303387724335,1028,0.6987714996303872,950,0.5552052497227288,13218,0.3146113091767843,5339,0.5156470618401017,4768,0.9550264019490735,1031,0.9267578733253488,382,0.4443677443523717,2930,0.5749884767751181,2053,0.8137632870488221,308
5871650.0,1728350.0,1,0.9999999757114358,706,0.8946773532876164,499,0.6985591319993659,951,0.5984231289765356,2086,0.21405750384835406,12202,0.5114469935596565,5462,0.9653918411987658,489,0.9102550031116978,860,0.5102934080848269,1372,0.3467849425931,8545,0.543412739475917,6856
5945950.0,1792550.0,1,0.9999998845676501,858,0.8871958312921522,919,0.6984885725593422,952,0.5783184410260621,5901,0.1859204927117763,14493,0.48972756421181374,9527,0.9567436787153853,929,0.8944550675936661,1102,0.3661820300119645,6024,0.20615651334147167,14396,0.5471410431290153,6708
5944750.0,1765050.0,1,0.9977899650230629,1299,0.8553326337095757,1164,0.6984290185445587,953,0.5964281624970771,2330,0.29444248353751806,6501,0.5427266293282625,1689,0.9069388479999418,1220,0.8970906137383362,1081,0.3739904990411522,5643,0.5135101687324439,3409,0.6934140065488013,1863
5906650.0,1740250.0,1,0.9999999843849761,671,0.912036962756352,93,0.698222211163204,954,0.5666811156682786,9061,0.2161538227605791,12052,0.5092091870857715,5886,0.9910684956896875,68,0.9488735437553767,109,0.44485623934742113,2917,0.2961207282476883,10257,0.6697848906099194,2383
5904350.0,1740750.0,1,0.9999999562419103,765,0.8850245621109398,1041,0.6982208195342854,955,0.5537838761695667,13932,0.2984259633101695,6268,0.5153782404623384,4814,0.9549860753880857,1035,0.9264825502802786,390,0.4221092600212437,3664,0.5464207978258027,2616,0.800204703039293,383
5904750.0,1741250.0,1,0.9999999889506591,647,0.885739049743948,998,0.6980512287513756,956,0.5620869353413189,10415,0.2379827624512778,10480,0.4787521065791759,11702,0.9536758672785978,1088,0.917944126410637,628,0.38634174830845003,5125,0.39443139385314996,7080,0.34635836954460786,12739
5988450.0,1752650.0,1,0.9999999498471924,779,0.8888837686623572,830,0.6979620879141292,957,0.5661290328839658,9237,0.37334770615720075,2766,0.5250259446841529,3417,0.9562386011819776,959,0.891711382825228,1115,0.5298272865924931,1080,0.487041252655507,4171,0.7225308336087775,1326
5906150.0,1742750.0,1,0.9999999708717409,726,0.8846629162867441,1059,0.6979461324232765,958,0.5658613319219984,9312,0.3625412918383267,3170,0.505102424758382,6645,0.9540462826564104,1073,0.9235515266755251,474,0.4013031316999509,4487,0.5060177218172595,3627,0.3662167244380814,12271
5904350.0,1741650.0,1,0.999999974021127,713,0.8864217595092659,959,0.6978891636324331,959,0.5656586995686521,9379,0.2695931561469845,8229,0.48132804801052803,11204,0.9541189473420888,1072,0.9186216848023504,610,0.3721203685194785,5727,0.41900235527551666,6326,0.33776079049275975,12955
5906550.0,1742450.0,1,0.9999994939435585,1019,0.886239902514214,968,0.6977976244755043,960,0.5929133655692015,2888,0.23794135599296462,10482,0.5309346972167042,2714,0.9570115778190216,913,0.9299034650262948,320,0.45134204708279857,2723,0.30770715548141103,9851,0.6775889107869625,2204
6005650.0,1764950.0,1,0.9999996550486636,977,0.8718464979179532,1147,0.6977703772323333,961,0.5301492297589598,19885,0.45889837884685913,881,0.48749680100812676,9999,0.9296413309855405,1151,0.8736189809127545,1173,0.3144600243570388,8982,0.5805680532557138,1947,0.3637122768954728,12337
5906050.0,1742750.0,1,0.9999999598810612,758,0.8844463465882383,1077,0.6976481264482264,962,0.5604807500043236,10898,0.3859054261363659,2322,0.5099272452927608,5739,0.9541670920091738,1070,0.9252782172867935,423,0.41953888928454486,3748,0.5582206283609755,2351,0.4304441836581334,10539
5871750.0,1728450.0,1,0.9999999825956746,679,0.8938297364412118,556,0.6975096296654634,963,0.5883355778332009,3693,0.21468845398037173,12155,0.511361628476138,5475,0.9651389632723543,500,0.9105307081026134,849,0.5042418029122373,1484,0.39232170947388156,7144,0.5928274195382843,4851
5904050.0,1741050.0,1,0.9999999900387483,637,0.9125669181807617,87,0.6973166642886909,964,0.5392374174864836,18462,0.2436751036792352,10094,0.49152099499770974,9211,0.9906345567877243,76,0.9469427610368033,122,0.4442196559417777,2939,0.33990199755597894,8776,0.6782818237000625,2190
5984650.0,1750650.0,1,0.9999999850394634,666,0.8823027146469383,1131,0.6972831759354506,965,0.5706205753203194,8007,0.32969871354442043,4562,0.5225174615774691,3750,0.9500288711596278,1132,0.8908178621245636,1124,0.3537812066770363,6648,0.48908508149241325,4100,0.5592966640592818,6223
6006450.0,1738750.0,1,0.9999996286381119,986,0.8865510657094529,952,0.6972365835864504,966,0.5808724544024275,5326,0.22876267809769796,11125,0.5083047707540559,6048,0.9536622484963941,1090,0.9129030555422097,774,0.5007241058102313,1544,0.32122668613947214,9385,0.6379815673225626,3253
5907550.0,1742450.0,1,0.9999996507110592,978,0.8858261867388949,993,0.6971961131707075,967,0.5758013922568748,6557,0.20231861169702656,13137,0.5069959731892846,6291,0.9562334055636077,960,0.926572145375365,384,0.43189624556141804,3327,0.2785286194154667,10956,0.6541202342422858,2777
6005650.0,1764850.0,1,0.9999998748738702,867,0.8713293983010512,1153,0.6971948972709536,968,0.5229181888118655,20497,0.4404524639416306,1163,0.48307170900856583,10891,0.929424154358696,1153,0.873902380511142,1171,0.3608573968040436,6284,0.5627539825188979,2265,0.34478172908577576,12769
5907550.0,1742850.0,1,0.9999994656430684,1024,0.885023739648192,1042,0.6970699835386301,969,0.5798277893946362,5552,0.37031862886026073,2874,0.5523157101922277,1113,0.9565167376809253,942,0.9331719432480095,256,0.592312900477864,558,0.6498007806182328,996,0.8377654172035041,183
5904250.0,1742450.0,1,0.9999998840550176,859,0.8852250049758347,1029,0.6969672190542285,970,0.5876609904972863,3814,0.1726568236677553,15316,0.501602994746738,7263,0.9551201842678035,1025,0.9228212598522386,494,0.40621386931146053,4272,0.23553908441006666,12919,0.6027196252564031,4453
5904250.0,1740750.0,1,0.9999999465685439,786,0.8855399080380046,1010,0.6969045046900714,971,0.5628265348989013,10193,0.2499801749840777,9628,0.5068569675243647,6322,0.954700301673413,1053,0.9227758499564361,496,0.4881048455198891,1803,0.42305484825982964,6202,0.7218471733937275,1338
5904050.0,1740750.0,1,0.9999999930636827,613,0.9122381008652775,91,0.6968447357045136,972,0.5351900355252511,19184,0.22724651794527068,11221,0.483864396591172,10730,0.9901700116307166,87,0.9451978470742435,135,0.4473506799573024,2843,0.3174097729826195,9503,0.6617063147754366,2572
5947250.0,1792750.0,1,0.9999999785616212,698,0.8927266217905053,587,0.6967694034047545,973,0.5559548825967496,12822,0.23393492505420463,10757,0.5005236357813254,7475,0.9713105504356603,224,0.9036427759070702,997,0.4151515403653566,3923,0.28818744897814097,10555,0.6504008306366631,2876
5983450.0,1750150.0,1,0.9999999177382285,827,0.895122622000623,465,0.6967664739669973,974,0.5697118524443132,8255,0.3349245739299753,4334,0.507998717996976,6116,0.963436922994873,597,0.9014549028889814,1037,0.34533150545745384,7099,0.4482899993907705,5386,0.5393644351903498,7021
6005750.0,1764850.0,1,0.9999996654703909,974,0.8704986559579463,1159,0.6967523326050373,975,0.5231432286149625,20473,0.36144680435462406,3206,0.48456127688498984,10598,0.9293853483673215,1154,0.8738028362224245,1172,0.3493117733440565,6886,0.5827404647067512,1896,0.5642308393070213,6039
5907050.0,1742450.0,1,0.9999997906805337,922,0.8864981242089134,956,0.6965738277734197,976,0.6041926713416683,1463,0.22026581913003904,11747,0.5224970411404853,3754,0.9563067046105781,952,0.92594489020214,404,0.42128964565527804,3693,0.26201021514179634,11681,0.6384633403717248,3231
6036850.0,1722150.0,1,0.9998847641425678,1231,0.8754595050141032,1136,0.6965233632053246,977,0.5782189977644226,5922,0.20108172115188475,13246,0.4859484190037533,10318,0.9374247423517978,1135,0.9107952145821041,839,0.31445774761327305,8984,0.34432166296436884,8629,0.2524117687701648,15851
5871850.0,1726950.0,1,0.999999787122112,924,0.8942069518712961,531,0.6965087259099552,978,0.5970510888161508,2268,0.21323500944508905,12268,0.5286064453801678,2965,0.9674153468892944,393,0.9180709081043532,626,0.4077275304774822,4206,0.24938833432519902,12280,0.6457972537168306,3015
5907950.0,1742050.0,1,0.9999999422706778,799,0.8856572869495942,1004,0.6965086301986091,979,0.5667997066422981,9035,0.1580332586850676,16068,0.4687019372787798,13587,0.9543143408233414,1066,0.9183235654559766,620,0.34928996842411864,6889,0.26690432491996186,11469,0.3154830793038872,13561
5947350.0,1793150.0,1,0.9999999350099178,808,0.8924846297912101,597,0.6964896627073935,980,0.5661035813565228,9245,0.23660293800834858,10574,0.5101308605350022,5693,0.9708755118235198,237,0.9029949622990924,1014,0.40639588034473173,4265,0.2831163012884437,10766,0.6483452181999004,2941
5947350.0,1792850.0,1,0.9999999147899873,831,0.8919351369534146,623,0.6962704287955983,981,0.5648270979107085,9624,0.20162870605816524,13204,0.49102378650784256,9304,0.9695665549557659,293,0.8980337112378163,1071,0.43457932621224793,3221,0.286967230890087,10616,0.6378666983447254,3255
5907450.0,1742850.0,1,0.9999996200585453,994,0.885605677614026,1009,0.6961026722328827,982,0.6020660075503182,1669,0.23329918684006454,10801,0.5405133972465468,1844,0.9571860621479421,902,0.9310969260976114,302,0.4709643756239539,2192,0.31244645166367113,9701,0.6895214859941676,1936
5946850.0,1792550.0,1,0.9999997434050342,948,0.8875209494513143,899,0.6960596821502043,983,0.5636928273205679,9923,0.19170379275918809,14014,0.47080345218514047,13223,0.9561221187599318,966,0.89061740126364,1125,0.3451863823194786,7109,0.23866055277536014,12767,0.31215226244012206,13654
6005750.0,1765250.0,1,0.9999996611027315,976,0.8723409704174604,1141,0.6960595152375589,984,0.5373342199817442,18815,0.3780792485109367,2588,0.47109077728548027,13151,0.9295876402528149,1152,0.868873288115974,1181,0.27131095389744964,12034,0.4766566736319382,4485,0.25521892098215193,15740
6006550.0,1738650.0,1,0.9999994191307285,1036,0.8854972921852426,1013,0.6960130826746553,985,0.5854442650186426,4295,0.19793926009869614,13486,0.5109513473701174,5554,0.9532111597386477,1103,0.9121278474465289,811,0.397012433767883,4661,0.2528986486543292,12116,0.6072625985199078,4283
5871350.0,1727950.0,1,0.999999891322495,852,0.8943026860065844,521,0.6959899051340416,986,0.600665937364796,1839,0.25258353109090076,9442,0.5423493672488533,1718,0.9667231528573895,422,0.91633371662737,679,0.48702888666388244,1833,0.3877961451625743,7284,0.7208689851400523,1363
5908850.0,1740350.0,1,0.999999977993036,700,0.8871021112659258,924,0.6959174558412982,987,0.5840120266925496,4587,0.2103994563512102,12462,0.47526089598997756,12379,0.955208189226573,1017,0.918592096285606,612,0.39091339306575457,4895,0.20262008080017635,14580,0.3435086285447878,12797
5872050.0,1727650.0,1,0.9999999385195026,801,0.8943945206455388,518,0.6956965540871813,988,0.594467426734615,2633,0.26916071710358985,8264,0.5299437000194889,2837,0.9658430393626991,472,0.9125031951586794,794,0.4603184785261497,2459,0.44543491414432945,5495,0.7356060563263425,1114
5906050.0,1742850.0,1,0.9999999253550738,817,0.8849531461652683,1047,0.6956769570019878,989,0.5548031316459756,13388,0.4242572272439905,1447,0.5100654258139115,5711,0.9543640225293315,1064,0.9255376941989418,416,0.4712427057438304,2189,0.5882030486662801,1809,0.4519622996406685,9857
5907050.0,1742350.0,1,0.9999994222039118,1035,0.8860959243662357,974,0.6955327546883279,990,0.5975619042509864,2189,0.2418635537873179,10221,0.5356245694007191,2242,0.9569393766329815,916,0.9295457338629171,331,0.4487307295095041,2804,0.3046687628016205,9958,0.6774093912518304,2209
5904750.0,1741650.0,1,0.9999998027461028,918,0.8855346606755635,1011,0.6955095901124014,991,0.559319430393529,11340,0.25201583369661806,9484,0.49942089449812516,7673,0.9547186057062382,1052,0.9225205526436133,502,0.5103253769592427,1371,0.43663342544773975,5795,0.7262035842134988,1260
6005350.0,1765250.0,1,0.9999998595026218,877,0.8710964401668311,1155,0.695487459215408,992,0.5305258520636739,19846,0.35622227092724484,3393,0.4694092738671761,13454,0.9327112830547414,1143,0.8867680473154077,1146,0.32060676900224117,8589,0.49815331502526095,3848,0.3193198892680922,13456
5947250.0,1793050.0,1,0.9999999441136971,795,0.8920016063266121,618,0.6953607939571033,993,0.5597785252617046,11149,0.2426293498921287,10166,0.5089504917319562,5929,0.9705364423784985,249,0.9021864842307158,1027,0.4641375515777344,2372,0.3526634362887312,8358,0.6888988789368986,1951
5909550.0,1740450.0,1,0.9999999326093832,813,0.887251527851563,915,0.6952989206984204,994,0.5940284940784674,2707,0.23588868869607899,10633,0.4989840107331858,7769,0.9567756911675463,925,0.9250875967127519,430,0.40522573915610993,4305,0.22729547798254202,13321,0.5343423385779196,7199
5943550.0,1795150.0,1,0.9999982705169956,1124,0.8868306071515295,932,0.6952738782200764,995,0.5771097527234027,6204,0.23654649809930495,10579,0.5118770167724465,5396,0.9573743473347556,896,0.8979528049611496,1072,0.482344876778554,1926,0.31543294584208403,9588,0.6625775754710578,2547
5907550.0,1741550.0,1,0.999999927623142,816,0.8844929614664513,1072,0.6952008332416223,996,0.5730262516565211,7330,0.25063558954626447,9581,0.4947524105876253,8583,0.953953517394617,1078,0.9204680699168138,551,0.4573788512204663,2551,0.46045716696200156,4978,0.3931389911895473,11591
5946050.0,1792450.0,1,0.9999997854812486,927,0.8875674534222421,897,0.6951959251619622,997,0.5713158313337879,7797,0.19647660982348428,13604,0.46964457955095473,13406,0.9559131742811835,976,0.8888542820951597,1133,0.3432979399420404,7206,0.19739341615492034,14817,0.3087099401562011,13745
6005650.0,1764550.0,1,0.9999997451902568,947,0.8718306360569729,1148,0.6951858609123586,998,0.5359318211834303,19070,0.25707291782529507,9133,0.4567906018788408,15816,0.9293489116875335,1155,0.867525870714416,1184,0.35885805281964156,6389,0.3098057136014787,9786,0.3013377297437936,13975
5905350.0,1742950.0,1,0.9999999753646375,710,0.8842475285344867,1090,0.6951828307796439,999,0.5568683437127926,12414,0.3383926852227974,4162,0.49971186025898007,7620,0.9536537513794329,1091,0.9215668601855804,528,0.4107417061062657,4104,0.5524827919948194,2483,0.44266861658674883,10180
5906550.0,1742350.0,1,0.999999538594257,1010,0.8851726852434474,1031,0.6951252429542083,1000,0.5836666500437735,4663,0.2028899888565401,13089,0.5160883777103709,4697,0.9559126991336315,977,0.9260210779789245,401,0.4239288854882429,3587,0.2724883443782018,11207,0.6531714087384044,2802
