Boylam,Enlem,YANGIN_DURUMU,score_probability_mlp,rank_probability_mlp,score_topsis_pi,rank_topsis_pi,score_topsis_shap,rank_topsis_shap,score_topsis_equal,rank_topsis_equal,score_topsis_entropy,rank_topsis_entropy,score_topsis_critic,rank_topsis_critic,score_vikor_pi,rank_vikor_pi,score_vikor_shap,rank_vikor_shap,score_vikor_equal,rank_vikor_equal,score_vikor_entropy,rank_vikor_entropy,score_vikor_critic,rank_vikor_critic
5989950.0,1756150.0,1,0.9999999999990374,74,0.9225351860886706,2,0.7734877540472852,1,0.6488077369812689,54,0.4962874794231729,472,0.6235485580066344,49,1.0,1,0.995777296440813,1,0.9784981246617117,1,0.7317736784885088,355,0.9171325849697094,44
5988650.0,1756350.0,1,0.999999999999948,11,0.8928088662099816,582,0.7524892208659355,23,0.6497476067974175,45,0.5290827074835343,209,0.6272902795727026,37,0.9694088355219495,298,0.9339402022628928,246,0.9764751175788511,2,0.810739671457599,96,0.9380601439168402,30
5988050.0,1755850.0,1,0.9999999999994051,56,0.8930065744938471,576,0.7506666456942157,31,0.6445839431565811,76,0.4952767256071023,484,0.6155142180379203,90,0.9649309903060127,509,0.9392373657637777,176,0.9704774873656279,3,0.7303127962146353,363,0.9103292418665236,49
5988950.0,1756250.0,1,0.9999999999999263,14,0.8926371204043374,591,0.7562913676992361,9,0.6561223937031734,21,0.6249490156787638,13,0.6562350272555404,3,0.9700204469056519,273,0.940850978991672,164,0.9632295233379009,4,0.9391424226008136,3,0.9626846717518,8
5988550.0,1756350.0,1,0.9999999999999478,12,0.8925943334987116,592,0.7535369527541135,19,0.6521946938340089,34,0.5518841753125467,119,0.6337269378316552,24,0.9691476409263512,316,0.9343590020374325,235,0.9611343574637266,5,0.8793341719765203,27,0.9389839836860587,28
5988650.0,1756450.0,1,0.9999999999999487,10,0.8922977754754363,601,0.7484347074393668,41,0.6303478359618394,317,0.5547054570395346,109,0.6184554970415918,72,0.9689836956744606,328,0.9332550829054297,254,0.927977391799244,6,0.887392313855677,20,0.9391685709517358,27
5988050.0,1755950.0,1,0.9999999999994253,55,0.8926832979839588,588,0.748896417080479,36,0.6361344267947787,176,0.47708948875259816,657,0.608214256929602,144,0.9647470878969207,521,0.9386889551818681,181,0.9138746513517133,7,0.7143991460482753,464,0.9016589672948068,56
5988750.0,1756950.0,1,0.9999999999944329,154,0.8928863570044961,580,0.7521443017028367,26,0.6491277271144525,52,0.5639903807967326,79,0.6311611310443944,31,0.9703119651244057,258,0.937577309907473,191,0.8844854577293034,8,0.8485080321770416,48,0.9505750914391338,16
5986250.0,1753750.0,1,0.9999999999635192,272,0.8996283473093143,129,0.7592224587431342,4,0.6624959679078045,10,0.5407149323843643,159,0.6548621985880019,4,0.9710098163767256,235,0.9567542112271953,63,0.8758695978375657,9,0.8633154386244222,35,0.9847918401600918,2
5986150.0,1753750.0,1,0.9999999999759888,247,0.9009463870492225,104,0.7590228068889497,5,0.6611887195969792,11,0.5268531814730174,227,0.6497395292292069,7,0.9758394903993332,109,0.9642814315893062,34,0.875416716967911,10,0.8487136438936707,47,0.986393070080254,1
5986650.0,1754250.0,1,0.9999999999892799,191,0.8997332147309476,123,0.7527154625881421,22,0.6506824686852144,36,0.45150756865709624,986,0.6096948124142088,133,0.9694610185418875,296,0.9464812926693524,125,0.8690544858525451,11,0.6703191703318101,799,0.8759126698572047,94
5989850.0,1756450.0,1,0.9999999999996352,43,0.8920928085884342,614,0.752206289664048,25,0.6541676360844891,28,0.6073687962367293,18,0.6542912631824466,5,0.9694967039747981,295,0.9385526888064788,182,0.8687911254431295,12,0.9073955251319628,11,0.9501171332772702,17
5987050.0,1754550.0,1,0.9999999999975389,111,0.8920947157385191,613,0.7402790742872198,122,0.6371687577862396,159,0.4616027082819926,836,0.6041535533273611,180,0.9638475571618145,570,0.9327491659856028,265,0.868161316980905,13,0.6926951395276718,604,0.8918387404713067,66
5986750.0,1753950.0,1,0.9999999999962181,134,0.9014001855687226,99,0.7561105140145397,11,0.6530740273802375,33,0.49768860892385103,460,0.6111714027204906,118,0.974453894256528,134,0.9556162781268681,69,0.8665718676262995,14,0.7297290452609855,367,0.7857611526113896,502
5987150.0,1752150.0,1,0.9999999997897595,360,0.9010241794309121,103,0.7470254953120616,53,0.64934475481657,50,0.4602517927976537,857,0.6181242653499439,74,0.9723550273665724,198,0.9426108920261874,150,0.8644583679222124,15,0.67414857729551,766,0.842285542521305,164
5989850.0,1756350.0,1,0.9999999999997238,34,0.8919508778695554,620,0.7484533532545063,39,0.6462171060849936,66,0.5691257924326881,65,0.6406918530610347,14,0.969114742266275,319,0.9349141981000549,227,0.8621278351006644,16,0.8904672983900271,15,0.9468744111424192,20
5986950.0,1754150.0,1,0.999999999998368,95,0.8991136600150381,147,0.7483689292397624,42,0.6313014113877016,292,0.4987531787544978,452,0.6084223183106567,141,0.968569359776622,349,0.9443118468848387,139,0.8613198557698167,17,0.8053032943784619,108,0.9207831818403542,39
5987650.0,1755750.0,1,0.9999999999963634,132,0.8922729888329417,603,0.7478923977229581,47,0.649476329534374,47,0.5111978992340798,340,0.6320390028503047,28,0.964785578943849,519,0.9403399249767004,169,0.8613119504135163,18,0.7880258499671866,153,0.9511554675623863,15
5988050.0,1754250.0,1,0.9999999999995841,46,0.8918195105158462,630,0.7397970568432217,127,0.6273490104274032,397,0.5944696670118166,32,0.6334790017953836,25,0.9645003790887235,534,0.9389595391721098,178,0.860934541077986,19,0.9182513765383922,8,0.9777873078016167,3
5989050.0,1756150.0,1,0.9999999999999685,9,0.8920191142456805,616,0.7523191284468973,24,0.6424277950835484,94,0.555013269284893,108,0.6358189070904482,21,0.969183668016757,314,0.9361363888749672,210,0.8605541709377106,20,0.8696107392870654,30,0.9513711375910188,14
5987250.0,1751450.0,1,0.999999999171181,476,0.8991073136321303,148,0.7500712508111383,33,0.6539842847594779,29,0.5804944586659117,44,0.6375303493803725,18,0.9664251357017231,436,0.9365620205506577,202,0.8588295766897762,21,0.8390154955591926,56,0.8262866299601805,238
5987150.0,1752250.0,1,0.9999999978033922,539,0.900389684688218,109,0.748603316420034,38,0.6510492771369174,35,0.5621855187466156,85,0.6270391134628875,38,0.9673731688098286,394,0.9343495870326851,236,0.8584522328397712,22,0.8123632103529086,93,0.8297833038989944,222
5988250.0,1754450.0,1,0.9999999999982265,98,0.892546397776822,595,0.7407488093319018,114,0.6392201394548482,128,0.5340817131531769,188,0.6243096073869863,44,0.964756861763797,520,0.936217184816087,209,0.8581837437136688,23,0.7903379555191257,142,0.9531566557777685,12
5986050.0,1753750.0,1,0.9999999999903693,182,0.9013611031676263,100,0.7552987257764068,13,0.6599822613002294,14,0.49621306536904436,474,0.6262994747910564,39,0.975213145049396,117,0.9585183508886818,53,0.8574063608431279,24,0.7292353321159464,370,0.9146205517786099,47
5988850.0,1756950.0,1,0.9999999999961269,136,0.8922488656001598,604,0.7412165920213024,107,0.6380520227350579,142,0.5358110490095753,182,0.6153544030084873,91,0.9692913758424906,306,0.9310038227892165,303,0.8558087743416471,25,0.7661842845479594,220,0.9257895809318697,35
5988150.0,1754250.0,1,0.9999999999992786,63,0.8916882227933597,642,0.7374243695244619,176,0.6268560187067995,416,0.5473769972939908,137,0.622600091081912,53,0.9640450574996223,560,0.9352135392464829,223,0.8534381688329162,26,0.8882071779478111,19,0.9691401560365575,5
5985750.0,1751350.0,1,0.9999999995746587,423,0.8984097166148323,203,0.7489199471576603,35,0.6494256790859771,48,0.5260823694787978,231,0.631507516008465,29,0.9713808827944685,223,0.9482795284561083,114,0.8530905441415841,27,0.8216403504158414,83,0.8388163481056354,177
5986950.0,1754050.0,1,0.9999999999974636,114,0.8998510293351216,122,0.7479158904218643,46,0.6339622577690034,222,0.5381741861226488,170,0.6000023213444753,208,0.9685430999987562,351,0.9423265548270194,152,0.8516528161641825,28,0.7976169187330758,125,0.7976990276334353,410
5986750.0,1753850.0,1,0.9999999999932785,168,0.9002170115844494,112,0.747789099318895,49,0.6409960890355436,111,0.45512136641604173,940,0.5819100253361834,375,0.9688488564022807,338,0.9408368531517891,165,0.848822642255237,29,0.6043335724165443,1560,0.6946874959128675,1839
5986650.0,1753950.0,1,0.9999999999917528,174,0.9006510699680718,107,0.7539349253936469,17,0.6438357949008668,82,0.45197473502248986,981,0.6071502589987382,153,0.9745132574975538,132,0.9562028491050608,64,0.8479733597088146,30,0.6911899769822615,616,0.8800634847929725,83
5985650.0,1753550.0,1,0.9999999999858067,209,0.9003721918395652,110,0.7446036543590725,70,0.634286300653268,209,0.45466678228776525,947,0.5997830901289973,212,0.9741558522301447,140,0.9525849141930849,81,0.844662749675667,31,0.6873161644742345,653,0.8921174594919148,65
5989850.0,1756750.0,1,0.9999999999960616,137,0.9218159033628606,3,0.76351474750204,2,0.6415500442321369,101,0.49712902173956475,465,0.6007383790068178,201,0.9989740453912922,3,0.989658439119268,2,0.8394854915891818,32,0.6842489982262909,684,0.8104744507751277,331
5989750.0,1757250.0,1,0.9999999972305602,556,0.8926517493020738,590,0.7561544190757458,10,0.6495026790756869,46,0.4616548761923907,834,0.6066132163188803,156,0.9637937654467327,579,0.9649011209842011,31,0.8391300990944178,33,0.6168349412071888,1392,0.836761650358064,187
5985950.0,1750650.0,1,0.999999998194959,529,0.8985742632088125,190,0.7470134142774958,54,0.6427282528814104,93,0.5573726040265836,101,0.6222160424148653,54,0.9661548341210083,455,0.9355310106058341,221,0.8370582713542809,34,0.8136803063501024,90,0.8173696413760174,281
5988050.0,1752150.0,1,0.9999999987903156,501,0.8927754119251036,584,0.7425447145848529,88,0.6431366950093632,85,0.5125479456594868,329,0.6027132339044535,189,0.9610433918695663,711,0.9187190447331052,609,0.8344839153382662,35,0.729254547240857,369,0.7552050425428796,831
5989550.0,1754450.0,1,0.9999999999999454,13,0.8966404841723086,348,0.7333393593839184,247,0.6040066534389424,1486,0.42902671997209674,1366,0.5766713859311632,450,0.9758303732206354,110,0.931696574498933,288,0.8338553726874053,36,0.6778658487177486,738,0.8828843502623797,78
5988050.0,1754950.0,1,0.9999999999995917,45,0.8919428756636709,622,0.744917063842695,66,0.6324247379794135,263,0.5583042130997952,98,0.61181520986807,114,0.9633310957170341,602,0.9350663873784917,224,0.833086583419318,37,0.8582121371247785,40,0.810722475389447,327
5985850.0,1753550.0,1,0.9999999999897247,186,0.8999275997528511,119,0.7480708736186382,43,0.633738591527939,226,0.4716133627867926,717,0.6090026397508616,139,0.97414510718036,141,0.9552790876832263,73,0.8327042668309722,38,0.7628978185290424,227,0.9399016107259898,26
5988050.0,1754350.0,1,0.9999999999988249,84,0.8913864567101768,659,0.729370168480826,314,0.6042559924872549,1458,0.4550084910050637,942,0.5848735492221381,340,0.9630369725228743,612,0.9279161861919308,360,0.8315906728242637,39,0.6941542935452287,595,0.8933839898310728,63
5988350.0,1751650.0,1,0.9999999999810092,230,0.8968220717651224,332,0.7386146801801503,146,0.6216684738787416,569,0.48684539414886313,560,0.5997863474192052,211,0.9737846741991326,154,0.9238024944449698,469,0.8311946342333336,40,0.801857712623678,119,0.8195635436393616,272
5988950.0,1754150.0,1,0.9999999997599829,378,0.8917373343260611,637,0.7374677863084043,175,0.6333862314439898,235,0.6520238248130978,3,0.6436901205265088,10,0.9606641213550902,727,0.9237582910367155,470,0.8310750650808969,41,0.8814184997260847,24,0.8521972653462973,135
5989450.0,1756550.0,1,0.9999999999995526,47,0.8914523831261113,651,0.7477971734298273,48,0.6434405853167244,84,0.5575346321046684,100,0.6397407196327837,15,0.9689602059659643,332,0.9354273493445914,222,0.8309640445544111,42,0.8604732330096113,38,0.9497433828839075,18
5985750.0,1753550.0,1,0.9999999999844607,214,0.8987124556661419,178,0.7475174367464619,50,0.637196353302297,157,0.48641027662879005,565,0.6194190749327224,66,0.9692893607846739,307,0.9475846123144268,117,0.8289548244215693,43,0.8052379238320824,109,0.9681160016914537,6
5988250.0,1753950.0,1,0.9999999999453819,289,0.8908530678318699,690,0.7383272092321119,154,0.6256295259357106,452,0.5935271163418605,34,0.6388387011249826,17,0.9602714455416229,752,0.924637696900561,441,0.8289490868637355,44,0.8630822874629931,36,0.8513966435185029,138
5987650.0,1754150.0,1,0.9999999999999047,20,0.8917968185592781,632,0.7378205186490663,169,0.6265163867382959,423,0.5879112594530114,38,0.6049878787850428,176,0.9628039169284703,623,0.9315887222256974,290,0.8283909186893595,45,0.8356792218128042,61,0.7397434088890822,1046
5986950.0,1754650.0,1,0.9999999999975013,113,0.8917068673854074,639,0.7461271636107801,58,0.6436585451271464,83,0.4761309067891151,666,0.6156652959737164,88,0.963785033955405,582,0.9360080640915196,212,0.8264511654538051,46,0.7687051223071515,211,0.9389549742747425,29
5989850.0,1756850.0,1,0.9999999999914533,175,0.9202243094301403,5,0.7584020620620836,7,0.625249031177965,463,0.44783109679806243,1040,0.5882720389618066,303,0.9978514271128426,6,0.9863782482154285,5,0.826080604353961,47,0.6556370246049026,948,0.8603376402695675,120
5988650.0,1754050.0,1,0.9999999999480447,284,0.8909825248752811,680,0.7405225417672975,118,0.62690251479305,413,0.5963725636745064,29,0.6396799153426224,16,0.96030641160807,750,0.9250562169325547,431,0.8259813301090423,48,0.8761722064513269,28,0.8455268217670331,153
5988450.0,1752150.0,1,0.999999999242315,472,0.8923099701839654,599,0.7400306077111948,123,0.6271055751300046,404,0.5701018310847796,62,0.6030515851830325,187,0.9604774896011856,737,0.9185063025851005,614,0.8255751526272792,49,0.8670208170328204,31,0.7766685684357459,596
5986650.0,1753850.0,1,0.9999999999938243,164,0.9006338750286852,108,0.7564231143561924,8,0.6489584799812564,53,0.4596674588265914,864,0.6023013101262675,192,0.9742131483755382,139,0.9557462772665924,68,0.8235395524321044,50,0.7109402051700603,484,0.7038828744618156,1665
5987750.0,1755550.0,0,0.07315087596698563,3020,0.6738910635225174,3626,0.6502537215931641,1510,0.6504209054656646,39,0.6028822299876586,21,0.6535410936693797,6,0.6891753795468467,3246,0.7530001531494146,1868,0.8233627074685999,51,0.9204364487949155,7,0.9452858272656645,22
5987350.0,1751450.0,1,0.9999999993545468,455,0.8983532691373354,209,0.7369428588360811,183,0.62315540800862,526,0.48965967503818786,540,0.5901432461033443,284,0.9645576909574436,532,0.9241241857602287,461,0.8227463405637296,52,0.7761739885662475,184,0.7971249415719304,413
5986950.0,1753350.0,1,0.9999999977617751,542,0.9001130899752322,114,0.7479674291127247,44,0.6447077637108029,75,0.4550550996654295,941,0.5867361088828834,317,0.965360793970978,491,0.925680678289882,412,0.8196119093341794,53,0.6049023740365597,1550,0.6752938260589147,2249
5988650.0,1754150.0,1,0.9999999998420159,343,0.8918185890884648,631,0.7379847306851991,163,0.6305776538070734,307,0.5338033572895862,191,0.6220905271163008,55,0.9603997710838307,743,0.9187226025598947,608,0.8176896242372216,54,0.8368107708852601,59,0.8329954934160613,205
5986550.0,1754150.0,1,0.9999999999910094,180,0.8992526928059424,142,0.7542824659196513,14,0.644267484004239,79,0.4886414343118254,547,0.6179905409119785,75,0.9694178321336272,297,0.9487497285877571,110,0.8175247688069522,55,0.781899287031051,170,0.9107048302455922,48
5986650.0,1751950.0,1,0.9999999995364257,428,0.8999279343325758,118,0.748442047803493,40,0.6410978974582044,109,0.5166090891410908,296,0.6077676391924277,148,0.971022946292073,232,0.9414725540317502,155,0.8172174267930865,56,0.790276078170792,144,0.7231335754291331,1308
5986450.0,1752150.0,1,0.9999999998135818,353,0.9000301867122176,117,0.7452280475562949,64,0.6356514295297095,187,0.5039148252899928,400,0.6059804750505685,166,0.9707402453769363,243,0.9393231738631584,173,0.8158356407458192,57,0.8039034207427694,112,0.8075940813488491,344
5986550.0,1752750.0,1,0.999999999588354,419,0.9000355715851437,116,0.7479455271304868,45,0.6385657592760932,136,0.48159177950958565,615,0.6141294954710231,97,0.9710395037760793,231,0.9409002814260061,162,0.8157341284897683,58,0.7730950831769151,196,0.8210607178740303,266
5988250.0,1755650.0,1,0.9999999999999716,7,0.8968931662253737,325,0.7414291896670996,104,0.6166963378148529,737,0.4885224623859181,549,0.588268226507681,304,0.9760192059822843,107,0.9362469905182409,208,0.8143195128986057,59,0.7916526451319549,139,0.8525228975183617,134
5986650.0,1750950.0,1,0.9999999991477786,480,0.8992399462830765,143,0.737699189963834,170,0.6256507456363554,451,0.44421190673424105,1093,0.5911694666788322,269,0.9704168681795489,254,0.9357703743664694,216,0.8139766378025288,60,0.7101878386239355,488,0.8138050407111864,307
5989550.0,1756850.0,0,0.009982199497322394,4931,0.7427658593890503,1615,0.6829267684202218,1136,0.6269971876404448,408,0.5376882482761919,172,0.6188401205969672,69,0.7618103260824025,1672,0.8136115255160662,1483,0.8125552768642152,61,0.8271984966389239,74,0.9178161295427972,43
5989250.0,1751750.0,1,0.9999999999940696,162,0.8961621969710123,387,0.7355973743192457,207,0.615855502855491,768,0.5271578779364681,221,0.6099696442526003,129,0.9728073929656056,181,0.9228950536917149,491,0.8113879820145973,62,0.8103300546058557,98,0.8305726127895855,218
5988350.0,1754450.0,1,0.9999999999990703,72,0.8919217809088458,624,0.733350612458772,246,0.6099569790971847,1069,0.5719131028681073,57,0.6065545157121208,157,0.9638440256437915,573,0.932897085634562,263,0.8111354890765097,63,0.888406581351367,18,0.9538245899470664,11
5988750.0,1753050.0,1,0.9999999999298983,298,0.8910525863546321,674,0.7260485498119201,400,0.5959971796977933,2386,0.4152945608006609,1633,0.5676074729600122,623,0.9588998896508549,830,0.908604999876763,891,0.8108800970342543,64,0.61710481028798,1390,0.8029846426984113,373
5988250.0,1751750.0,1,0.9999999999072411,311,0.8977337405862903,260,0.7404376886371128,119,0.6298010558581557,332,0.5429191394940832,149,0.6155678412643338,89,0.9750102157054849,122,0.9275947478977418,364,0.8081748003404433,65,0.846869590269772,49,0.8395308367801015,173
5994150.0,1749750.0,1,0.9999999999966134,128,0.8911854453539445,667,0.7411325051195343,108,0.6670218240563669,5,0.4269250757605463,1404,0.6090365316024092,138,0.964203730815425,546,0.9091689972872129,878,0.8047820398401172,66,0.7022693914852944,538,0.7992721432219279,392
5988150.0,1752150.0,1,0.9999999998748035,324,0.8978795594700305,242,0.7428475147989065,84,0.625055664158602,472,0.5040561620574129,397,0.5955214095906277,237,0.9744050604507187,135,0.9247870265718143,437,0.804559280366188,67,0.7529496560135669,258,0.8045019310188507,360
5986050.0,1753650.0,1,0.9999999999702955,261,0.9001133743941333,113,0.7488046472148621,37,0.6448075141159482,74,0.4201778522427695,1530,0.6067970765163119,155,0.9742644535562651,138,0.9544939953243062,77,0.8030435349549747,68,0.6458192894728455,1029,0.8715898987390146,102
5987050.0,1754650.0,1,0.999999999997391,115,0.8914954201664276,649,0.742786268951831,86,0.6374406838286844,152,0.45332525422864073,965,0.6079930498022319,147,0.9635280195541072,595,0.9339546878241013,245,0.8028292300407036,69,0.7310133803977898,361,0.9178699741944123,42
5989650.0,1757350.0,1,0.9999999703859055,728,0.8918635496013554,627,0.7474884440717727,51,0.6232213310484997,525,0.43789845179749254,1210,0.5685049619809635,604,0.9622506018055971,648,0.9574433937710249,59,0.8015893446496049,70,0.5741713434291587,2068,0.7768166852799563,593
5944650.0,1797150.0,1,0.9999999478283995,784,0.8966405538124292,347,0.7363336390342502,195,0.6357025232427562,185,0.3921764498901062,2168,0.5959736269541687,233,0.9768115867203421,100,0.9337342857254919,247,0.8006050872769437,71,0.6272124752622577,1261,0.8552755774482198,129
5987650.0,1754050.0,1,0.9999999999979707,104,0.8921870850815392,608,0.7311477027250899,287,0.6344900669763364,204,0.4284571067281688,1379,0.5641181130491593,706,0.9622865363041588,645,0.9214512503522125,529,0.8005990800051794,72,0.5419309411271748,2733,0.6702372429019476,2374
5989050.0,1756250.0,1,0.9999999999999243,15,0.8918720163421121,626,0.7586919997514757,6,0.6537361904473389,31,0.599073787846806,25,0.6608714796149334,1,0.9700088621418286,274,0.9444329578274435,138,0.8005909935231479,73,0.8803586380798133,25,0.9703973091483503,4
5988950.0,1754050.0,1,0.9999999998482045,338,0.8910596932383386,673,0.7301003840029412,303,0.6124695451845209,938,0.5673774060388853,70,0.609762738420554,132,0.9590631511529855,816,0.9140499961477043,742,0.7998948314631276,74,0.8165114607119597,86,0.825366787960065,246
5987450.0,1752750.0,1,0.9999999999472948,285,0.8912731578071836,663,0.7387726032106909,143,0.6117764318078971,972,0.5531723971860617,113,0.6120371235651331,113,0.9609763675848815,716,0.9239106972717307,468,0.7980357207122658,75,0.8434270189241245,53,0.8384645684621628,179
5988350.0,1753050.0,1,0.9999999997162914,388,0.8916635323326163,643,0.7385705748129068,147,0.6208185191343503,594,0.5264208746398692,230,0.598578889558246,219,0.9598325257001101,776,0.9167322164049618,661,0.7972211758393237,76,0.8279768670104063,73,0.7980511215276095,404
5987550.0,1754850.0,1,0.999999999999108,70,0.8910099756469209,677,0.7268580052909663,379,0.5954190134447402,2470,0.4651490532481953,787,0.5711431673159263,540,0.9622895556387969,644,0.925184408187032,427,0.7969473997659828,77,0.7270266049229851,381,0.9045353440167186,52
5986550.0,1751950.0,1,0.9999999995783055,422,0.8996924265462469,125,0.7446895558933575,68,0.6350628799467463,193,0.45412668693774755,959,0.5895079362155962,291,0.9705362813509492,250,0.9374427944482404,192,0.7959067839234861,78,0.7256167957154331,395,0.6896486253785868,1932
5988950.0,1753150.0,1,0.9999999999126175,305,0.8911907760498925,666,0.7395739536082264,131,0.6235245605008573,514,0.5362785440056776,181,0.605894001527766,169,0.9590303647922891,819,0.9162564952255248,681,0.794342656463927,79,0.812786435046359,92,0.7760618497873892,602
5989850.0,1757050.0,0,0.0003227696165979199,8444,0.4405872807448627,15209,0.5330521075707534,7245,0.6318095557367899,280,0.45806596178681536,895,0.5861535381856267,326,0.43934421691881187,14502,0.5317459936147374,9946,0.7940076050057085,80,0.6404232942835404,1084,0.7201764006190464,1374
5905250.0,1742050.0,1,0.9999999997885491,362,0.8897411553938923,770,0.7383276511256446,153,0.65431061150143,27,0.5069135859103046,376,0.6298470269741197,34,0.9606481724924893,728,0.9560519865303942,66,0.7931817366981628,81,0.752670137113917,259,0.8950469505360332,60
5988450.0,1752250.0,1,0.9999999997845956,364,0.8915660538967909,646,0.7338528864079674,236,0.6065101906506707,1279,0.5164452356521677,299,0.5784323885778803,418,0.9594813268939555,793,0.9136452928478862,759,0.7898711092740205,82,0.8015651913017374,121,0.7523102447893664,877
5986550.0,1751850.0,1,0.9999999993449418,457,0.8998753501289629,121,0.741943291309681,98,0.6304451907975199,314,0.4995849083299987,446,0.5899715627080524,286,0.9706388055332845,245,0.9370861477797066,197,0.7897274340212941,83,0.7821207669909441,169,0.7255993921067942,1273
5989450.0,1753750.0,1,0.9999999999458247,288,0.8901894229817469,736,0.7260631376339187,399,0.5995116243784134,1948,0.5499579741834055,128,0.6009858934748282,199,0.9583993877386562,858,0.9124210176608756,798,0.7896972857256264,84,0.7809240021678829,172,0.8230931832416495,260
5988950.0,1756150.0,1,0.9999999999998921,21,0.8909543135208213,681,0.7413935534967656,105,0.6303459115390554,318,0.5152737322736936,309,0.621884697836807,57,0.9679360398360722,379,0.929586575776327,330,0.7889928424592876,85,0.829843275898372,66,0.9430780709466112,23
5987950.0,1754450.0,1,0.9999999999995464,48,0.8913026212510997,661,0.73129431322397,281,0.6022374694002611,1649,0.4917652230683575,519,0.5705993230713526,550,0.961931319223283,660,0.9247590323397705,438,0.7880253685107774,86,0.7564571657734163,243,0.8070110871064957,347
5989950.0,1753450.0,1,0.9999999999782196,238,0.8964046675318523,374,0.7337939188590114,238,0.6107310717961826,1030,0.5959019052446075,30,0.610174884328827,124,0.9718385957481385,214,0.9201551233701183,564,0.7870517123729961,87,0.7855179118202085,161,0.8134161988591637,312
5988350.0,1752150.0,1,0.9999999997060829,391,0.8917022774318085,641,0.7427870095147797,85,0.6288366972742608,354,0.5671528394255715,72,0.6083699012627422,142,0.9602508738583232,754,0.9207757891298635,541,0.7868879521507448,88,0.8286328017276161,72,0.7355861823942575,1116
5987750.0,1752550.0,1,0.9999999975187439,549,0.8927349864270728,586,0.7436897162843403,75,0.6357481491213931,182,0.6680921630261939,1,0.6372717053376084,19,0.9620581285694179,654,0.927922499142862,358,0.7856856958192655,89,0.9687617185691988,2,0.839955594871222,171
5988050.0,1752050.0,1,0.9999999994923776,433,0.891857541387894,628,0.7382904718351797,156,0.6187750628698477,662,0.6340862295732583,7,0.6220707247671119,56,0.9611903682403281,703,0.9251044681217488,428,0.7852017133131738,90,0.9289504707984991,5,0.836427715464485,190
5990350.0,1749150.0,0,0.0021764035946334782,6477,0.634144483985818,5644,0.627949549290231,1944,0.6347200545839621,197,0.5710088656490645,59,0.6309510518122932,32,0.6487446888608794,4978,0.7050067108354549,2687,0.7849288154716599,91,0.7896352077301728,148,0.8118337592442555,320
5988250.0,1752050.0,1,0.9999999999378513,295,0.8977559380294233,258,0.7438345979696419,74,0.6167377404002111,732,0.634575051559164,6,0.6209587225233203,60,0.975129719075849,119,0.9329085544614482,262,0.784216243575551,92,0.9230936538176123,6,0.8345042811270345,199
5985850.0,1753650.0,1,0.9999999999871394,200,0.8998838563046727,120,0.7504066527796013,32,0.641270433144594,107,0.4485361152186195,1029,0.6081889382953654,145,0.9740208276777292,147,0.9550506185540081,75,0.783877734912226,93,0.7252501873067483,396,0.9168414854835697,45
5994550.0,1749950.0,1,0.9999999999884619,193,0.8904696239118229,715,0.7407016887434235,116,0.6688543872717518,3,0.5060333385334524,379,0.6464812717310309,8,0.9646424577755482,527,0.9155877754568105,697,0.7836980708332193,94,0.7735933344372196,193,0.8450035481448098,156
5986350.0,1752150.0,1,0.999999999398745,449,0.8994524297678814,133,0.7421212183713748,95,0.6377831078264059,147,0.42735835670108857,1397,0.5915338252484212,262,0.9699657614318519,280,0.9347906875462137,230,0.7834069076279925,95,0.6813539108059817,708,0.7913773573466236,451
5987450.0,1754650.0,0,0.09496215639150869,2807,0.6883316374135297,3009,0.6374107085922912,1769,0.6269862122476558,409,0.515960217064431,303,0.5971311091902419,224,0.6986391239475637,2905,0.7466990160452538,1947,0.7821301432749879,96,0.8110233642316207,95,0.7929267666195239,437
5986550.0,1754050.0,1,0.9999999999931226,169,0.899171233893971,146,0.7555221771807273,12,0.6430617843686897,87,0.48090073185246346,624,0.6047280821815112,177,0.9689641108736303,330,0.9472504332267146,119,0.7818825175484144,97,0.7687263867328897,210,0.7159043103850447,1447
5989150.0,1756850.0,0,0.0004940389411404422,8060,0.5653771945816144,9147,0.5824430332957347,3717,0.6283396445763049,372,0.5652955690919801,77,0.6200509179535783,65,0.5824139674068793,7999,0.6564764517722816,4224,0.7818659347768817,98,0.865749828220161,32,0.9217754010098675,38
5986150.0,1752450.0,1,0.9999999998800002,321,0.8993462670578688,136,0.7379230541175901,164,0.6201687503242046,618,0.5047601471251293,385,0.6059941049440704,165,0.9705585341663789,247,0.9381546734798725,186,0.7815523831939104,99,0.8296710194942971,67,0.8358247330999667,192
5987950.0,1753550.0,1,0.9999999997304843,386,0.8914282578426387,654,0.7364127125248208,193,0.6111386370653035,1007,0.5530514804581931,115,0.5810377367854114,388,0.958853488273188,834,0.9137133418889541,757,0.7797209118387592,100,0.7517219306955385,266,0.5964685223125936,4707
5987150.0,1750250.0,0,0.002248918372023551,6442,0.4082849419274293,16853,0.491797736761042,10990,0.6257872432522305,445,0.4730829793475341,699,0.5880546933745449,305,0.4144532681032238,15601,0.48966645770756656,12447,0.7793585736067115,101,0.7264745919511477,387,0.7649607581400195,731
5989250.0,1753950.0,1,0.9999999999948459,152,0.8959410331309744,398,0.7382405721841433,159,0.625859980970465,441,0.5004665839302759,439,0.6099428004947576,130,0.9721750767332524,205,0.9205468175199955,547,0.7782775078697803,102,0.7604667659051749,232,0.8126713713232148,316
5989750.0,1755750.0,1,0.9999999999998153,28,0.890702402001737,701,0.7266739677022304,383,0.6051249455958085,1391,0.3807912152931807,2502,0.5525816686765899,1103,0.9657650085966871,476,0.912814209609232,777,0.7763497789116443,103,0.5448584456231771,2661,0.7886906516804423,471
5989750.0,1753750.0,1,0.9999999999913973,176,0.895589754357645,428,0.732083604550652,272,0.6038858073093192,1496,0.5792610192622178,49,0.6138691661720354,100,0.9718931694388077,213,0.9224119636989205,508,0.7737645276635315,104,0.7957808432967513,130,0.8338202752241878,202
5994250.0,1749650.0,1,0.9999999999935432,167,0.8910870087901032,672,0.7343302225679075,225,0.6641420621646008,8,0.35491176069612884,3447,0.5931489942565138,253,0.9640352303110351,561,0.9051125035991212,973,0.7696263678916438,105,0.5427649421346626,2714,0.786596430340856,498
5989450.0,1754550.0,1,0.9999999999999953,1,0.8965490996627834,359,0.7312716530181202,282,0.5840352794544468,4584,0.5228872567167191,255,0.5591619782830302,856,0.974968449302097,124,0.9298637268502773,322,0.7693329224803447,106,0.8220541044184337,80,0.7606681618596904,776
5988250.0,1751650.0,1,0.9999999999858917,208,0.8965748681480942,355,0.7378854523662262,166,0.6221743208219795,554,0.43488543273690744,1250,0.5974357748780199,223,0.9739820555363788,149,0.9239293379039748,466,0.7692876192651585,107,0.7202506185480229,425,0.8266195310430926,236
5905150.0,1740350.0,1,0.999999999976062,246,0.9173848606682746,14,0.7446401539234623,69,0.6302392353196239,320,0.46458132857918755,795,0.6093998830851478,135,0.9960719290226786,9,0.9815531655088577,7,0.7680313094838529,108,0.7365996929754728,325,0.8946934393640261,62
6037250.0,1693550.0,0,0.093636475553581,2818,0.5824000299102786,8255,0.5981526172666978,2926,0.6413208675402315,106,0.4540826020209899,960,0.6007150633936955,202,0.5984969858897192,7252,0.6592898965898871,4110,0.7661719511830896,109,0.689873254595483,626,0.8461170105557756,148
5986650.0,1752650.0,1,0.999999999615415,412,0.8996479692840726,128,0.7362837397192886,196,0.6220268390787766,558,0.3807922196622587,2500,0.5748644683508957,480,0.9699835645347175,278,0.9319540818251324,284,0.76559715547095,110,0.5381904795531216,2806,0.7716725353053471,648
5989450.0,1753650.0,1,0.9999999999082165,310,0.8903690124285089,725,0.7270426661861045,371,0.604598684307181,1425,0.561117986261892,88,0.6062824881817499,159,0.9583390009149801,860,0.9126557133849067,782,0.7651773291860673,111,0.7728826908414935,198,0.8219432952268513,265
5989550.0,1754550.0,1,0.9999999999999836,3,0.896913310230599,323,0.7337394536028629,240,0.5996649288901411,1933,0.46620692058033214,778,0.5621477167549699,762,0.9752734737612823,116,0.9292315482181458,335,0.7648978890953743,112,0.7191799121455704,433,0.7990256519344251,395
5987950.0,1754850.0,1,0.9999999999996845,40,0.8907449559825031,698,0.7283393595256883,335,0.5841413017395205,4563,0.47668570406803673,662,0.54797367118736,1338,0.9612276012845251,701,0.9224392243011832,507,0.7645588813356539,113,0.751305721893571,267,0.661520643020574,2581
5988750.0,1757050.0,1,0.9999999999757219,248,0.8909375469634566,682,0.7418094170874402,99,0.635239055763764,190,0.46059177872584384,853,0.6063947470824653,158,0.9684159115358976,356,0.9303782354830035,312,0.7643458908063746,114,0.7004417904639126,547,0.8948891750438621,61
5987950.0,1755450.0,1,0.9999999999989766,75,0.890623991033925,707,0.7299001493421171,308,0.6001194754600433,1883,0.4380699267189019,1208,0.5769285654775004,445,0.9620406048474367,656,0.9265547997739999,385,0.7642948223574493,115,0.6879735980902788,643,0.8832647170343505,77
5985850.0,1751950.0,1,0.9999999997786908,366,0.8993279035607672,138,0.7354496307581375,208,0.6250869253353842,471,0.5158827627275122,304,0.6111096557482734,120,0.9707596639167198,242,0.9383743423374878,183,0.7638927768362804,116,0.821929658984567,81,0.8395067041887692,174
5989750.0,1753850.0,1,0.9999999999880034,196,0.8956966340820932,416,0.7224460431690215,479,0.590387923840668,3325,0.36666848312141587,3001,0.5545225697636336,1018,0.9708845916509913,236,0.9080091376305862,902,0.7625095633720196,117,0.5593310014078231,2337,0.7800463859321976,551
6003150.0,1760450.0,0,0.0009921734227568604,7318,0.5734471892023889,8730,0.5950651842069133,3063,0.6264577245677461,426,0.44199103846815546,1137,0.5919037962180318,259,0.5956948014852765,7404,0.6626691250661582,3989,0.762445855024896,118,0.6817433518548726,705,0.8680567010122864,108
5988550.0,1754050.0,1,0.9999999999650095,270,0.8904276917019008,720,0.7323497350053821,263,0.6085932083875015,1155,0.47474314305112797,681,0.5903736230856779,278,0.9584791470281959,854,0.9119486771908534,816,0.7610000081273669,119,0.7728851714071417,197,0.79910435792633,394
5986150.0,1750950.0,1,0.9999999980876615,531,0.8990416433357609,153,0.7306092507942007,295,0.6129829582842893,904,0.363633511030861,3119,0.5629865681526481,740,0.970287317458367,259,0.9314274592614856,294,0.7604101546022828,120,0.5528824048878251,2471,0.7872293485176522,489
5905850.0,1759650.0,0,0.0001875208797525481,9089,0.5581426852789944,9532,0.5854460186738367,3553,0.5965364100558367,2318,0.44138395769150024,1144,0.5809999266952959,389,0.5898774589654663,7647,0.6578974640580358,4175,0.760029432730105,121,0.7579704690534539,240,0.8861761272698956,73
5987250.0,1751050.0,1,0.9999999996577453,403,0.9000391386380655,115,0.7331105871827478,252,0.6224080457018638,543,0.4587950826589367,884,0.5782823475714101,421,0.9693416691104728,304,0.9288414779720471,342,0.7595728743065062,122,0.6628971135161139,876,0.7932192672828857,436
5989750.0,1757350.0,1,0.9999999946529081,597,0.891881612748553,625,0.7513628308499164,29,0.6340411632790173,220,0.4105211419895997,1747,0.5771147107546579,438,0.9625872030869158,633,0.959629260613874,49,0.7595040778603274,123,0.5411397347917217,2743,0.7844556489519456,511
5948050.0,1792150.0,0,5.820776466876202e-05,10303,0.6382769041893428,5419,0.6019339361743957,2762,0.6233295389960432,521,0.4030448508021255,1888,0.5875126697899368,310,0.639019604663531,5433,0.6842626917040318,3261,0.7586932017537407,124,0.6582522825831881,917,0.8051871644737525,356
5987050.0,1753750.0,1,0.9999999991764597,475,0.8985821682899827,189,0.7322518387812776,267,0.6008145909551325,1820,0.4058433237710736,1844,0.5499806390749581,1229,0.9635393647701044,593,0.9163792910533164,676,0.7578849229946023,125,0.5536325013733372,2457,0.7209124588576072,1361
5988350.0,1754550.0,1,0.9999999999986187,89,0.8914464058271896,652,0.7255970018267737,406,0.5940309614632503,2706,0.46482044641636133,789,0.5700897246702614,564,0.9628048269899305,622,0.9251900105025432,426,0.7569688425701608,126,0.6760719920446042,757,0.8726219414958905,101
5985750.0,1753650.0,1,0.9999999999953613,145,0.899093120521209,150,0.7368978198215514,184,0.6023516542239229,1637,0.4330861163830139,1293,0.5656139332347069,672,0.9724541285221117,193,0.9460117674469681,128,0.7568665573996893,127,0.6911220018944344,619,0.8241783052048368,252
5985150.0,1753450.0,1,0.9999999994291877,442,0.897949389032148,235,0.7457649319980927,60,0.628524802584993,364,0.5615020612906395,87,0.6313191031568439,30,0.9664624842233847,433,0.939978297631089,170,0.7567781959722255,128,0.829455542334562,68,0.8740930412959964,98
5989550.0,1756550.0,1,0.9999999999997959,30,0.8908599666954516,688,0.7423453003934473,91,0.6223524327598993,547,0.5599819857418685,94,0.6236851788664288,48,0.968212806135375,367,0.9328440348168437,264,0.7563919863432877,129,0.8379262227140754,57,0.9420386452832402,24
5989950.0,1753350.0,1,0.9999999999941076,160,0.895900432986692,402,0.7324903071951522,261,0.6045560807863004,1428,0.5672633063099454,71,0.5957021900243015,235,0.9710178824814552,234,0.9173834273883497,639,0.7547721400167124,130,0.7504650317414798,270,0.7933083020008761,435
5985650.0,1753650.0,1,0.9999999999927045,170,0.8981451814953708,220,0.7414368471803048,103,0.6194137760374054,645,0.44081931476821173,1156,0.5863864133088896,323,0.9680203560745995,377,0.9407278995276357,166,0.7544140295732822,131,0.72003216512374,426,0.8866649303667924,72
5986850.0,1754550.0,0,0.0002117370494531444,8942,0.4319410721789182,15624,0.5001867186788139,10198,0.6400739030551569,119,0.4418425075526473,1138,0.6054261629130894,172,0.4375269845013522,14581,0.5103667040311386,11192,0.7538319033721776,132,0.677046745164526,746,0.8400103408294768,170
5988350.0,1751750.0,1,0.99999999987913,322,0.8977683186588461,256,0.7389025901177325,141,0.6262606917651611,435,0.5458449412409874,140,0.6079938337603482,146,0.9746423453231781,130,0.9253774311837271,420,0.7519500706933882,133,0.8319072852400223,65,0.8281527923490936,226
5905050.0,1740250.0,1,0.9999999999472549,286,0.9187480506456867,8,0.7352856774720086,210,0.6270502199848171,407,0.38627870231205297,2315,0.5600638606412747,823,0.995234097781498,10,0.9691778102622013,21,0.7499690461783203,134,0.5531634070826439,2466,0.8044807874561051,361
5985250.0,1753450.0,1,0.9999999999969236,124,0.8987830280860741,172,0.7398010803620302,126,0.6091931810174732,1115,0.5654056443912765,76,0.6109012881849618,121,0.9734929320382824,159,0.9561161016783847,65,0.7492525361729524,135,0.8467462550470177,50,0.9415514968401966,25
5904850.0,1740850.0,1,0.9999999999999167,17,0.8896330775469063,780,0.7282401317226406,338,0.6264009833010933,430,0.4691503685354531,742,0.5944087594505076,244,0.9648721563515891,514,0.9159767547403916,688,0.7487707543575742,136,0.7390754151635506,320,0.8804562382369497,82
5988150.0,1752050.0,1,0.9999999999433051,291,0.8976133236132201,269,0.7436028544011969,76,0.6208583541487559,590,0.633140708365553,8,0.6292916730302015,36,0.9753341131134207,115,0.9342475527625643,238,0.7481306106370982,137,0.9296852690446162,4,0.8493546023206695,141
5994950.0,1749950.0,0,0.0024113293039621,6365,0.5004330445837678,12270,0.556928319432843,5386,0.6608583423861545,12,0.4030482571342396,1887,0.6145910488644452,96,0.5076875580169726,11374,0.575108569537963,7729,0.7475504169867168,138,0.6032228744310273,1579,0.7979757815311714,405
5988450.0,1753150.0,1,0.9999999998539868,335,0.8906042227979919,709,0.7245037411878701,431,0.5960549832531641,2382,0.3774677669812498,2613,0.5503950382129355,1202,0.9581302355608805,867,0.9049526285314938,979,0.7471698042168418,139,0.5491226022416867,2545,0.7640541309209228,738
5988150.0,1752650.0,1,0.9999999991385935,481,0.891825642064513,629,0.7300082025108287,306,0.6118757325666357,966,0.4017294526381356,1930,0.5624929169156037,750,0.9597536918780954,781,0.9103471236349299,856,0.7467600545997042,140,0.5312349995056164,2972,0.7538411358989887,857
5989850.0,1752550.0,1,0.9999999999813558,228,0.8961509210823461,389,0.7274748907879376,355,0.5994483077937589,1952,0.45031425795245755,998,0.5555332751693843,986,0.9700375047438636,272,0.9071035098995829,925,0.7457499814746232,141,0.6837548057437742,688,0.6703127942997369,2372
5985550.0,1753550.0,1,0.9999999999962992,133,0.8990961276295696,149,0.7407196561958629,115,0.6119166379385739,963,0.45580410669348326,930,0.5791152058287072,410,0.9727090876714474,185,0.9487425934316074,111,0.7444552399452127,142,0.7577172573973561,242,0.8099246336653008,336
5986650.0,1754050.0,1,0.9999999999832556,222,0.8988867891525576,161,0.742206561180942,94,0.6265683427834186,421,0.3707806589189838,2862,0.559730933256007,838,0.9677493090308786,382,0.936608822462358,201,0.7437266956978497,143,0.502562307151667,3722,0.6666827533953468,2454
5989350.0,1753750.0,1,0.9999999999729767,250,0.8894251677644288,794,0.7214140193148477,502,0.5864989338217514,4063,0.5172803678818869,291,0.585768975376553,328,0.95753873773776,891,0.90870459249766,889,0.7428675097778298,144,0.7596399951020917,234,0.81370860166714,309
5986950.0,1754950.0,1,0.999999999991878,172,0.8908979430638193,685,0.7315536051086342,275,0.6200619093315739,621,0.3730285024564294,2779,0.577672536269225,428,0.9630186856386285,614,0.928366682829189,351,0.7419673954068493,145,0.5360644730352845,2865,0.8031554747360237,369
5987450.0,1753750.0,1,0.9999999993752633,451,0.8984364618777807,201,0.7389074985655428,140,0.6100008776488689,1066,0.5762515064944254,53,0.6033200010180979,184,0.964125384612473,553,0.9260531836463664,400,0.7419616274836924,146,0.8559582018897383,42,0.8061290944805871,351
5986950.0,1750650.0,1,0.9999999985304802,517,0.8976195833631905,267,0.7308746944505891,290,0.6126232110514509,927,0.42259261237871104,1484,0.5714991265806649,533,0.9638068152172479,578,0.9196161316975381,581,0.7403253308808752,147,0.6738148033455368,770,0.7884923305814993,474
5987250.0,1752250.0,1,0.9999999997592499,379,0.8981419055084549,221,0.7357076753563004,203,0.6037260112020246,1511,0.4925725111015886,511,0.5754116809082457,471,0.9645647466904951,531,0.9241809198457874,459,0.7392181190712694,148,0.7800894829209575,175,0.784521158062383,510
5989950.0,1757550.0,1,0.9999999974051523,553,0.891031093315898,676,0.745863246191705,59,0.6198750666193866,631,0.3743025574952895,2730,0.5476952471489879,1353,0.9605423508150408,733,0.9512389459553096,95,0.7392023269484916,149,0.5024570147577536,3725,0.5880391254413906,5060
5988150.0,1755550.0,1,0.9999999999999809,4,0.8963110135262204,382,0.7371540790858132,179,0.6021582304672038,1657,0.4834464766062813,598,0.5761030393750531,458,0.9752010716468497,118,0.9332371412457211,255,0.7381083375157256,150,0.7742148211849906,192,0.8491298545288186,143
5987950.0,1755050.0,1,0.9999999999999756,6,0.8963305797720194,380,0.7394293235838593,132,0.6041694732679256,1468,0.4751702051011589,677,0.5851450931032998,337,0.9761690924183928,105,0.9369900514780779,198,0.7378186120439452,151,0.7806871374860275,173,0.9268272784342403,34
5987350.0,1753750.0,1,0.9999999996654882,400,0.897805002648645,250,0.7353615635178649,209,0.6067588262272179,1266,0.4639300061322695,805,0.5877460721253606,307,0.9637166476971968,587,0.9217318423213774,523,0.7377427335301612,152,0.7532688505242107,255,0.8083098448752336,343
5985350.0,1753450.0,1,0.9999999999857911,210,0.8990674636026287,152,0.7368163728812035,186,0.6111186800956353,1008,0.3775710989161146,2608,0.5668700675656865,640,0.9727080349337077,186,0.946000966038552,129,0.7372856313534597,153,0.5971504768312853,1668,0.8373399131854395,186
5987750.0,1752450.0,1,0.9999999992453332,471,0.8917787331921025,634,0.7382589620356125,158,0.6252365843593788,464,0.5608185438883496,90,0.6134625027282984,104,0.9604814204362984,736,0.9200123827180191,568,0.73727688970418,154,0.8707279597866775,29,0.823577420212173,256
5986550.0,1750350.0,1,0.9999999980706991,532,0.8973919052828994,289,0.7331936103215037,251,0.6148191632872626,812,0.4863903572985172,566,0.5952003154750052,240,0.9643768669459348,540,0.9252493668905932,424,0.73713611074966,155,0.7863441156848495,158,0.820918354928768,267
5992250.0,1748350.0,0,0.0008388777524922468,7497,0.3822453439430796,18140,0.46154831113766753,13763,0.6209223662065588,585,0.4934210310555034,502,0.5966165412045323,228,0.3799902781917057,17219,0.454410076188686,14533,0.7360159414988678,156,0.7350891206250123,334,0.7807837712520407,545
5988950.0,1751550.0,1,0.9999999999988076,85,0.8958739599506068,404,0.73791147901172,165,0.6147428348777411,815,0.5609022347955611,89,0.6147894263445873,94,0.9733292711630462,165,0.9280877141836839,356,0.7348523345450111,157,0.8069352002946777,101,0.827552722554185,228
5983450.0,1761950.0,0,0.020222386370518135,4191,0.6738089134767964,3632,0.6084312325290707,2540,0.5720954548943702,7578,0.4601152870402199,859,0.5556927669657657,979,0.6921391250884763,3140,0.7320081686635285,2151,0.7346723053970836,158,0.6595124695996504,904,0.8187916653772862,277
5989050.0,1754150.0,1,0.9999999996187805,409,0.8912897047384443,662,0.7224826595490517,477,0.6051204863688657,1393,0.40397637989637253,1873,0.5674097044994999,632,0.9588890105721426,832,0.9060922690382334,952,0.7339162741319688,159,0.5429333831889014,2705,0.7695760728331973,678
5989750.0,1757150.0,0,0.0009795948562971273,7332,0.5175261071138375,11463,0.5543395507883359,5557,0.6325070856240673,260,0.4267968609382887,1405,0.5656200563690774,670,0.5144375700343446,11076,0.5851038303259555,7227,0.7338112318354295,160,0.5482185539292066,2565,0.6206909224379824,3788
5989550.0,1757150.0,1,0.9999999999984672,91,0.892308350988742,600,0.7451833286531973,65,0.6371951770167862,158,0.4052094338079401,1857,0.5691870338354141,583,0.9683143560759209,359,0.9257988358471867,407,0.7338086542154987,161,0.5125926573700341,3436,0.7201673838144096,1375
5986550.0,1750450.0,1,0.9999999985692358,514,0.8978029036896974,251,0.7311979787045678,286,0.6170945784047596,723,0.4163929921177741,1611,0.5724203051867143,520,0.9641613031312428,550,0.9203259200607496,556,0.733772510476052,162,0.6564143148158499,935,0.7918942723634184,447
5989150.0,1754250.0,1,0.9999999999729308,251,0.8972157078954661,303,0.7305694610603819,298,0.617382041813742,711,0.39897899067866077,1993,0.5766259554399114,451,0.9730588835798227,173,0.9154720835892654,705,0.7333930800770463,163,0.5377225572150248,2817,0.7714418770830205,652
5987450.0,1754850.0,1,0.9999999999994431,53,0.8906152797200197,708,0.7246425704745448,428,0.5903079391614406,3342,0.47332076212266777,696,0.5773001207862645,436,0.9624215734552269,640,0.9263643119112083,394,0.7330087831614123,164,0.7752992490051003,188,0.9256487084134417,36
5986750.0,1750250.0,1,0.9999999979066823,537,0.8975780806770056,274,0.7389584132594819,139,0.6279959002277586,381,0.4788030362217324,641,0.6099793368585971,128,0.96502830294591,503,0.928929983520566,341,0.7320415039865231,165,0.7780749566018331,178,0.8323413727220057,208
5994650.0,1749650.0,1,0.9999999998557116,334,0.9183453546499745,9,0.7425046577801387,89,0.6204434667760083,610,0.48412176088235304,587,0.5800193297279533,399,0.992650200554246,39,0.9627579471957981,39,0.7319937791520654,166,0.6891225210240141,635,0.7338772910493097,1140
5993650.0,1748950.0,1,0.9999999997282192,387,0.8902717461180938,729,0.7325583498056875,259,0.6565760197006281,20,0.5799584359652317,47,0.6411128298945389,12,0.9646915508216415,523,0.9158756672030102,693,0.7315559248111523,167,0.7595965279954449,235,0.8491887638856375,142
5986850.0,1750850.0,1,0.9999999991296358,482,0.8987753900180927,173,0.7440379270109249,73,0.6313428865325308,290,0.5407988751055232,158,0.6300304629756932,33,0.9712858952199847,225,0.9458847038415573,130,0.7312515711459818,168,0.8102528187024339,99,0.8544663385281859,132
5986850.0,1753350.0,1,0.9999999990558344,487,0.8987007030485872,182,0.7538296638226952,18,0.6410066646823467,110,0.5194025125856339,280,0.6333460166471513,26,0.9660985683439112,457,0.9362755564526417,206,0.7285767852978144,169,0.7970976479979096,126,0.8334706962671627,203
5986550.0,1754250.0,1,0.999999999978068,240,0.8987864781467013,171,0.7535067407110536,20,0.6428114067986204,91,0.4514842154944442,987,0.6137652713754252,102,0.9693115755926767,305,0.9484597462872323,113,0.7268416981243456,170,0.7320767096941629,354,0.9184332261245998,41
5992450.0,1748450.0,0,8.411184177902228e-06,11992,0.5809778325968596,8336,0.5589877533888514,5231,0.6381394040964642,141,0.5544187469615517,110,0.6206230140772874,63,0.5828896244319024,7974,0.632627497799398,5144,0.7242040507484242,171,0.7531809420268569,256,0.7775589072541917,581
5986250.0,1752650.0,0,0.00032504146197115624,8437,0.4183220532849706,16333,0.47457586300050325,12624,0.6054653100624959,1361,0.4088992720508376,1779,0.5748969438145904,477,0.406885214270693,15944,0.4597805829622046,14204,0.7238122247612276,172,0.5933905385465009,1726,0.7652976549280609,728
5988250.0,1754050.0,1,0.9999999999617712,274,0.8902308091739942,730,0.7334686376203307,243,0.6103601194862098,1044,0.48098761346781904,623,0.6001852812450549,206,0.9587592383999002,842,0.9144165812684606,739,0.7233603122631136,173,0.7725647592830199,199,0.8129918724035925,315
5987250.0,1753450.0,1,0.9999999991096544,484,0.8911613602280819,668,0.7300647735886692,304,0.6176935479913577,695,0.3559021081707554,3404,0.5444165084739877,1576,0.958036382716411,872,0.904669519648625,986,0.7230097517291132,174,0.4777822830615883,4453,0.5407310770160809,6965
5986850.0,1751050.0,1,0.9999999985757602,513,0.8973513442450373,293,0.7392159814752635,135,0.6208464107868337,591,0.5606084985630212,92,0.6239579684237854,46,0.9664886211969038,430,0.9373440741624426,196,0.7218442243522571,175,0.8188086906616345,84,0.8549292167439945,130
5989950.0,1750550.0,0,0.26810410555239994,2167,0.6600366486706222,4320,0.5999866008127656,2846,0.6204703355418838,607,0.46553721986416174,785,0.5792230682648368,408,0.6836809057321476,3452,0.715856355911917,2438,0.7216261533977667,176,0.6947624504938865,591,0.7461046644304201,965
5987550.0,1754550.0,1,0.9999999999992497,65,0.8897584923192409,769,0.7207559027350822,516,0.5855231917452609,4279,0.4060730026557605,1841,0.5605497876582775,805,0.9610532027580598,710,0.9204767390937417,549,0.7206458956988336,177,0.6775339550953137,742,0.8826857478732066,79
5986750.0,1751050.0,1,0.9999999960668995,575,0.8974285496279141,285,0.7361618379216917,199,0.6214787942853041,575,0.4705642360188055,729,0.6053770749494136,173,0.966197988894632,450,0.9312104616730893,301,0.7187193426832758,178,0.7758635356303013,185,0.8418942030919692,167
5987050.0,1753650.0,1,0.999999999787353,363,0.8981501431987301,219,0.7279961500828487,345,0.5860644171460206,4157,0.3743137785612784,2729,0.5338633381384704,2419,0.9631191491683289,609,0.9139014529288619,753,0.7165765303165641,179,0.5100055785999125,3513,0.7194440545841567,1388
5988250.0,1752150.0,1,0.999999999988191,195,0.8964427235471784,368,0.7428663670222855,82,0.6108808889907051,1020,0.5734622876998089,56,0.6122348684802857,112,0.9741051677120863,143,0.9309123592485093,305,0.7164708133442397,180,0.8139467271651087,89,0.8262134456701243,239
5985850.0,1753750.0,1,0.9999999999942657,156,0.8977994700669164,252,0.738497002792292,150,0.6062678565908913,1289,0.446436373690675,1059,0.582159819721854,371,0.9679380530543578,378,0.9405115024596243,167,0.7163676515535837,181,0.735249611446309,333,0.9155411531598597,46
5987950.0,1753450.0,1,0.9999999997976599,357,0.8908561480484397,689,0.7306631343358425,294,0.5984987365573192,2069,0.48174704308440164,613,0.5534332345042084,1073,0.9578346185493832,880,0.9072623057832082,923,0.7153171571949339,182,0.6903830134237081,622,0.5395876676373876,7011
5989150.0,1751750.0,1,0.9999999999984164,94,0.8955298617196655,433,0.7307961629268299,291,0.5990692462185448,1997,0.484934263359692,577,0.5920405199726114,258,0.9722355516173056,203,0.9196453115981995,580,0.7152911428419493,183,0.7795638905721423,176,0.823742292202002,254
5988150.0,1752550.0,1,0.9999999988819379,496,0.8919478315078785,621,0.7343436447490769,224,0.6134741323538311,882,0.5177763763707601,290,0.5839161813588185,352,0.9601338901825638,761,0.9148236463927077,726,0.7151433866584105,184,0.7631407262892586,225,0.795760224611973,422
5986850.0,1751150.0,1,0.9999999987788621,503,0.8976079311807142,271,0.7412816444796849,106,0.6251306895330705,469,0.5154327333276376,306,0.6207487254709013,62,0.9666135758027365,424,0.9358948268131775,214,0.7146459867303625,185,0.7957947181788175,128,0.8514129341425541,137
5989850.0,1753450.0,1,0.9999999999902409,183,0.8949925140668322,479,0.7276303865810989,351,0.5915949126470779,3112,0.5446990148887937,143,0.5884085368695924,299,0.9703227447955401,257,0.9149158064184677,721,0.7143969205581542,186,0.747484203853425,284,0.7984574007435556,399
5903050.0,1740450.0,1,0.9999999999941991,158,0.9165282815086976,17,0.7363953283373714,194,0.596213299163562,2359,0.44142919238397677,1142,0.5640321634374399,708,0.9936154870662925,18,0.9699688674236133,16,0.7142617277512705,187,0.7209419815179094,421,0.8653679857690157,113
5985950.0,1753750.0,1,0.9999999999950417,148,0.8979770014333716,234,0.7427597116584228,87,0.6186077208220091,671,0.4583735371523355,890,0.5863462623730916,324,0.9678460628098419,380,0.9410638755639175,161,0.7140840730997744,188,0.7523749131796106,261,0.8235679871595205,257
5982650.0,1766650.0,0,7.535081842960142e-05,10053,0.5720163809804748,8803,0.5330559478846393,7243,0.6076933491662002,1212,0.4346266137515999,1258,0.5606220845351096,803,0.5897502323537008,7652,0.6373653227864173,4961,0.7132124131312088,189,0.6287702268654922,1241,0.7183409739406365,1409
6007550.0,1764250.0,0,0.9113335060025176,1566,0.7060519757048479,2360,0.6485679487284418,1552,0.62492144444344,476,0.40240209410529026,1909,0.5673536202229476,633,0.739046437306867,1950,0.7652119422947985,1747,0.7119454237494809,190,0.5948477370830603,1700,0.733697559967579,1147
5986350.0,1759050.0,0,7.710245589994363e-05,10034,0.4598448175391349,14286,0.5016223336250644,10065,0.5914143539886322,3149,0.43448538332226433,1259,0.5592389738739092,853,0.4535539187039288,13830,0.5119963683315929,11106,0.7107868512166599,191,0.5983002500950312,1650,0.7741116823614591,622
5907150.0,1770450.0,0,3.1445170345724586e-06,12698,0.31300364497254585,21104,0.39839602206020347,18704,0.6161811448599368,757,0.4233475972973715,1463,0.5677632326998848,620,0.30238036405864344,20442,0.38457849327170734,18304,0.7105579148932847,192,0.6544837078435235,953,0.6913572137001197,1902
5986750.0,1753450.0,1,0.99999999961634,411,0.8987012027650365,181,0.7383420336126741,152,0.6038479686818863,1499,0.48448059440058494,582,0.581757393000495,376,0.9649033849962305,512,0.9253615107046909,421,0.7096793087367606,193,0.73704130102973,323,0.8027869622749032,375
5991450.0,1749750.0,0,0.0006928468126603125,7703,0.3851478883232597,17990,0.4937664616624476,10788,0.6259217220716325,440,0.5269475370387592,224,0.6101330298794755,125,0.3792703878540876,17252,0.46581250076263014,13829,0.7093831616610502,194,0.73009431098374,365,0.7783112979955651,571
5986250.0,1750950.0,1,0.9999999987428176,508,0.8989805610800168,157,0.7429228750300395,80,0.6264767674965268,424,0.47752859029528016,651,0.6000555749494764,207,0.9710445790274229,230,0.9411132971704853,160,0.7088120494250107,195,0.7481686989277835,278,0.8155207568787824,294
5907850.0,1753250.0,0,0.010128331966208846,4916,0.3967083595538067,17403,0.48023255225692785,12108,0.606816175367182,1261,0.34887029924347396,3694,0.5498804501445609,1236,0.38999387361786964,16721,0.4678608837394421,13718,0.7083080242715991,196,0.5237182673078934,3142,0.7569276724749316,810
5994150.0,1749250.0,0,0.00017946211435010146,9130,0.3582417617982099,19305,0.48820583663224765,11328,0.6656900286047918,6,0.5069387915402772,375,0.6454268605181123,9,0.3575057570030684,18226,0.45886649935931656,14257,0.7075610261514916,197,0.7366932746660241,324,0.82827334152998,225
5986850.0,1750950.0,1,0.9999999994334767,440,0.8982979256335999,214,0.7380465049925755,162,0.6139066457214457,859,0.5397400849313765,162,0.6134937055067198,103,0.97067621919235,244,0.942680227176055,149,0.7071781676932337,198,0.8030178638595564,114,0.8473383460506291,146
5985050.0,1753450.0,1,0.9999999997763787,367,0.8985580302532906,191,0.7422731527821793,93,0.618469287277261,676,0.5346901965046792,184,0.6163070699160371,81,0.9708437789280733,238,0.9453036365010382,133,0.7043959663376071,199,0.7987134661088986,123,0.866651748363019,110
5989950.0,1756850.0,1,0.9999999999779869,241,0.9191151009203689,7,0.7429005582698975,81,0.5895531019410138,3484,0.42413081470253844,1450,0.5484512513355686,1307,0.9963989788259211,8,0.9771042425459825,9,0.7037778436767455,200,0.5994139910209335,1636,0.8161410006469304,289
5987750.0,1756750.0,1,0.9999999999997218,35,0.8959220855621646,399,0.7260087931457198,401,0.5813046206086934,5218,0.3746053814677693,2720,0.5189112028970674,4259,0.9741448865363356,142,0.9235305476250367,475,0.7037554284397312,201,0.5129520128966139,3425,0.6013876839857877,4513
5987950.0,1754050.0,1,0.9999999999971265,119,0.8897596864134051,768,0.7216555995159745,500,0.5940793093803992,2701,0.3516937212814517,3571,0.5604585234280932,808,0.9611548393165615,705,0.92027965462698,559,0.7035089999749898,202,0.5819842635719389,1914,0.8320244973317357,209
6009050.0,1763250.0,0,0.010392850934753839,4893,0.6102223345180876,6843,0.5859028592876934,3527,0.605841131679918,1324,0.3807561750884151,2504,0.5622090140772894,760,0.6234293366805999,6157,0.6593391309036193,4107,0.703315250451385,203,0.5936779236057754,1721,0.7650373234046284,730
5944750.0,1797150.0,1,0.9999983539655464,1121,0.8900344505951766,746,0.7217047238532927,498,0.6135180997439172,879,0.3340877296943362,4375,0.5648661418002936,690,0.9617806174002571,668,0.919032962194909,595,0.7032370349259084,204,0.5108687019408981,3486,0.7918235220866571,448
5989850.0,1753350.0,1,0.9999999999945295,153,0.8950221140966266,476,0.7251358925780774,414,0.5848873115053668,4412,0.5435616079070545,146,0.5775324088233407,431,0.9700035864658576,275,0.9125445176359602,787,0.703180259555178,205,0.7290832439191863,372,0.7867622593294088,496
5979050.0,1775950.0,0,0.15855073131049352,2474,0.5255254491540639,11096,0.5125226238226548,9052,0.6061015782452639,1302,0.34541944770104327,3865,0.5497256471004758,1246,0.5401928357463527,9963,0.5827529525859054,7349,0.7017787332329796,206,0.5182035523939382,3268,0.730501140087376,1188
5987950.0,1753950.0,1,0.9999999998388027,344,0.8910367641791573,675,0.7278509029675587,348,0.6112168988941036,1004,0.43217091648353273,1309,0.5495839105684922,1253,0.9571774963256459,904,0.9021329461319777,1029,0.7004805123760216,207,0.62926085784963,1237,0.5245220354555853,7577
5905050.0,1740050.0,1,0.9999999999789351,235,0.8894883535252741,791,0.709790216036092,774,0.6038713765913009,1497,0.36374595394231746,3109,0.5527790352165799,1094,0.96450854644682,533,0.9050320257081675,976,0.7004570718350224,208,0.5552439234556275,2420,0.8139931253977112,304
5980950.0,1765250.0,0,0.17397811701955077,2425,0.549512666427987,9960,0.5339467349467623,7155,0.5730833212592256,7316,0.43295462096285375,1294,0.5310756905393292,2694,0.5664306734038023,8746,0.6093941405714491,6111,0.7000945449191248,209,0.6686597917538235,818,0.712933228651069,1497
5985950.0,1753050.0,1,0.9999999992709785,466,0.8990735868476888,151,0.7350353091742845,213,0.6150500774710559,799,0.34916684418188304,3684,0.5547006780691202,1009,0.9690731368934244,324,0.928246054124642,354,0.6992972671386639,210,0.5019285992163554,3742,0.7229077592101727,1312
5987650.0,1755450.0,1,0.9999999999994842,52,0.8904097736957852,723,0.7372987244869127,178,0.6115960504631314,981,0.5113596238588709,338,0.6074380864376505,150,0.9627074876946219,627,0.9339594061111203,244,0.6991649144808687,211,0.7979786645901557,124,0.9467621682439937,21
5985850.0,1761250.0,0,0.0009936863169126215,7316,0.4119757369382822,16666,0.4966146329392819,10508,0.6011783998546221,1788,0.414207002636888,1654,0.5695102369250821,577,0.4213179720479987,15301,0.505928703588009,11475,0.6988373336044962,212,0.5644553031814199,2236,0.7702975957211332,667
5993650.0,1749050.0,1,0.9999999999546394,279,0.8893158526729436,803,0.7240423539127883,441,0.6293897218220936,343,0.4288008679387416,1369,0.5901798547447568,282,0.9624955381901836,636,0.9021896819854002,1026,0.6980210007311387,213,0.671243984214296,793,0.8023971733503523,377
5986750.0,1753350.0,1,0.999999999732516,385,0.8978852208280319,241,0.7309155986708303,289,0.5922764967222072,2994,0.38828681079305427,2264,0.5540621342332716,1039,0.9639800487723088,565,0.9192350326041354,591,0.6955390488892473,214,0.5597125480282303,2327,0.7712954108130492,654
5987050.0,1754150.0,1,0.9999999999953917,144,0.8975380008596062,278,0.7244276109740811,434,0.5855250001745232,4277,0.3404615780154127,4068,0.5351790839111623,2297,0.9661649196134348,454,0.9274486817367714,366,0.6952683530820598,215,0.4864238460483685,4190,0.7565544957983558,815
5985150.0,1753650.0,1,0.9999999995622673,426,0.8974661869300883,284,0.739588246598699,130,0.6115148067100624,989,0.5095387104277218,355,0.5980325673181458,220,0.9654948609207514,485,0.9327286317413233,266,0.6947175726983539,216,0.7712063757959278,204,0.8426345024151234,161
5989850.0,1752450.0,1,0.9999999999897153,188,0.8955057268272132,435,0.72744638718424,360,0.5908720499301929,3246,0.5497871096746318,130,0.5728416111064856,510,0.9699885189005802,277,0.9120993183937413,813,0.6946026831715445,217,0.7317728401678675,356,0.70446935573865,1655
5986250.0,1751950.0,1,0.9999999993833377,450,0.8985437167301016,193,0.7347373261985038,218,0.6126585912068906,923,0.47993000020807053,633,0.5646760042889128,695,0.9686861916574679,344,0.9302494132199188,314,0.6937599951090284,218,0.688856595770811,637,0.5518450156944259,6526
5905550.0,1759850.0,0,0.00032693629946367413,8431,0.37655629064904,18428,0.4865357053650572,11485,0.6219928685619479,560,0.48915233623875554,543,0.6094382880785517,134,0.35963429201019426,18128,0.4548029373492892,14508,0.693400646783533,219,0.7911919790088928,141,0.8697248221256522,104
5986350.0,1752250.0,1,0.9999999995793167,421,0.8987430823413005,174,0.7378240388196179,168,0.6222912937638502,551,0.41324876574456737,1681,0.5630242628189195,736,0.9686862653198235,343,0.9292895960729444,334,0.6929209118870578,220,0.6687603474148912,816,0.551696023008759,6532
5987950.0,1754950.0,1,0.9999999999996707,41,0.8904722219108699,714,0.7389000969800517,142,0.611715400666595,976,0.49046285343265683,531,0.5966075293442386,229,0.9624899711676802,637,0.9323122555067302,279,0.6922721275389365,221,0.7698423792955185,209,0.9207830555466431,40
5987150.0,1755850.0,1,0.9999999999990468,73,0.8907440399631337,699,0.7326617562613501,258,0.6103146263443724,1047,0.3829496758097248,2413,0.5523495761476032,1111,0.9613289787956477,692,0.9226271435720599,500,0.6921388935076251,222,0.5773495068461235,2010,0.6848106130953746,2040
5985850.0,1750750.0,1,0.9999999881492855,653,0.8968298707513953,331,0.7402875458617258,121,0.6298797039095024,330,0.5080736603822248,368,0.5962280009773206,230,0.9689937189734938,327,0.9394876459182918,171,0.6915117502733201,223,0.7359900056480329,331,0.704074045538267,1660
5988250.0,1754550.0,1,0.9999999999940814,161,0.8921849767355439,609,0.7341665322368569,229,0.6137691802800721,866,0.6553958139972502,2,0.6186064678381666,71,0.9644388484079199,539,0.9362636782085235,207,0.6909629073469015,224,0.979804376423907,1,0.9322577927796318,33
5989650.0,1754350.0,0,0.07534908104407918,2987,0.6137462958928829,6677,0.6201386183547702,2139,0.6258348374874496,442,0.5662162818676526,74,0.6409668286346907,13,0.6384047656750965,5463,0.7004284166276491,2800,0.6898945374698564,225,0.8256983140440867,76,0.8270551000398719,233
5985550.0,1752850.0,1,0.9999999997545765,381,0.8985339524636263,194,0.734131683735711,231,0.6013892733706389,1762,0.4433436074170461,1108,0.5510192918071875,1162,0.9686096837767955,346,0.9286519800123639,343,0.689864926748722,226,0.6635830735415006,871,0.5250679640850324,7552
5903050.0,1740350.0,1,0.9999999999877389,197,0.9159580419603609,21,0.7312680095286855,284,0.5842515399807919,4537,0.4424064594282322,1126,0.5668954447121034,639,0.9938308907211987,14,0.9704472095771871,15,0.6875640869546715,227,0.7470473792790254,287,0.8899679495035636,67
5975750.0,1774450.0,0,3.874814927912599e-08,15283,0.5557298990770271,9657,0.51214955750165,9084,0.5965464929846266,2315,0.3617628484922947,3196,0.5413158433015246,1777,0.5436359672984477,9803,0.5757362031796437,7688,0.6871556848388862,228,0.5262993902179238,3071,0.6510693847713008,2865
5986550.0,1753250.0,1,0.999999999037251,488,0.8997119015966221,124,0.7386502575789421,145,0.6206288662664783,600,0.3765237074284636,2649,0.5794246108308907,406,0.9705465398863063,248,0.9349237112103695,226,0.6870568782442029,229,0.5078673741929507,3579,0.7573911869252076,807
5904550.0,1740350.0,1,0.9999999999091083,309,0.9169050463529492,16,0.7307435752752278,293,0.6102853913387934,1050,0.38108347461483916,2485,0.5621739857421533,761,0.993662307215864,17,0.9661589948076097,29,0.6866561916881107,230,0.6187100587716747,1368,0.8458267832849955,151
5982150.0,1755650.0,0,0.6084938283157193,1755,0.6508448596200657,4823,0.5918153736979308,3215,0.6341426465658149,216,0.4286254453386867,1375,0.5904638478888928,277,0.6700462864990065,4021,0.7050889174968298,2685,0.685319969072254,231,0.6889027977175254,636,0.7766235924731167,598
5965050.0,1736250.0,0,0.05059984638298205,3340,0.6995520895901318,2577,0.6525673697670974,1450,0.6201702001228934,617,0.3780000943030078,2591,0.5734836977508204,501,0.7253466335324322,2173,0.7599053557300544,1795,0.685147592600385,232,0.543506506183856,2697,0.7585486680322425,793
5989850.0,1757950.0,1,0.9999999886823442,651,0.8925789529523639,593,0.7517001975579508,27,0.6491893838983145,51,0.42834731543047083,1380,0.599306765418802,216,0.9639426082254814,567,0.9637324932465219,36,0.684909516461564,233,0.5252147491458872,3099,0.7868226919405403,493
5986650.0,1751050.0,1,0.9999999982194152,528,0.8987070868892424,179,0.742364860856608,90,0.6281548791252053,377,0.4656161162785219,783,0.6104388250683144,122,0.9715656217454857,222,0.9430163167817514,148,0.6846013706765899,234,0.7544920781770199,251,0.8378788066250203,181
5988650.0,1756750.0,0,1.4841488481882492e-09,16895,0.3238298199619264,20778,0.39881818878294817,18678,0.6215508511781186,572,0.5373933392044286,177,0.5995467107169893,213,0.31655237196477826,19905,0.3941932438021176,17849,0.6837016592592472,235,0.8065736719426736,103,0.7497786867036751,914
5986950.0,1751150.0,0,3.5188879626865385e-06,12610,0.598907555378538,7414,0.5653292088861128,4821,0.6227083684486296,534,0.5296959946409541,204,0.6101227010360588,126,0.6144904104103088,6554,0.6647607591383315,3913,0.6835424386775693,236,0.7893833539119279,149,0.7597984052637203,779
5903250.0,1770550.0,0,2.475268680356125e-07,14292,0.669612415068428,3831,0.5694781095662621,4545,0.5913354800542512,3167,0.3953076415908459,2075,0.5439952809375949,1610,0.6725503650495793,3916,0.6431940881919173,4717,0.6826816523076282,237,0.6508086097311437,989,0.6593222234933505,2632
5985850.0,1753050.0,1,0.9999999998214697,350,0.8990158660210849,155,0.7337639924043508,239,0.6067673247834758,1265,0.3529671630072575,3519,0.5543482835109024,1025,0.9695063840610674,294,0.9294414255254037,333,0.6825202973377147,238,0.5239670129403768,3127,0.7597913723048184,781
5985750.0,1751450.0,1,0.9999999987335102,509,0.8972340729821651,300,0.7467483319217688,55,0.6340642303257336,218,0.5274749462192219,218,0.6140570933479652,98,0.9702622921602957,262,0.9465043527205877,124,0.6809551077690943,239,0.7559158589852508,245,0.8105290387690745,330
5986750.0,1752150.0,1,0.9999999989373463,493,0.8989814429116245,156,0.7442595766539326,72,0.6265551586416275,422,0.454490784729473,951,0.5880265365952602,306,0.9699132431132458,281,0.9367379873374589,199,0.680903830736156,240,0.7217687274833311,417,0.7236476186066556,1300
6037850.0,1693350.0,0,0.0008509227721651423,7485,0.659494215236017,4348,0.6168446562127693,2240,0.611315615451507,998,0.43908778271994175,1193,0.5791613437259896,409,0.6789355028457971,3655,0.7071952265547872,2632,0.6804749954486129,241,0.7197275466224029,429,0.8334262383179603,204
5986250.0,1751050.0,1,0.999999997092369,562,0.898818066070617,169,0.7428609973819198,83,0.6278024801274756,387,0.467955852299631,755,0.5799690085928464,400,0.9699998419126034,276,0.9366826878830938,200,0.6792369921636262,242,0.6968204737025165,576,0.5703915597627829,5788
5988350.0,1754050.0,1,0.9999999999608471,276,0.8897042070854321,774,0.7342619215547521,227,0.6104568363634074,1039,0.5573686616048729,102,0.6207771795648874,61,0.9590220813281359,820,0.9203461529454409,555,0.6792252796457586,243,0.8053780487827704,107,0.8367342004984155,188
5989850.0,1755850.0,1,0.9999999999996172,44,0.8908217490099952,693,0.7301166190977568,302,0.6183879313844081,679,0.3443877525067009,3894,0.5468463382705607,1415,0.9655033460886349,484,0.9122063986130566,809,0.679026066297996,244,0.46051042980246915,4976,0.6936786666891842,1856
5903250.0,1740750.0,1,0.9999999998605844,331,0.9163107529436075,18,0.7279848291962852,346,0.5899968838458306,3405,0.3007817187787236,6133,0.5327529739578349,2521,0.9931526015761325,31,0.9627379587266814,40,0.6788913218593349,245,0.49704564510057925,3881,0.7720058100059293,640
5988150.0,1755650.0,1,0.9999999999999805,5,0.8956299385961096,424,0.7321859838946254,268,0.5824678651836404,4939,0.4948340983237017,490,0.5670574920534912,637,0.9749730131185904,123,0.932926387549753,261,0.6787674322161765,246,0.7659176445814695,223,0.8977860993951398,58
5989950.0,1752050.0,1,0.9999999998425211,342,0.8965591973128759,358,0.7207515122996485,517,0.6072255967864498,1242,0.3826633352806989,2428,0.5508366290104288,1169,0.9708104878379386,239,0.9048860007446599,980,0.6787234746722393,247,0.4814188191171359,4351,0.7241526088691044,1292
5988250.0,1755750.0,0,0.0012643926195981235,7060,0.5784313423719146,8468,0.6053953541740315,2624,0.6188886893991322,657,0.5586195934005791,96,0.6293620939115321,35,0.5950024158295268,7430,0.6737127971506683,3595,0.6785210827564627,248,0.8239257258623149,79,0.9376713533226452,31
5985750.0,1751950.0,1,0.9999999992463562,470,0.899388756257495,135,0.7259949176868671,402,0.6155912411392545,779,0.435594511170982,1240,0.5779692971825768,425,0.9700601434405164,271,0.9297605964803725,324,0.6779687789402478,249,0.6331236479145385,1182,0.8207136317651471,269
5988750.0,1761150.0,0,0.0007501963399829567,7610,0.5235526658073382,11200,0.5494661449839261,5929,0.6215851176761229,571,0.44269887524384594,1123,0.5824344310004043,367,0.5162847505411257,10993,0.583147923872096,7328,0.6779314004703414,250,0.6063430216119872,1532,0.7847139872602258,508
5984750.0,1753250.0,1,0.999999999789356,361,0.8969473774064303,321,0.7317377997614466,274,0.596165892831264,2367,0.545996153294511,139,0.5768648548055815,448,0.9641263114089075,552,0.9278850580443743,362,0.6777986623222974,251,0.7767503102662172,183,0.723400261943584,1304
5985050.0,1753750.0,1,0.9999999997404267,382,0.8972007238653341,304,0.7339125787084143,232,0.5960970737647656,2376,0.5103086080956785,348,0.5611498930853365,788,0.9639980370372246,563,0.9254001507753579,419,0.6776163045308313,252,0.7177788147028501,442,0.5714317764153694,5749
5986750.0,1750350.0,1,0.9999999980673624,533,0.8969790868702306,320,0.7371009344939086,180,0.6176213412294417,700,0.529357309089686,207,0.6138991948055086,99,0.964930294857752,510,0.9313627301479508,296,0.6771649591748363,253,0.7834099330735875,166,0.8373927870691134,185
5986350.0,1750650.0,1,0.9999999909551524,628,0.8970946290378856,313,0.7419989573034033,97,0.6315049554570928,286,0.5560840937181786,104,0.6329906526577707,27,0.966435499864588,434,0.9392616125225269,175,0.6769792501639664,254,0.8022790696534879,116,0.8589813596837357,122
5989750.0,1752450.0,1,0.9999999999865334,205,0.8953248640400676,450,0.7239094744862932,444,0.5899996334752577,3403,0.32812945402793536,4632,0.528314371527942,2998,0.9695836074688836,291,0.9034460697423632,1006,0.6753297505975107,255,0.5204838982886449,3214,0.5935782636296919,4817
5986250.0,1750550.0,0,4.630617268881376e-09,16381,0.4118209102315595,16672,0.4584464049800136,14031,0.6255286385841655,456,0.5850268132303676,39,0.6127390045259619,107,0.412404072311779,15699,0.48425799649055823,12762,0.6745671854311794,256,0.8376124634362923,58,0.7204612531485308,1372
5986350.0,1753750.0,1,0.9999999999814957,227,0.8992224713746619,144,0.7456455850541136,62,0.624680144812013,481,0.4033208843758042,1884,0.5875469467158871,309,0.973895383591677,153,0.9532140986485941,80,0.6742297031863389,257,0.6291175348082109,1238,0.8578931857915518,123
5986850.0,1754150.0,0,0.0006107295819281903,7832,0.4427107473881294,15105,0.5328756475397781,7271,0.6286697564885226,361,0.477940327789317,647,0.6126757358065603,108,0.46934100220806996,13116,0.5661258971091897,8132,0.6739803639539483,258,0.7672422974581542,218,0.8898622222396546,68
5943750.0,1797550.0,1,0.9999999662733154,740,0.8954223146503137,443,0.7221634510149374,485,0.6002200342916049,1876,0.3117432329514591,5494,0.5461201534426289,1468,0.9743986828867329,136,0.9206971883034382,544,0.6739385492101381,259,0.48215003141398627,4324,0.767413208099742,702
5944750.0,1796350.0,0,1.7486999513134034e-05,11433,0.39574503691794416,17449,0.4774038757784391,12354,0.6144309888610164,835,0.3568023747457157,3368,0.5725830156031047,514,0.39069587322553745,16695,0.4712462943707927,13528,0.6727824109813525,260,0.5417196982266658,2735,0.7775072933176563,584
5989750.0,1755850.0,1,0.999999999999905,19,0.8902040598679554,734,0.7260646141489763,398,0.60252249092911,1621,0.350227704215632,3637,0.5431848270517053,1659,0.9649345200131818,508,0.9102990086078486,858,0.6726966952189198,261,0.5163283825924165,3329,0.7529098802208845,867
5989050.0,1754350.0,1,0.999999999999994,2,0.895633776106098,423,0.7383000361385804,155,0.6007061407469589,1837,0.5023155119194647,420,0.5941779817043407,247,0.9759267818413855,108,0.9383300595613286,184,0.672405203525106,262,0.7680897411919969,213,0.9346603241107648,32
5908150.0,1771350.0,0,9.044172838287276e-05,9843,0.6247197433307787,6129,0.5796746487561849,3889,0.6075496501086031,1227,0.34813360540540716,3731,0.5359362950057511,2207,0.6192855233238833,6334,0.6562545958744823,4237,0.6722528002638012,263,0.4757704079138626,4520,0.6862223405281862,2018
5986050.0,1760350.0,0,0.07705176403884348,2967,0.6321361304745222,5735,0.5954504415898499,3048,0.5835245897453021,4705,0.4180566938688309,1574,0.5287836097265368,2951,0.6556356995541208,4683,0.6873531205326144,3188,0.6722308004353035,264,0.591893836892346,1744,0.5341244458869708,7207
5987450.0,1754750.0,1,0.9999999999993292,61,0.8902236331267199,732,0.7234659449065122,453,0.5891378209716344,3569,0.45966973121057086,863,0.5704198228195885,553,0.961790383296281,667,0.9239496106988513,465,0.6720057665839999,265,0.7609998835353291,230,0.9019569968560246,55
5978750.0,1775650.0,0,4.166516063538721e-05,10642,0.3134453594945753,21092,0.38786789086981466,19257,0.5991014908359014,1995,0.3690139168038992,2918,0.5376381324220134,2065,0.30237883407809185,20443,0.3654011697465005,19111,0.6717378482071706,266,0.5165531354931874,3318,0.6739431820643704,2286
5902950.0,1740350.0,1,0.9999999999750235,249,0.9157145128763653,24,0.7292255995203604,317,0.580228114648392,5467,0.4244807927287817,1439,0.559992399330942,828,0.9935521959258506,20,0.9686181691011756,24,0.6713038666934353,267,0.7398108987128821,313,0.8866749775404226,71
5943850.0,1796950.0,0,3.769957900528055e-05,10733,0.42073029263846295,16212,0.5026461168402417,9979,0.6162235772555018,753,0.3740989342532058,2736,0.5825943147804532,365,0.4410905912972797,14432,0.5250351894627306,10347,0.6708458964392419,268,0.6267908280563482,1269,0.826033047164997,242
5944650.0,1797250.0,1,0.9999996669482064,973,0.89534777325575,449,0.7201367172392453,530,0.592709519502777,2932,0.30130729194626704,6107,0.520238446466742,4056,0.9737217681277608,156,0.9166004032887836,667,0.6707970439850306,269,0.4421918119983079,5617,0.6291957557178296,3520
5984750.0,1753750.0,1,0.9999999997967304,358,0.8972818358873217,298,0.738744360935046,144,0.6160190514336817,762,0.4819706141374257,612,0.5862138801279398,325,0.9646796963328309,526,0.9290049361215231,339,0.6698079858408119,270,0.7328525025021406,349,0.7392217808143198,1053
5983650.0,1761950.0,0,7.313963850053699e-06,12099,0.4371366622155424,15370,0.48174617962318245,11938,0.5662437348234052,9205,0.5515005879660207,123,0.5770097973196099,440,0.44302105736895425,14348,0.5190039067368094,10689,0.6697915888220769,271,0.8250852082037353,77,0.8163839101031822,288
5986550.0,1752650.0,1,0.9999999998063658,355,0.8989301996560058,160,0.7367033168361158,189,0.6010338589923014,1800,0.5832691055225669,41,0.6060869734817487,163,0.9703716023644451,255,0.9414083995313984,156,0.6692829394711324,272,0.8487994994929196,46,0.8362895917012486,191
5993450.0,1749250.0,0,2.020841835531927e-05,11316,0.4009188413857369,17206,0.4779515497860117,12305,0.6314936897713869,287,0.5508739099080578,126,0.6248219459989099,43,0.4077907951414419,15904,0.4750683983696665,13306,0.6685567416057214,273,0.7479455339788561,279,0.8056712196904673,353
5986950.0,1755050.0,1,0.9999999999963769,131,0.8904999009348326,713,0.72968738963811,310,0.6095587306772788,1092,0.3491733288737862,3683,0.5517590048701472,1138,0.9617561214426767,670,0.9229882081570357,489,0.6683988325445587,274,0.507000756303639,3606,0.7717165261002071,646
6006850.0,1765050.0,0,0.07015785371508594,3065,0.6205464323810663,6349,0.5847370891192734,3595,0.5889409860389646,3603,0.49269047164127755,509,0.5616404945021168,771,0.6275393560848368,5937,0.6589233595448543,4124,0.6677378472941573,275,0.7147625294969614,462,0.7494694731715297,917
5981750.0,1765250.0,0,0.010800218825026402,4849,0.5428251198261278,10259,0.5662020683664168,4766,0.5863854742386275,4088,0.44003416510400084,1172,0.5600628029246003,824,0.5742155539984171,8391,0.63133135593192,5197,0.6668584272400689,276,0.6127482615807578,1446,0.7920565745987519,442
5971350.0,1772250.0,0,0.0029591509255921275,6151,0.6278334000741898,5962,0.6274969507166022,1951,0.62241945706975,542,0.39321545484725157,2135,0.5701891301359417,559,0.660897903617599,4424,0.7137291088994211,2488,0.6666465243300821,277,0.6543121184266123,955,0.6610491340916369,2593
5989050.0,1753150.0,1,0.9999999835298439,675,0.8917530492949385,635,0.7191325208728458,561,0.6090213821978931,1127,0.4324812253712972,1301,0.5531799008917013,1080,0.9583103600514177,861,0.9006443840119168,1046,0.666030681879365,278,0.4883436865394024,4121,0.718383622288256,1406
5993950.0,1749950.0,1,0.9999999999707772,258,0.8899187036810959,754,0.7245216456103091,430,0.6393157569400969,127,0.30550156645405546,5864,0.5769659722544014,444,0.9630055410660175,615,0.9003740673654559,1050,0.6658032663571102,279,0.45332683856313416,5222,0.7382654754651463,1070
6007850.0,1764250.0,0,0.03080099179127649,3776,0.34522688154518044,19956,0.4558315968157895,14259,0.6336014413209767,230,0.45701015536469913,914,0.5807324687216217,390,0.32099772077644073,19733,0.39641680645004396,17756,0.6657084865096168,280,0.5288489112417634,3014,0.6991279642230448,1761
5989550.0,1754150.0,1,0.9999999999993545,59,0.8951490444478266,461,0.7236557246489106,452,0.5700768446778514,8143,0.4159821302421406,1618,0.5542613450323394,1029,0.9708017756476888,241,0.9106679235949429,844,0.6649523514842112,281,0.7059252587728567,513,0.7981329500819503,403
5990850.0,1748750.0,0,3.0728082826259184e-09,16572,0.571631641993651,8828,0.5286266178340822,7649,0.6214990198373388,574,0.554114217980845,111,0.6062443742544741,160,0.5699391612626544,8566,0.5991234931811971,6566,0.6647438894655378,282,0.7403818039696517,309,0.7562635062413399,817
5972050.0,1774750.0,0,0.000265520142866789,8687,0.3839519126502279,18054,0.47153271138105773,12887,0.6173168060690742,714,0.5266313917629951,229,0.5994495124969301,215,0.38538617198535974,16956,0.4676737958602487,13725,0.6646654515284172,283,0.8435624505979262,52,0.8180202372775509,279
5908050.0,1771750.0,0,1.0224785866233419e-05,11849,0.46856416285230845,13836,0.49452062986856193,10722,0.602085157248807,1665,0.43387280498731706,1273,0.5685436186976047,602,0.45385510283305364,13810,0.5174170552362236,10790,0.6645630028294375,284,0.6981026859959454,566,0.7665294594796508,712
5987250.0,1750850.0,0,0.0001954120806430401,9037,0.3945973600199718,17510,0.4973288575587298,10443,0.632942131044516,247,0.6167013241897493,15,0.626096208058793,41,0.38808324983528486,16819,0.47493831861254643,13312,0.664334447513335,285,0.8239470021411053,78,0.7981755137833121,402
5989350.0,1753250.0,1,0.9999999994116944,445,0.8896000629542635,784,0.710405098327107,755,0.5782230975446879,5921,0.32210890653062096,4932,0.5212156462751777,3942,0.9556315611897662,996,0.8920813156905922,1112,0.6643053226228448,286,0.45793721471974447,5068,0.7046323556142637,1653
5990850.0,1748950.0,0,0.000763632077195343,7596,0.5536076144540614,9771,0.5760724940513262,4104,0.6323926185079517,265,0.475586248123485,672,0.6152487793014877,92,0.5572930528358019,9183,0.6174797868445352,5759,0.6640321896722482,287,0.7331239096978982,346,0.8018665607012285,380
5988850.0,1751550.0,1,0.9999999999975469,110,0.895378123224225,446,0.7299096685488565,307,0.5922886070970829,2991,0.5504633330958313,127,0.5831679509564834,358,0.9720661453817709,210,0.9209006839712325,538,0.6637890267005385,288,0.7769966671003812,181,0.7985049008815241,398
5986750.0,1750950.0,1,0.9999999992752335,464,0.8982002289647579,218,0.7338642470256195,235,0.6116301513145042,979,0.42430415011986006,1446,0.5889416187924641,295,0.9701979710136586,267,0.935847003159261,215,0.6634090979179862,289,0.724652461441591,402,0.8300043210710417,221
5902950.0,1740050.0,1,0.9999999983449943,523,0.8879588294093894,879,0.7270750110969689,368,0.6080971628747163,1188,0.42919278326522003,1363,0.5803617086313944,396,0.9577644435175563,882,0.9439455173568275,141,0.6633810291250417,290,0.7265949331145034,386,0.8729563371525829,99
5987650.0,1752150.0,1,0.9999999994495912,437,0.8914934397578067,650,0.7283089467868967,336,0.6159237203603085,765,0.5195145712536227,278,0.5913817467881849,264,0.9597570930627626,780,0.9129511755617158,770,0.6629255973669381,291,0.7928085479548209,136,0.8130493678049466,314
6005750.0,1761350.0,0,0.0009356921095974429,7389,0.33297340094528477,20456,0.43966805315076496,15691,0.6146108329178728,821,0.358116365163202,3318,0.5712050354780128,539,0.3413766209448301,18910,0.4350263592819801,15660,0.6618596114097037,292,0.5514161140433277,2508,0.7890265310138439,467
5995450.0,1748850.0,0,1.2660816244054036e-08,15909,0.5832356694187724,8211,0.5335702157151363,7191,0.6405675248677959,115,0.39392128785803493,2117,0.5659970388121023,665,0.5966881617258407,7350,0.6150617358808359,5858,0.6612233915605197,293,0.6284888158720574,1246,0.6094251065012343,4190
5988050.0,1753550.0,0,3.908198858305923e-10,17485,0.6892286081095375,2979,0.5956521016957185,3041,0.6226556939123649,535,0.5880374250537357,36,0.5855807495563605,329,0.6977275557057863,2938,0.6397925268775648,4880,0.6607114718959157,294,0.7447270442483318,297,0.5366643940934537,7124
5982850.0,1752950.0,0,0.024463021450146425,4001,0.6890418829507555,2985,0.6156087427338247,2280,0.6303865039826126,316,0.4271915306081317,1400,0.5928993276812546,256,0.6862446479690801,3352,0.7035413760628275,2727,0.6603851581963863,295,0.6882527539433072,641,0.8029126154258323,374
5986850.0,1755350.0,1,0.9999999999998246,27,0.8957066520750442,415,0.7249976123333551,420,0.5816736248650466,5130,0.34660975891109214,3813,0.5154140825396308,4811,0.9740932582548752,145,0.9222535412859711,511,0.6600816951359397,296,0.4950165124553454,3936,0.5724804913500743,5711
5908050.0,1759150.0,0,2.248151219436729e-07,14351,0.31877382220592126,20933,0.4016145749989972,18496,0.5982884120625281,2101,0.5116039620354008,336,0.5745048480288976,487,0.3073013379181242,20271,0.3884340652757572,18116,0.6595068650355383,297,0.7734255448257388,195,0.7276742506200254,1233
5986450.0,1750450.0,1,0.9999999982235088,527,0.8971749230957087,306,0.7202780041676909,526,0.6002931804426683,1868,0.3250866518326499,4776,0.5495355135576294,1257,0.9638446380611998,571,0.915288653775794,710,0.6590435769512833,298,0.46166844573443133,4946,0.7318756030413003,1167
5989050.0,1754250.0,1,0.9999999999717921,256,0.8968486702641706,329,0.7246717459405934,424,0.5996991732439569,1929,0.37931448869428436,2540,0.5572545954950355,925,0.972393067243308,194,0.9112626729566354,829,0.6588055438296779,299,0.4920404520538588,4024,0.7393520484292007,1052
5986350.0,1752750.0,0,0.33829520730043866,2028,0.6703250737552557,3805,0.6087330257998789,2533,0.5987285881893852,2044,0.37407244566593756,2739,0.5525100227884812,1108,0.6928626233307391,3118,0.723851279798538,2277,0.6583489008046787,300,0.49828041972769777,3844,0.7208299181577015,1365
5986250.0,1754050.0,1,0.9999999999969178,125,0.8974004610125462,288,0.732513725441197,260,0.5798934718419777,5538,0.48413527696678765,586,0.5460834344730209,1471,0.9663257197890834,445,0.9341016124368562,240,0.6577996589742462,301,0.7476953827292606,281,0.634425831289319,3354
5988050.0,1755450.0,1,0.9999999999981157,102,0.8898184797296012,763,0.7218211747527383,494,0.5847444167666132,4442,0.3699965359381309,2891,0.5482434585385143,1316,0.9608686296954283,723,0.9197174004932036,578,0.6576797125917812,302,0.5538744061659762,2448,0.7999915849065007,384
5986050.0,1752450.0,1,0.9999999996196554,408,0.8987051250302239,180,0.7339074775986587,233,0.6077934085741565,1204,0.5339422056922158,190,0.5976950765228551,222,0.9698173728548567,285,0.9363581198652566,204,0.6574864008405074,303,0.8218449569376334,82,0.8263440692119499,237
5943350.0,1797250.0,1,0.9999999919577075,620,0.8952131755870669,459,0.7193041876236936,554,0.596609474754933,2312,0.2973747434621317,6330,0.5399159582918243,1896,0.973726471407946,155,0.9175668710661018,635,0.6571039230681748,304,0.4464451194275806,5452,0.7441502560195057,984
5987250.0,1754150.0,1,0.9999999999991849,69,0.8976029818390546,273,0.7397449828926953,128,0.6030830552577651,1581,0.4546678470184052,946,0.5567106235121422,944,0.9662931947044581,446,0.9349090408743921,228,0.6564240338065868,305,0.6634511061127502,873,0.5289077670435126,7411
5905150.0,1742050.0,1,0.999999997764921,541,0.8872069829499991,918,0.7117207446956486,727,0.5991734125091235,1982,0.3439250809460589,3922,0.534771513709447,2338,0.9562066003450828,962,0.9316888925516025,289,0.656137721376168,306,0.5919337603238901,1743,0.5912308251284882,4927
5998750.0,1749450.0,0,0.005996894094592235,5441,0.5700453921601327,8915,0.5836642753305267,3656,0.6400251968541067,120,0.45010093613101193,1001,0.613452719330576,105,0.5751779182322627,8351,0.6293673027186087,5273,0.6556647951821986,307,0.6949900912237167,587,0.7939707005245913,430
5907250.0,1770350.0,0,0.010532893068540362,4874,0.4714946682887209,13697,0.5301940872610209,7509,0.6058258452270401,1325,0.38925041364024465,2240,0.5748821366115797,479,0.4904054431746864,12142,0.5687519343640913,8008,0.6556561078899215,308,0.6304885601409947,1225,0.7977869430940645,408
5984750.0,1753650.0,1,0.9999999998574978,333,0.8969042486088888,324,0.7292429312514985,316,0.5934075557880211,2806,0.4266266130718035,1406,0.5446803598362795,1562,0.9633362160586376,601,0.9197785173695051,575,0.6552415129830593,309,0.6857342401707058,669,0.5679248884558283,5881
6005150.0,1737550.0,0,8.222126461751575e-09,16125,0.3409531205678915,20145,0.39922462249660495,18644,0.6043089306616993,1453,0.3552265126888599,3431,0.53560663972852,2247,0.3415980909412395,18905,0.40200275152235454,17481,0.6548210551688523,310,0.5036023695958172,3698,0.6215610643423115,3760
5989750.0,1752550.0,1,0.9999999999952116,146,0.8956535032634143,419,0.7273804101202762,363,0.5856087539736525,4258,0.5516991109153463,122,0.5585404137962388,872,0.9702164970165453,265,0.9120236896121445,815,0.6547638177683983,311,0.6911712796894421,618,0.5088777939924085,8079
5987650.0,1752550.0,1,0.9999999971527955,558,0.8921985338128966,605,0.7267760514069593,382,0.6187156478745512,666,0.4589671296188341,880,0.5783827753725874,419,0.9605409726121015,734,0.9118854685047741,819,0.6546863795735824,312,0.5817295766900498,1926,0.7886621685003347,473
5981850.0,1756450.0,0,0.14267422731665133,2546,0.6832177688172185,3204,0.6403142316719128,1715,0.603555739598056,1527,0.3817624693165823,2457,0.5623299543364474,757,0.7230955595083667,2216,0.7631179352358958,1764,0.654591690230168,313,0.5016040314784114,3753,0.7466013836629781,958
5990750.0,1748750.0,0,7.128843050762687e-08,14978,0.6802782574926839,3336,0.5919737365746479,3210,0.6252883483916497,461,0.5376566960946905,174,0.6058092263236836,171,0.6905461009088798,3189,0.6726083504741966,3629,0.6544386621927619,314,0.7365275268796667,327,0.6964502582460994,1803
5990850.0,1748850.0,0,0.0019762504623447186,6582,0.3515556653717087,19641,0.4624133938960408,13686,0.6251757817662016,466,0.46496703689753877,788,0.605243915669389,174,0.34130943532477986,18914,0.4274074266229455,16109,0.6542919457056218,315,0.7194317443272256,431,0.7942279448430438,429
5980150.0,1762150.0,0,0.00032979595304489097,8427,0.5334475303288562,10677,0.5481581305634299,6030,0.5435185386651519,17456,0.3616331750307622,3201,0.5226803464680809,3731,0.5551844283762608,9282,0.6038511530981355,6370,0.6542131740884549,316,0.5295750705803358,3000,0.7305747455757612,1186
5989550.0,1757250.0,1,0.999999999872971,327,0.9204359621878065,4,0.7533936208874374,21,0.6150263667314866,801,0.39257354206755074,2155,0.5623241850484769,758,0.9981948022164778,5,0.9845005118526791,6,0.6537718392111296,317,0.486396718821674,4191,0.7575149059639088,805
5975950.0,1774650.0,0,0.012147471640487902,4734,0.6489395508846832,4911,0.6012802660412199,2788,0.595195703634705,2512,0.3929617031316693,2143,0.5545487539541898,1017,0.649512405818759,4932,0.6823748418876283,3309,0.6533336742814325,318,0.5827188426202916,1898,0.7674378630712523,701
5989150.0,1750250.0,0,4.923568663076325e-05,10461,0.4693580595845084,13796,0.4878912874285781,11361,0.602058985465667,1672,0.5476281427348533,135,0.5853220467299651,335,0.44981144103771764,14000,0.49059919515786476,12392,0.6532001061004445,319,0.7250454371873324,399,0.7337007035027382,1146
5906550.0,1745050.0,0,3.2040936010178306e-05,10881,0.3877351729801747,17853,0.44714696335286586,15036,0.5955819595843581,2447,0.35247397270130454,3542,0.5470288660734518,1401,0.39322191586060273,16582,0.46648406359979866,13786,0.6529914033479001,320,0.5810222736393842,1938,0.7965990040681864,416
5987350.0,1755350.0,0,0.0013199078996119417,7021,0.41822869013078207,16339,0.494334294965263,10735,0.5881623892186001,3721,0.3738047894000926,2746,0.5517397556273449,1140,0.43634400273593854,14631,0.5187019305475827,10705,0.6527800935712789,321,0.5129339004481674,3427,0.7557222169537883,824
5988950.0,1753650.0,1,0.9999999998471818,339,0.8920020521083166,617,0.7403926969864649,120,0.6398033542592279,123,0.6287653558142203,11,0.6069993290829946,154,0.959139698139174,813,0.9166179740941516,665,0.6523226466998302,322,0.7146652181319931,463,0.5090902875911689,8074
5989650.0,1757250.0,1,0.9999999941673599,602,0.8930100852363229,575,0.7539919959392717,16,0.6559985804846836,22,0.4294269144933046,1354,0.5951792377689776,241,0.9641357167409639,551,0.9640871881872559,35,0.6505226787128268,323,0.49088518812531035,4058,0.7591693150232158,789
5905250.0,1741850.0,0,0.03302279739894938,3709,0.6541798765989186,4639,0.6241871391296665,2027,0.6148844772369361,806,0.41372173459369377,1670,0.5569454405654706,935,0.6846335564560738,3411,0.7315764188154569,2159,0.65032841748391,324,0.6536928266796314,962,0.5424360134227642,6900
5986750.0,1753750.0,1,0.9999999999838014,218,0.8986801755931639,185,0.7366795809144143,190,0.6143951735731813,839,0.34904204737580913,3690,0.5502328255624261,1212,0.967586202703541,389,0.9345549000570895,234,0.6499551485992281,325,0.4495498817449133,5353,0.7337865059500221,1145
5948450.0,1794450.0,0,2.0712907804011132e-11,18690,0.5878497049372299,7970,0.5277019811774389,7734,0.5924382106810612,2967,0.33448895007796065,4357,0.5321155400448843,2581,0.581870157681072,8027,0.6136836821009545,5924,0.6491922806868068,326,0.47960527672914743,4396,0.6666944370759489,2453
5987350.0,1754850.0,1,0.9999999999886688,192,0.8903121563902043,727,0.7137188390841442,689,0.5808417951860592,5331,0.3603271295947046,3244,0.5369515735679742,2112,0.9613060386396395,693,0.9161696379676985,685,0.6491224428417022,327,0.4825188216238716,4316,0.7589915146163603,790
5984750.0,1753350.0,1,0.9999999997608626,376,0.8970265604238622,317,0.7320956997231091,271,0.5989348598073755,2016,0.5474714917871961,136,0.5820833075638329,373,0.9643356140321864,541,0.9285250686541221,346,0.6491205527023514,328,0.7852601017627892,162,0.7752853478099877,608
5908650.0,1754250.0,0,0.0010395854372002066,7265,0.3796516466611117,18259,0.4477035309470684,14987,0.6028674544717191,1600,0.3753730945910715,2692,0.5644127328080081,701,0.392879531001157,16600,0.46958935075046115,13624,0.6489317976815359,329,0.5952126993023701,1697,0.805618800813352,354
5906950.0,1753550.0,0,7.193756080108279e-07,13655,0.6253921688101197,6093,0.555539587028302,5481,0.5923756073578,2979,0.3924632358632801,2160,0.5478957769894078,1343,0.6337018739320114,5658,0.6687266926610173,3772,0.6485447361170581,330,0.6601152073069371,897,0.7236633138466808,1299
6007750.0,1761550.0,0,0.13216966205947236,2589,0.6306225957141413,5813,0.5672196530861195,4700,0.5932582223217031,2826,0.3589314562634565,3287,0.5371646240559407,2093,0.6505701292822689,4881,0.6746200861975643,3558,0.6485080377181949,331,0.49998735135229966,3799,0.7014459678821046,1726
5995550.0,1748050.0,0,0.09914689936841001,2772,0.6400099071641657,5333,0.6300289396935004,1895,0.6573028385495642,19,0.31117073969964665,5525,0.5930392554140352,254,0.6702661326615102,4010,0.7170459216690885,2417,0.6482961785583505,332,0.5214247001094967,3192,0.7685858359655351,688
5987750.0,1756650.0,1,0.9999999999997149,36,0.895596978434455,427,0.7241188999884604,439,0.5758822968891624,6533,0.38290509281091006,2415,0.5195410584267788,4162,0.9739490024643891,151,0.9230085661833962,488,0.6478928284129902,333,0.5459643164103294,2632,0.6482871298321746,2944
5987050.0,1755150.0,0,2.0763400829842466e-09,16756,0.5709090162468788,8867,0.5244107179895007,8021,0.608996100697035,1128,0.3663486834344306,3013,0.553754014365553,1052,0.5662979858797097,8755,0.6116724196043389,5990,0.6478448494638153,334,0.4977548988481375,3857,0.6666721645566253,2455
5989650.0,1752850.0,1,0.9999999999943174,155,0.8951482499851825,462,0.729707843854039,309,0.5961731823996761,2366,0.5042099630581426,396,0.5602838403450807,818,0.9698632740257804,282,0.9112378372009191,830,0.6475493563345225,335,0.666095436081801,845,0.5020227174755139,8290
6005250.0,1761350.0,0,1.0673642143730073e-07,14744,0.576458603364903,8589,0.5324582015049208,7309,0.5923141913956104,2986,0.40028530762988257,1960,0.5489609126681044,1280,0.5754210484488836,8334,0.6198122679777363,5677,0.6475347698907912,336,0.6221899677851256,1322,0.7242742287547403,1287
5989950.0,1757650.0,1,0.999999993317116,611,0.8910052992194873,678,0.7370841685074448,181,0.6047841509470796,1412,0.3722816868692955,2808,0.5487218583012934,1292,0.9610655959473243,709,0.9508880985908921,98,0.6473108369205176,337,0.4739725004367572,4578,0.7418095933340458,1013
5972950.0,1777650.0,0,0.0300371311356851,3812,0.5724119433066684,8774,0.5629437971427184,4972,0.6073444863671922,1236,0.4486619187103896,1026,0.5650753093557388,686,0.5914140545605989,7586,0.64012086779329,4860,0.6471688024412242,338,0.6781798424031671,734,0.7895928727115288,463
5993550.0,1748950.0,0,0.004085990024175717,5827,0.6108194541128993,6817,0.5773225451138949,4036,0.6389776433980574,132,0.5792502509853071,50,0.6112135815949788,116,0.6232442755811645,6165,0.6678646394015284,3800,0.6471618597230006,339,0.7131131817349085,475,0.7778918964895817,575
5984650.0,1753350.0,1,0.9999999998724909,328,0.896512622003344,360,0.7313863892753251,279,0.5959770643759379,2390,0.5238008781330665,245,0.5780394463208006,423,0.9639978889694019,564,0.9276071148912679,363,0.6462767608873332,340,0.7462548551404068,289,0.7656948547068059,723
5901050.0,1770250.0,0,0.02689067089009483,3911,0.6782167404759044,3423,0.612887780361453,2363,0.606145273363932,1298,0.31733904341002106,5194,0.5460598765803666,1473,0.6951430931193638,3045,0.7267569501908039,2234,0.646038008485213,341,0.4676203436363108,4777,0.7271734782576185,1240
5987150.0,1755150.0,1,0.9999999999870808,201,0.8909354415838998,683,0.7264245593152954,390,0.6129570947180472,905,0.3611339798424526,3216,0.5664183599050375,650,0.9628711227877089,620,0.9255267839517394,417,0.6459601194571258,342,0.47933782257316526,4408,0.7678191452444396,693
5982650.0,1766750.0,0,4.390207126489045e-07,13969,0.635811087991621,5555,0.5580474893959754,5311,0.5835108159638555,4709,0.39385190306142653,2118,0.5369513411464065,2113,0.6385672662516808,5458,0.65154889702378,4406,0.6459538620979338,343,0.6226164215231574,1314,0.6796262104066122,2166
6001350.0,1761950.0,0,2.5033707935397843e-05,11113,0.5614688518802968,9372,0.5397022129784602,6698,0.5982582195110974,2104,0.4214904104465879,1501,0.5611438547251014,789,0.5829491835374567,7972,0.6361397603277411,5014,0.6453971997863639,344,0.7160832795500436,456,0.7871251021338017,491
5988050.0,1753150.0,1,0.9999999916893131,624,0.8921968231759703,606,0.72754632333952,353,0.6132356788588714,892,0.43496658610786826,1249,0.5396146333283655,1916,0.9587026335180517,845,0.9038918972527613,993,0.6446417744419335,345,0.5065360625907673,3616,0.48715749464857905,8750
5986650.0,1753750.0,1,0.9999999999637745,271,0.8992058327373271,145,0.7393311028023717,134,0.6267991540502187,418,0.3666380966521689,3004,0.5638447603368977,719,0.9685434031313533,350,0.9379707462082996,187,0.6437816437778713,346,0.45489779958297516,5167,0.7411821527349512,1029
5909250.0,1758450.0,0,3.614678426901603e-05,10767,0.5283327996646848,10945,0.49846163668967464,10343,0.5918811570722899,3067,0.3675336592112533,2971,0.5465595674230811,1438,0.5349974310460662,10194,0.5663626928852926,8121,0.6436076722970108,347,0.5911940577294074,1762,0.7886850291998743,472
5987650.0,1755850.0,1,0.9999999999937139,165,0.8906005333715734,710,0.7463479273797445,56,0.6334819318931935,233,0.49258548868766283,510,0.6232554655763392,50,0.9636532912503752,591,0.9394710697054621,172,0.6433860067919863,348,0.7707467393349776,205,0.9567516436038872,9
5988350.0,1755050.0,1,0.9999999999976081,109,0.8908066744305363,694,0.7211136828655962,506,0.5918053571226448,3080,0.34721445693716424,3785,0.5309670707807752,2709,0.9612391010302384,698,0.9169432698390589,654,0.6427299232670258,349,0.4511276122850757,5294,0.7291592691863948,1212
5987450.0,1757450.0,0,3.9330260964868094e-05,10699,0.34969954523761754,19740,0.43514264691387844,16065,0.6238261782269495,506,0.4293836112927637,1355,0.5854556423124845,331,0.3244607993655604,19591,0.40991741445410357,17069,0.6424458852847343,350,0.6502452027349251,995,0.8040784790421824,364
5988250.0,1752450.0,0,0.0014631294521196259,6912,0.7248343800739148,1885,0.6612675819444144,1314,0.6320498944229097,274,0.5220654554375166,261,0.6040807783716451,181,0.7276966247413655,2128,0.7438141044662261,1992,0.6424166324174563,351,0.7839197612459655,165,0.7635081070526921,743
5986150.0,1751550.0,1,0.9999999987622852,505,0.8979061929747928,238,0.7369826855574166,182,0.6143646867435198,840,0.5094655870090289,356,0.6035427066450773,183,0.9704723173427006,251,0.9408576966940321,163,0.6421886347777215,352,0.7543656552205158,252,0.8310170909102237,215
5992450.0,1748150.0,0,0.0030023925023514955,6134,0.565946543509546,9118,0.5684103778767795,4612,0.6336978031968437,227,0.5486077199739171,134,0.6159034716815635,86,0.5721130017324852,8477,0.6268470859457419,5386,0.641593015621168,353,0.7198399291136208,428,0.7991583698429494,393
5989850.0,1755750.0,1,0.9999999999998277,25,0.8898764310134779,757,0.7164328166088741,622,0.5781726217926473,5933,0.34465383846693587,3887,0.5271840342333277,3151,0.9648236242508673,517,0.9069545721737013,927,0.6413369629452381,354,0.47665184530371196,4487,0.7455367474861766,969
5906650.0,1742750.0,1,0.9999999972314149,555,0.8877661156161953,889,0.7193976384177887,551,0.5993960989230082,1956,0.39075933093384213,2203,0.5450178631423945,1543,0.9575079449576006,892,0.9387180779192488,179,0.6407896368197414,355,0.6470158174960854,1022,0.6923206620728063,1883
5989550.0,1756250.0,0,2.8513271798354562e-11,18571,0.6472011793005578,5002,0.5564000499588537,5426,0.6258126409212765,443,0.5223768174200687,260,0.6031402746955054,186,0.6379959641805671,5479,0.5955000297903971,6723,0.6403947800473678,356,0.7932667372550177,134,0.646460861867088,2999
5992350.0,1748750.0,0,1.349129210849295e-09,16933,0.4228091975427922,16112,0.4416955890115753,15530,0.6224246713860844,541,0.4572258564467454,910,0.5697438753333862,570,0.4050795461797365,16030,0.4575835323202081,14335,0.6403902797296419,357,0.7100899069844667,489,0.5872924251226284,5095
5987350.0,1752050.0,0,9.995837700892117e-05,9736,0.4971404661776792,12429,0.5397954445525063,6690,0.616679853876885,738,0.5472654913609891,138,0.6061965558753424,161,0.49083746654263816,12128,0.5559832104319767,8656,0.640168982286923,358,0.8523037374760067,45,0.7879543844615081,483
5945950.0,1793450.0,1,0.9999999465596239,787,0.8891776192119782,817,0.7115493749676869,731,0.584804637195843,4432,0.28314571065615124,7258,0.5246545512976197,3467,0.9594086769134988,801,0.9072914531991653,921,0.640147920513161,359,0.43259805577975063,5913,0.7290110269739125,1214
5942350.0,1799850.0,0,0.00047404132715394247,8101,0.3987367780425644,17303,0.4925223322935241,10922,0.623734586661936,508,0.5309206666151449,200,0.620369107467365,64,0.40699283064589287,15939,0.49789291929694657,11963,0.6400349206715772,360,0.7707428837435581,206,0.8652243733399321,114
6005650.0,1760850.0,0,9.956307311344162e-05,9742,0.35312776329616397,19564,0.4666920325612663,13320,0.6005697951489836,1847,0.5052294831307618,382,0.5854863114338126,330,0.3508680127260113,18510,0.44823993407562823,14883,0.6398449493416452,361,0.8024184596621489,115,0.8761214992789919,93
6000250.0,1762850.0,0,6.045458215087602e-05,10268,0.3923777206239706,17603,0.44887115148027995,14881,0.5858571325573838,4205,0.348014180308164,3738,0.5221355698671255,3806,0.40107782784745205,16222,0.47017837506301485,13591,0.6394501119084727,362,0.4797949169543285,4390,0.7066822788460992,1612
5987850.0,1755050.0,1,0.9999999999999225,16,0.8960609377567631,396,0.722168612256622,484,0.5710214837599852,7888,0.39843986531011727,2005,0.5304346916981327,2784,0.9746955753412728,128,0.923992179320803,464,0.6387327145893131,363,0.578431864810904,1991,0.803826204976333,367
5943750.0,1797050.0,1,0.9999998575535222,881,0.8892488835063821,812,0.7123955270955556,715,0.5843515440205956,4517,0.3175421143885023,5185,0.5124680220476971,5290,0.9586535972044286,848,0.904863755307814,981,0.6386962166022834,364,0.4989340908789539,3825,0.554640600087005,6417
5947250.0,1769350.0,0,0.014584430401641866,4548,0.4455750347251456,14974,0.5060054709601298,9640,0.6096990469848073,1083,0.3185702290018943,5131,0.5469487532882791,1408,0.4444033374420233,14270,0.5076644614158357,11355,0.6380766481127135,365,0.4528187549328194,5237,0.68100077000031,2124
5988450.0,1753050.0,1,0.9999999999704186,259,0.8899741202186203,749,0.7183605817375939,585,0.5725651845564066,7455,0.38608310025260967,2320,0.528690397393283,2958,0.9571046546609273,906,0.9005849150059833,1048,0.6380495358773767,366,0.587477164224506,1822,0.7131507157053788,1494
5987750.0,1754050.0,1,0.9999999999982201,99,0.8892493208077746,810,0.7186727991084032,577,0.5825530504097542,4916,0.3989762215961962,1994,0.5469833937725105,1403,0.9603312587298425,749,0.9170431090657506,649,0.6380276031974589,367,0.6855895597518025,671,0.8683507537395998,107
5984050.0,1760050.0,0,0.001961613934893379,6587,0.5900893244027956,7855,0.5988697208993109,2892,0.5747534236426681,6837,0.3758664314958205,2675,0.5457364705545733,1499,0.6094253084457593,6770,0.669267822949095,3749,0.6378088811468405,368,0.5115744151669268,3464,0.744111588836016,987
5986850.0,1754650.0,0,2.599686487648939e-06,12839,0.4873245044376304,12935,0.509850104312768,9308,0.6282145307557836,375,0.434419016962882,1262,0.5868425048243465,315,0.4715541662070106,13015,0.5389550817180326,9586,0.6375523183646479,369,0.6896729639155521,630,0.7965387570932798,418
5905150.0,1740250.0,1,0.9999999999703906,260,0.9156100801605775,26,0.7362637627713225,197,0.6079269403483881,1197,0.43920589981982994,1190,0.5814918198037858,381,0.9946597811505868,11,0.9752435398915364,10,0.6373288713676806,370,0.7034223081643163,527,0.8675723056929181,109
5985350.0,1753550.0,1,0.9999999999873155,199,0.8983745267038696,205,0.7447702714843762,67,0.6221462315785925,555,0.4615277133878776,840,0.6083176735006872,143,0.9734323827615253,162,0.9549072458407966,76,0.6371144428112183,371,0.7521789905900765,262,0.9668944096283932,7
5989150.0,1757250.0,1,0.9999999999232416,300,0.8898463322232342,759,0.7186356453804442,578,0.5830871737448569,4800,0.3872819005862673,2293,0.540793756738523,1819,0.966328953511519,444,0.9150587827707286,716,0.6371010540882001,372,0.48668331861966263,4185,0.750740634607888,902
5975550.0,1774450.0,0,0.0007937585696331401,7551,0.5564538549355591,9618,0.5391807946689777,6747,0.5969833133003499,2275,0.37187074649206725,2825,0.5475943244692808,1363,0.5481559826724842,9602,0.5879241790150443,7089,0.6370699486618425,373,0.5253559418746028,3095,0.7262000317970543,1261
5985750.0,1753050.0,1,0.9999999998737674,326,0.8983626615274745,208,0.7282994596306586,337,0.5943705799649179,2651,0.3401284759650606,4080,0.5453262352622158,1526,0.9689757068396926,329,0.926736037712796,383,0.636965605376249,374,0.5142071348615878,3390,0.7551326381066215,834
5908050.0,1742750.0,1,0.9999999823430655,681,0.8872695478229647,913,0.720296035570766,524,0.6115689475214204,985,0.4093894115934527,1769,0.5812240645324956,385,0.958941905843181,827,0.9465356404912364,123,0.6364487482902007,375,0.6629814937582827,875,0.8452839016645205,154
5965650.0,1735150.0,0,0.0001036231832668709,9698,0.5428561203835798,10257,0.5125124374360711,9055,0.6174545871051078,709,0.3528704149896829,3526,0.5513905608184891,1149,0.5484233843722878,9588,0.5842249125414676,7273,0.6357545770366972,376,0.4693721933613495,4729,0.6664470502639478,2459
5987550.0,1754450.0,1,0.9999999999975289,112,0.8889326449459867,827,0.710914986520341,745,0.5619961126799421,10441,0.3637213050514944,3111,0.5342354803551345,2383,0.9602724957539035,751,0.9148452138284755,724,0.63458499654991,377,0.600327416754031,1616,0.8346509870371454,197
5987350.0,1754750.0,1,0.9999999999995386,49,0.8895940079997298,785,0.7264811280995759,387,0.59160413612647,3110,0.42983489600213004,1348,0.5679261866420248,618,0.9613935274017342,686,0.9242756372399397,454,0.6344839378197749,378,0.7289932115265115,373,0.9048687013986669,51
5986250.0,1753850.0,1,0.9999999999665534,268,0.8980718905268322,225,0.7540711421559343,15,0.639082175589255,130,0.47359394549423306,693,0.6076048914521458,149,0.9688980063167311,334,0.9486983660690129,112,0.6344353236958126,379,0.726675287099871,384,0.7280657265436441,1229
5986950.0,1753450.0,1,0.9999999996027638,416,0.8979326177264073,236,0.7253478121913722,410,0.5851586021893626,4353,0.3643108300994629,3085,0.5311845697605374,2682,0.9628729207799428,619,0.9123535504126211,800,0.6343268737588246,380,0.4823374571670209,4319,0.7138971877959004,1479
5944350.0,1795250.0,0,3.5337904074834894e-06,12607,0.6542711630997675,4635,0.5854161845213335,3555,0.5932555445385732,2828,0.34771006180315467,3757,0.5482466078663742,1315,0.6805952817042614,3584,0.7168681055730225,2418,0.634190047352857,381,0.5460200426015993,2630,0.781952479616749,530
5903150.0,1740850.0,1,0.9999999999109916,307,0.915615629380059,25,0.7255697069672473,407,0.5767686785093665,6297,0.332664241917321,4430,0.5299512245315624,2836,0.9928899870272035,36,0.9625365780990677,41,0.6336090375418185,382,0.5776296141735635,2005,0.8184702645999307,278
5987350.0,1753850.0,1,0.9999999955159842,582,0.8988783282303173,162,0.7273977800115554,362,0.6043711323328999,1441,0.383914610314117,2383,0.5399252341788706,1894,0.9630410670715644,611,0.9114841776016078,826,0.6335735228130158,383,0.45122861697404826,5285,0.6924093599312378,1880
5988250.0,1755250.0,1,0.9999999999998366,24,0.8960729245816609,394,0.7350870768331462,212,0.6047931594863273,1410,0.34292346551637376,3961,0.5470450535232492,1399,0.9754335359081909,113,0.9301636706709092,315,0.6334072380822799,384,0.5163916034220711,3327,0.7057918995995581,1626
6069950.0,1768350.0,0,0.02744802640753899,3895,0.5055364424625927,12046,0.5576395084910246,5337,0.6165327101754893,743,0.37983354988208173,2524,0.5825681980480937,366,0.5384992221971676,10031,0.614322431927747,5894,0.6334030530596872,385,0.5453844142565878,2645,0.7786762876202077,568
6006850.0,1736750.0,0,2.738316318016412e-06,12798,0.29981409451732427,21413,0.3819331831694119,19560,0.6197240657094449,635,0.38413933321839167,2378,0.568006609597116,614,0.2764254347220738,21124,0.3447751454215662,19862,0.6326352526181397,386,0.6381428076230624,1113,0.6617970710167439,2568
5909850.0,1770650.0,0,0.00020278575312931106,8998,0.408786576371453,16819,0.4669320756522277,13298,0.6188704504862962,659,0.49271922290750136,507,0.6173490867051503,79,0.4187978184589989,15419,0.4895287450184467,12457,0.63233883446112,387,0.7743256623195782,190,0.8202268007153813,271
5972250.0,1770950.0,0,1.6041290412285117e-09,16864,0.4773069658217826,13395,0.47386894703959953,12676,0.6201413570006391,619,0.5259897938994835,232,0.5865415415196347,318,0.4494724814157718,14018,0.4990733275367468,11866,0.6318661849662319,388,0.8016381060237762,120,0.6580076030137196,2659
5980150.0,1767450.0,0,0.00024150525637020627,8804,0.33123958130877174,20517,0.4093135025599146,18012,0.5830377290762622,4810,0.37437910889349607,2727,0.5380273216602353,2035,0.3166688313205084,19902,0.3716953507544626,18862,0.6317347824459891,389,0.513603007844497,3406,0.7025267382367726,1695
5987250.0,1755050.0,1,0.9999999999910829,179,0.8899528699514024,751,0.7190229565929491,569,0.5885394818810719,3666,0.3336262207729188,4387,0.5409405985566675,1804,0.9613927605028445,687,0.9189574692178597,599,0.6315551304200736,390,0.4599291203211435,4995,0.7494007154907204,919
5905150.0,1740050.0,1,0.9999999999858931,207,0.8883572120464651,857,0.7122784903872967,717,0.6125388297749373,933,0.2963123326184771,6397,0.5572822763410121,922,0.9640636354237735,557,0.9060647997576192,953,0.6313337659960658,391,0.5080322542050739,3571,0.7994246621759891,390
5987650.0,1753950.0,0,3.396290132385451e-06,12641,0.43219539561374914,15610,0.4691487913647801,13078,0.6037205796987997,1514,0.5736631005643541,55,0.5851952609427757,336,0.4366119158763022,14624,0.4982911745448133,11932,0.6313231878021318,392,0.8292530659067806,71,0.7226407258736178,1321
5980550.0,1755050.0,0,6.633220636364849e-09,16225,0.644797191285727,5104,0.551020018295605,5815,0.5717770920201786,7673,0.3583407069955034,3311,0.5111473341349276,5519,0.6560114184474355,4666,0.6239811096832252,5510,0.6311468887513384,393,0.4720933552001272,4646,0.5967016258952224,4697
5945650.0,1795150.0,0,3.101740342508197e-05,10926,0.6143334832539117,6659,0.5844978795849463,3611,0.58739268056556,3867,0.3209824765533098,4984,0.5415499085575425,1763,0.6418518416429315,5298,0.6886995524617445,3150,0.6308788698950036,394,0.4621875215707002,4931,0.7380603621925274,1073
5906650.0,1743050.0,0,0.0005213177504892368,7989,0.5484105392959127,10020,0.5220935123495177,8213,0.6074569243386587,1230,0.3825147738824295,2433,0.5438676553363757,1618,0.561924464881871,8967,0.607830937878,6191,0.6307169477042539,395,0.5439191492385931,2686,0.7541065016719735,853
5988950.0,1757150.0,1,0.9999999971119793,561,0.9179779422850833,10,0.7361334982077663,200,0.5807288909951233,5356,0.41953433489172764,1547,0.5531772240894917,1081,0.996982774431801,7,0.9795881642285205,8,0.6306971053487817,396,0.5794860871088714,1964,0.813941942441358,305
6003550.0,1765650.0,0,0.0001252643370990857,9487,0.43543047762259757,15444,0.5013151860455458,10094,0.5861696471227699,4131,0.4632130462988931,814,0.5737583798796879,499,0.431992506588356,14827,0.49670590159223815,12030,0.6305004114754306,397,0.667895273660923,826,0.825756825800205,245
6038550.0,1692350.0,0,0.07544602619624233,2985,0.7496271570479085,1561,0.6650269032898135,1277,0.6049244580346459,1402,0.33791415793560536,4188,0.5547345283208726,1007,0.7741653147037427,1600,0.801903967381248,1571,0.6304177265387464,398,0.5008824858416874,3774,0.7544866295827599,845
5989850.0,1754650.0,0,4.943969200575305e-05,10458,0.5321674632468063,10732,0.5232460151431958,8109,0.5860280881877838,4164,0.34810537194198216,3733,0.5407360129382184,1823,0.5423189941623678,9869,0.5959037684658821,6699,0.6303614976516102,399,0.4870815375649735,4169,0.7316246991010746,1172
5909550.0,1770050.0,0,0.003795795695739255,5890,0.4074307373010176,16892,0.4894483080994677,11203,0.6037238102303586,1513,0.4247018743809047,1435,0.5737658035034778,496,0.4225038117724398,15246,0.5055321655911571,11502,0.6301436074271342,400,0.6837918324445087,686,0.8069905685141572,348
5994150.0,1749150.0,0,0.002695792931941084,6258,0.3206283981172898,20877,0.42527955103816195,16861,0.6415473441999022,102,0.40873659377062505,1783,0.5907533925718045,272,0.2975553639544223,20598,0.37614464388576274,18674,0.6295353307123843,401,0.6517789491682544,977,0.7500517981736143,909
5993750.0,1749250.0,0,1.9135722403488943e-05,11368,0.4427208580881448,15103,0.48652545320596985,11487,0.650112936961447,42,0.5792689853660244,48,0.6432392647519066,11,0.42084405328396346,15326,0.47724218543462704,13181,0.6291274218225457,402,0.7824286924863613,168,0.79463291722241,427
5972750.0,1774350.0,0,7.91906050992999e-05,9999,0.42494656078130266,15988,0.47582669039508596,12514,0.6029369033569064,1593,0.41587874768913674,1621,0.5635868095314894,727,0.4105882243256649,15790,0.4743073922478447,13362,0.6290351742224428,403,0.6738219128389626,769,0.7715374374930678,651
5982250.0,1767450.0,0,0.0003550131481408478,8359,0.6798592078812455,3351,0.6139779076476475,2324,0.5803625631106296,5445,0.3467545037655901,3809,0.5408358167234325,1814,0.6938774402179668,3091,0.7153263718730937,2451,0.6289113735497447,404,0.5046588665100397,3659,0.7404125821017628,1040
6002150.0,1760150.0,0,5.65666259342312e-06,12295,0.46188622377884436,14161,0.47242463889875147,12806,0.5848710448969769,4415,0.34401197560236285,3919,0.5016745111104681,7245,0.46232022079046264,13439,0.5154512146322264,10900,0.6288266501341789,405,0.5019441215978313,3741,0.4823696165330561,8901
5981450.0,1765650.0,0,0.28044664423451865,2141,0.745291771445235,1592,0.6784673349342387,1174,0.5979125256680109,2147,0.3846991712712058,2358,0.5569038356299455,937,0.7848689438793376,1562,0.8178901396048854,1418,0.6287027947898398,406,0.4935677930527602,3973,0.7296037211449222,1202
5986050.0,1752550.0,1,0.9999999997981164,356,0.8981089410886361,223,0.7338999746419266,234,0.6090379400043191,1126,0.40621615134947875,1834,0.5797231302756115,403,0.969281274044827,308,0.9322929458844882,280,0.6282818897032685,407,0.6894494936736539,631,0.8102339550363338,333
5907750.0,1771450.0,0,6.061244126255395e-10,17287,0.5127490735672956,11684,0.4891289617693486,11237,0.6224722979191007,538,0.44274914358951056,1122,0.5730425328698854,506,0.4877730954073244,12255,0.538863627395336,9590,0.6281463963191389,408,0.6826192723547,695,0.6063638004185135,4321
5989150.0,1751350.0,0,0.001409094290261248,6955,0.44850258713210645,14834,0.5239576553846754,8062,0.5879196041929723,3764,0.5073832216088321,374,0.5758929352208304,461,0.4451200516720448,14228,0.516689997800785,10838,0.6280406548271479,409,0.7484897685763345,276,0.7577034100124115,801
5989150.0,1754350.0,1,0.9999999999997446,33,0.8952696044507797,453,0.7254703346494777,409,0.5913873572863614,3155,0.30664562691570757,5789,0.5484689860499744,1305,0.9749613619020774,125,0.9264616226408154,391,0.6279038809788913,410,0.48757702228691535,4149,0.7780708524774308,572
5984850.0,1753550.0,0,0.0004010806228143906,8242,0.5918558545242624,7757,0.5943730028137555,3105,0.5983948936759911,2092,0.5397850143251367,161,0.5903549888796873,279,0.6031820090562631,7036,0.6610815197752987,4039,0.6276158612440013,411,0.7896936054104329,147,0.811568192869812,322
5986650.0,1752350.0,0,4.668424170691597e-06,12434,0.6728104316272675,3690,0.607617514799435,2563,0.6002940014215802,1867,0.3821800807432522,2445,0.5320993090998207,2583,0.6666267032980127,4179,0.6907629561714015,3085,0.6274865827309305,412,0.5694684949764148,2149,0.48102617210968535,8935
5989950.0,1756450.0,1,0.999999999998924,80,0.8894861192068979,792,0.7296516593867294,311,0.5814246139088275,5190,0.5651430034332987,78,0.5887640311850766,297,0.9666790999054745,423,0.9272473175509252,369,0.6274486201940135,413,0.8041134146409703,111,0.9098304084315972,50
5945150.0,1797050.0,0,0.00012024372697876273,9536,0.7136762226062708,2152,0.6294952165800685,1907,0.6138083781565198,864,0.3185816705915163,5130,0.5546358614469883,1012,0.7428931715530149,1896,0.7758201875992607,1675,0.626502981954273,414,0.4453255890087253,5504,0.7264741119070948,1255
5989650.0,1757150.0,1,0.9999999999882185,194,0.9229411891539109,1,0.762792180509285,3,0.6414661309010445,103,0.4211654085097415,1506,0.5714613148334391,535,0.9992992992500398,2,0.9876944760428549,3,0.6264865239014258,415,0.4583959391053375,5052,0.7329415740840117,1153
5971650.0,1770950.0,0,7.464423224924532e-05,10060,0.3272175317790022,20659,0.4105065799479175,17946,0.6193921802888445,647,0.37828892024834976,2577,0.5565631798995828,951,0.32892636088140925,19434,0.40047441374714887,17550,0.6264592830518376,416,0.5400459237106241,2767,0.7357978162231962,1111
5993850.0,1749850.0,1,0.9999999999954889,143,0.8901901586758431,735,0.7356717865657548,204,0.6448741388673719,72,0.34610802809943336,3833,0.5847175050568754,342,0.96318947665816,606,0.9047582773336638,985,0.6261855021690762,417,0.5921273278540403,1741,0.7905684051668938,456
5987850.0,1754050.0,1,0.9999999999988824,82,0.8893546552510687,801,0.726230464398213,396,0.5981469713666305,2120,0.38916213590207843,2244,0.5682269708965834,611,0.9612595886441594,696,0.9231825454485244,484,0.6258585526411723,418,0.6962333511802875,585,0.9004294627776137,57
6038350.0,1692750.0,0,0.003435439885175013,5989,0.49632200838507184,12475,0.5408612899409665,6598,0.5979380685732204,2141,0.3633916978231688,3133,0.5446615629056133,1564,0.5112611966816697,11222,0.5731290486905741,7807,0.6255984524748509,419,0.5779390143339467,1998,0.7795484049321262,557
5971450.0,1772850.0,0,0.0027036892188709457,6253,0.5536597843832171,9768,0.5837708642243522,3646,0.6115429744440455,986,0.375156940829534,2702,0.5785538340547117,414,0.5864756778575925,7813,0.6504699202297702,4452,0.6255909007682784,420,0.6317047552374533,1205,0.8272656537388301,232
5888350.0,1780050.0,0,0.9139269165049972,1564,0.7067879857583438,2340,0.6378063871011374,1764,0.6138600788491236,860,0.289996954192091,6795,0.5513970667693114,1148,0.7422547651794595,1900,0.7765984011025708,1666,0.62545575202325,421,0.4556613037806362,5144,0.7350820521120017,1121
5977950.0,1772850.0,0,0.00023566147514269325,8827,0.7084058482277042,2296,0.6000556862681383,2843,0.5776969239311485,6051,0.3566276876710105,3375,0.5389556919604699,1953,0.7054409820791905,2685,0.7037307513971096,2714,0.62517237954412,422,0.5577004344859,2359,0.7408991866546344,1033
5986450.0,1750350.0,1,0.9999999992019826,474,0.8968024285707847,333,0.7190880250789136,564,0.5946319389392773,2608,0.3482275234530142,3722,0.5478095142742049,1352,0.9629339650963783,617,0.9128828889152663,775,0.6250477620687132,423,0.5319911342017158,2958,0.7681533303747319,690
5943350.0,1797350.0,1,0.9999999949588079,592,0.8951427944769718,463,0.7201057318791136,531,0.597280806663466,2233,0.2798334043457729,7492,0.53402064494687,2402,0.9734921967928181,160,0.9167202086519093,662,0.6249165412787543,424,0.41593169621046044,6436,0.723168407758888,1307
5906250.0,1755350.0,0,0.00012432488309252655,9495,0.7001510271714387,2542,0.5940392257377992,3121,0.5816790156305748,5127,0.32272513661328744,4899,0.5185368409216589,4318,0.6970958557970044,2960,0.70116595306806,2779,0.6239706264418049,425,0.4644119324175181,4872,0.7033276855399044,1675
5989350.0,1753650.0,1,0.9999999999913507,177,0.8941323793507007,537,0.7175672121194309,601,0.56657137426048,9087,0.40535835302748596,1852,0.5514687497134318,1144,0.9698185862797847,284,0.9068532570706825,929,0.6238322448778753,426,0.6963927514898168,582,0.7946618210012751,426
6005450.0,1737150.0,0,0.13597984595796464,2572,0.7169363480521375,2078,0.6455469337382774,1620,0.59297129607168,2876,0.42605626606396235,1414,0.557102128534376,933,0.7393029465949922,1947,0.7674879182243408,1727,0.6234432859549149,427,0.682469377829917,697,0.7676468180939695,698
5987550.0,1755850.0,1,0.9999999999989349,79,0.8897210692306506,772,0.7281643927935192,341,0.5827099798708846,4882,0.4803752631859176,628,0.5541340979028654,1036,0.9609393081414821,720,0.9245197421342335,444,0.6232048487905352,428,0.728065542864685,377,0.7199917544826283,1382
5989150.0,1753950.0,1,0.999999999982436,225,0.8948059815426006,491,0.7140608077810895,681,0.571600799623204,7712,0.34117829203656896,4033,0.5309175574581642,2716,0.9696045928751669,290,0.9012229345386144,1041,0.6209978011487468,429,0.5311747790508972,2973,0.7579464375461047,799
5989650.0,1756850.0,0,7.005999517195592e-07,13679,0.4442032901205347,15039,0.4794957861315103,12174,0.5946673741274044,2600,0.52719601488937,220,0.5845551670039577,343,0.4478999363744689,14106,0.5100372389294439,11215,0.6209736104563048,430,0.8345507401161736,62,0.8663558765481645,111
5987650.0,1756250.0,0,0.00014150558393828628,9376,0.47444127662356533,13541,0.5381004448685373,6827,0.588867454068175,3610,0.5169843964013835,293,0.5538017654465697,1048,0.484795128733261,12397,0.5638211479444646,8252,0.6205011863669664,431,0.7181697851918623,438,0.5459573582859597,6755
5986450.0,1756550.0,0,1.1741504734203112e-05,11753,0.3571315642429362,19378,0.4153160975827399,17596,0.5927643784896299,2920,0.5100116707530539,351,0.577869837646563,426,0.33361338322672096,19248,0.3997503377269045,17579,0.6201646084486626,432,0.7753093620908368,187,0.8319732949660034,210
5943050.0,1797050.0,1,0.999999946752147,785,0.8954163165328699,445,0.7163756466108199,624,0.5944910911579954,2627,0.3057490527657614,5844,0.5379235255238297,2044,0.9739570582851577,150,0.9168740932516433,656,0.6189573456626036,433,0.43062714477817066,5973,0.7347835518997299,1124
6004750.0,1764650.0,0,0.00028905058036039934,8587,0.415872781671245,16456,0.49055537766570134,11087,0.5651940648508211,9516,0.3529127154285021,3525,0.5192821530758981,4204,0.41269733237668826,15675,0.4852857458431663,12705,0.6187458749277892,434,0.5715005421791819,2116,0.700742294426621,1738
5986650.0,1753450.0,1,0.9999999993486819,456,0.8983427556852546,210,0.7328989525113968,255,0.5900419868262125,3393,0.4695902964872419,738,0.5589378575630607,860,0.9641074878630898,556,0.9207886353053489,540,0.6186345927735889,435,0.6949553623646805,588,0.7810152216878613,543
5904750.0,1755150.0,0,0.004874535682770071,5654,0.6303141981676554,5826,0.5825564639698375,3706,0.6126031664984178,929,0.3813560829487173,2471,0.5552685996031338,992,0.6328379448448263,5695,0.6718808670076288,3655,0.6186058301769579,436,0.6202195244562929,1349,0.7825961710121946,524
5986050.0,1753050.0,1,0.9999999988751629,497,0.8987227306371283,176,0.7310430123934756,288,0.6078150736128345,1202,0.3162426008984367,5247,0.5427408293983417,1685,0.968681483641036,345,0.9257080922586948,411,0.6176984012362378,437,0.42044980895017325,6283,0.6935277821435849,1860
5988250.0,1753550.0,1,0.999999999952162,280,0.8904671021259857,716,0.7305291241784505,299,0.6054721344092299,1360,0.457042296544389,912,0.5546635276079517,1011,0.9573026153556219,898,0.90553986335898,967,0.6175147559922025,438,0.6381620382343252,1112,0.47960817411557655,8988
5944450.0,1796150.0,1,0.9999985434918213,1114,0.8902089972785081,733,0.7250123881512411,418,0.6132603177187256,889,0.2971041068616563,6344,0.5555737282771435,980,0.9619477160424813,659,0.9198198047844461,573,0.6175098914289439,439,0.42506347177258763,6147,0.7421136958593444,1009
5947350.0,1797250.0,0,3.541021339973972e-13,20046,0.30324913041417184,21331,0.3718221410345755,20011,0.604054392470996,1480,0.39420394568186345,2110,0.5512138930094347,1155,0.2680949111152071,21269,0.33926279275853966,20047,0.6170052912146042,440,0.5951659364644053,1698,0.6064603817102786,4315
5987650.0,1755350.0,1,0.9999999999989433,77,0.8900460751034622,745,0.7359009773356274,202,0.6088727804299043,1138,0.44569463009272464,1070,0.5954283652404203,239,0.9624208460608671,641,0.9315684624301495,293,0.6169104867591015,441,0.7458116978850793,291,0.9475400683617227,19
5906050.0,1754750.0,0,0.0030238758633207054,6123,0.39232864466130496,17605,0.4680170592598165,13186,0.583062169101038,4804,0.5167163763669004,294,0.5698991410416512,567,0.4000242027585563,16288,0.480575426947079,12956,0.6164169900992769,442,0.7227982993826151,411,0.8259976903593553,243
5903250.0,1740050.0,0,0.012313765055076835,4714,0.6101361827734815,6848,0.5926333765999036,3183,0.6086591281595115,1151,0.42489760790863157,1428,0.5760402263984558,460,0.6145737833983832,6546,0.6651559631489754,3898,0.6161443526942696,443,0.7003106113269177,549,0.8253172460710636,247
6006750.0,1760450.0,0,9.99112655707594e-06,11864,0.6633893373417311,4150,0.5734194237349377,4285,0.5952196170238655,2509,0.40035375508680754,1956,0.5485402386202679,1300,0.6751929854428381,3802,0.6544880093850739,4296,0.6159093508473065,444,0.6183155125148599,1375,0.6409383352153184,3161
5909650.0,1771150.0,0,0.000830823671673301,7510,0.5894219060654572,7886,0.578434808634539,3978,0.608972749644381,1130,0.4606926445155872,849,0.5858888653970531,327,0.5841211086833465,7918,0.6396290537458937,4887,0.6154336624980837,445,0.7276923919009493,378,0.7706376080788345,662
5942950.0,1797050.0,1,0.9999999859664188,661,0.8956842149227748,418,0.7190900663511121,563,0.5999511344685982,1902,0.30782695086830675,5717,0.5423658022517802,1713,0.9739278432043622,152,0.9176988128727638,631,0.6152882728442767,446,0.42808783879640266,6043,0.7319840636486551,1163
5981650.0,1755250.0,0,0.19341749370315867,2365,0.679886476754674,3349,0.5927721561551942,3178,0.5790399641749855,5732,0.3094638384547881,5621,0.5079297022605824,6132,0.6972416837371566,2953,0.7136777854585286,2489,0.6151263111156554,447,0.4613096885847495,4955,0.6883992418455435,1961
5989450.0,1757150.0,1,0.9999999999901166,184,0.8896931886778489,775,0.7269592012051909,373,0.5935231092866762,2788,0.4104419979095326,1749,0.5609676033291026,796,0.9665777311185074,428,0.9198951259084112,572,0.6149225079854178,448,0.6089443078027379,1495,0.830810923221424,216
5948750.0,1798250.0,0,0.001530083536439446,6866,0.6937004701628666,2801,0.6414099784286096,1695,0.5874170272902949,3859,0.31840881525972603,5139,0.546890238723731,1411,0.7284090130784152,2116,0.7699519379597274,1706,0.6145776717270688,449,0.4875952064146436,4148,0.7621860342475133,761
5999250.0,1749650.0,0,6.281695520468649e-08,15050,0.4707163565197279,13736,0.4662459310768512,13366,0.6389813959492745,131,0.42693745347030304,1403,0.5806307237270506,392,0.4708535316397948,13048,0.5167333313724689,10835,0.6145578076315505,450,0.6583904565888801,916,0.59009040123459,4980
5986450.0,1750650.0,1,0.9999999968379505,569,0.8964868513462075,363,0.7191341728425383,560,0.5927642633350673,2921,0.35047964858716457,3627,0.5501890794093298,1217,0.9634111907292245,598,0.9150302947788482,717,0.6143066321198987,451,0.5439343910820004,2685,0.7789841859815789,565
5987250.0,1753350.0,1,0.9999999934497432,608,0.89153796933347,648,0.7203227540910387,523,0.590638985429114,3283,0.43075098583084626,1328,0.5278605643902023,3054,0.9579067673669043,876,0.9006661472256376,1045,0.614305581643037,452,0.5240227804727979,3122,0.5851153521110793,5181
5993950.0,1748750.0,1,0.9999999999229516,301,0.8888157113062234,832,0.715569438741099,644,0.6024894648400704,1627,0.3135097438208168,5399,0.5495636820771341,1256,0.9620064594727283,658,0.8958233082554012,1091,0.6138954747409074,453,0.539622020465845,2774,0.7864073566753336,501
6001250.0,1761150.0,0,0.00024013503810011138,8814,0.5284432381361648,10937,0.5446534067694035,6302,0.5877599483271791,3793,0.3465076215594195,3817,0.5333387628695216,2463,0.5413726919967928,9912,0.6003054227159519,6513,0.6133677495617376,454,0.5520345691754422,2491,0.7674784552533089,699
5987650.0,1752950.0,1,0.9999999999041385,315,0.8901615934476359,738,0.7331025105725305,253,0.602152536639487,1659,0.44661386095357725,1055,0.5864468686841503,321,0.9595833682538549,789,0.9164452145017191,672,0.6132512969325163,455,0.7331940406585153,344,0.815133223255038,296
5987250.0,1755150.0,1,0.9999999999950215,149,0.8906690830330919,703,0.7211190698505049,505,0.5968544121073729,2288,0.34929426984864437,3677,0.5457940008519331,1493,0.9615262189862764,682,0.9192936164515985,590,0.6129588486642854,456,0.4510487098583824,5300,0.7390840763509374,1060
5905350.0,1742150.0,0,3.1206997504126513e-10,17595,0.37397042110801615,18544,0.4103358815045177,17951,0.5900564588374969,3391,0.4687307789753296,749,0.5451464281500984,1536,0.3608854028035393,18077,0.42513728606138534,16250,0.612609782781226,457,0.7011566283769413,543,0.6166851460470677,3933
5987350.0,1754150.0,1,0.9999999999997986,29,0.8984585147094722,199,0.7348212610200973,216,0.5989383589358906,2014,0.5510572040049941,125,0.5586127559826191,870,0.9660860136152246,459,0.9326626134433967,268,0.6125542465045344,458,0.6749411730451977,762,0.5029300330292343,8250
5993650.0,1749550.0,0,0.6996526577267371,1694,0.7167986483635944,2081,0.6569701128985903,1376,0.6448390882080108,73,0.45939823884456205,869,0.6228859754279403,52,0.7407536736689552,1925,0.7804208360433154,1641,0.6123807049938096,459,0.7321685401220345,351,0.8141604680810538,301
5986750.0,1751650.0,1,0.9999999809728525,686,0.8973569732351409,291,0.7290283120939206,322,0.6283630965035707,371,0.4897836176685424,539,0.621115826849728,59,0.9701838841794975,268,0.9376423475609498,190,0.6121992491419265,460,0.7883885585901245,151,0.8460816127494538,149
5993750.0,1749050.0,1,0.9999999998445965,340,0.8888299650737576,831,0.7104730056507446,752,0.6143568216991175,841,0.2805502181227708,7436,0.5503965384078229,1200,0.961633985543404,675,0.8918702382145874,1113,0.6119701840891495,461,0.41126918312322847,6563,0.7113832151308033,1532
6003150.0,1765350.0,0,1.2047247097915956e-07,14694,0.47823427717084155,13347,0.47092131652414176,12939,0.5765960136577876,6344,0.36384585302701883,3106,0.5286382789818785,2963,0.46790306886333255,13178,0.518160099856773,10739,0.6115796854443399,462,0.5011445505865626,3764,0.6589884487338934,2639
5986550.0,1750950.0,1,0.9999999893936841,642,0.8977409259190016,259,0.7280213422750382,344,0.6104829122165916,1038,0.336500112175413,4248,0.5688475770932251,592,0.9702793383654919,261,0.9324476510610136,277,0.6115380957084923,463,0.5308386088548388,2982,0.7893741019807727,465
5988550.0,1750150.0,0,8.46866026006813e-07,13536,0.557445941512749,9561,0.5152581190665598,8826,0.6109128391568961,1019,0.34853424400780103,3711,0.5468595963234192,1413,0.5449199589128726,9757,0.5738368735435688,7780,0.6112243076796592,464,0.525308546085326,3097,0.6499356380602137,2893
5979050.0,1776750.0,0,0.9966955991966084,1313,0.6642721965931899,4100,0.5939589796794437,3127,0.5869837890505935,3975,0.3242632147567651,4817,0.5312349145559899,2677,0.6891869381069445,3244,0.713524912168559,2492,0.6111965732194959,465,0.5147590670954884,3371,0.7319186866371002,1166
6033050.0,1699550.0,0,0.005510521074369196,5534,0.6796882019943099,3364,0.6385272143772913,1754,0.5984761986808159,2079,0.4580165386255678,897,0.5508896822841995,1166,0.7034946535926054,2745,0.7437833022131085,1993,0.6110994582070648,466,0.6368623629407328,1137,0.6306106866998191,3463
6001950.0,1738350.0,0,0.005125415922052642,5605,0.6270907706179064,5997,0.6272060736693936,1955,0.6222316661097103,552,0.5269250211273266,225,0.61598895721421,85,0.671759382814314,3948,0.730867610089983,2175,0.6110102508948507,467,0.7112499845721443,481,0.824416969123793,248
5907150.0,1745250.0,0,0.001686716305729419,6762,0.4930665560300847,12652,0.5325552637089597,7298,0.5902282194993635,3353,0.45459528367602575,949,0.5697014787716538,572,0.48492190448692096,12392,0.5545692096227732,8733,0.6108184847993426,468,0.7348452546841064,336,0.8228067353228732,261
5944850.0,1797250.0,1,0.9999977881898467,1133,0.8892492531654295,811,0.7142176819444281,673,0.5893398892800773,3524,0.29246509182527186,6640,0.5191249086216774,4224,0.9596259412981657,786,0.9085916689391333,893,0.610569001569044,469,0.4376679039853659,5765,0.6543248197882825,2759
5945050.0,1790750.0,0,0.002815032825242191,6207,0.7179590061810719,2056,0.6537240166403337,1436,0.5883832342710982,3686,0.49726745546897977,464,0.578461489419681,416,0.7305045300560319,2086,0.7697788972305319,1707,0.6104312233220774,470,0.8089344190033154,100,0.8123065507382089,319
5944850.0,1797150.0,1,0.9999973115312656,1144,0.8896441278965459,778,0.7227895544481159,469,0.613477098695136,881,0.30866877446724195,5680,0.5599947587377688,827,0.9615523272496653,680,0.9188810409232755,603,0.6104058233563274,471,0.47664792665134725,4488,0.7718558749252556,643
5905450.0,1740150.0,1,0.9999999999992486,66,0.887776017186598,888,0.7094762420239062,777,0.5899499652955263,3415,0.3848729209660331,2353,0.555533281299254,985,0.9632666017402188,604,0.9053686007435375,971,0.6103352976945587,472,0.6681373891569328,825,0.8440130890165023,158
5987550.0,1756150.0,1,0.9999999999996931,39,0.8958022600366535,409,0.7305723681221549,297,0.5796539640163447,5592,0.46594104832026856,780,0.5308122844425901,2735,0.9740791243660143,146,0.9269674704934083,379,0.6103014101275266,473,0.6700903044480211,801,0.5231535725137143,7615
5944050.0,1797350.0,1,0.999999921500405,823,0.8948978656432334,487,0.7179832636354109,594,0.5889888983706881,3594,0.2640350379654202,8636,0.5053389490402944,6599,0.9726578365642964,188,0.9122224342994323,808,0.6101996490103945,474,0.39311062207488756,7120,0.47940119443195595,8994
5993550.0,1748750.0,1,0.999999999655965,404,0.9153803049637765,30,0.7409745288517731,110,0.6233418334464984,520,0.514264548988195,320,0.6129987977903878,106,0.993114927725101,32,0.971633529754292,12,0.6100834124336857,475,0.7140286546673862,467,0.8391130101333677,176
5885150.0,1780750.0,0,0.0007974269783542064,7547,0.4809069654943907,13233,0.5365005263394187,6977,0.5900199094164521,3397,0.29441045182990155,6504,0.5274678347297801,3110,0.5109906568779372,11232,0.5799148131321474,7499,0.6100230445472865,476,0.44518358954390413,5506,0.7142613302709029,1467
5989450.0,1752250.0,1,0.9999999999969051,126,0.8946841360407608,498,0.7305795856924868,296,0.5899202581902311,3418,0.5206152276852425,273,0.5956616080237314,236,0.9716321075997276,219,0.9210291738901719,534,0.6098892713926752,477,0.7667868266572271,219,0.8274556358151333,229
5986050.0,1753150.0,1,0.9999999996352242,406,0.8994904613964508,132,0.7300600389467788,305,0.6031795116707437,1567,0.33637200999947975,4252,0.538501856614624,1986,0.9688504952997424,337,0.9248282581027429,434,0.6096982863911873,478,0.4228989466455675,6207,0.6885467249662798,1958
5985450.0,1759150.0,0,0.0028271488560430405,6200,0.5821393086439081,8280,0.5740742296092441,4243,0.5637893386620693,9898,0.4231873384627292,1467,0.5425837681098902,1698,0.5975690198910555,7313,0.652275079444586,4370,0.6095033637708301,479,0.6659329735473686,846,0.8291122250435647,223
6001950.0,1760050.0,0,0.0002639857632396241,8694,0.6919152709241808,2865,0.6225592272452843,2070,0.5818289327346324,5085,0.3374912109051536,4204,0.5339244364886373,2412,0.6957648283044855,3020,0.729161252570808,2201,0.6094811339929483,480,0.47209310680151506,4647,0.7233229353165286,1305
5942950.0,1797150.0,1,0.999999975557999,707,0.8952380595170486,456,0.7178916583663996,596,0.5951204962936818,2525,0.2944329884721631,6503,0.5389982312754075,1952,0.9740100033619372,148,0.9178156326069343,630,0.6093947483994395,481,0.4214981838801273,6251,0.7314609841906659,1173
6000750.0,1762450.0,0,2.3231980109339898e-05,11175,0.472743467441924,13633,0.5313827526019574,7407,0.5687268468987455,8547,0.35012852822092755,3642,0.5326567416151976,2530,0.48931308822179187,12196,0.5616698922909117,8380,0.6091969582091673,482,0.5442995158143894,2675,0.7702146834654513,670
6003650.0,1763950.0,0,0.0006898086592346132,7709,0.6008384509277241,7325,0.5983129111659381,2919,0.5761923229763235,6441,0.42498781829865184,1427,0.5505593683236177,1189,0.6046893185977638,6975,0.6583129234751174,4153,0.6091666513189269,483,0.6588665756267437,911,0.8104130226267445,332
5988950.0,1757250.0,1,0.9999999996798732,396,0.920002650264294,6,0.7498462852103683,34,0.6260968610338719,438,0.3991061995950089,1989,0.5813467369519589,382,0.9989245148733201,4,0.9876583157775782,4,0.6083365585712988,484,0.4725352227749957,4624,0.7611914978767438,770
5989950.0,1757950.0,1,0.9999995446659443,1008,0.8886796641666161,843,0.7116491397185214,728,0.5834463017586126,4721,0.41216496516536544,1712,0.5525905977981475,1102,0.9598340792830542,775,0.9435118418944286,146,0.6083198636132072,485,0.5289758826455118,3010,0.7791093622816367,563
5989950.0,1754850.0,0,7.48761764192696e-12,19025,0.40826517729366557,16857,0.4439833623727172,15332,0.6341049738411518,217,0.6369590552435174,4,0.6254056827413631,42,0.40810638881460204,15895,0.4896366256564457,12449,0.6083057562943481,486,0.9171336318763238,10,0.6393046848707677,3214
5904550.0,1740250.0,1,0.9999999997603517,377,0.917879177570459,11,0.7231425323374431,460,0.6014994519345193,1752,0.42973079558338145,1350,0.5441858193818978,1594,0.9935274955893192,21,0.9609456291189682,45,0.6082919263760971,487,0.590000062929535,1778,0.7406197023766689,1038
5886850.0,1781850.0,0,0.029862300199617522,3815,0.5267859851372287,11036,0.5580757904368687,5310,0.6054783321767909,1357,0.336048102594163,4266,0.569845903561201,568,0.5478706326181794,9615,0.6170140381863503,5777,0.6080660458959657,488,0.5158115386865965,3342,0.7672406909329077,703
5900850.0,1774350.0,0,0.0959344254154122,2800,0.7323135460616805,1754,0.6709892748382046,1226,0.6282743986519442,374,0.30384764438310596,5967,0.570647270214335,549,0.7595385731162357,1689,0.7990883370488242,1581,0.6078736277341437,489,0.441646299744729,5632,0.7326621404301836,1156
5906050.0,1742450.0,1,0.9999999249659121,818,0.8873479113758815,905,0.7117396685327003,726,0.6116408042370286,978,0.5026422412112629,416,0.5991916543513267,217,0.958637045360007,849,0.944691484619516,137,0.6072531094876549,490,0.7478804321560275,280,0.889492893129797,69
5963750.0,1736850.0,0,0.0002867083289807658,8599,0.7136654754991091,2153,0.6371598803198079,1772,0.5722374260405982,7532,0.343382618847634,3943,0.5378406762141429,2049,0.7268141939036954,2145,0.7334514006896198,2123,0.6072109473222262,491,0.5331240841252137,2937,0.7307268356199956,1182
5985850.0,1752950.0,1,0.9999999996849647,393,0.898699236771605,183,0.728231643268024,339,0.5862562391075203,4114,0.38496543494097907,2347,0.521984904373855,3829,0.9677126862594668,385,0.921941163923463,515,0.6071138475821778,492,0.5688106489982226,2157,0.467616617002106,9353
5988250.0,1752650.0,0,2.4257723156735616e-05,11134,0.4683783074852217,13848,0.5048219518705164,9758,0.6109890130065102,1016,0.49255483051673377,512,0.5828268677701854,360,0.4500384646179464,13986,0.5092368381085167,11270,0.6070991288464933,493,0.7394168635761704,317,0.7466468138671354,955
5998650.0,1749750.0,0,0.0236985151521047,4031,0.7195777005059967,2018,0.621468191074936,2104,0.6316751989856769,282,0.38452032472311415,2362,0.5519799231311938,1129,0.714255528504477,2426,0.7037761142905729,2712,0.6063752486309968,494,0.5838243464598959,1882,0.48728467410999476,8747
5945350.0,1795850.0,1,0.9999989321674695,1087,0.8898010175317619,765,0.7244953366502026,432,0.617774770097453,694,0.2850886919122414,7125,0.5361358092553151,2185,0.9603929507473778,744,0.9139469321882119,747,0.6061392082016459,495,0.4344455316963932,5850,0.5335715394768494,7232
5993750.0,1748950.0,0,2.034989568495813e-06,12994,0.5522294437690006,9832,0.5275634952765333,7749,0.626382018448741,432,0.5032007031583244,407,0.5946674398206674,243,0.5385052659486156,10030,0.5812222933813683,7432,0.6061136644208904,496,0.6824905869428473,696,0.7359118142993891,1109
5886750.0,1781550.0,0,1.6689596741179155e-06,13143,0.5777008827519298,8509,0.5461300187752001,6187,0.5870629782481388,3951,0.3577353678928834,3329,0.541999125652196,1740,0.5691570524111171,8607,0.6117656170320931,5985,0.6060813567981579,497,0.5541786865327695,2436,0.7272946751230659,1239
5906650.0,1742450.0,1,0.9999999494103838,780,0.8871192740275906,921,0.7086098448372017,793,0.587685584286693,3809,0.26684296406629854,8435,0.5247691103469517,3452,0.9570648825296534,909,0.9325318234093432,275,0.6057029929214985,498,0.45739389557998567,5096,0.752026044122722,880
5982650.0,1757050.0,0,0.0025511603571160522,6315,0.37794036083265886,18360,0.4766218847784336,12430,0.592258651983051,2997,0.3625647389355285,3169,0.5544508617405787,1020,0.37181630796577114,17585,0.4505023153791742,14753,0.6056162745002415,499,0.4871575786018547,4165,0.7186731552566296,1403
5978850.0,1773850.0,0,0.002915762103208618,6165,0.5376262704579752,10504,0.524950757981616,7978,0.5940856200585063,2697,0.3428325262185891,3971,0.5338895574835493,2415,0.5374507089899887,10084,0.5745689709454531,7748,0.6054598039477139,500,0.4650756173095758,4851,0.6867067358128882,2008
5986750.0,1750850.0,1,0.999999999295063,462,0.8974980521508455,282,0.7303694191868486,300,0.601750949568608,1723,0.4353365136593397,1244,0.583188326345028,357,0.9696270066727366,289,0.9342234719437548,239,0.6054517608396327,501,0.7240441845127341,404,0.8274403378541799,230
6038850.0,1692750.0,0,1.8318031620777619e-06,13072,0.34696208804943374,19875,0.3973818748755397,18756,0.6059506136927881,1312,0.2891544320308735,6859,0.5181838880056329,4364,0.31502673827470007,19969,0.3707132211012978,18904,0.6053365800627835,502,0.41757650284480796,6387,0.5983320081657881,4639
5995750.0,1748650.0,0,0.001625398091494973,6799,0.46673297999324675,13913,0.527389305757009,7765,0.6346710938014224,199,0.49019405420774,535,0.6193126220203465,68,0.4550233611191482,13762,0.5255838291437607,10321,0.6052164550241905,503,0.729129791132106,371,0.7832325211695654,520
5944150.0,1795850.0,0,6.64279509762987e-05,10181,0.4676830143945952,13878,0.5085147959139487,9407,0.6020690685398918,1668,0.30486239808120824,5897,0.5313966218893018,2662,0.487097927796472,12291,0.5505326558948846,8948,0.6048280260607174,504,0.4181674659763406,6361,0.6911737749942075,1905
5987050.0,1752250.0,1,0.9999999532845907,773,0.898459290719396,198,0.7275258486784526,354,0.613643367643506,876,0.6164363485191553,16,0.621290556249475,58,0.9704407330468381,253,0.9392966186498015,174,0.604786192136553,505,0.9065161425048708,12,0.8384984384520637,178
5973350.0,1773450.0,0,0.001368568814875038,6980,0.5812747456657361,8322,0.5633963629357486,4949,0.5959120651373229,2400,0.35922834432297324,3272,0.5307937754698888,2740,0.5847768136236643,7887,0.6240217500053509,5507,0.6045976508358176,506,0.5649237037986484,2227,0.6076151306415998,4267
5948550.0,1767850.0,0,0.03383176853998155,3686,0.6771449619637955,3469,0.6425211909562957,1683,0.6010781878554949,1798,0.32401023429663056,4826,0.5555665765320225,982,0.7137266455582134,2441,0.755212430539328,1846,0.6045360728434628,507,0.44720554480225516,5430,0.7165391571640504,1437
5908950.0,1770550.0,0,7.466634210193624e-06,12079,0.6231300508013615,6228,0.5881160245932648,3402,0.6015841110618801,1743,0.46942163289825845,739,0.5822796602432617,368,0.616151500385892,6479,0.6654506477653963,3887,0.6038574030997556,508,0.737373140819696,322,0.782684576878834,523
5986350.0,1754150.0,1,0.999999999998491,90,0.8976108343388594,270,0.7314744543119658,276,0.5792963214025504,5670,0.49173394923161085,521,0.5415056576309404,1764,0.966206344856422,449,0.9329434035066508,260,0.6036910032266188,509,0.7001784576089148,551,0.5559055231632537,6350
6003150.0,1763650.0,0,0.0959399516652501,2799,0.7167380671913917,2084,0.6289531071240642,1922,0.5687317857481157,8545,0.4603169367693092,854,0.5494189517023398,1264,0.7451815725864415,1864,0.779657810956184,1644,0.6035520379634987,510,0.7526635007313093,260,0.8349602462285192,196
5902350.0,1758850.0,0,0.00010157881910402111,9718,0.3577380943866369,19342,0.44238723415225306,15474,0.6019037015730629,1696,0.4699602417763702,735,0.577100486325426,439,0.3657834326332212,17862,0.4488772235837575,14847,0.6033506549337009,511,0.6864317639673887,660,0.8090269584143043,340
5987350.0,1752750.0,1,0.9999999999380123,294,0.8899757660231039,748,0.7281451619400667,343,0.5917850667755865,3084,0.4137704046415577,1667,0.5701269189407053,562,0.959427143027672,800,0.9138556380119356,755,0.6032143300262979,512,0.6696289309726227,804,0.8141292739204972,302
5909950.0,1748750.0,0,6.51612341612239e-06,12177,0.45142335611760076,14691,0.4549615790662726,14349,0.5898170415061926,3433,0.3008976334022264,6127,0.5300964610244012,2815,0.46188043024225056,13461,0.5027670739203735,11663,0.6031829027769033,513,0.45123108813127744,5284,0.7146384286789911,1462
5989850.0,1753750.0,1,0.9999999999874483,198,0.8943130171675048,520,0.7221177740139207,488,0.5711141593605412,7860,0.5317970006737407,197,0.5535111047252992,1067,0.9688973159325732,335,0.9086621181965814,890,0.6029784417849947,514,0.7094665644374529,491,0.5877962294437469,5073
5987750.0,1753050.0,1,0.999999999634634,407,0.8898713941018944,758,0.7232507342540985,456,0.5892700769182246,3534,0.367638178876093,2966,0.5574122197877329,916,0.9590450088872516,818,0.909677641390781,868,0.6027768288438686,515,0.540426152037395,2760,0.7719014191452943,642
5904750.0,1740850.0,0,0.0029729438245135503,6149,0.5494073349804329,9966,0.5674101995785283,4684,0.6142747835062135,847,0.45571204547314065,933,0.5958783080912129,234,0.5724895095616458,8461,0.6404980516376619,4843,0.6026863864821635,516,0.7360814320175184,329,0.8783892156176416,87
5990750.0,1749650.0,0,0.0018976534009356042,6628,0.41514148139857504,16501,0.48919740095935293,11229,0.636640265924412,167,0.3937343584941132,2122,0.5624495951614177,753,0.4291978216944068,14954,0.4962334839184339,12061,0.6019223513172229,517,0.5979810463792792,1652,0.5315709659299314,7300
5970650.0,1778050.0,0,0.0005206969367745658,7993,0.6254077715642122,6091,0.6191573265166256,2170,0.5892648999741263,3536,0.4209161398186093,1516,0.5679283252052306,617,0.6556642313069576,4682,0.7075075470159309,2622,0.6018218902228702,518,0.7283523640699532,375,0.8193252604423368,275
5947450.0,1792050.0,0,0.00025186746004232625,8750,0.4137735815438759,16579,0.4901756295876696,11129,0.61409709514063,850,0.31231452425342277,5458,0.5677563005547233,621,0.4278927389202867,15007,0.5064115169411276,11444,0.601434105972222,519,0.4919476621200708,4031,0.7618547561109903,765
5982850.0,1761350.0,0,0.0018609854257223472,6652,0.6802764099808584,3337,0.6114367085392275,2431,0.5573367599762488,12198,0.3684716855618357,2938,0.530859300519094,2727,0.6843536834501694,3423,0.7081324184726945,2612,0.6006666542290615,520,0.49597514586226743,3913,0.700998963444093,1733
5987350.0,1754050.0,1,0.9999999999992768,64,0.897723561568944,262,0.7342010459535933,228,0.5910190733363884,3219,0.44164065311862394,1140,0.5384117049045918,2004,0.9655276655559125,483,0.9296460169962378,329,0.6006266584419367,521,0.6346601446290256,1165,0.4912600631279642,8625
5979450.0,1776750.0,0,0.0004176335006716456,8213,0.6888707320830059,2993,0.6015968154660787,2777,0.6007469116365756,1831,0.38388837258183706,2386,0.5506631558163526,1177,0.6812586518956338,3554,0.6946830775599497,2968,0.6003890699805349,522,0.5575239314616022,2363,0.7406680579566733,1036
5908550.0,1751150.0,0,1.1638569965898727e-07,14710,0.48532466439967,13022,0.4641965307849917,13540,0.6093001165059537,1104,0.3369361214363255,4226,0.5346332977635391,2348,0.47498201808298646,12867,0.5076949291353271,11352,0.6000318560174612,523,0.5722010877167618,2099,0.6601171522576701,2615
6002750.0,1760850.0,0,0.0010550072046696937,7249,0.41294031091121675,16620,0.4801277398857095,12122,0.5900991543672972,3379,0.3710293407362104,2850,0.5389059198329518,1957,0.4081965800467213,15888,0.47955170060819974,13020,0.6000131099279087,524,0.5559088883460006,2401,0.7634836767028406,744
5987250.0,1751750.0,1,0.9999998633809555,874,0.8986227803492742,188,0.7288116102803839,327,0.6349324564776824,195,0.6060924741051916,20,0.6261157347211341,40,0.9696505751051935,288,0.9355506211880605,220,0.6000025336134049,525,0.8431215332164068,54,0.8202574198352355,270
5989550.0,1757550.0,1,0.9999999892002206,644,0.8931653610215476,573,0.7515058831561209,28,0.6537448885684152,30,0.434863431114716,1252,0.5904933587092804,276,0.9642372513189263,545,0.9634984354425162,37,0.5993609476737701,526,0.4637187316138751,4886,0.7397275336392977,1047
5986850.0,1750650.0,1,0.9999999947870555,595,0.8968707583676008,328,0.7416489379197363,101,0.6213653659402947,576,0.5277859146657434,216,0.5890904499691951,293,0.9638331943625728,575,0.9286272380216709,345,0.5988736100248282,527,0.7079030875639165,499,0.5513774623476114,6544
5985050.0,1753550.0,0,2.7101096756097876e-06,12810,0.6467327412831947,5023,0.5905545042239005,3271,0.6168636929732959,731,0.49444420656371446,495,0.6030290648604283,188,0.6662668980674323,4192,0.6963494744225016,2910,0.5986177397099118,528,0.7509171922882348,269,0.8147430417928497,297
5990750.0,1748250.0,0,0.0009574867635556037,7360,0.537455815030848,10509,0.5620730068033066,5026,0.5962415588386534,2354,0.3787081086115948,2563,0.5628624825294323,741,0.5355969278547048,10165,0.588401614096327,7064,0.5985348445975178,529,0.6380129049530943,1116,0.7750215226600051,611
5948350.0,1797250.0,0,1.164742478269991e-05,11760,0.34025763694632427,20176,0.4348548858219869,16092,0.6122970035208526,947,0.31071886806359006,5551,0.5575122434196231,911,0.3322821797295863,19300,0.4159055758139035,16764,0.5983615856685396,530,0.46949232389965423,4725,0.7301249512785732,1193
5881750.0,1783550.0,0,4.965759551163631e-10,17371,0.5158560613033776,11536,0.48743302501565544,11408,0.5987359287904785,2042,0.3504963245064741,3625,0.536789506418416,2131,0.5126501552629039,11148,0.558048578001295,8546,0.5980912731545368,531,0.5512584360317061,2510,0.6036309445392928,4422
5946250.0,1795850.0,1,0.9999983964753876,1120,0.8892534364371356,808,0.7196101666997173,545,0.6078809419063843,1199,0.29994410105036057,6176,0.5310501826498137,2699,0.9596033662134351,788,0.9104463726322134,854,0.5980006788738439,532,0.48084852736853234,4364,0.5643042803169923,6033
5993650.0,1748750.0,1,0.9999999990666666,486,0.9146711119305672,38,0.7243943472795529,435,0.5901906628460889,3361,0.3682199111064085,2943,0.5557867361160613,973,0.9913530812298518,64,0.9553339670147234,72,0.5979885023359492,533,0.6345978667807752,1166,0.8042513244304458,362
5987250.0,1751950.0,1,0.9999999895538539,641,0.8973272888736941,295,0.7222802331549542,481,0.6123211515947091,945,0.5526694518382359,117,0.6138383736463926,101,0.9690787587365206,323,0.9333339498143411,251,0.5977933439514699,534,0.8436325031408469,51,0.8377687164237269,182
6005650.0,1765750.0,0,0.0006504457662560069,7772,0.5866218206154181,8025,0.5504830181105133,5853,0.5674017798172957,8878,0.43121917493030615,1320,0.5455163461279028,1513,0.5743481130445276,8389,0.5874699691599452,7112,0.597330917514562,535,0.61397757295908,1428,0.7415013708238907,1022
5908950.0,1770150.0,0,3.9645401375223526e-08,15271,0.6815933594878807,3281,0.5792056724382199,3922,0.6199381544487781,627,0.33991328476084753,4088,0.5408451120818341,1813,0.710569224219677,2534,0.6407550192137871,4828,0.5971738104714971,536,0.5508865507037944,2521,0.5813511139082916,5343
5990450.0,1748950.0,0,9.322881931400924e-05,9811,0.6433306739150928,5170,0.61173751853997,2417,0.612943481328865,906,0.49152781019965985,522,0.6059480348597036,167,0.6574077617244733,4594,0.6893416516285444,3132,0.5971597194327232,537,0.7492207045190189,273,0.8016369857952994,381
5986650.0,1753250.0,1,0.9999999987675126,504,0.899523195810096,131,0.7367243366705902,188,0.6156902874168596,774,0.35141826845216056,3587,0.5703594584241914,555,0.9704543514156895,252,0.9340284611919718,242,0.5971418783640605,538,0.4456994826374864,5480,0.7206967144255377,1368
5889950.0,1780950.0,0,1.6586020466272227e-10,17866,0.6294428247418322,5879,0.5457425329101538,6222,0.5961492868231975,2371,0.43313406292849005,1291,0.5513236380028351,1151,0.6247962964636182,6082,0.6092821226406891,6118,0.5967406813589351,539,0.6829202398343629,694,0.6299265061735201,3491
5986650.0,1751150.0,0,4.9964798921987205e-05,10447,0.5259841549441387,11074,0.5430064313628503,6429,0.6199646233304394,626,0.4076147454080444,1804,0.5883263242565905,302,0.5122770332712223,11174,0.5691490032321644,7993,0.596342854464533,540,0.6604430418986595,893,0.7775786485920346,580
6002450.0,1761050.0,0,1.4293744497085587e-05,11607,0.6310882599395515,5791,0.5718854859629131,4391,0.5803532704991055,5448,0.341608842838456,4015,0.532524470200933,2544,0.6277301501205743,5928,0.6619874293188448,4012,0.5962133823127668,541,0.5233963499879695,3150,0.7481351764489306,941
5988050.0,1753050.0,1,0.9999999808078514,687,0.8919529893177641,619,0.7202211513599682,527,0.592162848711616,3012,0.40862085171364015,1785,0.5206079347319246,4012,0.9586219182735212,851,0.9012879160358457,1040,0.5957176582743562,542,0.4243922110067948,6167,0.5407359502920902,6964
5940150.0,1796850.0,0,7.577583405553947e-07,13617,0.38453886571580975,18030,0.4328423752328035,16259,0.5839359083530129,4605,0.2940784339496662,6529,0.5167762725143588,4586,0.36464545163978634,17911,0.42334420465736056,16360,0.5956923873003139,543,0.4310045317976873,5962,0.6764867847824649,2228
5986850.0,1752250.0,1,0.9999999905850364,634,0.8966678279770505,343,0.7248499965202582,422,0.6130193274009967,900,0.4003183708453128,1958,0.5942114042959383,246,0.9693953660042768,299,0.9327197703479237,267,0.59520642926327,544,0.6688633935027766,815,0.8314446757741597,213
5986850.0,1753450.0,1,0.9999999997712099,369,0.8978441443906218,245,0.728158427782231,342,0.5823257198724875,4977,0.41514406287731437,1636,0.5443240247800922,1585,0.9632572554368359,605,0.9161489100349105,686,0.5951501117856595,545,0.6149576853164722,1412,0.7693548379628643,680
5987150.0,1755450.0,1,0.9999999999978806,107,0.8901688357463123,737,0.7314641786835406,277,0.6086398845716505,1153,0.34961124176754443,3664,0.539073009745914,1946,0.960751615784454,725,0.9203933950772676,553,0.5948966215013949,546,0.5188972286025844,3253,0.5382508700203634,7066
5987750.0,1762150.0,0,4.765695277712822e-06,12424,0.5757599607425817,8616,0.5271958429988469,7794,0.581096694561143,5276,0.38523493264375974,2339,0.5080846169541305,6097,0.5724653439261528,8464,0.608120319653933,6172,0.5948894279524625,547,0.49514824037087346,3933,0.6180251422374572,3883
5986550.0,1758450.0,0,0.017988522381425006,4315,0.6596065515148742,4341,0.6291975179473918,1916,0.6084128992336292,1170,0.4105597613613457,1745,0.5815611080887438,379,0.6777930548710085,3702,0.73331545689996,2125,0.5947104961287077,548,0.672071568609616,785,0.8570710904231302,125
5987550.0,1755350.0,1,0.9999999999982883,97,0.8899571079641059,750,0.7343225276109951,226,0.6053146066290385,1381,0.4137916292876295,1664,0.5854085179491457,332,0.9623093475223324,643,0.9301481988172501,316,0.594578527192152,549,0.7030169615642093,532,0.9029105199768426,53
5904750.0,1755450.0,0,0.0005957129849251877,7852,0.5169345330613743,11492,0.5511893720759827,5799,0.5953522835532831,2484,0.3143094488775975,5351,0.5423647380918212,1714,0.5199666379625387,10827,0.5811257608732535,7440,0.5944887968988588,550,0.5246305926735669,3109,0.7670626874374622,706
6001250.0,1727850.0,0,0.0017374273070691682,6726,0.4026904973983767,17129,0.4937040815382164,10796,0.5958913758904304,2407,0.32833021006570534,4622,0.5505549797119095,1192,0.39432304482740077,16534,0.4701310137976491,13594,0.5940130043099068,551,0.5558318713787819,2402,0.7735827900033188,626
5946350.0,1795050.0,1,0.999997392540993,1142,0.8894691181383587,793,0.7239973413093823,442,0.6138454661028633,862,0.33239259713319347,4447,0.5733930920961917,502,0.9620709999869352,652,0.9223241897533974,510,0.5936094189352694,552,0.5455222410875555,2642,0.82202373817002,263
5989150.0,1752050.0,1,0.9999999999972957,117,0.8947958260633442,492,0.7303000920718461,301,0.5902278378297706,3354,0.48018057698408884,629,0.5868883700778764,314,0.9716707731683273,217,0.9191464330406002,593,0.5934553587155602,553,0.739434549654336,316,0.8194611295382351,273
5904350.0,1755350.0,0,0.007934478186381322,5143,0.4242391848784413,16034,0.4836136809892304,11763,0.5992478191665718,1974,0.29190383155813654,6678,0.5473563055810408,1378,0.4254503388481513,15121,0.49393220213314337,12191,0.5934250790502563,554,0.4648134542261151,4860,0.7402897948388203,1043
5988050.0,1755350.0,1,0.9999999999966094,129,0.8899857878502853,747,0.7274472620888163,359,0.6008924417185949,1812,0.3255237275745641,4754,0.5369243180306582,2117,0.9604202185470361,741,0.918269905472395,624,0.5933772194378545,555,0.46494318213875097,4854,0.6917249195186617,1893
5987250.0,1751150.0,1,0.9999999986070358,512,0.9002547641337301,111,0.7262854344054401,395,0.6197184246719339,636,0.3722902479552459,2807,0.5582454625888494,880,0.9702219386655465,263,0.9271126804434914,375,0.5931891416293087,556,0.4274732461083167,6057,0.7051475123357496,1643
5987150.0,1755750.0,1,0.9999999999995304,50,0.8899428376458763,752,0.7274484087783043,358,0.5913813793549761,3156,0.3730986747453781,2775,0.5247258178094163,3458,0.9599666802966667,768,0.9169566850889309,652,0.5928054406878441,557,0.5718219550271796,2110,0.4803832066716778,8967
5907550.0,1742850.0,1,0.9999994656430684,1024,0.885023739648192,1042,0.6970699835386301,969,0.5798277893946362,5552,0.37031862886026073,2874,0.5523157101922277,1113,0.9565167376809253,942,0.9331719432480095,256,0.592312900477864,558,0.6498007806182328,996,0.8377654172035041,183
5909450.0,1775850.0,0,0.0034762516308332212,5975,0.42364372381389376,16070,0.4710018691480711,12930,0.588272484812005,3706,0.34660067037875647,3815,0.5358831183498598,2214,0.41780640229675803,15466,0.47939523679625906,13023,0.5922455637651487,559,0.5387915097528583,2793,0.745481855433743,971
5905050.0,1740350.0,1,0.9999999996618458,401,0.9172206816706492,15,0.7268920228044995,377,0.6123056896220256,946,0.2783683885149585,7603,0.5359784473937885,2204,0.9937395813062109,16,0.962317506878009,42,0.5922086460334459,560,0.38758844832609785,7291,0.7105316284771921,1543
5961950.0,1736850.0,0,0.033254758615797034,3701,0.6763407132066327,3497,0.5985640864810841,2905,0.5940860734368667,2696,0.320927758027608,4987,0.5421646407079941,1730,0.6869191971694442,3334,0.7082346441760905,2611,0.5920620168451463,561,0.4943941338981046,3951,0.7198863174836151,1383
5988350.0,1753150.0,1,0.9999999999171423,303,0.8896165782666023,783,0.7271941584931944,366,0.5799561098961624,5522,0.4760663759022513,667,0.5459371761786747,1479,0.9571825174851394,903,0.9068766725789091,928,0.5913840485725214,562,0.676948358621027,747,0.5182515106270875,7766
5988850.0,1753450.0,0,0.0025617942327326618,6312,0.5306981431459002,10811,0.560928066205384,5112,0.6072247643662735,1243,0.35419066205667477,3481,0.5559990568474613,966,0.5341892440136756,10226,0.5864365267184002,7161,0.5913533778990665,563,0.45188271867249186,5265,0.6804217879306655,2143
6006150.0,1762350.0,0,0.002245873586744734,6445,0.6254234446281466,6090,0.6061592011625944,2604,0.6000021573112827,1898,0.44405444369296143,1100,0.5373060391739248,2082,0.6242551541902251,6114,0.6578401243833898,4177,0.5911915075347121,564,0.6092397697209836,1491,0.44548254930148745,10087
5989050.0,1753250.0,1,0.9999999975205598,548,0.8908311394741117,692,0.713400704629319,695,0.5878575622838552,3774,0.3729287397830828,2784,0.5120531569305363,5370,0.9560767407300076,969,0.8914642742431744,1118,0.5911695906999632,565,0.4323953077594318,5920,0.5207972278994758,7680
5987750.0,1754150.0,1,0.9999999999995046,51,0.8893721439570896,797,0.7169660773197715,613,0.5732914009828269,7245,0.45701816188263733,913,0.5587198442252382,866,0.9609685528619984,717,0.9202492981921959,561,0.5906874601419968,566,0.7829215443973611,167,0.8789182286197511,85
5908750.0,1773150.0,0,0.0002325994430658678,8839,0.3830253790048692,18095,0.45263480693211083,14546,0.5825044555873033,4927,0.32269795050671307,4900,0.5288615170817558,2937,0.3742584250481955,17470,0.43203549287204346,15829,0.5904317309311965,567,0.4564832186857144,5119,0.6903954718979565,1922
5908050.0,1773950.0,0,5.60995100862004e-07,13815,0.6007181856012374,7331,0.5375966997505182,6876,0.5722112712546057,7543,0.3107302842746242,5550,0.5158916026958947,4729,0.6029285803603704,7046,0.6339108128075905,5088,0.5902629033875726,568,0.4446432678976928,5530,0.6735619603886844,2295
6003250.0,1762650.0,0,1.501316874751514e-06,13211,0.5800601958715337,8386,0.5158345593512592,8769,0.5776456771813798,6070,0.32624911419357183,4722,0.5123926432911109,5297,0.5862081506575696,7825,0.6068103277907247,6243,0.5902552057507282,569,0.4867403489320544,4181,0.6864923281265638,2013
5986150.0,1751950.0,1,0.9999999991174753,483,0.8973540661375942,292,0.7197081402482898,543,0.578167407169436,5935,0.3787630167261726,2561,0.5181504367099816,4369,0.9670029277834428,412,0.9190182757592085,597,0.5899905589307065,570,0.6108966414856819,1470,0.49442215914764875,8521
5986850.0,1750750.0,1,0.9999999966736244,570,0.8964994620620814,361,0.7344244146850778,222,0.6070014440289655,1250,0.4812605031468559,619,0.5821393857669831,372,0.9635956024281084,592,0.9243095487631793,453,0.5895819796391819,571,0.706012750162066,511,0.7920026884657119,443
5986250.0,1755150.0,0,0.0019294050830083018,6608,0.5867930036112792,8013,0.6004230431452631,2828,0.5942910545341261,2663,0.34527839379790987,3868,0.5371896226718554,2090,0.6187609176968827,6356,0.6808282419084561,3355,0.5895696082914808,572,0.4375015357332881,5769,0.7116492480408192,1524
5902950.0,1740450.0,1,0.9999999999727396,253,0.9147437112244939,36,0.7264586233306771,389,0.5721999918588514,7548,0.41980218176199047,1539,0.5533920690232129,1075,0.9930120592317977,34,0.9670823837078723,26,0.589304987029969,573,0.7183471332459763,436,0.8776812892349362,91
5904350.0,1741950.0,1,0.9999999900021844,639,0.8868582315651656,931,0.7170469002256811,610,0.5880608193067678,3741,0.4466541236661463,1053,0.5710169601580253,544,0.9578779465566373,877,0.943738060816143,144,0.5892910094082626,574,0.725855229698315,394,0.884126762511782,75
5943850.0,1797050.0,1,0.9999998179264306,907,0.8891068198008429,818,0.7194631513297046,548,0.5996825528108201,1932,0.3285966344936283,4612,0.5529896879432877,1087,0.9603736331519815,745,0.9149834659663664,720,0.5892792369392965,575,0.5596711509900425,2329,0.8158082163597602,292
5945450.0,1795850.0,1,0.999998409547284,1119,0.8896369579404212,779,0.7228518644124935,467,0.6166371278922756,741,0.26871934241798895,8301,0.5302533465376609,2798,0.9601050046675933,762,0.9122478674130111,806,0.5892253886210098,576,0.39806837708417053,6958,0.5071030929771704,8119
6009550.0,1732050.0,0,0.008364450514458454,5092,0.6008237444479531,7327,0.5817892661292023,3754,0.6240408679127617,500,0.5535514076102885,112,0.6164428649850556,80,0.6193119243704464,6331,0.6676861987447164,3805,0.5891262233751993,577,0.720717409791014,423,0.8090907602731515,339
5970250.0,1770450.0,0,3.6695272981850746e-07,14064,0.6022057327009225,7266,0.539367052747355,6726,0.5870278674688372,3960,0.34763949905888536,3760,0.5349818606834918,2319,0.6163054511891326,6463,0.645531543558722,4621,0.5886078324069872,578,0.5602544358682102,2321,0.6597669831540943,2622
5944250.0,1797550.0,1,0.9999992461738532,1062,0.889199561057254,816,0.714182348360018,674,0.5950712245254067,2540,0.2540594795451793,9320,0.5147372279575819,4928,0.9591880099204844,808,0.9067555527578505,933,0.5885795355161583,579,0.3728002845156787,7745,0.5852994121788876,5169
5996850.0,1749350.0,0,0.0030082469485049057,6128,0.4819306749553989,13192,0.5231781892324868,8117,0.6257691663846603,446,0.4196399012175054,1544,0.5825960759308209,364,0.4690429396688791,13129,0.5260186041952398,10291,0.5883827233615541,580,0.6427865421270109,1058,0.7552552430818866,827
5988550.0,1754850.0,0,0.00046780523732234375,8115,0.5624271767038724,9322,0.5423622964722499,6479,0.5923865614998118,2978,0.37357837163358754,2754,0.5301647276457919,2808,0.5520248526384665,9426,0.5987096015227307,6587,0.5882223688253583,581,0.45364459486539965,5211,0.6861923207564118,2019
5983850.0,1757250.0,0,0.0020333506329676837,6556,0.5844888481657303,8151,0.5608926825923515,5115,0.5864447079148893,4079,0.43976450337138834,1180,0.5573586922286403,920,0.5877508946965457,7737,0.6292664710038915,5277,0.5880268148828861,582,0.6991050383222341,557,0.7907390797409397,454
5908250.0,1747450.0,0,0.06252117958673466,3179,0.6865302038960612,3078,0.620668650810084,2122,0.6242942147965512,493,0.284119604782602,7176,0.5660824075349775,658,0.6920502357129708,3143,0.7299552575040789,2191,0.5880211827112938,583,0.4746705742088969,4553,0.7568515531400362,811
5981150.0,1752650.0,0,8.665197163677753e-06,11973,0.3500099494129866,19724,0.41864320343355943,17360,0.594507729918803,2623,0.5437865741493497,145,0.5687684555438965,594,0.34548829517545054,18744,0.4153637340523644,16804,0.587987708999191,584,0.6897761320514137,628,0.7367639334575817,1095
5986650.0,1751650.0,1,0.9999999954836276,585,0.8967788508627745,334,0.7191349257660249,559,0.5996604375284704,1935,0.44371489517503937,1104,0.58482488358075,341,0.9691005973838869,321,0.9301268129991682,317,0.5872519552363662,585,0.748783878693685,275,0.8223998691594151,262
5902950.0,1740850.0,1,0.9999999969321614,567,0.8874856995343607,900,0.7159336922841296,629,0.5794292382749184,5642,0.4210373513016263,1512,0.537290662354852,2085,0.9565360984298867,940,0.9357069372889644,217,0.5870421947341802,586,0.7013657716914958,541,0.722055542989444,1334
5976450.0,1776350.0,0,0.005752173639142134,5490,0.5723747244019813,8779,0.5463338717985701,6166,0.5955109219684865,2454,0.32365263865172744,4841,0.540362026067166,1858,0.579958330313923,8106,0.6186754022641332,5722,0.5870124421536242,587,0.450862590286522,5304,0.6904610506232646,1920
5987250.0,1751650.0,1,0.9999998610318177,876,0.8978943105695808,240,0.7228584780320574,466,0.6155944840297765,778,0.5911088938370224,35,0.6071787461610842,152,0.9688265594977872,340,0.9318484715485862,286,0.5867086654942991,588,0.8403512359679697,55,0.8124106516662648,317
5983550.0,1764550.0,0,0.0005048280476088404,8033,0.47596045287900374,13457,0.5251522355165775,7960,0.5724131167083282,7491,0.35190401059924825,3562,0.5361200926960751,2189,0.48811820512148385,12244,0.5564003817503234,8634,0.5864052084491194,589,0.4795584489423288,4398,0.7193945320874072,1390
5987350.0,1758750.0,0,0.00030104541533605125,8536,0.6587146816325246,4391,0.6101613437665796,2480,0.5706555814671344,7996,0.4239836322015726,1452,0.5391714448899505,1943,0.6602151231548437,4459,0.7036507550773603,2718,0.5864049997069876,590,0.641640379839704,1071,0.8066409144183794,350
5881750.0,1784650.0,0,2.7609194381503327e-09,16617,0.6545138054040349,4623,0.5558097376446902,5464,0.5822688750672611,4989,0.3331909137481511,4411,0.5124957229802385,5286,0.6767201148658886,3740,0.6214386811243849,5612,0.5861370564482625,591,0.4763238775123967,4500,0.570239207735197,5792
5903650.0,1741050.0,1,0.9999999956914201,580,0.9137502269774922,60,0.7114660435100348,734,0.5815152512546341,5167,0.28547826120041936,7103,0.5374552433475904,2073,0.9923548479418315,41,0.9577784896178136,57,0.5860589661877376,592,0.4628919879096026,4905,0.7656940096132079,724
5989350.0,1754550.0,0,0.00015490516013224096,9279,0.4360156594029154,15412,0.5200856372491797,8401,0.5782768673475948,5907,0.4076222615431498,1803,0.5703283714418028,556,0.45702439802973593,13676,0.5460412834579248,9205,0.5858725116716489,593,0.723901778870046,405,0.9023667346323868,54
5986950.0,1757450.0,0,6.786114339009356e-08,15012,0.37783325518522604,18366,0.41887575975964797,17346,0.5841509142114807,4558,0.35628340774128014,3391,0.522369121808792,3768,0.3590139890736952,18160,0.42411803066327347,16320,0.5858415905230812,594,0.47870005094246715,4426,0.6411646265223165,3155
5909850.0,1758950.0,0,0.1592948535185185,2472,0.6869118866745824,3058,0.6154339754390928,2285,0.6166739617399403,739,0.5086109712522509,364,0.5922674268087491,257,0.6954294874125387,3035,0.7302246126215479,2187,0.5857595819382337,595,0.7391385678160932,319,0.84149268343167,168
5985350.0,1762350.0,0,0.8655578281859614,1602,0.7355008815811199,1715,0.658013192411875,1367,0.5751838546490986,6711,0.38172286953795564,2460,0.5534151131040173,1074,0.7552003550755885,1729,0.7901215895494436,1603,0.5856665937562437,596,0.6142554002607448,1423,0.8072699735717028,345
6037850.0,1697650.0,0,0.012154657472575794,4732,0.45474914816370626,14542,0.49477408461267863,10702,0.5856069966192798,4259,0.3285159511500631,4615,0.5185702966567866,4312,0.4653769917237649,13296,0.5213164707624768,10554,0.5856089668718862,597,0.5023224105624141,3727,0.7091470095957841,1561
5945950.0,1795550.0,0,7.15920483444335e-14,20462,0.674526076630316,3589,0.5623775092000607,5006,0.6025021670320732,1624,0.3493184550225742,3675,0.5172864449723249,4508,0.7001743463882728,2847,0.6298623002743662,5254,0.58560658653017,598,0.5368815907292744,2845,0.4508838535647415,9894
5909950.0,1755150.0,0,2.141680487237222e-08,15619,0.4441120753800851,15045,0.44409670235484816,15319,0.5850174366897802,4384,0.3642061871965672,3089,0.5261631818417232,3259,0.4235773903375254,15195,0.4719313831827646,13488,0.5855147465055704,599,0.5798946545480536,1955,0.6234613083335767,3695
5993350.0,1749850.0,0,1.542977580733016e-11,18792,0.45579609538061455,14483,0.4522011285084766,14588,0.6144176334916369,836,0.47076329700282654,726,0.5758751283486675,462,0.42432030216358974,15169,0.4699610241238198,13605,0.5852721086003809,600,0.7177626588275114,443,0.5837910647113905,5236
5985750.0,1761350.0,0,0.0005014836327337006,8045,0.609027683216029,6909,0.6113863594959081,2434,0.5624999555696393,10301,0.3534567108171067,3504,0.5249441465187412,3429,0.6422162331365161,5285,0.6987509055460116,2843,0.5851750816801422,601,0.4673312279371087,4788,0.7145363624227181,1463
6005250.0,1733550.0,1,0.9996616835666332,1248,0.7915585872426724,1311,0.6840837639447014,1128,0.630517832067935,309,0.5420347815552542,153,0.5969719813691191,226,0.8225941010999966,1318,0.8457862733260744,1261,0.5850990997810135,602,0.6609410115851903,889,0.7490758642135636,923
5984550.0,1763150.0,0,6.120722725398121e-06,12234,0.5047385682032638,12087,0.49575424484643965,10604,0.5560477349859211,12787,0.37260238606761015,2795,0.5116635157232795,5431,0.5117405738972266,11205,0.5614639142586606,8392,0.5848588821904228,603,0.5263598763290877,3070,0.6821281529825391,2099
5905350.0,1754150.0,0,0.00674441215207722,5307,0.6368562641209278,5493,0.5770407741182895,4046,0.6011467375991736,1791,0.5134553094487915,326,0.5749031914924106,476,0.65443101928215,4741,0.6964872633585666,2903,0.5848430638874842,604,0.6836455237011927,689,0.8035232144125642,368
5988350.0,1755250.0,1,0.9999999999999709,8,0.895652145289961,420,0.7409388597160681,111,0.6060648198201545,1307,0.44505242212091045,1078,0.568695125527778,598,0.9753347467752354,114,0.9348162941811274,229,0.5847915773310498,605,0.6922539819518454,608,0.6576507196311712,2673
5908450.0,1752250.0,0,2.6066361800289066e-07,14266,0.4134800836720889,16596,0.4254476690094813,16845,0.6049121740831058,1404,0.276615913655772,7736,0.5358390234519674,2217,0.3942035756978459,16539,0.44584426855473946,15033,0.5847697018241881,606,0.4189842124077662,6328,0.6537611738304524,2788
5944450.0,1797450.0,0,2.6415734798624833e-13,20137,0.5082033777020393,11904,0.47764926497780463,12335,0.5966922937966417,2305,0.29298234664229567,6601,0.5148371331244749,4907,0.48415897663273155,12430,0.5217049039085424,10533,0.5846300733767211,607,0.4077913789539499,6664,0.5832632603973983,5268
5987050.0,1755750.0,1,0.9999999999990747,71,0.8900495850739227,744,0.7269730984634267,372,0.5965063738999736,2320,0.34230088450654644,3990,0.524664930083517,3465,0.9601364838638454,760,0.9166027471176198,666,0.584474869836171,608,0.5073748367177058,3595,0.4886163314589448,8708
5985950.0,1753150.0,1,0.9999999992902093,463,0.8984828017198636,196,0.7228628945674206,465,0.5903851865158368,3327,0.31064861805446414,5557,0.5243385271030764,3505,0.968269719482079,361,0.9211164109129939,533,0.5844454779333705,609,0.39932304198159185,6922,0.6759936796137881,2237
5904550.0,1773350.0,0,0.0001901173328409318,9076,0.49415067147308284,12596,0.5000240070593368,10213,0.5767973795171697,6290,0.28578952156506066,7085,0.5001339157441592,7556,0.5000297505720657,11710,0.5469247108512431,9155,0.5844172355557447,610,0.41642908701637205,6423,0.6621564738517349,2557
5906950.0,1772850.0,0,2.4132934892325944e-05,11139,0.35959610070015147,19240,0.4174810347387331,17440,0.5800298517439139,5506,0.35431019453133916,3473,0.5233612856947167,3639,0.3607426532435073,18082,0.4263688279485327,16172,0.5839524059548461,611,0.5179200041871532,3277,0.712248358276389,1512
5987850.0,1750450.0,0,0.00019400829890501954,9053,0.5095087303967701,11836,0.5157433742192655,8782,0.5975473654071846,2191,0.5803886701355537,46,0.5774008251320648,434,0.5032805068538981,11561,0.5534361231601339,8796,0.5836063645088004,612,0.7263157110877179,390,0.7508883330820433,897
5907950.0,1742750.0,1,0.9999998278078627,899,0.886797542445652,935,0.7116012027925658,729,0.6041307520151418,1472,0.27736954388526724,7688,0.547833283656708,1348,0.9578562432661644,879,0.9374418196550631,193,0.5835146219502342,613,0.48717474441012054,4164,0.787030270760468,492
5905550.0,1756450.0,0,0.01140732085504329,4802,0.7021451671446353,2476,0.6272334262579431,1954,0.5858151884377403,4211,0.38535396584717313,2335,0.5212562443128425,3935,0.715988007009493,2371,0.7453245393758314,1970,0.5834095707322948,614,0.6324430431597712,1194,0.5322750374922545,7279
5949750.0,1795050.0,0,6.240454418202936e-05,10241,0.6537166216811039,4667,0.6158474713622494,2272,0.5971444469652957,2257,0.3870836871549319,2300,0.5659824379757631,666,0.6540468239156929,4756,0.6975579911580624,2874,0.5833336595158415,615,0.6400154725275602,1090,0.8048933918280483,358
5987450.0,1755350.0,0,0.00027762503076485717,8639,0.5071891668299401,11962,0.532686617983013,7287,0.6067547410230375,1267,0.3949030469945428,2079,0.5776565838812746,429,0.4951770584702355,11933,0.5624893770904535,8326,0.5832421235226968,616,0.6196747512308471,1356,0.8100607856091326,334
5986550.0,1754750.0,1,0.9999999999811382,229,0.8895308156522552,787,0.7145434169054449,662,0.5673072026376603,8898,0.3325115700469004,4438,0.4983429880693763,7890,0.9594317234083785,799,0.910491343256391,850,0.5831255513915932,617,0.4550429686702876,5161,0.555738723101506,6359
5946350.0,1794450.0,1,0.9999995034868986,1016,0.8889469581125218,825,0.7164697195083455,621,0.5910691659129865,3211,0.32895057850653076,4591,0.5506517936424542,1178,0.9607577529853195,724,0.9154608200672004,706,0.5831202688447932,618,0.5557069853001536,2407,0.8173392401205425,282
5988750.0,1752750.0,1,0.9999999999784739,236,0.8892664059094074,807,0.7200957663557714,532,0.5812091261047084,5245,0.3557157595835493,3415,0.5469649753169377,1406,0.9573741535708534,897,0.9034350262211284,1007,0.5831021264680181,619,0.5972396701389624,1666,0.7839442318246358,514
6005150.0,1731950.0,1,0.9988634559777687,1279,0.790678829518446,1326,0.6658886035422786,1263,0.5955361632079477,2451,0.250072554557188,9620,0.5149400939547661,4888,0.8200494719438418,1370,0.8262790811229055,1332,0.5830903817493557,620,0.39192822334618893,7158,0.6408261150362444,3166
5906350.0,1750750.0,0,0.00042904204591036115,8191,0.6828878306354748,3221,0.6165426883115332,2244,0.604973224117248,1399,0.4348715363924821,1251,0.5457548733901565,1498,0.6924285382040827,3131,0.7291004212784051,2203,0.5830125119172085,621,0.599748724027229,1631,0.5318903766124154,7292
5903550.0,1770550.0,0,5.083407589650508e-07,13872,0.3056257437439033,21265,0.373697550231802,19926,0.5860016790050894,4170,0.37101164983053486,2851,0.5290590319136712,2919,0.30108712937606685,20481,0.36805941069185844,19012,0.5826056066252463,622,0.5786929326938492,1981,0.630581459679719,3465
5907550.0,1742750.0,1,0.9999972449270885,1147,0.8859212474395214,989,0.6901394290169238,1058,0.581519027000671,5165,0.28431513789369667,7167,0.5300880052291241,2818,0.9563910408345324,947,0.926254050504575,397,0.5824907783352143,623,0.41670647412023565,6413,0.7366803832539541,1097
5904950.0,1740950.0,1,0.9999999999721125,254,0.9155876957824737,27,0.7332647777292489,248,0.5969542476134111,2278,0.35632074721479134,3388,0.5537484758841394,1053,0.9935179465110316,22,0.9679652535871238,25,0.5821339624037308,624,0.6519989945848023,974,0.8618284769184191,115
6008150.0,1732950.0,0,0.001057716109782105,7244,0.476782034647518,13416,0.5359114809689142,7019,0.6204536262106779,608,0.4115615927801018,1723,0.593276324733725,251,0.4791590060681499,12681,0.546916457715313,9157,0.5819074501332129,625,0.6595344303669477,903,0.7917271971428854,450
5944050.0,1799250.0,0,0.0004981574525162492,8051,0.7359976709369164,1708,0.6535121858207644,1440,0.597100981994547,2267,0.3115180251190401,5508,0.5491092798941568,1274,0.7546227162901339,1736,0.7856436805157526,1618,0.5818255614646395,626,0.43652365844612806,5803,0.7229177387663603,1311
5997950.0,1749050.0,0,7.920940485235135e-08,14918,0.6699630088021583,3813,0.5722017127370299,4371,0.6284263050846753,369,0.3908635795498782,2200,0.5643422093200916,704,0.6700557425107994,4019,0.6220562051551077,5591,0.5815388301591089,627,0.613086139968783,1439,0.6070014947140541,4291
5908550.0,1770850.0,0,9.666369187905373e-09,16034,0.6961705865271535,2705,0.5919785305284279,3208,0.6000718380984432,1891,0.47507119977749035,679,0.5609241683445634,799,0.7136515056970347,2445,0.6692530948101146,3751,0.5813732384958067,628,0.7551853925216004,248,0.6656156032393395,2481
5908350.0,1772750.0,0,2.469181785164009e-06,12867,0.5626906282993219,9308,0.546893232440605,6133,0.5749048394364866,6792,0.41413704899671666,1657,0.5351812497909765,2295,0.5647946658406533,8830,0.6135990360169531,5927,0.5813718909898533,629,0.6837691820111592,687,0.7435605450895547,995
6007550.0,1736850.0,0,5.958136838959817e-09,16279,0.3456899597290909,19927,0.39803171004367194,18724,0.6124607874002377,939,0.45833255625893576,892,0.5568205674313846,939,0.3181689274106272,19844,0.3755808834873504,18695,0.5813146830238368,630,0.6354514025224538,1160,0.5921540739030786,4881
5943950.0,1798050.0,0,5.54736555627064e-05,10351,0.48498186935864274,13043,0.5295434565907174,7568,0.6042472527854409,1460,0.28104718225162706,7402,0.5320878818433786,2584,0.5037450789496739,11545,0.5682340194080988,8035,0.5805483268729708,631,0.4266595236506723,6089,0.6177144951959972,3893
5883050.0,1782850.0,0,0.005723141648607136,5498,0.454531599356383,14553,0.4998984038852909,10223,0.5983725290759679,2093,0.3424581251268424,3987,0.5299004451452589,2841,0.4558433949935925,13726,0.5195758926310075,10657,0.5805339401476235,632,0.46118953936090723,4959,0.7038294388590385,1670
5949250.0,1795350.0,0,2.0557793746382052e-08,15647,0.39796615430317933,17337,0.4402547267410605,15648,0.5936280501556831,2772,0.4238880839377072,1453,0.5454226968262497,1519,0.3773540634266468,17341,0.43964969654990604,15398,0.5803555060222959,633,0.6718412274125922,790,0.7334037648598222,1148
5979650.0,1776350.0,0,3.7549011949550425e-08,15303,0.6235146790021399,6199,0.5272373228856992,7786,0.5756576468027231,6603,0.3631128905434346,3143,0.5269252913314156,3178,0.6123050355902049,6648,0.609329528679778,6115,0.5802065276762841,634,0.586657804470204,1836,0.6459660167270829,3009
5903550.0,1740350.0,1,0.9999999999979667,105,0.9157736929939227,23,0.7335640897045879,242,0.5879720943579153,3754,0.3749600071073482,2707,0.5385331924752884,1984,0.9924907077058491,40,0.964369362178779,32,0.5801556802047948,635,0.6559160927814143,944,0.6683332803324863,2407
5989950.0,1752150.0,1,0.9999999996130515,414,0.8967123362959178,339,0.7237579497028068,449,0.6313207478531926,291,0.3564343114935901,3383,0.5606784651498948,801,0.9710210151869278,233,0.905794400819968,960,0.5801443224637775,636,0.41063738719986964,6580,0.6869718398115812,2004
5999450.0,1749950.0,0,0.002857491631097682,6189,0.683899910152605,3181,0.6185551310504414,2184,0.6467958251461033,62,0.5085612234478165,365,0.6175550351901079,77,0.6752523617818301,3799,0.6969563740139716,2888,0.5801044155699372,637,0.7337454261798804,342,0.7738302451121808,624
5900250.0,1770050.0,1,0.9999997289668119,955,0.8425705907722026,1227,0.6992100634217701,942,0.6008275989333554,1818,0.270533157387221,8155,0.5241102268089695,3532,0.8997621151868213,1228,0.9152828172046171,711,0.5797077191328784,638,0.44819125307760976,5390,0.6549329566023236,2744
5887550.0,1782050.0,0,1.1363816447092972e-05,11773,0.6436177246288144,5161,0.5719675263796119,4384,0.5708734645647472,7926,0.33289063440594163,4425,0.5266114021125734,3212,0.657845291133907,4571,0.6902912953596163,3108,0.5794216069315369,639,0.5003852405209874,3791,0.7355870495438497,1115
6006950.0,1737550.0,0,0.0002880717791525426,8592,0.483839613610022,13102,0.5118485590707819,9119,0.5838853189108804,4616,0.31226538570452655,5464,0.5104974335094465,5631,0.4928554080493991,12037,0.526328576479927,10269,0.5793653777981357,640,0.43432516606093285,5856,0.5122955176922699,7952
5943950.0,1797150.0,1,0.9999999900120476,638,0.8954931759063097,436,0.7245362540230548,429,0.5969285731261789,2279,0.37010265546907506,2887,0.5252145414170761,3381,0.9730955690349756,170,0.9168225101207818,658,0.5793652107582516,641,0.5878939965145604,1815,0.4650956690780077,9438
5979650.0,1771750.0,0,0.06622569812041794,3132,0.6000714537930066,7357,0.5729747237894728,4320,0.5791373801744792,5704,0.30232298032376964,6047,0.5275197336351557,3104,0.6210949536221444,6260,0.6564310833923821,4228,0.5793457980502165,642,0.44318693234108786,5588,0.6931078168967644,1868
5986650.0,1750350.0,1,0.9999999866849947,657,0.898828628580477,166,0.7261305812699995,397,0.609695215338927,1085,0.5046415298483959,388,0.57243572119955,519,0.9647244567377854,522,0.9193927032567751,589,0.579274439345814,643,0.7029198580508857,534,0.7984163299550457,401
5987250.0,1751550.0,1,0.9999998470295789,887,0.8963217642321929,381,0.7198212042825566,538,0.6112410642691355,1002,0.5701194516385584,61,0.5991622715761737,218,0.9633569236617233,599,0.9206631287329182,546,0.578685819286638,644,0.8170668749437161,85,0.8031359709729173,370
5988050.0,1752650.0,1,0.999999998965956,490,0.8914120625699862,655,0.729046616289276,320,0.589762568289007,3446,0.6261239289466066,12,0.5902673861621534,281,0.9602438115017765,756,0.9187548215785034,607,0.5784430601002629,645,0.9173878368677535,9,0.8165937466621321,285
5985950.0,1754050.0,1,0.9999999999844458,215,0.8979826406759122,233,0.7236859415214854,451,0.5748308185274367,6811,0.4322357033666699,1308,0.5217024790586741,3869,0.9661756131168413,451,0.927128904158491,374,0.5783820496374904,646,0.6047508670021171,1552,0.6007597999928418,4548
5905950.0,1752550.0,0,0.0048026321851319395,5667,0.5271613954780053,11021,0.5306028283272282,7474,0.6013393143876777,1768,0.34409707632520503,3910,0.5629901079826457,739,0.5291932400340889,10425,0.5730372417052391,7815,0.578314793823843,647,0.6104688939548258,1477,0.8012420357241703,382
6038850.0,1692650.0,0,1.2763078638443356e-06,13307,0.5121075629339981,11714,0.48068125890610086,12049,0.5959119754855083,2401,0.3380001343393727,4184,0.5320692440191895,2586,0.4855231650058769,12359,0.5084775136348216,11315,0.5782281363457874,648,0.5442773099618095,2676,0.6986997553822175,1770
5986850.0,1752150.0,1,0.9999999834119011,676,0.8973083505806231,297,0.7196615039817529,544,0.6096211346456407,1088,0.36346679799163445,3127,0.5711283765374708,541,0.9688641732547105,336,0.9265454957532296,386,0.5780692829824686,649,0.5365022645430875,2853,0.7790291949390873,564
5987950.0,1755350.0,1,0.9999999999969926,120,0.8893804329305071,796,0.7221218875192169,487,0.5842227194867216,4539,0.35654960785789647,3378,0.5512736608476557,1153,0.9611596133070741,704,0.9214492207776007,530,0.577975733922075,650,0.54082074898111,2751,0.7999809183240723,385
5995950.0,1748050.0,0,1.0434592268444475e-06,13424,0.5396103269186519,10408,0.5156515165730104,8791,0.6504461568866579,38,0.3159060182886052,5265,0.574427043012174,488,0.5257052032287706,10602,0.5625891381839117,8318,0.5779637397012836,651,0.487491186543935,4152,0.6872613511637016,1995
6037850.0,1695450.0,0,0.27883348834667776,2145,0.6183732627262023,6459,0.5681887050930844,4627,0.632343616403945,266,0.36875761232847043,2927,0.5664722935374028,645,0.6375425629881526,5495,0.67277022339691,3620,0.5779200901562765,652,0.4285910884556604,6030,0.6963820008692192,1805
5986350.0,1754250.0,1,0.9999999999980147,103,0.8907825729275572,696,0.72091888227816,510,0.5711653183043611,7852,0.47717744994018757,655,0.5193446462871962,4191,0.9606982891773702,726,0.917336045001085,641,0.5777827731544547,653,0.6393967235861722,1101,0.47690189253328497,9055
5903350.0,1740750.0,1,0.9999999944292204,599,0.91356732013204,63,0.7135897964731631,692,0.584684765478031,4462,0.27792671155711873,7635,0.5397289212371239,1909,0.9921607836414837,48,0.9582183548459984,55,0.5776632814178287,654,0.45689617497105317,5112,0.7627865435851866,750
5986150.0,1752550.0,1,0.999999999818461,351,0.8977975629194469,253,0.735657334160292,205,0.6073328081192655,1237,0.42487728796836527,1429,0.58533522069063,334,0.9693677541390873,301,0.9343459225491458,237,0.5776258272252186,655,0.7048614024828678,519,0.8159033536155453,290
5987150.0,1751650.0,1,0.9999998979700107,845,0.89844705626755,200,0.7221391755978182,486,0.6192828201250964,651,0.498552105354789,455,0.5883784951053742,301,0.9688342356744939,339,0.9269275933151706,380,0.5776048397354836,656,0.7416175366240815,307,0.7958707554548117,421
5987150.0,1755550.0,1,0.9999999999988547,83,0.8892324447913922,815,0.7165994216855684,618,0.5603834434630873,10925,0.369827130971762,2893,0.5064789994850017,6405,0.9593704322612353,802,0.9129066370814009,773,0.5775470628717212,657,0.5698523768477008,2144,0.6007627029278036,4547
5998650.0,1741850.0,0,0.01045541259503721,4884,0.6096639288080906,6868,0.5888336527631034,3372,0.5688110188963904,8519,0.32335768098312484,4855,0.514539562424806,4972,0.6291120365171701,5848,0.663402426156743,3956,0.57743655305471,658,0.5124057682544658,3440,0.7171460594114436,1430
5986550.0,1757650.0,0,0.00021716978605181077,8912,0.6411306261988378,5268,0.5876485922573441,3434,0.5654160033476228,9452,0.3422260601275831,3993,0.5106387152854105,5604,0.6580915884548517,4553,0.6972541813043224,2882,0.5768768401929474,659,0.4484445561419237,5383,0.6991115380482795,1762
5987650.0,1755050.0,0,0.00019840262810627576,9017,0.5112428185303132,11751,0.520854768604977,8331,0.5623671201582436,10337,0.3472866461738218,3782,0.5192740517493696,4207,0.5097338209491508,11274,0.5658634542470149,8150,0.5765953715824857,660,0.5212640490044804,3196,0.7385952494901034,1065
5981150.0,1753350.0,0,5.474514586073746e-08,15120,0.5600130052393856,9447,0.5240410623967225,8049,0.6151099167580579,796,0.44469437595524586,1083,0.5466918045200503,1428,0.560299268159081,9044,0.596717113605869,6668,0.5764208673442486,661,0.6005123210867911,1614,0.5215575188433311,7651
5972450.0,1772750.0,0,2.608134015679082e-08,15506,0.3115977354518372,21134,0.3804057678611919,19640,0.5875228080331114,3842,0.35855546648494085,3302,0.5354603815725701,2258,0.28887763189297466,20830,0.3532856570132308,19568,0.5763376790738524,662,0.551963800977142,2494,0.6338721709689081,3373
5908350.0,1752950.0,0,2.1157516101287538e-05,11277,0.5473865019695136,10058,0.5300922612314294,7521,0.5847057569168883,4457,0.4309688070292828,1326,0.5537992781981167,1049,0.5557499283763235,9255,0.6072940226005676,6215,0.5763194017558786,663,0.7218229315154391,416,0.8193865031451155,274
6008750.0,1736750.0,0,0.003972706264993908,5850,0.49008852258782337,12796,0.524986067694522,7972,0.622018004838154,559,0.4898358543868273,538,0.6027047928702789,190,0.5042902517868482,11524,0.5644329741097236,8222,0.5763165883932226,664,0.7249135770515611,400,0.7984415008823,400
5984250.0,1758750.0,0,3.027186115651465e-07,14169,0.5459321160586231,10105,0.5056160961086159,9674,0.5560825066184907,12770,0.33879581679581605,4145,0.49914614090073445,7737,0.5437595119358035,9798,0.5804731413750488,7480,0.5763140648730637,665,0.47371225622905344,4587,0.6551202543234826,2739
6034050.0,1711050.0,0,0.006614192768405587,5332,0.7347200485327818,1728,0.6994829675922324,936,0.6591391874331508,15,0.5969189669231744,26,0.659381555663423,2,0.7735578002310526,1605,0.8224969920881602,1365,0.5760337221001953,666,0.8857999950608562,21,0.5728000020865377,5699
5885250.0,1761850.0,0,0.018713699107256506,4269,0.6680691456956415,3911,0.6215863298688434,2096,0.6066879425220087,1269,0.3624974045120511,3171,0.5674470598128244,630,0.6745292104720088,3832,0.7165177711953912,2424,0.5757468098540401,667,0.6287198075964472,1242,0.765851050956716,719
5946450.0,1794450.0,1,0.9999996901709424,965,0.8889002731705692,829,0.718949129374909,570,0.5934785326702551,2795,0.3628227415804755,3155,0.5643840055795264,702,0.9612150097767298,702,0.9189563857303779,600,0.5751185810410704,668,0.6372356532816245,1135,0.8451890214614701,155
5983650.0,1766850.0,0,2.946285036527335e-05,10961,0.39443173656476055,17517,0.45129203677886254,14669,0.5846066897642348,4483,0.36162847838411083,3202,0.5115803248034605,5444,0.40616568576833556,15977,0.47270643591639483,13448,0.5750670798603466,669,0.47299853511313494,4612,0.6674247366658285,2433
5986550.0,1753350.0,1,0.9999999960366102,577,0.8996164778341341,130,0.736419683782501,192,0.6167020725687516,736,0.34909434300885567,3687,0.5656022952629509,673,0.9702106295457683,266,0.9325125671384084,276,0.5750653114872726,670,0.4263453414553391,6103,0.7040116647559007,1662
5972850.0,1774250.0,0,0.012676409279383351,4683,0.5612058036360598,9386,0.5680072809099631,4642,0.5954545427523757,2460,0.42846749116887173,1378,0.5652233475820704,683,0.5870051978418505,7780,0.6414066786824918,4806,0.5750190803744033,671,0.6857577674036675,667,0.8142093189551454,300
5986450.0,1750750.0,1,0.9999999977863634,540,0.8964047431625995,373,0.7189010504398476,574,0.5858350075478992,4210,0.36199110961557446,3187,0.5367927393650235,2130,0.9630561505792412,610,0.9134302705212531,763,0.5749777980117493,672,0.578970861179626,1974,0.7700296185226835,672
5989050.0,1760850.0,0,0.00044166507447814695,8170,0.5887794895615451,7920,0.5860228421162104,3519,0.5765706825631373,6348,0.4019097450774163,1926,0.5471601518536366,1394,0.6128884922626658,6620,0.6718868605371496,3653,0.574600932799155,673,0.6006242178254797,1611,0.7999523072433609,386
5944850.0,1795050.0,0,0.004156049598518852,5808,0.7335012083564197,1737,0.6676093649112319,1250,0.5885888616521094,3655,0.29282759085298093,6609,0.5442564921775247,1590,0.7800373544207507,1571,0.8199846098346892,1398,0.5745129009409307,674,0.4286077327414326,6028,0.7356895513806326,1112
5903350.0,1752450.0,0,0.9704231988417534,1485,0.7236760600190546,1913,0.6497795661136326,1519,0.6306027766515039,306,0.42440079339985487,1443,0.6004075490908222,205,0.7546677038349615,1735,0.7986300002317183,1582,0.5744437823759744,675,0.6399702617077192,1092,0.8137085772477184,310
5979050.0,1772450.0,0,2.9917709687772824e-05,10949,0.5764672677644925,8585,0.515036831577118,8842,0.5806217865955019,5380,0.37230352259628285,2805,0.5161713142135975,4689,0.5855427377495543,7859,0.5953490263771355,6735,0.5743803547653528,676,0.4682769032591495,4754,0.6716933018377292,2340
6005750.0,1760150.0,0,3.4766242699735104e-05,10792,0.42258563420811196,16123,0.46115869515825675,13794,0.5817691337754824,5098,0.34065319894276264,4058,0.5270990553539855,3165,0.42453317413134517,15162,0.4879787998689388,12561,0.5740328000447251,677,0.4706959692955184,4683,0.7193135619261661,1393
5900350.0,1770050.0,1,0.9999993583643165,1043,0.842095616096485,1231,0.6942817608192497,1013,0.5865011061833505,4062,0.2546242025426559,9283,0.5007373097273119,7434,0.8984106222549894,1229,0.9090956249879336,880,0.5737015808966337,678,0.4273148610055979,6065,0.474559208099967,9130
5907950.0,1741650.0,1,0.9999998594858555,878,0.8868695484656082,929,0.7034630489195246,877,0.5863939781701669,4085,0.22818327597945937,11162,0.5148250488492196,4911,0.957112140815184,905,0.9304076932194958,311,0.5736389047522701,679,0.3654695491725295,7981,0.7009103960326843,1736
5906150.0,1772850.0,0,2.8503417200442522e-09,16601,0.4217848839820851,16155,0.43854641177350656,15775,0.6084053714337716,1171,0.3655571031334837,3038,0.5312153487087792,2679,0.4234808567620316,15200,0.4801616016624781,12981,0.5735535666893815,680,0.5438756120925796,2687,0.5589624052428122,6236
5986450.0,1754850.0,1,0.9999999999833586,221,0.8898001340788203,766,0.7242242982890075,438,0.606611422672631,1274,0.2883055019863395,6917,0.5279216130004805,3044,0.9603565558236261,746,0.9162570542536159,680,0.5734126316919825,681,0.37535116478707575,7663,0.6448388609881538,3042
5987150.0,1750950.0,0,6.012380432844944e-06,12252,0.5161925816886536,11522,0.5512638722148046,5793,0.634246475568677,214,0.599460910850545,24,0.6160793057783824,83,0.5337692260735234,10241,0.5855354019174306,7201,0.5731422980333053,682,0.8269419557348126,75,0.7802781570596642,549
5880250.0,1782650.0,0,0.000674769829295039,7735,0.5509548550143589,9888,0.5406773915197373,6616,0.5846256645742737,4479,0.3256425466793608,4747,0.534037330681238,2400,0.5694586903655054,8596,0.6208090131838764,5636,0.5729311755604531,683,0.4665267304078591,4813,0.7238382687512532,1297
5943850.0,1797550.0,1,0.9999999599872762,757,0.8956214243342466,425,0.7231244541640743,462,0.6123957507597086,941,0.27260115647442335,7994,0.542022658766181,1735,0.9744541186643764,133,0.9200212078308988,567,0.5727344329757589,684,0.37636591282689114,7640,0.704912219892791,1647
5988550.0,1751850.0,0,0.0021101871718402954,6515,0.4225574434226643,16125,0.48365364211406575,11759,0.5804318406971631,5424,0.3724582805832534,2801,0.5263406354282348,3243,0.41622134705161196,15530,0.4755658100856395,13271,0.5727175406365554,685,0.44810820141975194,5396,0.6622999148727653,2553
5908950.0,1740050.0,1,0.9999999995957407,418,0.914723942407006,37,0.7150481407932461,653,0.5766961617743386,6318,0.4198399593465131,1536,0.5245622320429901,3479,0.9923168202066169,43,0.958955726783832,51,0.5725465027185677,686,0.5887824823168298,1798,0.5730736581993083,5692
5989650.0,1754150.0,1,0.9999999999708278,257,0.8968903960449153,326,0.7270664107027587,370,0.6113693033523145,996,0.34988717924326845,3655,0.5596282200001076,843,0.9721548680009175,207,0.9111300635210932,832,0.572485873972109,687,0.42802099844406616,6046,0.7023161663253437,1700
5971950.0,1773450.0,0,0.020812816766547747,4161,0.687258670836583,3048,0.6332875192241783,1835,0.5971557702286182,2255,0.40293492375100304,1896,0.5694746373994667,579,0.7080326743059222,2603,0.746188063109609,1955,0.572348347775971,688,0.699000107654572,559,0.8155627214405765,293
5944650.0,1792150.0,0,2.1113407104969302e-08,15628,0.5930011369602212,7699,0.5579557586517709,5317,0.5892114632055517,3551,0.46152883962940716,839,0.5647358257514913,692,0.5781785259635076,8195,0.6213875989075509,5614,0.5721958866099282,689,0.7548564344571558,250,0.7817898106474128,532
5987150.0,1751950.0,1,0.9999999641957573,748,0.8974992935654549,281,0.7158254558853002,634,0.6127754735595962,918,0.350262099877979,3636,0.5664713297878226,646,0.9682338129742007,364,0.9221295344001338,512,0.5719406303378413,690,0.494892983905036,3938,0.7523162474970821,875
5907750.0,1753250.0,0,0.024512863385973183,3998,0.6725065845142988,3709,0.6260802629250657,1987,0.5878115329481213,3782,0.3833020761165,2402,0.5421805329664426,1728,0.6869397832807107,3331,0.726985118792896,2231,0.5719066881639214,691,0.5428340439023221,2709,0.7727492439125145,634
5943850.0,1797150.0,1,0.9999999539536978,769,0.8893631323867308,800,0.7177705953779224,598,0.5958465780377109,2412,0.31996035563948305,5039,0.5178310332131817,4420,0.9588468150541215,835,0.9071288789321039,924,0.571716625090215,692,0.5105799128329358,3498,0.4581944009972867,9655
6037550.0,1696450.0,0,0.004069117354743262,5830,0.6921824870861379,2859,0.6100573164061448,2486,0.5967973875685434,2294,0.3273483018734007,4670,0.5365769039887838,2154,0.7055461580482993,2682,0.7309042349533449,2173,0.5716779015344309,693,0.4253484652239654,6135,0.6869870584265843,2002
5986750.0,1750450.0,1,0.999999994697151,596,0.8961169334871907,391,0.7359327674538165,201,0.6114145788131486,995,0.5333145817239021,192,0.6126310785110475,109,0.9646856734144458,525,0.9326409848260192,271,0.5714991874255462,694,0.7585946457392354,238,0.8423974750416565,162
5994650.0,1749550.0,1,0.9999999995868807,420,0.9176787835844544,13,0.7276513756240875,350,0.6089292655789674,1134,0.28885382872498255,6878,0.5366347529352118,2147,0.9917409073757998,54,0.9515080835667871,92,0.5713518874855332,695,0.37854591747701494,7573,0.6782980576198722,2189
6037350.0,1694150.0,0,0.0003948605006281492,8260,0.6574697761252398,4463,0.5868095639475988,3475,0.6070755014749148,1248,0.2909098804723727,6735,0.5180008103114596,4392,0.6579308849167882,4565,0.6812065830227729,3347,0.5712712630618523,696,0.381592356137319,7471,0.6295657810727073,3498
5904750.0,1740050.0,0,3.6935223988183816e-08,15317,0.4205666644177317,16219,0.42234123816318725,17091,0.6361684951077452,174,0.42856565655032647,1376,0.5700583675576791,565,0.3881820920291307,16817,0.44004338986016356,15374,0.5706834188481916,697,0.5890813888860578,1791,0.5879864414206899,5064
5942650.0,1760050.0,0,3.531088469522755e-05,10782,0.3024064836137483,21354,0.3918364599559541,19043,0.6205773436665669,602,0.49526234673463415,485,0.6011623890114223,197,0.27014799492074115,21231,0.34637448209437494,19812,0.5706723380235325,698,0.7299880860518069,366,0.7018016766522501,1716
5986050.0,1753850.0,0,2.0922533758200544e-08,15635,0.38632077701190165,17928,0.43687825763792454,15922,0.5695082437062546,8319,0.457250728967098,909,0.5242065065799235,3518,0.3835100372968283,17044,0.4550506216342389,14494,0.5706069666547624,699,0.71202744822437,480,0.6361438392414898,3301
5983450.0,1762250.0,0,3.717633750590087e-10,17510,0.40051087071150643,17223,0.42521597124300753,16867,0.5404749367633426,18210,0.41201631525488097,1716,0.5081525275581288,6088,0.37794311889078336,17309,0.43593415191122264,15600,0.5705904343028991,700,0.6082121123211445,1510,0.6219061117962628,3747
5987950.0,1751650.0,0,0.00023444684570863295,8830,0.6123555776101939,6737,0.5769141624841876,4058,0.5894351225045967,3496,0.5687241293095702,67,0.5835394544414115,354,0.6249486280030392,6071,0.6690476529769473,3760,0.5705249159385299,701,0.8140476108608721,88,0.7792866663200695,562
5989850.0,1751450.0,0,0.025521326534724723,3960,0.3711016338226418,18683,0.46061893468615,13839,0.6047749166291048,1413,0.4643756047406506,798,0.5918488342743349,260,0.3781212088231807,17304,0.455599953400478,14460,0.5704771522658338,702,0.7266430040322911,385,0.7788569499884912,567
6007450.0,1732250.0,0,0.00034355385784628605,8398,0.513455752989058,11652,0.5406662386540069,6621,0.624706933195944,479,0.38388963989354635,2385,0.5770053018853477,442,0.5160827161328931,11009,0.5571074048713762,8599,0.5704744137369917,703,0.61968402736252,1355,0.7518958344908366,886
5937850.0,1699950.0,0,0.5034392214559141,1834,0.6871350385258864,3051,0.6268989513480929,1961,0.6273661867412176,396,0.3150563426813612,5313,0.5695272991217499,574,0.7029831374724516,2762,0.7365027335955061,2088,0.5704703677329115,704,0.44748798915445964,5423,0.7314506913380413,1174
6035350.0,1694350.0,0,3.727250216134425e-06,12576,0.4145138117966228,16539,0.43898758497323903,15745,0.6309207101934354,302,0.44388722931194796,1101,0.571832374966211,530,0.38426277738428927,17010,0.4396540266575296,15397,0.5703517897480745,705,0.6373354890271365,1131,0.6693400764495564,2395
5971450.0,1773550.0,0,0.0012233415940409989,7092,0.5737155252977133,8720,0.5893186154340957,3344,0.5877050877602068,3804,0.3379806570083455,4186,0.5505827705727911,1186,0.6000813667657514,7169,0.6561157823406205,4242,0.5701997210444303,706,0.518135315778468,3269,0.7574207404158695,806
5985050.0,1753350.0,1,0.999999999706483,390,0.8967102246702174,340,0.7408017756541015,113,0.6151226766691904,794,0.5158388688099023,305,0.5941671816770453,248,0.9644829195503641,536,0.9318940011130048,285,0.5700757152949171,707,0.7141048697069677,466,0.7008466870872556,1737
5871850.0,1728150.0,1,0.9999999451143532,792,0.8945524201419783,506,0.7047239650820415,859,0.607979960199911,1194,0.2901047009337672,6790,0.5618048554897177,766,0.9675770636045905,390,0.9230219090547651,487,0.569627998694366,708,0.5101582430434894,3508,0.7977661758222623,409
5903350.0,1740450.0,1,0.9999999999996654,42,0.8883276362319832,858,0.7185203648969984,581,0.600291746258611,1869,0.3746418109908832,2719,0.5660492760538469,661,0.9635323472920234,594,0.9084004478993565,896,0.5694000281324318,709,0.6865594476805257,657,0.8780335915897568,88
5900050.0,1746650.0,0,1.6306783204007622e-05,11495,0.4807258248840378,13243,0.4863867894155852,11496,0.585854468732146,4207,0.3137943363351671,5375,0.5141140716487546,5038,0.48870906735740327,12225,0.5407528178991434,9482,0.5693673624517495,710,0.5483804353065155,2560,0.6920088548440305,1888
5903550.0,1741050.0,1,0.9999999896964947,640,0.913009139109778,76,0.7037115550493162,874,0.5645497643962211,9688,0.26703910816652754,8417,0.5178291965468765,4421,0.9914530118481467,61,0.9521506494186115,86,0.5693374443905088,711,0.4115765560660658,6556,0.7292308029672656,1209
5907950.0,1742650.0,0,0.00022801587912719685,8863,0.653951597314032,4651,0.5848552171718086,3588,0.6072547736742696,1241,0.42484816885979304,1430,0.5754101956589863,472,0.6721659005908199,3930,0.699070051092774,2839,0.5687972636241447,712,0.6529255407595076,968,0.8038303955945859,366
5986650.0,1753350.0,1,0.9999999987936845,500,0.898313174165402,213,0.7312689769682138,283,0.6077277077194866,1209,0.3590943817720799,3280,0.5595700933289721,844,0.9647923531072432,518,0.9209624305843267,536,0.5687952083316217,713,0.43336039358659684,5888,0.7038154304707107,1671
6003550.0,1760750.0,0,1.333277431463629e-07,14631,0.6970887843792194,2668,0.6104291864815177,2473,0.5983051267658934,2099,0.6005650954869801,23,0.5906308716458165,275,0.6975158846025858,2946,0.7254630565955592,2253,0.5687648864858458,714,0.8960155924958467,14,0.8093840041783661,338
5902750.0,1740050.0,1,0.9999999944099418,601,0.8866720566243769,940,0.7149548890214736,655,0.5753302102319083,6679,0.4290753951509864,1365,0.5580188957011278,890,0.956618905055948,938,0.9386931340353535,180,0.568613978387732,715,0.7162911062230788,455,0.8778792074225301,90
5987850.0,1756450.0,1,0.9999999999998834,22,0.8957743473723722,410,0.7391393751510994,136,0.6034741419514352,1537,0.40913050939058315,1777,0.546486633332143,1444,0.9750359093556221,120,0.9321395586788357,281,0.5684589920686729,716,0.637602132393243,1124,0.5208923428251087,7675
6004150.0,1765750.0,0,0.15865904976898246,2473,0.6608309128828056,4282,0.6192520049799198,2168,0.5596028203366885,11217,0.3573428804651134,3341,0.5215664180187678,3892,0.6969504696579459,2969,0.7377432876795864,2069,0.5682041931541397,717,0.4626254415640074,4914,0.7161179815542058,1444
5996250.0,1748050.0,0,0.041111621333685,3520,0.3603479731565626,19200,0.4449810530460102,15244,0.6272104438693635,400,0.35730551842296576,3345,0.5804052894581297,395,0.33924628656931577,19004,0.4094939398060964,17098,0.5681964671297983,718,0.6119881146864783,1456,0.7581619661766238,795
5905250.0,1740550.0,0,0.004975582341904139,5633,0.41069655552262374,16727,0.4858846976020779,11529,0.6054466050614581,1365,0.37775943046812055,2598,0.5636563300066589,724,0.38996450659347714,16723,0.4652958413939826,13858,0.568145279697456,719,0.6725184380873479,778,0.7877271534531908,488
5900450.0,1771050.0,0,0.044397102468028776,3454,0.6508198920199137,4824,0.5968161646114343,2986,0.6157441344288919,773,0.3558905035178089,3405,0.5519122955810946,1133,0.6467572052546754,5069,0.6797837441468355,3391,0.5680078341668949,720,0.5394134328410671,2781,0.7462208412983042,962
5909950.0,1758350.0,0,1.0166196664153212e-07,14787,0.5147212319824458,11601,0.47957112675060193,12168,0.5945211703009408,2620,0.2936909975448698,6562,0.5161786835248601,4686,0.5042136085058988,11530,0.5394458367711068,9561,0.5677713557170575,721,0.46543398815702175,4840,0.609220979167454,4201
5987850.0,1754450.0,1,0.9999999999989371,78,0.8903780204615307,724,0.7158195704055133,635,0.5708912194237233,7919,0.4461420503905311,1063,0.5370735633098948,2100,0.9605966391644934,730,0.9156002884888202,696,0.5676784002654596,722,0.6657401131866771,848,0.8481367983473056,145
5998750.0,1747250.0,0,0.00090001668331145,7431,0.3107536931903516,21161,0.39930374919220807,18631,0.6216105925932541,570,0.399945845506247,1966,0.5704281138503076,552,0.29854347109225066,20557,0.3684823533064425,18996,0.5675623068006772,723,0.6285969425257745,1245,0.7320253150018209,1161
5946350.0,1794950.0,1,0.9999984208011267,1118,0.8890237046545815,821,0.7169292894309212,615,0.5937363935719909,2754,0.3104640587411853,5569,0.5449885858742622,1546,0.96064283229836,729,0.9148302554639192,725,0.5675511810773842,724,0.5076089853787228,3585,0.7852933822623139,505
5987450.0,1756150.0,1,0.9999999999998541,23,0.8949539416354068,483,0.7250975709270558,416,0.5684633863408133,8608,0.44407057661229943,1099,0.5245597149778907,3480,0.9733837869765065,164,0.9240402976586388,462,0.5674565490473806,725,0.6927429582435032,603,0.5801545801102136,5401
5972250.0,1772350.0,0,0.0014992793079346414,6884,0.5043052167973564,12102,0.513507991710619,8966,0.5853900813584508,4306,0.3809272167198373,2493,0.5418695212314233,1748,0.5160039949464338,11010,0.5660496612892223,8138,0.5674556138312893,726,0.5857153841527509,1854,0.7744791703922201,617
5909550.0,1748750.0,0,0.009911907558948527,4938,0.37656148733109784,18427,0.42266736002526917,17064,0.587850212126053,3776,0.3113905402686908,5517,0.5452944240345838,1527,0.3501898878343326,18546,0.40116330512839526,17527,0.5671759958254528,727,0.513099398940625,3420,0.7460179730794423,966
5902650.0,1759050.0,0,0.0014914653818158946,6890,0.5792271484066073,8424,0.5515642886355846,5771,0.605852986061328,1321,0.4340026047108683,1270,0.5679596287401874,616,0.5752429148894984,8345,0.6069657153878083,6239,0.5671034049331449,728,0.6561493303353005,939,0.7810886198781182,542
5904850.0,1742350.0,1,0.9999999978935379,538,0.8870112736578198,925,0.7193893526147317,552,0.5927868912400355,2914,0.42087300881039336,1518,0.5614800086278529,776,0.9574615813773849,894,0.9414003500037833,157,0.566956109947432,729,0.6865099161029078,658,0.8552935767478809,128
6034550.0,1694950.0,0,0.06548836798355603,3141,0.6529573069002313,4703,0.6123684639466467,2391,0.6081803517935153,1184,0.284227456091506,7171,0.5566251684160539,947,0.6713831898860161,3960,0.7085563898970646,2599,0.5668185389968775,730,0.4241320418234533,6175,0.7165272657819527,1438
5946950.0,1796550.0,0,0.0024786438163986965,6343,0.6795769374927496,3369,0.6356080626228098,1802,0.6092842862867793,1106,0.30087912760958885,6128,0.5660475496595817,662,0.7052372158157785,2694,0.7510269295409009,1892,0.5666917826431404,731,0.4573902719213072,5097,0.752626376532704,872
5988750.0,1751450.0,0,0.0028891943056118296,6177,0.3967283598019727,17401,0.490601138982242,11083,0.5975153972949947,2195,0.5516993554254023,121,0.6060404559500818,164,0.3716794443156346,17591,0.4529110694501519,14624,0.5664029438449603,732,0.7920261827905757,137,0.7879220141209345,484
5973850.0,1778650.0,0,0.0007888666204653706,7562,0.6015833341233947,7294,0.5621534676019614,5017,0.5834233700672496,4727,0.3068543400248142,5774,0.5219799118669687,3833,0.6065718780900906,6894,0.6395582769289034,4891,0.566202421497442,733,0.4278710966771564,6052,0.6714982555362476,2346
5983850.0,1766750.0,0,3.0114860156552567e-06,12732,0.3893577792845627,17763,0.4539092093172599,14433,0.5776826652721974,6058,0.40055828539977795,1949,0.5481630554490927,1323,0.3815255553571626,17144,0.44306593416963236,15195,0.5660411995643302,734,0.6196973355699581,1354,0.7922210261676319,440
5906650.0,1742050.0,1,0.9999997853641115,928,0.887624235832198,894,0.7038903263731578,873,0.589093502117259,3577,0.2629911686817995,8708,0.5194778555400161,4174,0.9570289641380698,911,0.92968101365418,328,0.5659298091798366,735,0.3763848889377208,7639,0.7015664065580314,1722
5987050.0,1760750.0,0,1.3873205420460834e-05,11624,0.4960732301709189,12489,0.4877744883965906,11369,0.5668102628601867,9034,0.3845991016739532,2361,0.513238715243231,5178,0.4968544379174662,11860,0.5333060265133546,9858,0.5657881154402298,736,0.48097638897228545,4362,0.6856150850470877,2028
5906250.0,1743050.0,0,0.0028736081088966935,6183,0.6195483813334837,6408,0.6031799769792443,2719,0.5723588741092351,7505,0.30623705792485384,5818,0.5334947109920827,2447,0.648404085197226,4995,0.6985618481568583,2850,0.5656730432621895,737,0.5026585617194502,3719,0.7699127619451188,674
5987950.0,1756450.0,1,0.9999999999982951,96,0.895807822573654,408,0.7472930497319529,52,0.6263693745299242,433,0.4590321220389902,877,0.6125961074413159,111,0.9774122025583027,99,0.9457315208102691,132,0.5654431113812816,738,0.7358592309409937,332,0.9545711178069345,10
5988650.0,1751950.0,1,0.9999999961477521,573,0.8956471973100569,421,0.7254978505957416,408,0.6149827277654797,804,0.5087700938940196,362,0.585362508912451,333,0.9717599167398142,216,0.9146158228534875,734,0.5653663390959498,739,0.7746598377654953,189,0.6640152920144089,2518
5987550.0,1754950.0,1,0.9999999999967066,127,0.8896296113077695,782,0.713683266234422,690,0.571393086333296,7769,0.38300273078647457,2409,0.5416453553852639,1756,0.9609457514490225,719,0.9170653198448389,648,0.5653102499001996,740,0.5914090453254492,1754,0.8261318860758207,240
5943050.0,1791350.0,0,5.1857029421237095e-05,10411,0.565392998325009,9146,0.5702879854306188,4494,0.576520738086662,6357,0.375546573768506,2687,0.5454321325599353,1518,0.5660646876275037,8775,0.6196527841548554,5681,0.5648552957133388,741,0.5588503311225078,2346,0.7743292870188683,621
5946850.0,1793550.0,1,0.9999999891283337,645,0.8890858550414581,820,0.715076539904931,652,0.5863783398165592,4089,0.2650060550444605,8566,0.51966392732541,4142,0.9591715816101716,811,0.9073290034794727,919,0.5647401634291761,742,0.41265982395337053,6523,0.7144212064862779,1465
5903050.0,1740050.0,1,0.9999999999918254,173,0.9150278612130374,33,0.732183376269184,269,0.5851632019817852,4351,0.40914875719700444,1775,0.5633651032533226,731,0.9931698255891312,30,0.9689943069156088,22,0.5646646770182677,743,0.7004991638087248,546,0.8752596432850209,95
5900450.0,1770550.0,1,0.9307284547047859,1547,0.7456954722945467,1586,0.6257700693246743,1994,0.5845707022827028,4490,0.24966073315158904,9654,0.49885491345611077,7790,0.7763139589875767,1588,0.7692437641235743,1712,0.5645049759461235,744,0.3955225188181477,7040,0.6631956257927425,2533
5993850.0,1749950.0,1,0.9999999999866835,204,0.8904141764226605,722,0.7284475717239415,333,0.6449992499353817,70,0.28471546662906433,7144,0.5728631870745843,509,0.9636716631511473,590,0.9026620321843899,1020,0.5641682769812004,745,0.38408513117788756,7389,0.6979508414153506,1783
5982350.0,1769650.0,0,1.775121247346093e-05,11418,0.37894577518457656,18299,0.4846684830641997,11653,0.5833308460066626,4745,0.29767936568905706,6321,0.5306698787143551,2750,0.3887868790220659,16792,0.47549089917339227,13275,0.5640272390521182,746,0.44199358759148066,5623,0.7160011800104529,1445
5965650.0,1737850.0,0,0.004117140032731383,5820,0.4041458959239593,17060,0.4633344386835306,13621,0.5955324346162022,2452,0.376483288126419,2650,0.5572226778548109,929,0.4011612299519616,16219,0.46258949737087107,14039,0.5639037121454511,747,0.6345893391305294,1167,0.792707171021084,438
5986650.0,1750450.0,1,0.999999992905166,616,0.8966732416400172,342,0.7454046472960576,63,0.6345782103179782,201,0.5165669630838614,297,0.6339744831346058,22,0.9657292390428751,477,0.9377810073700287,188,0.5637518004717345,748,0.7474658671810926,285,0.8521145843577885,136
6001150.0,1761250.0,0,0.0001119860153252553,9610,0.597822390186583,7480,0.55854658488702,5269,0.573838136651062,7090,0.3189754846465201,5100,0.505773941110404,6523,0.5936443224844893,7485,0.6170166017033717,5776,0.5636409684973224,749,0.4303727761104953,5983,0.6457462169873125,3017
6032750.0,1695750.0,0,0.0016937099696646195,6754,0.42174063464350153,16157,0.4670840773046704,13283,0.5948227042570143,2580,0.39276843696130703,2149,0.5454912060069587,1514,0.4259165732162974,15094,0.47406652301661023,13375,0.5636264309604003,750,0.5925909636996884,1734,0.7666244845726917,711
5981350.0,1753450.0,0,0.00011683236381511198,9571,0.3640933067256202,19003,0.43583762817164856,16005,0.5859376762741229,4188,0.48813533696461014,554,0.5593982441881283,850,0.3709393371972972,17613,0.44181900528174634,15270,0.5635411044772405,751,0.6593228302038587,906,0.7639152599129659,741
5932350.0,1691250.0,0,0.04835156928779642,3383,0.5505050121075061,9917,0.5619490544313186,5035,0.6132143219435269,895,0.27921571536558787,7530,0.5581264468356186,883,0.5558221363852522,9250,0.606344778241695,6264,0.5634797173845796,752,0.4019643292060868,6835,0.7002359462573985,1746
5907750.0,1757550.0,0,1.6739367185249222e-10,17862,0.42473705841602105,16003,0.4276808179564206,16676,0.5787280974723832,5811,0.4151912284102265,1635,0.5227205999803071,3725,0.408841511805101,15862,0.45862972538226865,14267,0.5632882317319813,753,0.6329196493358655,1189,0.5772723083502787,5522
5909150.0,1774150.0,0,0.0011385750515430022,7166,0.6646377245932159,4083,0.5832551507478874,3672,0.5587287238093614,11569,0.2718772931347246,8056,0.4781872103879962,11813,0.6835985829579475,3454,0.705825555857265,2664,0.5632687081351714,754,0.3889006065127749,7243,0.5783515346366058,5477
5989850.0,1755350.0,0,8.60445009089448e-12,18979,0.421015640590431,16199,0.4433443943890916,15386,0.6243263113506463,491,0.4876653890751419,555,0.5811240793813807,387,0.4185429045708151,15436,0.488891797169676,12510,0.5631773909201132,755,0.7661706085442708,221,0.5879236852554535,5066
6039050.0,1692550.0,0,0.0015755544765351393,6835,0.4386888992987684,15291,0.517422758326911,8642,0.6128250572921453,916,0.420986273669857,1513,0.5849676840771486,339,0.4221576578373665,15266,0.49964610208753046,11837,0.5631418491082161,756,0.7016303875294402,540,0.7889270401394657,468
5908850.0,1750150.0,0,0.00128893020521094,7048,0.34111614915860045,20139,0.4145788468345084,17668,0.5691928766441717,8405,0.33780430587560284,4192,0.5137860780945366,5085,0.325919477361188,19552,0.39501339361984655,17817,0.562948338179433,757,0.5745597127810056,2060,0.7661176739867502,715
5907250.0,1770850.0,0,1.0102958635628115e-09,17052,0.5853900201811343,8081,0.517507591918187,8634,0.6092933431885336,1105,0.388906955944156,2254,0.5539688331009602,1043,0.5799432989207829,8107,0.5846883125374105,7251,0.5628875729397103,758,0.5500415356504583,2529,0.6010608550817583,4528
5946250.0,1791650.0,0,0.001954137981239028,6594,0.7525797931539058,1555,0.6725622020342885,1214,0.5840421243886351,4583,0.3293345786772762,4575,0.5507036133934378,1175,0.7935320053113424,1553,0.829547425044548,1309,0.5626185528801656,759,0.555476608633451,2415,0.8105808911633903,329
5996250.0,1749050.0,0,3.220616646510352e-08,15399,0.6905559053455967,2929,0.6003317323747331,2836,0.6369096369784962,162,0.5028518380858438,414,0.6104024296350239,123,0.6827300239602239,3499,0.6695346870593554,3736,0.5622558039892245,760,0.7168455389530302,453,0.7128198241819962,1501
5997850.0,1748950.0,0,0.0005046421780073763,8035,0.4311118716746446,15671,0.48515841337521637,11599,0.6347000089546391,198,0.5373965380987819,176,0.6181862410975624,73,0.4376599025816763,14575,0.49389736838313225,12197,0.5622154914499009,761,0.6876873930126477,648,0.7789124552949446,566
5987850.0,1755350.0,0,1.9940482572349696e-09,16780,0.5185754351882781,11425,0.4777664225541685,12328,0.5805056071629393,5399,0.35107710193735514,3607,0.5308847884000845,2723,0.5050340991153689,11496,0.5359330610257214,9744,0.562085925929242,762,0.48253745451760865,4315,0.6749223142676711,2256
6037550.0,1693650.0,0,2.741945340126377e-05,11032,0.5410623672196965,10337,0.5274302377243145,7759,0.6268978703704196,414,0.41018037414278163,1752,0.5773146145127014,435,0.5349931646548478,10195,0.5808615852604865,7454,0.5620157835310916,763,0.6862823003382309,661,0.768309845183243,689
5943650.0,1791850.0,0,2.2054376607649964e-06,12937,0.5143681407736103,11613,0.5237898217236623,8079,0.571255299309188,7824,0.4139038943842071,1663,0.5473184439966783,1380,0.5207691509407718,10789,0.5772928628783783,7623,0.561811354241008,764,0.6945859939937752,592,0.7902956294107362,458
5987850.0,1755150.0,0,0.0002778357107911153,8637,0.5301065693934183,10837,0.5080089861731983,9453,0.5749565499882618,6777,0.3513305351865134,3594,0.5194744912069721,4175,0.5157701931282723,11019,0.548606040608496,9061,0.5618025957755863,765,0.4494075155690389,5359,0.6762798132139988,2231
5907450.0,1742750.0,1,0.9999979611818551,1132,0.8857265815145697,999,0.690706974381069,1053,0.5851738731315075,4350,0.2656401891785929,8511,0.5300517247178745,2822,0.9563185881378311,951,0.9261393323962877,398,0.56166101434697,766,0.3834435983225497,7412,0.7194165375664849,1389
5989150.0,1751550.0,0,2.177424411826521e-11,18664,0.6530775565779824,4694,0.5451044218091474,6271,0.5885265155371446,3669,0.4689699986184953,745,0.5251245089084288,3398,0.6623696457594372,4372,0.5923012408221572,6879,0.5615333302945973,767,0.6809903954628655,713,0.5102353204496948,8029
6001750.0,1716450.0,0,0.003173716381052791,6085,0.35814989809789627,19310,0.46387425852655073,13571,0.6118623058038407,967,0.3415337464154681,4017,0.5710672347782506,543,0.35670433405043167,18265,0.4386363688687286,15451,0.5607788695019065,768,0.5749681934693331,2054,0.7813568742589484,538
5988850.0,1754250.0,0,4.1787262263531225e-09,16420,0.6243178413625735,6163,0.5638895676089963,4909,0.6139842068484521,856,0.6160001223068666,17,0.6093235130389568,136,0.6064230460332041,6902,0.6356068680938485,5031,0.5605737163182285,769,0.8539564623062357,44,0.6820587369739378,2102
5941450.0,1796050.0,0,7.981754974361535e-05,9994,0.5792506661238447,8423,0.5564309764000459,5423,0.5703196866192584,8081,0.36922334366380455,2912,0.5306555362389463,2752,0.6019406789216604,7096,0.6472842311059478,4572,0.56019281464159,770,0.6215446789685406,1333,0.7775417398361468,582
5909850.0,1752950.0,0,0.002340051525510689,6401,0.5635866697042131,9248,0.5662114195349788,4765,0.5752376864934439,6695,0.34911505940437826,3685,0.5329423185380177,2502,0.5709509804207172,8521,0.6229227028728038,5565,0.5598396841049816,771,0.5821168223700217,1909,0.7934932356663167,433
5998150.0,1748950.0,0,1.31849982436524e-06,13291,0.33556256981512383,20368,0.39363114738242805,18941,0.5982251213539532,2111,0.4404907457693056,1162,0.5573717779481366,919,0.3068897646583666,20292,0.3651165518792232,19127,0.5597184739187293,772,0.6435402947007954,1049,0.6438844650350165,3072
6005650.0,1731250.0,1,0.9706753775418308,1482,0.790275509224514,1374,0.6579603099991536,1369,0.595928795417319,2397,0.4098416224840589,1759,0.5604131779955456,812,0.8207006771931389,1339,0.8306702647683764,1300,0.5596992223870727,773,0.6253605957176064,1283,0.7696438628795014,677
5980250.0,1753150.0,0,4.01317899504451e-05,10678,0.5772762508126222,8535,0.5686288184934215,4600,0.5871276606571061,3941,0.5015224882054904,428,0.5780220411064468,424,0.5724491088405798,8466,0.6080627716667321,6176,0.5596464870135092,774,0.8060223208572561,105,0.7998428350417747,388
5986550.0,1754850.0,1,0.99999999998699,203,0.889921548311936,753,0.7242365971491638,436,0.6015774037798363,1746,0.2905800792878063,6760,0.5207526667169509,3987,0.9604672677040449,738,0.9160099820595744,687,0.5596299273247245,775,0.38501958156807603,7363,0.5017698427332011,8298
5902450.0,1740350.0,1,0.9999999818254027,683,0.8866520990856713,943,0.7091125320394672,783,0.5723179708658138,7512,0.32786328301364426,4651,0.5330444430074532,2491,0.9564323995125803,944,0.9330356622086866,258,0.5595284643502112,776,0.5862813467041642,1844,0.8257572259922321,244
5972150.0,1774750.0,0,3.384872258652936e-10,17557,0.6333808075718524,5677,0.5516364754174455,5766,0.6000832147047171,1889,0.49037509269397545,532,0.5709091633267958,547,0.6185241635242834,6367,0.632138206719327,5165,0.5594183674802402,777,0.7769243173207132,182,0.7111452284068224,1537
5905650.0,1754350.0,0,0.0022514207580903605,6440,0.6684159451838173,3890,0.6045000506339205,2666,0.58860051552704,3653,0.513231330390305,327,0.5704632855381885,551,0.6678468784922212,4116,0.7059874668331458,2659,0.5593316836555446,778,0.6810537243741349,711,0.7933821238995471,434
5986150.0,1758550.0,0,0.0006828817826017222,7722,0.6163155267762651,6571,0.5628025308034644,4981,0.5668282040320557,9028,0.3496596929680557,3662,0.5213684569698449,3921,0.6146380166042181,6543,0.6378641364853943,4944,0.5593313303286187,779,0.4606694854766057,4971,0.6913689647593827,1900
5985850.0,1754150.0,1,0.9999999999695168,264,0.896379948865028,378,0.7127102144138605,709,0.55561414499618,13001,0.3199245879742462,5045,0.49656495385540533,8229,0.964689960980103,524,0.9195152865196732,584,0.5587993233371982,780,0.43274989386005325,5907,0.696251556911346,1809
5988550.0,1750250.0,0,8.319702685817552e-06,11998,0.48403452625495685,13084,0.46069036915998135,13833,0.5928687694562889,2898,0.3110931399364244,5527,0.5249874887944544,3423,0.45467512500245544,13779,0.47307239396634826,13431,0.558592974141666,781,0.4672701942208829,4789,0.6645759600490168,2505
5944550.0,1762850.0,0,0.0034397545564631917,5987,0.5740304277388512,8699,0.5809219316197086,3815,0.5829175773632053,4840,0.4076311472880246,1802,0.5614092659576818,780,0.6121273199029634,6661,0.6637593587758589,3947,0.5583578986155524,782,0.6721497841217722,783,0.73645602054178,1100
5942150.0,1769550.0,0,0.001737044375817163,6727,0.36423337245965437,18996,0.43895157192427003,15751,0.5891102775144065,3574,0.4199509347296557,1533,0.5576659871668892,902,0.34772382078587816,18650,0.4041939176987255,17379,0.558213936283124,783,0.7090511823522718,492,0.6821519438992951,2098
5903250.0,1740450.0,1,0.9999999999997511,32,0.8881886706547992,868,0.7192366236823539,556,0.5987757144927117,2039,0.40369516729686095,1879,0.5702153216966931,558,0.9634607922725097,596,0.9094538673645173,873,0.5578134682639597,784,0.6929395530376694,600,0.8792040950163703,84
5985850.0,1760950.0,0,0.0008831419916037612,7455,0.5748459758697158,8658,0.5505606681481845,5846,0.5515400814611578,14898,0.39469492325817357,2086,0.501206691713315,7334,0.5868245022984138,7786,0.6300369308438784,5247,0.5578101483521565,785,0.5408327131309092,2750,0.7159404299109434,1446
5901250.0,1758550.0,0,0.0002863924267706236,8600,0.550276341042236,9923,0.5640252856308711,4899,0.5743439124619127,6953,0.4223924075907306,1489,0.5599095513616777,833,0.5704229020345728,8549,0.6291840987720766,5280,0.5577985044366709,786,0.6536423372710818,964,0.8049658331393152,357
5908950.0,1757350.0,0,5.836272971301473e-10,17300,0.49697781429246235,12435,0.4600940910534346,13879,0.5772823415819153,6156,0.31974826900292014,5051,0.5141917648758492,5027,0.48197106204267615,12544,0.5172349598905113,10811,0.5575672895313706,787,0.5287775575834605,3015,0.5835468523066032,5245
5978350.0,1778350.0,0,0.00017915869527406476,9137,0.32492771950347155,20740,0.40146104588210313,18504,0.571535131786823,7725,0.3148445031097491,5323,0.5082335962129413,6071,0.3060462316941104,20315,0.36582478841513344,19094,0.5575657036460009,788,0.43411639150697,5867,0.64793861641182,2952
5903450.0,1741250.0,1,0.9999999542435826,766,0.8866350235655034,944,0.7173704465011169,607,0.6014192629332672,1760,0.3895945321126236,2231,0.5768711118811715,447,0.9577174555922449,884,0.9423971080382002,151,0.5574826935012815,789,0.691409151230474,612,0.8925979804878418,64
5996950.0,1748950.0,0,1.0158071619561732e-05,11856,0.4267054188851704,15911,0.46342355009478187,13610,0.635744671841308,183,0.47800538928936237,646,0.5813333752884255,383,0.3975714758521012,16397,0.45244387081401294,14645,0.5574453228675367,790,0.6377461674187468,1120,0.7112527966999277,1534
5903350.0,1773350.0,0,1.5566322224598247e-05,11545,0.6697454541841351,3822,0.5854284744865739,3554,0.5731342302132707,7300,0.346424770968482,3822,0.5251953963539983,3387,0.6661698085645397,4194,0.6880590008213573,3170,0.5574006471724139,791,0.5660392203578857,2212,0.7416740660543049,1015
5971750.0,1771050.0,0,1.1738506075498442e-08,15947,0.6021223910488317,7271,0.530206958066134,7508,0.5829573209817764,4833,0.3626255874738766,3163,0.5217408975338164,3866,0.6104087339407958,6732,0.6215106783036034,5611,0.5573401199445867,792,0.5424212987639232,2721,0.6691456705779393,2398
5973750.0,1776150.0,0,0.002180407687939617,6471,0.4775478592302449,13387,0.5256407194826888,7924,0.596642344796223,2308,0.34575767621589565,3850,0.5360032446396502,2200,0.4665952889392623,13239,0.5232439453470573,10447,0.557280144299618,793,0.43204299683793157,5927,0.6649373402171723,2496
6034550.0,1696650.0,0,0.0032733623271657447,6054,0.42715492202145344,15880,0.46600642550548027,13385,0.606858090938363,1259,0.3316578740818937,4479,0.5525560515960216,1104,0.4291651413957158,14955,0.48947396270326926,12464,0.5571473290592508,794,0.4523009822659795,5253,0.7078385485233738,1590
6007350.0,1732050.0,1,0.9883741662494417,1412,0.7905387684984652,1341,0.6712684260808656,1222,0.6098146781614034,1076,0.27199773570467456,8048,0.5449423151046667,1548,0.8213933832588373,1326,0.8348236885757394,1279,0.5569925558398892,795,0.45195504946676435,5260,0.716339628882809,1442
5909450.0,1752850.0,0,0.0020139747593655843,6565,0.6533101540500942,4685,0.6180917475153697,2201,0.5795131730481242,5618,0.44230641237937923,1129,0.5374407952375844,2074,0.6831587764728905,3476,0.728726687433566,2210,0.5569345655095352,796,0.660253877585767,896,0.6624158586848781,2550
5945850.0,1793550.0,0,2.0895326038061433e-05,11285,0.6092148632858637,6900,0.5729392801268942,4323,0.5760184373049344,6490,0.2795762967121931,7509,0.511732366967416,5421,0.6233734676799364,6160,0.6607440168941064,4048,0.5568700713161828,797,0.4295159379389446,6007,0.6943663208080453,1844
5988050.0,1758650.0,0,2.5196627424982805e-10,17692,0.2994229824520714,21422,0.37348247448878763,19936,0.5689050163863882,8497,0.4021215080768065,1918,0.521331515986027,3928,0.28344128100378474,20958,0.35709329813663526,19438,0.5568118205956201,798,0.5534831251035224,2461,0.5854083882693651,5163
5908950.0,1753850.0,0,0.00010545481000963631,9671,0.4985822447509155,12354,0.5233095813710795,8108,0.5909174142728366,3242,0.3762725991361964,2660,0.5676023446836613,624,0.5192240151665839,10863,0.5708371263395435,7911,0.5566892023284032,799,0.6694502053315252,806,0.8614438035126767,118
5987650.0,1752050.0,1,0.9999999998487012,337,0.8897976562830887,767,0.7227096316447084,471,0.5897456026972333,3452,0.5699343331805858,63,0.5898632851214268,288,0.9588425618766356,836,0.9153001596825686,709,0.5565981154749748,800,0.8327944143649637,64,0.8232325076633696,259
5987150.0,1751850.0,1,0.9999999873780724,655,0.8966670702058301,344,0.7158808077684402,631,0.5961638116941604,2368,0.43371718497490985,1277,0.5637007345797869,722,0.967236140859656,399,0.9216745179200222,525,0.5565932866319077,801,0.715797879166673,458,0.7784833195792562,569
6061450.0,1761050.0,0,5.1465896077678386e-08,15147,0.7028823554211179,2455,0.6210114027906466,2115,0.6131246187694464,896,0.4925178467725534,513,0.571947743274685,529,0.6945289447061342,3065,0.6935801369857861,2996,0.5565760763963695,802,0.7283701204303348,374,0.6826285319127398,2090
5888850.0,1780250.0,0,0.028437120694900397,3868,0.6275232269352281,5977,0.5750964925693482,4166,0.6020070597821724,1681,0.3016120778656745,6085,0.5576542756220987,903,0.62963508782422,5830,0.6531580428131316,4341,0.556360293413358,803,0.478520509499913,4433,0.7298970283806622,1197
5944950.0,1797150.0,0,3.6980386604199405e-10,17512,0.39853743182180235,17317,0.432950760929821,16247,0.6088773764278679,1137,0.33007211572208567,4546,0.5510597611723899,1159,0.3717946815504247,17587,0.43380042940261476,15741,0.5562394548456724,804,0.49223039677580926,4017,0.6886090633026742,1957
5946350.0,1794550.0,1,0.9999996927100462,964,0.8886641253137639,844,0.7163086675930028,627,0.5867252851458675,4018,0.3570362036724496,3357,0.5562368842033537,959,0.9608746015966549,722,0.9170780918544522,647,0.5561630386823648,805,0.6270577119829411,1265,0.8381924487286794,180
5908550.0,1771150.0,0,0.002553673555484568,6314,0.5940477180493309,7640,0.5964222658790705,2997,0.5847528080540759,4439,0.38800872143540477,2272,0.5493232591536631,1265,0.6278730945646556,5921,0.68448188547046,3257,0.5561462926490222,806,0.6121059464867828,1453,0.7880357306805199,480
5996850.0,1742750.0,0,0.011569361478696659,4787,0.5851771308101176,8097,0.5852120802302401,3565,0.5710259641522002,7885,0.3736345288123477,2749,0.5401002789678838,1876,0.617268105112476,6426,0.6624452643439358,3999,0.5559627558258505,807,0.6202715947405695,1347,0.7678561195583242,692
5885550.0,1780250.0,0,0.008296398894885548,5098,0.7109760723966843,2220,0.6319799938734332,1864,0.5887239868688983,3634,0.3619101325729422,3189,0.5549206180087607,1003,0.7195919757122221,2294,0.7497195131699523,1909,0.5558405222283173,808,0.5565459758584239,2384,0.7592565407969818,788
5981550.0,1756750.0,0,0.001347914160495878,6997,0.4547615419768888,14541,0.5004206279484663,10175,0.5670514040523025,8969,0.34928072244958425,3680,0.5252675308538381,3372,0.43801797501914186,14557,0.4934095766400839,12225,0.5554720418548412,809,0.4744349958360059,4562,0.6874133860026619,1993
6005850.0,1761150.0,0,3.758538714780705e-11,18468,0.6399326618218828,5337,0.5475423445708678,6080,0.6154108993725645,788,0.31068380512809207,5555,0.5419787175044829,1741,0.6266980058315581,5981,0.5835701492082138,7304,0.5552058542907845,810,0.43695387752747106,5785,0.5990849787003492,4608
5986650.0,1750550.0,0,4.262837727035371e-12,19237,0.4106071745717124,16731,0.4365440917661604,15953,0.6206913983443229,599,0.48014894216205056,630,0.5636502166734596,725,0.3927801464044839,16610,0.4497290722796101,14789,0.5551202254148255,811,0.6724945556327543,780,0.5307102036495908,7331
5906850.0,1742450.0,0,1.6984275064517462e-10,17857,0.40766052429925664,16879,0.4299872239435256,16489,0.6036139760213532,1521,0.41215733063293664,1713,0.5592610465966059,852,0.4019189565661454,16186,0.46553930363397567,13844,0.5549255633549034,812,0.6666663470405348,839,0.6469699837498254,2978
5982450.0,1766850.0,0,9.546670373151563e-05,9789,0.6016948502881252,7287,0.572362840242815,4359,0.5736382148528049,7136,0.34844324158853396,3717,0.5355870569919315,2248,0.596635028313677,7356,0.6410013323011716,4820,0.5548749260517144,813,0.5360347249326868,2866,0.7542302140470376,849
5983850.0,1763150.0,0,0.007854890111774709,5156,0.575752790950111,8618,0.5802168090739572,3854,0.5673029094856343,8899,0.37255186469294205,2797,0.5312359814647245,2676,0.5725405322185557,8459,0.6248079821652981,5475,0.554860433430377,814,0.4740780602424981,4576,0.695474624414004,1825
5943250.0,1791250.0,0,5.14347118586453e-05,10421,0.629208305264216,5890,0.6155102525795699,2282,0.5794178003006369,5645,0.3961772767103648,2051,0.5448636415452678,1553,0.642375126137221,5277,0.691451782895167,3062,0.5548207244433907,815,0.6296664093108701,1233,0.7808669809280622,544
5884750.0,1780650.0,0,1.3491534146080224e-06,13278,0.31632847068813313,21006,0.3804975300568302,19636,0.5807440568760815,5353,0.4119341722483388,1718,0.5471587813513481,1395,0.3144033504334459,19994,0.3762265555795363,18672,0.5547576791992193,816,0.6754831056092735,760,0.737823054184556,1081
6062250.0,1763550.0,0,1.4059982424995505e-06,13252,0.420405604841473,16229,0.46516321148398093,13466,0.5859832560773202,4173,0.348576926649548,3710,0.5344059515312037,2371,0.40906754501701736,15857,0.4712269204934252,13529,0.5547290754937058,817,0.4438111871336772,5565,0.6742169138235574,2277
5974150.0,1776850.0,0,2.7997012018970355e-06,12779,0.592521599526728,7726,0.5367893251976968,6951,0.5816068340035809,5150,0.3479223716908058,3743,0.540155770459462,1871,0.5760373166482954,8305,0.5912688799986167,6923,0.5546756619210568,818,0.5443505843658838,2674,0.7304487745803228,1190
5947850.0,1769650.0,0,0.0009047608864523636,7423,0.5370624140996958,10533,0.5635185669955275,4941,0.5895904957665085,3474,0.31994129791259973,5042,0.5153276366427684,4826,0.5424069206851112,9856,0.5911171136165865,6927,0.5545651327960103,819,0.44861063903130793,5377,0.4421648315736315,10191
5988350.0,1754950.0,1,0.9999999999957092,140,0.891395173382637,657,0.7177659728363642,599,0.5857325166023349,4233,0.36402633083070324,3097,0.522544723507166,3744,0.9615268289086839,681,0.915491678671208,704,0.5545393246014858,820,0.40712975911095683,6681,0.6968520821597916,1800
5946950.0,1793550.0,1,0.999999975427699,709,0.8890962372723816,819,0.7132301190953109,700,0.5876294777245424,3821,0.2580405361105227,9052,0.5235721664109796,3603,0.9594473252566971,796,0.9076349481139419,911,0.5545069640679088,821,0.37220465174878914,7770,0.6958623037182907,1819
5985750.0,1756250.0,0,3.5044293907871295e-06,12614,0.42896562917812364,15777,0.4599514018560864,13896,0.5834938314993636,4712,0.34690918270257737,3803,0.5368126951941277,2127,0.4402011041100453,14466,0.5065568036475916,11434,0.5544314003916918,822,0.568094794343202,2174,0.7674683933204058,700
5987550.0,1752050.0,1,0.9999999924502044,618,0.8884742387770567,853,0.6996598647011558,933,0.5817553177101346,5102,0.3550162688266069,3440,0.5457580206620674,1497,0.956790790289917,923,0.8957720489758033,1092,0.5543067252041307,823,0.5074945192851448,3588,0.7543861293693768,846
5900350.0,1770950.0,1,0.9705447267038819,1484,0.7464806142357255,1577,0.6379934770193207,1762,0.6287540780384367,356,0.38621929811241723,2316,0.5702773832425091,557,0.7798747123658764,1572,0.786283983644435,1616,0.5541616244921221,824,0.5822638704101353,1907,0.7814992554560134,535
5974150.0,1771350.0,0,0.0025812844685416457,6307,0.4367051915786863,15384,0.502995908077143,9938,0.5832766300563431,4763,0.3557496298868631,3413,0.5506005314886258,1182,0.43603303026276286,14642,0.5023133456796145,11685,0.5540407206997564,825,0.5789650751172396,1975,0.7744452280464319,618
5945350.0,1795750.0,1,0.9999996230296022,990,0.8896537058585825,776,0.7256154988611084,405,0.6150354013331276,800,0.3077536395697539,5722,0.5332891374834219,2468,0.9600282435206082,767,0.9134123542823182,764,0.5540041845872614,826,0.4859437982428021,4207,0.4462332754336784,10058
5945850.0,1794950.0,0,8.718385133781151e-11,18153,0.359610040424829,19238,0.40712529479335063,18147,0.6107803560786478,1026,0.3413975114455119,4029,0.552966805542171,1088,0.32626360634411833,19534,0.39103575812587055,17987,0.5538100849567968,827,0.5320343878555442,2956,0.6546654065138886,2750
6003650.0,1762150.0,0,5.0291183227769274e-06,12383,0.3555751869550764,19458,0.41379865216353795,17727,0.5681012623587074,8697,0.32589890491520696,4733,0.49454356661087223,8618,0.36177263285565275,18039,0.4281878040570952,16067,0.5537417543467799,828,0.4606280175603963,4972,0.664464883078905,2510
5981850.0,1753150.0,0,0.22668300328112972,2279,0.6590830662936346,4366,0.6178911090118823,2213,0.5952819589974181,2500,0.40201578145379474,1922,0.5398914758916873,1898,0.6906892285836073,3183,0.7262966190808794,2242,0.5534010641858081,829,0.6017135795875255,1598,0.7526863036829725,871
5880150.0,1781350.0,0,1.3986553846602274e-07,14606,0.310874790816237,21156,0.3808241787409443,19620,0.5968412135322058,2290,0.2888067184338059,6883,0.52463788067565,3470,0.30453114004347515,20369,0.3741619357235253,18744,0.553154232987723,830,0.4040714672114869,6772,0.6422912937084351,3113
5986150.0,1754050.0,1,0.9999999999941964,159,0.8971254228609865,310,0.7246499108449217,427,0.5650205705089906,9575,0.4594603581052091,868,0.5225473965439101,3743,0.9656346737398915,481,0.9284850271255487,348,0.5531061911515318,831,0.680993558517559,712,0.543285178631238,6863
5902150.0,1759350.0,0,0.00012363796265927462,9503,0.6775594933768215,3449,0.5895820573462054,3326,0.5741244137265008,7014,0.3500376078133696,3648,0.5200169026490354,4091,0.6906420648966347,3185,0.7146735827483888,2470,0.5530623037557781,832,0.5978673722840335,1657,0.7528546842894495,869
5984350.0,1756550.0,0,5.807681682386786e-09,16289,0.28585146983965654,21630,0.3564337491511402,20631,0.5946180414657283,2610,0.3355179294363055,4299,0.5214668943890787,3910,0.24820605851800215,21532,0.3069121157098126,20880,0.5530208659489292,833,0.43192663118169916,5931,0.5688062666789735,5847
5987650.0,1754650.0,0,3.505312221780937e-10,17534,0.626633300297998,6018,0.5422527587470872,6488,0.6146966717388017,817,0.4747255488636134,682,0.5448216447529322,1556,0.6316831411110003,5747,0.589535307834318,7002,0.5530189925345019,834,0.5886186900544695,1801,0.5649595670044572,6005
6036450.0,1695650.0,0,0.10833211246863755,2716,0.3406753462527896,20158,0.4310192954592063,16403,0.6183292657661437,682,0.3641892840384035,3091,0.5710734816718452,542,0.31852229120470277,19831,0.3937153014480208,17871,0.552947371175593,835,0.5076585839362031,3583,0.7345733654760962,1129
5982350.0,1756950.0,0,2.0957134026414016e-07,14395,0.624757212897923,6125,0.5537176577991842,5613,0.577380332193494,6133,0.343571732040721,3933,0.522082344413894,3814,0.6205011747509461,6276,0.6432928092686758,4715,0.5528513768380572,836,0.44007277935241307,5689,0.6679327354631213,2420
5986050.0,1752050.0,0,0.0003234708190448832,8442,0.4088080065620839,16817,0.4865899087243498,11482,0.5855970734711256,4263,0.44888369431699826,1023,0.5544899534875211,1019,0.42051618786791356,15346,0.4920725615433601,12313,0.5527759899942313,837,0.7048463482085552,520,0.7660500481799246,718
5903650.0,1740150.0,0,0.017668386337495522,4331,0.7275252195653081,1830,0.6650527976190576,1275,0.6091020815668381,1123,0.4361428732997259,1231,0.5929767215101487,255,0.7455371198763486,1862,0.7893073211438884,1608,0.5527483845961697,838,0.717131522697653,448,0.8750239379619407,97
6009250.0,1731750.0,0,0.006109786401888701,5419,0.4866342106025478,12962,0.5023630727639778,9997,0.6333525792958827,238,0.4021849839224041,1916,0.5804630529621818,394,0.4980078515534748,11810,0.5474097494797269,9136,0.5526784705384042,839,0.5855887272528708,1856,0.7607259454803623,775
6005750.0,1764050.0,0,0.0018447141450681757,6666,0.46374263766592055,14057,0.514143781000444,8910,0.5593749589068694,11311,0.3334934020268233,4394,0.509897605744155,5746,0.4759378731791064,12822,0.5285872937147229,10129,0.55266593436337,840,0.4758274599684633,4516,0.6520110089877611,2837
5986650.0,1754450.0,1,0.9999999999835716,220,0.8970101950271147,319,0.743532073742297,78,0.6129296098426452,907,0.45962155870586735,866,0.6061445083670226,162,0.9684129502219495,357,0.9463144905864639,126,0.5526533939216417,841,0.7316769652716346,357,0.9531094095195013,13
5905250.0,1740950.0,1,0.9999999999997855,31,0.8882147544860275,866,0.7194277172081414,549,0.6015812252796875,1745,0.415839390023719,1623,0.5450689909118488,1540,0.9625251880434017,635,0.9054544967773823,969,0.5526455105079984,842,0.6424256203233755,1059,0.5719235777842203,5734
5900050.0,1773050.0,0,0.8573841041758127,1607,0.6998083740985538,2559,0.623203479706296,2051,0.5782237241191361,5919,0.34072685956878856,4056,0.5062639924976295,6439,0.7308213233332731,2080,0.7550967628448565,1848,0.5525381761711987,843,0.5029719931423682,3714,0.6208143284188752,3784
6037850.0,1696450.0,0,6.528275819292831e-06,12174,0.6465016365780517,5033,0.5730158200226366,4318,0.5931580358390963,2846,0.3096591868991457,5612,0.5304989845591751,2773,0.643562005395778,5218,0.6688631344896878,3768,0.5524884711367868,844,0.4125710781948796,6527,0.6683895562893801,2406
5986150.0,1751050.0,1,0.9999999953720944,590,0.8978704403100228,243,0.7416656236508081,100,0.6251373860109588,468,0.4375439450735153,1216,0.6088177963407911,140,0.9712776396938605,226,0.9431884202834964,147,0.5524515816817965,845,0.7082441815619441,496,0.845552955241506,152
6007450.0,1735250.0,1,0.9668084818426987,1493,0.7897725939079447,1465,0.658870478692494,1347,0.5862092955871634,4125,0.3898991434042048,2226,0.5540115910856476,1041,0.819865640197242,1374,0.8302121277627375,1307,0.5523215929286298,846,0.6190208754639168,1364,0.7662099397769471,713
5946350.0,1795350.0,1,0.9999947886513643,1182,0.8893136797066693,804,0.7190277004871144,568,0.5958814118726812,2410,0.2833511881845709,7245,0.5174840071647545,4472,0.959832036466121,777,0.9107840993588205,840,0.5523159922321409,847,0.4402960064800088,5681,0.4540385714515567,9782
5987150.0,1753150.0,1,0.9999999996823001,395,0.8895927355068863,786,0.733632534343258,241,0.5978345356643525,2157,0.5090320217725155,359,0.5844069206966481,348,0.9585909344161354,852,0.9161969548684337,683,0.5521114579951694,848,0.7171131518615286,449,0.7937517030074335,432
5905350.0,1740850.0,0,8.62798266440375e-12,18978,0.6153981155954655,6612,0.5330859235491182,7241,0.584151389249735,4557,0.44417908449949667,1096,0.5322520800055774,2566,0.5986100789505766,7247,0.5881528036288417,7074,0.5520909145362796,849,0.665045389518237,858,0.5935973696114614,4815
5904550.0,1753550.0,0,0.0002970852176747497,8555,0.6018467783267917,7281,0.5891807478460576,3353,0.5767421933108623,6306,0.46079057633982407,847,0.5639314538148104,713,0.608686270223711,6801,0.6623988030825119,4002,0.551679660106577,850,0.6666160024253962,840,0.8030418498509899,371
5946550.0,1761350.0,0,0.030506808834607893,3786,0.6818319994673679,3271,0.612908297606756,2361,0.5872270518803352,3913,0.38330981576044465,2401,0.5560563385599198,964,0.7043086464238042,2722,0.7332191927544375,2128,0.5515726614191832,851,0.646507194760656,1026,0.7180631080089631,1413
6001150.0,1761150.0,0,0.0002586791333491955,8727,0.4660186883060727,13945,0.5201999757762001,8390,0.5670414970119952,8972,0.2943465893938042,6509,0.5045695246759103,6734,0.46830118958616374,13161,0.5331974740830003,9862,0.5514609304594008,852,0.42753043032244264,6056,0.6617865769590655,2569
5986050.0,1754050.0,1,0.9999999999942097,157,0.8979010503629661,239,0.7239454373602122,443,0.5698068639373909,8221,0.4403550838510042,1166,0.5129685341623053,5219,0.9657115224169615,478,0.9259890159685142,402,0.5512525327699198,853,0.6145555571386434,1420,0.45865805125351,9638
5986450.0,1754150.0,0,2.510171368399322e-08,15528,0.32104186413830804,20866,0.41828905094131213,17379,0.6152610654225619,793,0.48530265491959157,574,0.5789258111183231,412,0.31997288771746346,19769,0.4122604544535948,16958,0.5511672620338501,854,0.709637813651982,490,0.7047897412964967,1651
6009350.0,1733750.0,0,0.00019618690816444807,9031,0.558253509776579,9526,0.5473438254467565,6092,0.5919647764717068,3047,0.5230338564496487,253,0.5896031913938586,290,0.5563614985544598,9223,0.603274526907809,6385,0.5511448294914564,855,0.7536629736720308,254,0.7838502547612571,516
5988850.0,1751650.0,1,0.9999999994185429,444,0.8941021003380355,539,0.7117421428026883,725,0.5761912070992611,6442,0.5164717021546542,298,0.5635379218914146,729,0.9703704398673589,256,0.9088832762484328,886,0.5510884256274591,856,0.7875659346829927,155,0.7867273593854998,497
6005350.0,1761550.0,0,4.499399934718504e-05,10558,0.5907202334185231,7824,0.5600045984488065,5163,0.5784349390181125,5878,0.3967087576986114,2040,0.5216918591455717,3872,0.5853668766828817,7867,0.6284466566039475,5321,0.5509528738774649,857,0.6086754016646805,1503,0.6543002183124581,2761
5946750.0,1794350.0,1,0.9999999573979153,762,0.8939295793539878,550,0.7087502968892051,792,0.5674469232174142,8865,0.2741114565120313,7908,0.5150508546746673,4866,0.9730282563098481,174,0.91259538491345,785,0.5507871770345862,858,0.4111205560856124,6574,0.7223817724656356,1331
5978750.0,1776350.0,0,0.04396049909350469,3463,0.7320233658184121,1758,0.6502347098719894,1513,0.5875441954461385,3835,0.31639990798961254,5240,0.5148575917487466,4903,0.7356300228429405,2003,0.7302045096845503,2188,0.5505457430549476,859,0.4532662356170465,5225,0.5353413360258944,7164
5984650.0,1753750.0,1,0.9999999993362876,459,0.8961437201759488,390,0.719764157878757,539,0.5658397579193207,9325,0.5270203336598285,223,0.5546183075186022,1014,0.9637183372670693,586,0.9233649131250842,479,0.5500728348414933,860,0.7676610540883209,215,0.8192695016633997,276
5985950.0,1750750.0,1,0.9999999905075924,635,0.8962512111398286,384,0.7344953548568149,221,0.6087262012437243,1145,0.3804206957898238,2509,0.5433350756373134,1651,0.9676196049847516,388,0.9298768254815367,321,0.5498951322526835,861,0.5761602674637182,2028,0.4360789518622895,10368
6007550.0,1760750.0,0,0.003997470186538245,5844,0.5672349325887976,9062,0.5739930080654692,4250,0.5830879292813322,4799,0.3207804131763228,4992,0.5233715926346938,3635,0.5739075088875878,8407,0.6135094510060043,5928,0.5498659287509094,862,0.4127229061196396,6518,0.6438992271374462,3071
6002850.0,1728450.0,0,0.008052321770496446,5126,0.7476319806231317,1571,0.66044877640151,1322,0.5725137216608206,7467,0.3519315014351417,3560,0.5406122891043317,1835,0.7836194688444154,1563,0.8110766349046851,1510,0.5498269665434921,863,0.6254758123676843,1281,0.7906585030496125,455
5905350.0,1740150.0,1,0.9999999999052693,313,0.8866256295615474,945,0.7001047691134653,922,0.6019241099036143,1690,0.2809360899125037,7411,0.5526887459920171,1097,0.9626008997321701,632,0.8998250995156994,1056,0.5495176508916748,864,0.4945604895326433,3947,0.7946840669955335,425
6005150.0,1765450.0,0,2.734239435777467e-06,12799,0.33104829107237,20527,0.3953479012092811,18863,0.5666945367188163,9057,0.4392280759804402,1188,0.5376735127295714,2062,0.29799381685947024,20581,0.36545548825754803,19108,0.5494502628338899,865,0.6852400893620152,674,0.7414189257631371,1025
6038450.0,1699150.0,0,0.5066046682523943,1829,0.5487781831809656,10002,0.5394076907124928,6721,0.6124963115455444,936,0.33220051449318055,4452,0.5464433365557225,1451,0.545229591014658,9745,0.585659890926454,7198,0.5493323328401662,866,0.43989597714249407,5693,0.6905878568586531,1918
5905650.0,1742350.0,1,0.9999999923522055,619,0.8860080326676363,981,0.7091717702869311,781,0.590609869321132,3290,0.4299760771025621,1343,0.5445279894182212,1573,0.9556912990443361,991,0.9335450908766528,250,0.5492472390865991,867,0.6406768020705346,1079,0.5276502709420456,7446
5983850.0,1760950.0,0,0.7515863677398618,1666,0.7379111612291338,1684,0.6589044730256844,1345,0.5648104904798761,9629,0.4122487487576966,1708,0.5404886127011576,1849,0.7821860684859346,1566,0.8044959619454317,1558,0.549045502370769,868,0.6229422941046107,1309,0.5925013023406577,4864
6005750.0,1731250.0,1,0.9961548493982298,1324,0.7903206787095605,1366,0.658200970971123,1361,0.6062509723254023,1291,0.32798839247125244,4646,0.5566403054444754,945,0.8209718950601606,1333,0.8302948730505042,1305,0.5489977382507801,869,0.5024592637512433,3724,0.7491649649393954,921
5985350.0,1763150.0,0,0.0006852522912054017,7719,0.3177170557368304,20966,0.4191926551677567,17327,0.5903189008054813,3339,0.42751487710275127,1392,0.5499367732057935,1231,0.3166760176884902,19901,0.403057001472223,17438,0.5487008130053765,870,0.5569612385941898,2376,0.7392070803608215,1054
5907050.0,1772450.0,0,1.978269496896148e-06,13015,0.42713570212413743,15881,0.4483038845607713,14938,0.5705818116110969,8013,0.41070345444692047,1742,0.5131485324403864,5189,0.4302850866635801,14895,0.48554278361490244,12695,0.5483300619263213,871,0.6265164721451073,1274,0.6570835586537831,2680
5994450.0,1740050.0,0,3.333360248866369e-05,10836,0.33608660014544517,20349,0.4052011902339442,18274,0.6045387044493018,1431,0.40357517040497815,1880,0.5507724602321123,1171,0.3057694525115433,20327,0.36551760718552995,19106,0.5482281847494732,872,0.6186386309586225,1369,0.7118996924264425,1519
5977350.0,1777150.0,0,1.9701683555781955e-11,18705,0.5431895175424819,10244,0.4930508712460548,10863,0.5751090668745197,6729,0.38732830818189845,2292,0.5276785819266764,3082,0.5142979873411321,11083,0.5401723222807293,9522,0.5481459861654695,873,0.5995669175254825,1635,0.5880119787029572,5063
5886650.0,1781750.0,0,0.00021225549920418364,8938,0.6966216033267165,2683,0.6363484956513635,1791,0.5677951445683854,8774,0.40076644220747726,1946,0.5500084475631543,1227,0.7052388183138916,2693,0.7442790512248381,1985,0.5481352747259207,874,0.6652499841761987,853,0.7657619750068105,721
6036650.0,1695450.0,0,0.004488041864083251,5736,0.5110844389872335,11753,0.507863441865919,9470,0.593756638277311,2750,0.3358515854866514,4275,0.5427693995854379,1681,0.5153161637811439,11046,0.5607138372241727,8427,0.5480529065870822,875,0.4782495394519699,4445,0.7227663754492892,1314
5944450.0,1796250.0,1,0.9999981075656328,1129,0.8906917635768072,702,0.7246680069118023,425,0.6121328371469161,952,0.28194102567480855,7329,0.5411020245401844,1795,0.9616935693706029,673,0.9173224175739443,643,0.5479669360796899,876,0.3662451488931343,7956,0.6959321424585658,1815
5907250.0,1770050.0,0,0.00031119710011657636,8484,0.3502490063368289,19710,0.4183893064459178,17374,0.6012630955085595,1776,0.3405440380860331,4063,0.5619412117046065,764,0.3482229511451934,18623,0.41453377776139066,16842,0.5478685949728225,877,0.5254241495195321,3092,0.7521236998802748,879
6002150.0,1762750.0,0,1.071024991893126e-09,17024,0.6328110146001729,5702,0.5540275374275023,5588,0.5695297016156647,8311,0.40264006348031145,1904,0.5264261184945531,3231,0.6192787963433144,6336,0.6366752225887644,4984,0.5478167377111424,878,0.6450145314616142,1034,0.6713265526343586,2351
5947550.0,1794650.0,0,0.0007403960558560543,7628,0.6980515363757281,2636,0.640052940240076,1720,0.564642564919474,9670,0.30555670245542693,5859,0.5262718376358523,3251,0.7376063466414127,1970,0.7756114905069703,1677,0.5478102965156008,879,0.4548300899419089,5169,0.7392013832043941,1055
5943150.0,1792850.0,0,3.3850206603516675e-06,12642,0.6807131008339179,3318,0.5949383662614592,3070,0.5738334254815353,7092,0.2818362421197957,7342,0.500826700408491,7414,0.6864702487271507,3349,0.6946865655978456,2967,0.5478045444243891,880,0.39123263307547096,7178,0.5831128495586461,5272
5949550.0,1796150.0,0,0.000161235304812499,9246,0.6388206076706557,5393,0.6072236367405659,2574,0.5873461845405489,3880,0.27155009123120905,8082,0.515890186128281,4731,0.6604897467800344,4447,0.7013727281022959,2774,0.5477608402922898,881,0.4196101025581729,6305,0.6048534182524409,4377
5986950.0,1756750.0,0,8.021787872369404e-05,9989,0.37707003862926314,18400,0.4300979128643537,16477,0.5823981637416858,4955,0.3777495849061205,2599,0.5011983566491771,7335,0.3820750915796287,17117,0.43673603343574996,15554,0.5477156332194824,882,0.4145464341069782,6469,0.45177307750059603,9871
5988750.0,1753150.0,1,0.9999999999021367,316,0.8912692885480935,664,0.7375962642514214,174,0.6171835331141282,719,0.4961473842880861,475,0.5670311277270855,638,0.9581261807084901,868,0.9101041273043883,861,0.5476865157369804,883,0.6231196264547283,1308,0.4386309257814983,10291
5902850.0,1740850.0,1,0.9999999999837468,219,0.9145072302401779,44,0.7250810973874647,417,0.5682368973902437,8658,0.4101073062670198,1754,0.5325500567397349,2542,0.9922438619611116,44,0.9633751480089552,38,0.5476620419997216,884,0.6684275616800329,822,0.7769027294844846,592
5880650.0,1764750.0,0,8.090188766959269e-09,16131,0.5891703125729815,7899,0.5188935919316052,8505,0.5799174884403621,5530,0.33546026810997426,4306,0.48710409003341393,10082,0.5754317738092946,8333,0.5863359747205321,7163,0.5475327815832742,885,0.4976962736581143,3858,0.41503714244762957,10991
5942750.0,1790950.0,0,1.3951644583911792e-05,11616,0.37989330033801505,18245,0.4671436896033403,13278,0.5730755868448014,7320,0.43005115782492537,1342,0.5525193947143024,1107,0.394129450172378,16542,0.47645339658999275,13223,0.5475010162481002,886,0.7301485403624064,364,0.8052560816026432,355
5904950.0,1740850.0,1,0.9999999999695699,263,0.9145511219430997,42,0.7275585944955559,352,0.5792361814072142,5685,0.41330011651055915,1679,0.5597041309199442,839,0.9935586819707838,19,0.9695522023057562,20,0.547443970117335,887,0.6993116480787935,555,0.8849104566434969,74
6005750.0,1736650.0,0,6.259196798949931e-12,19090,0.3098992117312926,21182,0.3404246011051501,21088,0.6126286961156564,926,0.44935658164282966,1010,0.5601542273920872,821,0.2693478718149338,21242,0.3090812309856552,20829,0.5474205259510516,888,0.6417349991347652,1068,0.556276342371344,6337
5987350.0,1760650.0,0,0.002626276164509565,6287,0.7119803439929108,2196,0.6336843362903886,1827,0.5609082247131216,10759,0.37016836507106515,2881,0.5149586072173233,4884,0.713326918416574,2457,0.7325567844613715,2139,0.5473414634387447,889,0.5236361644303876,3143,0.7252329032846089,1277
5985250.0,1754450.0,0,2.368213014230717e-05,11159,0.48031297630820785,13260,0.49449151119616536,10725,0.5616175586313598,10552,0.3712284243998819,2845,0.5037984930329101,6877,0.4976994444089148,11829,0.5555395253529627,8682,0.5473196468495285,890,0.5540474363048147,2442,0.6887042084291021,1956
6001250.0,1763550.0,0,3.427763870416381e-10,17551,0.6425957284067132,5201,0.5460318864181967,6196,0.5784221298903328,5881,0.3588463216030931,3290,0.523856631808036,3561,0.6418257970785379,5300,0.5859455830865458,7186,0.5472728847721342,891,0.48176264434200133,4339,0.5790486582709359,5440
5904450.0,1740650.0,1,0.9999999999720153,255,0.9137724260795023,59,0.7209137893709505,511,0.5712545811956423,7825,0.414488002874176,1647,0.5420036997464426,1739,0.9919343593172995,49,0.9622346717926274,43,0.5471838849146002,892,0.6722650397090593,782,0.8341873043213566,201
5979750.0,1778950.0,0,0.005244800637831293,5584,0.7370802551551675,1694,0.6452818955149523,1623,0.5634799846253674,9993,0.28531311293291917,7109,0.5184714374432924,4323,0.7497879360844781,1803,0.7738912693851818,1687,0.547149349678092,893,0.47304050836528844,4611,0.7310506211889426,1178
5944750.0,1797650.0,1,0.9999903161596453,1205,0.888794093746977,837,0.7049773477230177,855,0.5721355184822592,7567,0.2530352752382139,9404,0.4966493786571135,8213,0.9589808566661998,823,0.9030791562566179,1012,0.5468312850763779,894,0.3460290026729317,8576,0.6147220531683524,4007
5974850.0,1779050.0,0,1.4485378526562498e-07,14596,0.5195937703333933,11375,0.4896173014019906,11186,0.5789020421642351,5769,0.32343763596835257,4852,0.5242263980969057,3515,0.5210042559259209,10773,0.556048634341016,8652,0.5466241139096699,895,0.5215810374657857,3188,0.6404209891245054,3178
5989750.0,1754450.0,0,1.951354108617756e-05,11345,0.6096484678577646,6871,0.5799687169370368,3869,0.5941039191373337,2694,0.5689712645108996,66,0.605880507846309,170,0.5938313246973518,7477,0.6388501618257318,4911,0.5465135301975165,896,0.8030263643205079,113,0.7783513629712815,570
5985350.0,1753650.0,0,3.861441459536939e-09,16455,0.43225185992620296,15605,0.4532312063729276,14503,0.5701345798458596,8133,0.48011190604649845,631,0.5494923107337528,1260,0.41408407632460276,15610,0.47867274775031565,13081,0.5463989104803065,897,0.7619787493882726,229,0.72135661890343,1350
6004950.0,1732250.0,1,0.9992707019700625,1268,0.7907387918879404,1322,0.6650128351035786,1278,0.5851962215587535,4347,0.29299075956796916,6600,0.5033540563732753,6945,0.8195583829660977,1390,0.824258558169306,1352,0.5462763843106393,898,0.45711816316970366,5102,0.46957245011555393,9291
5944050.0,1791350.0,0,5.767639087319029e-07,13791,0.7020580666143019,2479,0.6181536340723589,2197,0.569979858082605,8172,0.4918656787348102,518,0.5604018936745137,813,0.7151169650421075,2396,0.7483532038211134,1931,0.5462634228905748,899,0.7395630243432314,315,0.7965621385724806,417
5888050.0,1782350.0,0,7.08291230319321e-08,14986,0.6115938928326391,6776,0.5549529596720177,5512,0.5629134434343674,10164,0.3547102963547409,3451,0.5236546474578662,3588,0.6011211072036478,7137,0.6339803459337836,5083,0.5459266522931951,900,0.567058818604927,2197,0.7416253331588325,1018
6009250.0,1733550.0,0,0.05069238213470714,3334,0.6836565428840294,3188,0.623976264754139,2033,0.5974216459779256,2213,0.3549489700109016,3444,0.5460971958907958,1469,0.7103488243678988,2546,0.7361501487199953,2093,0.5456317731144967,901,0.5109959209638844,3481,0.7383167188005058,1068
5989050.0,1757250.0,1,0.9999999998755371,323,0.8898426277510099,760,0.7144296104580158,664,0.5769620868056727,6243,0.38130694611863564,2474,0.5352422716837619,2289,0.9663714911535576,442,0.9137330191998952,756,0.5456240655427456,902,0.4376136432630118,5768,0.721907901397928,1336
5988050.0,1752550.0,1,0.9999999999259719,299,0.8905058509393493,711,0.7174288057157815,606,0.5703750419041071,8068,0.4206335171702393,1520,0.5361553661611502,2181,0.95855655580352,853,0.9050270868639751,977,0.5455781883387132,903,0.6064572385448452,1529,0.7794216209998277,560
5871950.0,1728150.0,1,0.9999999464473563,788,0.8947245905912828,496,0.7017379312415731,900,0.6046344108595405,1422,0.25336352991399363,9366,0.54435318014887,1582,0.9669469237478772,413,0.9183753695935596,617,0.5454736223748955,904,0.4253298214801513,6137,0.7378637052567641,1079
5985650.0,1759450.0,0,1.4547704592238908e-05,11591,0.4829047077159942,13144,0.5070030016248301,9550,0.5417953242173167,17904,0.36958199795324365,2901,0.5097726869667767,5778,0.4943033718132632,11970,0.5410144127889078,9468,0.545279416624648,905,0.5223270972875798,3174,0.7259160399691482,1265
5887850.0,1780350.0,0,0.024615767032562307,3992,0.6031885264045462,7219,0.5768067591953681,4063,0.5984062160570497,2090,0.27156787654388037,8080,0.5480936199229801,1328,0.6005705176512791,7155,0.6411344241263259,4816,0.54526760419054,906,0.40883534483159556,6637,0.7003236767420815,1744
6009950.0,1763950.0,0,0.008015229679469328,5131,0.3917162663126727,17647,0.4342758103082297,16136,0.5926910998963937,2935,0.2921354708643089,6659,0.523681058664507,3582,0.3625757011110706,18002,0.407744505089367,17166,0.5452572312601757,907,0.4432544896512127,5584,0.6417644231284625,3132
5944550.0,1796350.0,1,0.9999997571111211,944,0.8959027885083286,401,0.7271505728719438,367,0.6042859526114928,1456,0.26868157885464583,8303,0.5304505312908011,2780,0.9750124644276748,121,0.9224793162742398,505,0.5452550848764015,908,0.35490296399369203,8287,0.6877435122393315,1983
5987250.0,1760050.0,0,0.00010541876414895535,9672,0.5124458914647684,11698,0.5313048021357545,7414,0.5681691754008673,8674,0.45490499925819694,943,0.5233220071264706,3648,0.5127278904733183,11146,0.5717292342672271,7871,0.5452308750968186,909,0.6623572752619327,880,0.6356644390929856,3317
5988750.0,1751850.0,1,0.9999999996175519,410,0.8940396027463259,543,0.7113104458709637,737,0.5724580190141023,7473,0.45204900202096626,980,0.5525245400514828,1106,0.9702180699004236,264,0.9066627823119868,937,0.545194255678616,910,0.7438060733425875,298,0.7813169842124107,540
5977850.0,1773050.0,0,0.014402069125832619,4559,0.7160628680219526,2099,0.6535550335881317,1439,0.5711015972007658,7864,0.32488849240761364,4790,0.5192778798753698,4205,0.7486109182016961,1821,0.7751379325510177,1680,0.5451159776198005,911,0.48948144420463513,4092,0.7170696295602849,1431
6007250.0,1764850.0,0,3.2024604495303284e-05,10883,0.36594971439923774,18914,0.40452983319545627,18317,0.6057353243668655,1336,0.3950581649474219,2076,0.5341962594499283,2388,0.3303122042413764,19381,0.3748087400381531,18717,0.5450319459994639,912,0.4412258486200359,5654,0.5917209483729509,4896
5905750.0,1759750.0,0,3.5020964879658706e-10,17535,0.4326098332605565,15587,0.44577211217396817,15176,0.567438429566211,8867,0.4907549599767437,526,0.5464058284409398,1455,0.43800075820655926,14560,0.49834556700329813,11923,0.5449294915208075,913,0.7517689278402971,265,0.6656521407283358,2479
5901550.0,1771050.0,0,0.007370000097701606,5216,0.395948552096634,17444,0.4606808758816476,13834,0.5843210770685453,4524,0.2536846146820036,9342,0.5162678433829089,4666,0.3867168539438167,16878,0.4499117876837644,14780,0.5447693127977872,914,0.40058914410398994,6880,0.6675651496325838,2428
5888050.0,1781650.0,0,1.4914138391391644e-09,16893,0.43378365845358124,15518,0.42102294438023535,17183,0.5850891011225546,4368,0.324716437394481,4794,0.5250651769581139,3408,0.431524009337523,14846,0.46627438506467667,13797,0.5444917954306827,915,0.4361050382322498,5810,0.6417092038970482,3133
5975850.0,1770350.0,0,0.002312744541156894,6417,0.47008649231173627,13766,0.4950558480261035,10675,0.5656614594792903,9377,0.30466025349594866,5915,0.4937490761629774,8776,0.4747940265916637,12880,0.5204039740535161,10608,0.5442971220935879,916,0.40412716797464476,6770,0.6241517966271823,3664
5909050.0,1752850.0,0,0.00043359069436286725,8187,0.48488242607609394,13051,0.5334122999784845,7209,0.5713441478000811,7790,0.44041655694791354,1164,0.5455909401309802,1511,0.5047445769645971,11506,0.575000611407808,7735,0.5442019390421131,917,0.6967051250943532,578,0.8260511526594527,241
5978850.0,1779350.0,0,0.1156184019361248,2674,0.6828555061337187,3223,0.6335518991075367,1830,0.5878645776215461,3771,0.31421139659482805,5355,0.5371195434812912,2097,0.7158981589895551,2375,0.7485158456095169,1925,0.5441021357373729,918,0.42055488258300466,6277,0.689660412816683,1931
5997450.0,1748050.0,0,0.005885386220876183,5456,0.33418679053474726,20410,0.43050725899533576,16434,0.6359134209496774,178,0.4672144457396518,768,0.6047244245689691,178,0.31226433386662245,20079,0.3886351119244169,18105,0.5439634168436422,919,0.6504823255058514,991,0.7569921157942852,809
5903250.0,1740850.0,1,0.9999999999435434,290,0.9154688441043268,28,0.7349860092832295,214,0.5982119375480565,2114,0.3431822542844393,3950,0.5582498770013222,879,0.9937922015077673,15,0.9696141801023911,19,0.5437971842646674,920,0.6323944529408256,1197,0.8656401608385813,112
5995050.0,1741650.0,0,4.450912308327716e-05,10569,0.5791170028391134,8428,0.5523503730010115,5713,0.5969184945466427,2281,0.5210876687558476,267,0.5806315275593478,391,0.5691197830655031,8610,0.6103254198730264,6066,0.5436841937979181,921,0.6733724265984966,773,0.7558695182537132,823
6037350.0,1695050.0,0,0.0023597098865196357,6395,0.36152708642462333,19144,0.4340886603484466,16152,0.5885289520775304,3667,0.34312117029264794,3954,0.543068097444103,1665,0.3680080888544415,17750,0.43565853971290924,15612,0.5435800743265864,922,0.5302892643371568,2990,0.7553480266203703,826
6006850.0,1736350.0,0,0.0021551420725003747,6489,0.385358665869652,17982,0.46364371438949464,13590,0.605803326265165,1328,0.43621845780101454,1230,0.5740618826485436,491,0.39377624300604164,16561,0.46477017377320573,13891,0.54341931284913,923,0.6380840568149887,1115,0.7658142624883362,720
5986150.0,1753950.0,1,0.999999999993598,166,0.8974007403962817,287,0.7283527838642483,334,0.5673822306952153,8882,0.5084087698003235,366,0.5293184050145643,2892,0.9659833525547895,462,0.9317787893006199,287,0.5434112812536731,924,0.6418480145646683,1066,0.4616740718693355,9549
6003750.0,1765750.0,0,2.2805091081115355e-10,17721,0.5192341046419698,11397,0.4803269154327292,12093,0.5470174389908392,16393,0.377675546780742,2602,0.4971613725153764,8112,0.4930219040749997,12027,0.5273576847668204,10201,0.5432755047236628,925,0.5262030064705407,3074,0.6009645830538837,4532
6000350.0,1726150.0,0,4.527099374394894e-05,10553,0.6596066500042708,4340,0.5678256588850054,4657,0.5961854796021299,2364,0.39965779420372943,1972,0.5482610161375305,1314,0.6688131399676382,4079,0.6864523707777827,3207,0.5432628271835429,926,0.6177110374978089,1383,0.7177037435542035,1423
6036050.0,1698650.0,0,0.03704908510106911,3603,0.34984262162062607,19733,0.45217534043778407,14591,0.6144979966951563,830,0.3165505445849773,5234,0.5522708435144974,1118,0.3444639403368168,18790,0.42236003156062096,16415,0.5431262896794544,927,0.44764457418771963,5415,0.702241961175537,1704
5987950.0,1751850.0,0,1.496754323555883e-09,16891,0.44899683247079497,14811,0.4498892324886853,14797,0.6009081675003896,1811,0.5408723893540245,156,0.5737618327152938,498,0.44492170366836126,14235,0.4833773972712372,12808,0.5430858568028359,928,0.815713430059909,87,0.7037525674925449,1673
5906650.0,1752650.0,0,0.039293774867691415,3549,0.5285940908933805,10929,0.5083693774196574,9416,0.5806250261178376,5379,0.27234475710642414,8015,0.5308223862013891,2732,0.5133062450149583,11125,0.5431434222717066,9350,0.5430225805776201,929,0.4102254553674136,6595,0.6923753515101619,1881
5948450.0,1768650.0,0,0.010884791286944497,4842,0.7287429263052561,1812,0.6513303827526623,1477,0.5806858355581905,5366,0.2983356198376848,6274,0.545600756090645,1510,0.7580755164614963,1705,0.7857147687152991,1617,0.5429228602351144,930,0.4370089667675857,5784,0.7108758171776138,1539
5989850.0,1750450.0,0,4.696972081185649e-13,19963,0.616352939224937,6568,0.5161079147986243,8757,0.5850101727334406,4390,0.28666577790910336,7034,0.5019166871837936,7189,0.6005173670243928,7158,0.5519165436571583,8865,0.542874682808649,931,0.42712071833707577,6069,0.5147270705553189,7885
5986950.0,1753750.0,1,0.9999999997049094,392,0.897760155189852,257,0.7220048010440318,491,0.5761829737499543,6446,0.33068216137997275,4515,0.5200944180838795,4076,0.9626515474541814,631,0.9104617637621132,852,0.5427501988094877,932,0.3969618114305047,6997,0.6631814596424371,2534
5945450.0,1795750.0,1,0.9999995944607175,999,0.8892776212176928,806,0.7262879637395145,394,0.613248531360635,890,0.3304381642438117,4527,0.5420109878479622,1738,0.9600656662292513,765,0.9150793492248241,714,0.5424985734112291,933,0.5556077267415864,2411,0.5197448601846553,7718
5907450.0,1756550.0,0,0.007045118550767024,5257,0.6083101813538043,6946,0.581337166832061,3789,0.5722202460131549,7538,0.3009438458904725,6124,0.5143085713399963,5012,0.6370182339860547,5522,0.6802862770588632,3367,0.5424456045180426,934,0.5475537613000028,2584,0.743126545309311,1000
5995150.0,1749350.0,0,2.8591097281728073e-11,18570,0.5425763463876481,10269,0.4964236909354519,10531,0.641355002534293,105,0.2849863027281577,7128,0.5553739681471587,989,0.5321872994420543,10300,0.548601308123031,9062,0.5424185908746151,935,0.38809873042693477,7274,0.5440250471486698,6832
5979250.0,1777050.0,0,8.82799128803235e-06,11957,0.6960039750409661,2707,0.591851277693376,3213,0.5698842399149221,8199,0.31766761838766533,5178,0.511532016182611,5451,0.698890406144445,2902,0.6901721682295294,3110,0.5424026188683575,936,0.46664920221412265,4812,0.6802975802285869,2149
5909150.0,1754550.0,0,5.529317347956081e-12,19133,0.5701662022879983,8905,0.49886900703768766,10307,0.5777655632312421,6030,0.3550890922380457,3435,0.5195829450775837,4154,0.5541921371141879,9325,0.5548525895961558,8714,0.5422233231912472,937,0.5343298893929506,2909,0.5643530340581546,6032
6008650.0,1737950.0,0,6.811847969268538e-05,10158,0.4399782463494822,15233,0.4584753084837318,14027,0.6147766881461078,814,0.30867344665833946,5677,0.5487029712391613,1293,0.4101986033022892,15806,0.45641633810731075,14407,0.5420335756419251,938,0.4570823569993656,5106,0.6834177063965947,2070
5902550.0,1740050.0,1,0.999999982437313,680,0.8865602881409103,950,0.7045586299784339,862,0.563150892520968,10077,0.2912058564730062,6723,0.5035242872829548,6915,0.9549403371448516,1038,0.9252151962603744,425,0.5419825350001186,939,0.5076142467242459,3584,0.7390964176483119,1059
5972450.0,1770850.0,0,4.170203671929174e-05,10638,0.5329680933711834,10693,0.5414171907419314,6551,0.5994041847302644,1954,0.4765693814906393,663,0.5839324336046755,351,0.5195272446683303,10844,0.5591557041157993,8494,0.5418886356526016,940,0.7849816678788875,163,0.7843502177702395,512
5941450.0,1795550.0,0,2.2787468678309345e-08,15575,0.378220332754266,18345,0.4368478408684091,15925,0.5754899526155034,6643,0.44649617922071183,1058,0.554252230248769,1030,0.3688670572334938,17707,0.4386902334043865,15449,0.5415541012587229,941,0.7228785057416868,410,0.7796106725664325,555
5909750.0,1759150.0,0,0.00031108233961602846,8486,0.4323623454826441,15601,0.47690610913615256,12406,0.5888511426050554,3612,0.3414567909507652,4022,0.5570636155052532,934,0.4370854313196687,14601,0.48958514916906104,12454,0.5415474211592898,942,0.5506101274233988,2524,0.7715644191522053,650
6007850.0,1762350.0,0,0.00016141044113409156,9244,0.44150674158016046,15161,0.506686225646947,9581,0.5741795370586149,6993,0.2896862917170913,6814,0.5156343923727748,4774,0.46092155652587086,13498,0.5184876616972597,10721,0.5414693782290527,943,0.4104464031371571,6585,0.6529648274659153,2810
5982250.0,1756450.0,0,0.0061801307164473795,5409,0.7127055684099514,2176,0.6402750558529204,1716,0.5659959790343655,9276,0.4625991727818347,822,0.5508367608944156,1168,0.7217308370949815,2255,0.7509142355937442,1894,0.5413525077196248,944,0.7646713557283832,224,0.7986262831263125,397
5989550.0,1757650.0,1,0.9999996308396474,985,0.890784670628217,695,0.7334021999342889,245,0.6003740669477784,1859,0.3717246916497717,2828,0.5386448959856031,1974,0.9612323282815501,699,0.9506228547252916,100,0.541222029395293,945,0.4101942864627186,6596,0.6977668737565498,1787
5940050.0,1792150.0,0,0.00434818407954503,5761,0.668444114509526,3888,0.6258280064464229,1993,0.5847348945579703,4446,0.35448362292941576,3460,0.5400170510326708,1882,0.7024777472274814,2776,0.7445480597467072,1981,0.5411741751268359,946,0.6283700957266516,1248,0.7813336571513994,539
5944750.0,1797250.0,1,0.9999965216554315,1161,0.8890089716758358,822,0.7208757823343361,513,0.605783859527172,1330,0.3264153527325447,4711,0.5647020881916961,694,0.9614366350333032,683,0.9194127703487045,588,0.541074792221467,947,0.5333421367668929,2930,0.8116893339072906,321
5987750.0,1752850.0,1,0.9999999998367268,347,0.8898289584855493,761,0.7400151109661508,124,0.6134980547348173,880,0.5090175144741116,360,0.6116065155158931,115,0.9599173922992223,771,0.9227997023011598,495,0.5410468755670781,948,0.7321177432934785,353,0.824384361607478,249
5903650.0,1770450.0,0,6.562464805033159e-05,10194,0.6408276553694824,5286,0.6108170175485363,2459,0.5830188065360471,4816,0.4431200590303708,1115,0.5663138878838437,652,0.649460682102108,4939,0.694794597587409,2962,0.5408736281014848,949,0.7190714500059585,434,0.7897013296922849,461
6003750.0,1728850.0,0,0.000889981252124316,7446,0.48109489022367047,13223,0.48339602239840557,11787,0.5873244023973831,3885,0.2827628985354682,7280,0.5165755333243816,4625,0.47226583062369476,12985,0.5145235246021784,10950,0.5407076986971663,950,0.4511685161726747,5289,0.6855194852300739,2030
5945850.0,1793450.0,0,6.265163584303381e-06,12214,0.5910997944165183,7806,0.5583075089071432,5293,0.5782581946787655,5911,0.27713550020363403,7703,0.5099835736826452,5733,0.578525483242815,8172,0.6132248676038872,5941,0.5406415510710051,951,0.3889240311099488,7242,0.655005470793083,2741
5989650.0,1751950.0,1,0.9999999999952056,147,0.8954183145969588,444,0.7232188822635273,458,0.5861558115667326,4132,0.5029830223377413,413,0.5399697254730357,1889,0.9693683838257358,300,0.9057015050783882,964,0.540207072314305,952,0.6160769789533829,1403,0.4322065161020523,10486
5909550.0,1754350.0,0,0.00034312540196178705,8399,0.671558820702758,3747,0.5990245326391898,2888,0.5877798569171495,3789,0.48378606488774173,591,0.5764179037273832,452,0.6934059877359915,3108,0.7333114562601734,2126,0.5401222161769874,953,0.726101931990558,392,0.8315819899378831,211
5944050.0,1793750.0,1,0.9999999146415777,832,0.8886577854511382,846,0.7169467077733304,614,0.5976837399052232,2178,0.31805467360475675,5154,0.5554758382837652,987,0.9600548406409498,766,0.9140116164461533,744,0.5400596104747699,954,0.5375555251864768,2822,0.808425087148086,342
6009650.0,1738250.0,0,6.086212491834467e-07,13755,0.5162204473634574,11519,0.5070986155402332,9542,0.5883130191133906,3698,0.5039544146358357,399,0.5349571958733707,2321,0.5239944420412805,10667,0.5674992394635641,8066,0.5398490705918466,955,0.6248803215770291,1290,0.42863315568119087,10592
5960750.0,1738950.0,0,0.001157425545076289,7148,0.5039371842941335,12114,0.5326674383450969,7289,0.5710719674239272,7872,0.3152502257448143,5307,0.5332864975122302,2469,0.5150833382672678,11053,0.5632889965564325,8285,0.5397950062183614,956,0.5219810385492469,3182,0.7318594844959823,1168
5940650.0,1765150.0,0,0.03229733775560509,3727,0.5774087834148054,8527,0.5673960820690068,4687,0.5958757395319692,2411,0.33000018820553295,4549,0.5600479543265153,825,0.5819985433513252,8019,0.6245500928870606,5487,0.5394708330737962,957,0.5447725156971492,2665,0.7128229167674304,1500
6036550.0,1695350.0,0,0.006665745862130374,5322,0.5643667572009526,9202,0.5294865928861903,7571,0.5775423723931868,6092,0.3040697528393805,5957,0.5246534605823043,3468,0.5842598450008751,7911,0.6201421553309515,5659,0.5392507838995129,958,0.42922556567009007,6015,0.6989032640468285,1768
5993650.0,1748650.0,1,0.9999999991580955,479,0.913826748023976,58,0.7179947562161403,593,0.5796916351772674,5583,0.3229161353495624,4889,0.5405488343609729,1842,0.9905429382145619,78,0.9505581494078738,103,0.5392089590422291,959,0.5820814855959904,1911,0.7902383037117711,459
5903150.0,1740450.0,1,0.9999999999789662,234,0.9145647580849744,41,0.7290460947738587,321,0.5777729267725519,6028,0.4058689401921032,1843,0.558433261572151,875,0.9932180206938195,28,0.968679123857736,23,0.5388895587361858,960,0.6962877423208753,584,0.8840280661797048,76
5986050.0,1750650.0,1,0.9999999723931864,720,0.8972249008666633,301,0.7382662789587013,157,0.6186440168987596,669,0.4789777673691651,638,0.5639933062696538,709,0.9636776028843018,589,0.923258309150108,481,0.5388381766391082,961,0.6042312410646146,1561,0.4296147539568841,10562
6003250.0,1760450.0,0,4.953159564144466e-08,15166,0.5341738449438881,10656,0.511375179533663,9155,0.5974245449169768,2212,0.6346126230028507,5,0.5845370973317039,345,0.5104170846246893,11246,0.5636014115410972,8266,0.5387693689970408,962,0.8640428475798203,34,0.7409700795806096,1031
5992250.0,1747850.0,0,6.019527504873403e-13,19876,0.5932680033096274,7680,0.5243006306167234,8025,0.6315755425044719,284,0.5274157232827911,219,0.5913476990757228,265,0.5825525542009197,7993,0.5577398666061278,8565,0.5387693079588043,963,0.6636702707659263,870,0.5597361392423383,6206
5907650.0,1753150.0,0,1.9958579750475798e-09,16778,0.6841213298902606,3176,0.5628625226814433,4976,0.5814402567440546,5185,0.28871336303837,6890,0.5092702520687585,5873,0.6845068638895748,3416,0.6150550762210398,5859,0.5386810142779882,964,0.4867179154778053,4182,0.5961146266588564,4730
5904150.0,1740550.0,1,0.9999999999969735,122,0.8871107521798999,923,0.7025127612373384,891,0.5742448767730045,6972,0.32721382426726575,4676,0.5376782627882373,2061,0.9618206487651355,664,0.897948728463789,1073,0.5386546204652671,965,0.5866010167970304,1838,0.8315379069940776,212
5946350.0,1795950.0,1,0.9999944829302764,1188,0.8881447010270833,871,0.7019124154195919,898,0.5684164889362134,8617,0.23490964073984633,10692,0.48705573702950555,10097,0.9579515375976635,875,0.8989631415741907,1061,0.5386393504945897,966,0.3273830991208726,9182,0.5322769481685511,7277
5889950.0,1781450.0,0,2.1492408474732462e-08,15614,0.48194509163184757,13190,0.4653943634364338,13438,0.595658604061869,2437,0.29750024264239666,6329,0.5330699587879214,2487,0.4756930837719746,12831,0.5208642175313817,10584,0.5386166148105287,967,0.40371386978774715,6783,0.6346733812885862,3345
5987650.0,1756750.0,1,0.9999999999993434,60,0.8953556233227615,447,0.719100416662292,562,0.565370342930042,9465,0.360590376947293,3237,0.49880926465116276,7800,0.9730082222231105,175,0.917567148835101,634,0.5385856990787538,968,0.48889898637275,4105,0.5362912543117678,7138
5937450.0,1699550.0,0,0.016989555169358482,4389,0.3521937430395421,19609,0.4526633881708701,14544,0.6024294765903403,1633,0.2687508337524195,8298,0.5461870359118955,1467,0.3531358929141062,18402,0.42966520078695725,15984,0.5384977427118245,969,0.42262594880246684,6216,0.7140967963135654,1473
5982150.0,1767950.0,0,7.905771898539495e-06,12039,0.6141061536801623,6665,0.5588731334242888,5239,0.5628943257281575,10171,0.30107487134419025,6120,0.4978229926651078,7995,0.6087605574860886,6796,0.6390942409215566,4904,0.5383854551666942,970,0.42221987782219417,6230,0.6645622286189943,2506
5946750.0,1794550.0,1,0.9999995287159243,1011,0.8884742636147454,852,0.7101462784633322,761,0.5759273966476143,6512,0.29881693306472196,6243,0.5311669634164385,2683,0.9600903084189609,764,0.9110660801439825,834,0.5383711046920852,971,0.48371754235682574,4277,0.7700148571692924,673
5901850.0,1757150.0,0,0.02056740577818502,4169,0.590346612759447,7845,0.5761051372949075,4103,0.5924787986981507,2962,0.2752141159599395,7829,0.5392054711676705,1941,0.6100381601331324,6748,0.6568836528249291,4210,0.5383602650664905,972,0.4919890821951327,4028,0.7594078083788808,787
6005250.0,1733650.0,1,0.9997020299584723,1246,0.7913789274845624,1312,0.6706711142568659,1227,0.6147787595268609,813,0.40713171662346087,1818,0.5426161878861191,1694,0.8206626782818527,1340,0.8294439111819232,1312,0.5382463292584989,973,0.5757761635023122,2036,0.6130468710308792,4067
5908950.0,1752650.0,0,0.0001925706642870267,9061,0.62222341715068,6275,0.5547752125677465,5525,0.6035503488037004,1528,0.27669650103266463,7735,0.5291739405687389,2905,0.6335697590158078,5666,0.6655587813764388,3882,0.5382025662194473,974,0.38047772128814505,7502,0.6745209374461137,2263
5988550.0,1752250.0,1,0.999999994016574,604,0.8950515478842838,474,0.7097972034524265,772,0.5772967015478496,6149,0.38076293891261076,2503,0.5334590475545696,2451,0.9705947534835195,246,0.9030431679532976,1013,0.5381891406148455,975,0.5199123351355787,3230,0.743876919606677,988
5960950.0,1738850.0,0,0.0009418616952117764,7383,0.6251887009641756,6105,0.5743615813294087,4225,0.5681138060990473,8692,0.3358087313148971,4277,0.5211475214781468,3947,0.6289848673973699,5858,0.651178715671723,4425,0.5381294186818972,976,0.5058870534089821,3633,0.7054342234187333,1635
6003150.0,1730750.0,0,0.0006500080463957883,7773,0.6965428953077845,2686,0.6224836780188964,2073,0.586841389178032,3999,0.36276479088827374,3160,0.557882074498223,894,0.7279819910505682,2124,0.739178127355254,2052,0.5381270328368333,977,0.6021561218356797,1590,0.7815945832093473,534
5881550.0,1784650.0,0,0.005897461916419598,5454,0.6657397989851552,4027,0.6280922785429197,1940,0.5840830919300887,4573,0.3014466207588487,6100,0.518410643659304,4331,0.6797632983662033,3618,0.7139745498780785,2480,0.5380074396175687,978,0.39003798411886503,7213,0.6541628315980479,2772
5985150.0,1753350.0,1,0.9999999997795841,365,0.8963551709294322,379,0.7356411551439627,206,0.5983492435237969,2097,0.472716448212597,704,0.5763056447447147,454,0.964112815777808,555,0.9280189251384023,357,0.5379603920960699,979,0.6925072070181714,606,0.7669252530619517,707
5900250.0,1770950.0,1,0.9730310021161205,1479,0.7462883557077368,1579,0.6364734990813419,1788,0.6234591438711811,517,0.3691775847145261,2914,0.5630138391573478,737,0.7791892426225089,1576,0.7838923717869409,1626,0.537920296318926,980,0.5740049414254778,2071,0.7712475390152695,655
6006150.0,1760450.0,0,4.572212796777367e-05,10539,0.3966985171720302,17405,0.4905058305337686,11092,0.5685542238101772,8590,0.3960861662208191,2053,0.530432844470823,2785,0.4081341664959176,15893,0.49325125931524916,12239,0.5377838011484855,981,0.6314716274185755,1214,0.8241789688665462,251
5909450.0,1771550.0,0,9.007678266431352e-07,13507,0.30934959005738344,21195,0.3748913364676542,19877,0.5758503679822634,6540,0.354285743287508,3476,0.5251536209522524,3393,0.30302089711787006,20424,0.3636606856425407,19177,0.5377587638931358,982,0.45568141798833706,5142,0.6847476064568913,2042
5906250.0,1743850.0,1,0.9999274737413065,1226,0.8159488822441273,1276,0.6548937057597475,1418,0.5829250455944527,4839,0.2499703965594972,9629,0.5196735854190476,4140,0.8652359738452619,1245,0.8243603606951373,1350,0.5377008107324976,983,0.36686448968894636,7936,0.6860236343157697,2023
5895450.0,1750650.0,0,0.015555848204671166,4476,0.692003221043411,2862,0.5993035822199909,2871,0.575240248546137,6692,0.2941654114926147,6525,0.5227316973160555,3723,0.6970634448422123,2962,0.7188634333003159,2381,0.5376584022749141,984,0.48478431176085957,4244,0.7396548375070473,1049
5900750.0,1745250.0,0,1.189983538668666e-11,18866,0.5732508961108238,8743,0.4933748221560866,10826,0.5944206062830786,2643,0.28146356253560506,7367,0.5224240796377906,3765,0.5495097654115408,9548,0.5387285602710279,9597,0.5376420923811731,985,0.4225767547874011,6219,0.5672739967825805,5913
5986450.0,1754750.0,1,0.9999999999949465,150,0.8904192655290012,721,0.7268809682236187,378,0.6057471862949204,1333,0.3244994498327066,4807,0.5202416637833055,4055,0.9601921357351381,759,0.9155385979393332,701,0.5375940508826674,986,0.43412428311064144,5866,0.4414871452287079,10213
5985750.0,1761050.0,0,0.0015073245590866873,6880,0.6592280342809257,4361,0.6003703299255098,2830,0.5664293076221807,9140,0.35603182494623914,3395,0.5237584913066999,3572,0.6579927448602192,4560,0.6933717252205375,3003,0.5375787710679528,987,0.5126630478733498,3434,0.7223885710873842,1330
5973550.0,1776250.0,0,0.0013571472083498683,6991,0.6431173486582775,5175,0.6231208319815651,2053,0.5775026637329537,6101,0.2994184609429069,6209,0.5118351873687091,5403,0.6748873959413867,3818,0.7137490716255841,2487,0.5375712539465668,988,0.4434252248034607,5577,0.5678974703973244,5882
5905450.0,1742950.0,1,0.9999999954972492,584,0.8857190287704592,1000,0.7085725820857963,796,0.587589761033278,3828,0.40155251598158115,1936,0.5352525628926573,2285,0.955472456946574,1007,0.9320346109808699,283,0.5375443112106987,989,0.5815970560333632,1932,0.4570407107299582,9690
5986650.0,1755350.0,1,0.9999999999804365,231,0.888999045085561,823,0.7122618090371168,718,0.565354753271043,9468,0.2931982676434055,6592,0.4982859721264133,7904,0.9596947200074002,784,0.9110712168007786,833,0.5375364639654222,990,0.39961219154913463,6911,0.6232879205358475,3703
6061250.0,1760150.0,0,0.0014678729696814257,6909,0.5343085065139195,10651,0.567264388235023,4698,0.601133299159368,1794,0.3747534064582916,2713,0.5511014802728093,1158,0.5496802400814043,9537,0.6121520661825013,5971,0.5373656487494475,991,0.4309064359975908,5964,0.6801046237790901,2153
6006250.0,1737450.0,0,0.00037250240251672864,8314,0.31490646555947,21047,0.407501002975331,18128,0.5918998258055934,3060,0.4311240415211146,1323,0.5549843946567468,1000,0.2870207094839202,20878,0.35672409395250093,19453,0.5372902875598532,992,0.6980311346343868,568,0.7416674614696308,1016
6036350.0,1693550.0,0,5.040093260020509e-09,16343,0.40340522933663236,17098,0.39540683495207407,18858,0.6031603705991806,1571,0.30525297005751967,5876,0.5366759272952017,2141,0.36406580540831823,17936,0.3959044237596311,17774,0.5372701693083897,993,0.46284579708184137,4906,0.5910611786449277,4940
5974550.0,1777250.0,0,1.2406451435910885e-09,16970,0.629755767306583,5864,0.5400903385631299,6671,0.5813573022570513,5208,0.386147279176785,2319,0.5047260542468052,6713,0.6296404206920305,5829,0.5888460402946649,7036,0.5371196922733539,994,0.5516467238075862,2501,0.5343681724106669,7198
6032550.0,1696550.0,0,0.07208533135695054,3039,0.7035304494700384,2433,0.616313290841162,2256,0.6081899612329374,1182,0.2856351983635528,7095,0.5491535462556575,1272,0.702476893738587,2777,0.7202581581122081,2353,0.5370423481691531,995,0.44825058760183545,5388,0.7107265576480885,1541
5988950.0,1752550.0,1,0.999999999452041,436,0.8934201942310775,568,0.7077804843742882,807,0.564887023506613,9608,0.47697775462041303,659,0.5536083094633354,1062,0.9690142892531469,326,0.9033219169703733,1008,0.5370265346948546,996,0.757953445259828,241,0.7829140341176352,521
5941550.0,1790750.0,0,1.0641775153501785e-11,18896,0.674360195859296,3605,0.5687837169814647,4589,0.5954211221976814,2469,0.3105168421440475,5564,0.537304055096076,2084,0.6779303415669278,3696,0.6453225644818479,4630,0.5369933582300537,997,0.4933932995617303,3982,0.6627913001229846,2541
5887450.0,1782250.0,0,0.01373717351001153,4607,0.6054620881029289,7090,0.5840792390548794,3631,0.5656540627195945,9381,0.3051499654295544,5883,0.5326047246282098,2535,0.6215397655527134,6238,0.6665201299152786,3840,0.5369912945926618,998,0.44993887629368,5333,0.7179047315512843,1415
6000550.0,1725850.0,0,0.050177431487908174,3347,0.6228007138680473,6245,0.5960677050561446,3013,0.5738844363202265,7079,0.49457338090378705,494,0.5588330389925917,864,0.6511922157900707,4860,0.697832923450884,2867,0.5369818494861156,999,0.6739798123674845,768,0.79198330385946,444
5940950.0,1792550.0,0,0.00019072822572410318,9072,0.4957957599773989,12506,0.5035697213906953,9881,0.5980805411479949,2129,0.31304297625468797,5419,0.5519915913531362,1128,0.4955982504265577,11913,0.5345392652807466,9797,0.5369721575641782,1000,0.42487363293260483,6155,0.6991033281691355,1763
