Boylam,Enlem,YANGIN_DURUMU,score_probability_mlp,rank_probability_mlp,score_topsis_pi,rank_topsis_pi,score_topsis_shap,rank_topsis_shap,score_topsis_equal,rank_topsis_equal,score_topsis_entropy,rank_topsis_entropy,score_topsis_critic,rank_topsis_critic,score_vikor_pi,rank_vikor_pi,score_vikor_shap,rank_vikor_shap,score_vikor_equal,rank_vikor_equal,score_vikor_entropy,rank_vikor_entropy,score_vikor_critic,rank_vikor_critic
5986150.0,1753750.0,1,0.9999999999759888,247,0.9009463870492225,104,0.7590228068889497,5,0.6611887195969792,11,0.5268531814730174,227,0.6497395292292069,7,0.9758394903993332,109,0.9642814315893062,34,0.875416716967911,10,0.8487136438936707,47,0.986393070080254,1
5986250.0,1753750.0,1,0.9999999999635192,272,0.8996283473093143,129,0.7592224587431342,4,0.6624959679078045,10,0.5407149323843643,159,0.6548621985880019,4,0.9710098163767256,235,0.9567542112271953,63,0.8758695978375657,9,0.8633154386244222,35,0.9847918401600918,2
5988050.0,1754250.0,1,0.9999999999995841,46,0.8918195105158462,630,0.7397970568432217,127,0.6273490104274032,397,0.5944696670118166,32,0.6334790017953836,25,0.9645003790887235,534,0.9389595391721098,178,0.860934541077986,19,0.9182513765383922,8,0.9777873078016167,3
5989050.0,1756250.0,1,0.9999999999999243,15,0.8918720163421121,626,0.7586919997514757,6,0.6537361904473389,31,0.599073787846806,25,0.6608714796149334,1,0.9700088621418286,274,0.9444329578274435,138,0.8005909935231479,73,0.8803586380798133,25,0.9703973091483503,4
5988150.0,1754250.0,1,0.9999999999992786,63,0.8916882227933597,642,0.7374243695244619,176,0.6268560187067995,416,0.5473769972939908,137,0.622600091081912,53,0.9640450574996223,560,0.9352135392464829,223,0.8534381688329162,26,0.8882071779478111,19,0.9691401560365575,5
5985750.0,1753550.0,1,0.9999999999844607,214,0.8987124556661419,178,0.7475174367464619,50,0.637196353302297,157,0.48641027662879005,565,0.6194190749327224,66,0.9692893607846739,307,0.9475846123144268,117,0.8289548244215693,43,0.8052379238320824,109,0.9681160016914537,6
5985350.0,1753550.0,1,0.9999999999873155,199,0.8983745267038696,205,0.7447702714843762,67,0.6221462315785925,555,0.4615277133878776,840,0.6083176735006872,143,0.9734323827615253,162,0.9549072458407966,76,0.6371144428112183,371,0.7521789905900765,262,0.9668944096283932,7
5988950.0,1756250.0,1,0.9999999999999263,14,0.8926371204043374,591,0.7562913676992361,9,0.6561223937031734,21,0.6249490156787638,13,0.6562350272555404,3,0.9700204469056519,273,0.940850978991672,164,0.9632295233379009,4,0.9391424226008136,3,0.9626846717518,8
5987650.0,1755850.0,1,0.9999999999937139,165,0.8906005333715734,710,0.7463479273797445,56,0.6334819318931935,233,0.49258548868766283,510,0.6232554655763392,50,0.9636532912503752,591,0.9394710697054621,172,0.6433860067919863,348,0.7707467393349776,205,0.9567516436038872,9
5987950.0,1756450.0,1,0.9999999999982951,96,0.895807822573654,408,0.7472930497319529,52,0.6263693745299242,433,0.4590321220389902,877,0.6125961074413159,111,0.9774122025583027,99,0.9457315208102691,132,0.5654431113812816,738,0.7358592309409937,332,0.9545711178069345,10
5988350.0,1754450.0,1,0.9999999999990703,72,0.8919217809088458,624,0.733350612458772,246,0.6099569790971847,1069,0.5719131028681073,57,0.6065545157121208,157,0.9638440256437915,573,0.932897085634562,263,0.8111354890765097,63,0.888406581351367,18,0.9538245899470664,11
5988250.0,1754450.0,1,0.9999999999982265,98,0.892546397776822,595,0.7407488093319018,114,0.6392201394548482,128,0.5340817131531769,188,0.6243096073869863,44,0.964756861763797,520,0.936217184816087,209,0.8581837437136688,23,0.7903379555191257,142,0.9531566557777685,12
5986650.0,1754450.0,1,0.9999999999835716,220,0.8970101950271147,319,0.743532073742297,78,0.6129296098426452,907,0.45962155870586735,866,0.6061445083670226,162,0.9684129502219495,357,0.9463144905864639,126,0.5526533939216417,841,0.7316769652716346,357,0.9531094095195013,13
5989050.0,1756150.0,1,0.9999999999999685,9,0.8920191142456805,616,0.7523191284468973,24,0.6424277950835484,94,0.555013269284893,108,0.6358189070904482,21,0.969183668016757,314,0.9361363888749672,210,0.8605541709377106,20,0.8696107392870654,30,0.9513711375910188,14
5987650.0,1755750.0,1,0.9999999999963634,132,0.8922729888329417,603,0.7478923977229581,47,0.649476329534374,47,0.5111978992340798,340,0.6320390028503047,28,0.964785578943849,519,0.9403399249767004,169,0.8613119504135163,18,0.7880258499671866,153,0.9511554675623863,15
5988750.0,1756950.0,1,0.9999999999944329,154,0.8928863570044961,580,0.7521443017028367,26,0.6491277271144525,52,0.5639903807967326,79,0.6311611310443944,31,0.9703119651244057,258,0.937577309907473,191,0.8844854577293034,8,0.8485080321770416,48,0.9505750914391338,16
5989850.0,1756450.0,1,0.9999999999996352,43,0.8920928085884342,614,0.752206289664048,25,0.6541676360844891,28,0.6073687962367293,18,0.6542912631824466,5,0.9694967039747981,295,0.9385526888064788,182,0.8687911254431295,12,0.9073955251319628,11,0.9501171332772702,17
5989450.0,1756550.0,1,0.9999999999995526,47,0.8914523831261113,651,0.7477971734298273,48,0.6434405853167244,84,0.5575346321046684,100,0.6397407196327837,15,0.9689602059659643,332,0.9354273493445914,222,0.8309640445544111,42,0.8604732330096113,38,0.9497433828839075,18
5987650.0,1755350.0,1,0.9999999999989433,77,0.8900460751034622,745,0.7359009773356274,202,0.6088727804299043,1138,0.44569463009272464,1070,0.5954283652404203,239,0.9624208460608671,641,0.9315684624301495,293,0.6169104867591015,441,0.7458116978850793,291,0.9475400683617227,19
5989850.0,1756350.0,1,0.9999999999997238,34,0.8919508778695554,620,0.7484533532545063,39,0.6462171060849936,66,0.5691257924326881,65,0.6406918530610347,14,0.969114742266275,319,0.9349141981000549,227,0.8621278351006644,16,0.8904672983900271,15,0.9468744111424192,20
5987650.0,1755450.0,1,0.9999999999994842,52,0.8904097736957852,723,0.7372987244869127,178,0.6115960504631314,981,0.5113596238588709,338,0.6074380864376505,150,0.9627074876946219,627,0.9339594061111203,244,0.6991649144808687,211,0.7979786645901557,124,0.9467621682439937,21
5987750.0,1755550.0,0,0.07315087596698563,3020,0.6738910635225174,3626,0.6502537215931641,1510,0.6504209054656646,39,0.6028822299876586,21,0.6535410936693797,6,0.6891753795468467,3246,0.7530001531494146,1868,0.8233627074685999,51,0.9204364487949155,7,0.9452858272656645,22
5988950.0,1756150.0,1,0.9999999999998921,21,0.8909543135208213,681,0.7413935534967656,105,0.6303459115390554,318,0.5152737322736936,309,0.621884697836807,57,0.9679360398360722,379,0.929586575776327,330,0.7889928424592876,85,0.829843275898372,66,0.9430780709466112,23
5989550.0,1756550.0,1,0.9999999999997959,30,0.8908599666954516,688,0.7423453003934473,91,0.6223524327598993,547,0.5599819857418685,94,0.6236851788664288,48,0.968212806135375,367,0.9328440348168437,264,0.7563919863432877,129,0.8379262227140754,57,0.9420386452832402,24
5985250.0,1753450.0,1,0.9999999999969236,124,0.8987830280860741,172,0.7398010803620302,126,0.6091931810174732,1115,0.5654056443912765,76,0.6109012881849618,121,0.9734929320382824,159,0.9561161016783847,65,0.7492525361729524,135,0.8467462550470177,50,0.9415514968401966,25
5985850.0,1753550.0,1,0.9999999999897247,186,0.8999275997528511,119,0.7480708736186382,43,0.633738591527939,226,0.4716133627867926,717,0.6090026397508616,139,0.97414510718036,141,0.9552790876832263,73,0.8327042668309722,38,0.7628978185290424,227,0.9399016107259898,26
5988650.0,1756450.0,1,0.9999999999999487,10,0.8922977754754363,601,0.7484347074393668,41,0.6303478359618394,317,0.5547054570395346,109,0.6184554970415918,72,0.9689836956744606,328,0.9332550829054297,254,0.927977391799244,6,0.887392313855677,20,0.9391685709517358,27
5988550.0,1756350.0,1,0.9999999999999478,12,0.8925943334987116,592,0.7535369527541135,19,0.6521946938340089,34,0.5518841753125467,119,0.6337269378316552,24,0.9691476409263512,316,0.9343590020374325,235,0.9611343574637266,5,0.8793341719765203,27,0.9389839836860587,28
5986950.0,1754650.0,1,0.9999999999975013,113,0.8917068673854074,639,0.7461271636107801,58,0.6436585451271464,83,0.4761309067891151,666,0.6156652959737164,88,0.963785033955405,582,0.9360080640915196,212,0.8264511654538051,46,0.7687051223071515,211,0.9389549742747425,29
5988650.0,1756350.0,1,0.999999999999948,11,0.8928088662099816,582,0.7524892208659355,23,0.6497476067974175,45,0.5290827074835343,209,0.6272902795727026,37,0.9694088355219495,298,0.9339402022628928,246,0.9764751175788511,2,0.810739671457599,96,0.9380601439168402,30
5988250.0,1755750.0,0,0.0012643926195981235,7060,0.5784313423719146,8468,0.6053953541740315,2624,0.6188886893991322,657,0.5586195934005791,96,0.6293620939115321,35,0.5950024158295268,7430,0.6737127971506683,3595,0.6785210827564627,248,0.8239257258623149,79,0.9376713533226452,31
5989050.0,1754350.0,1,0.999999999999994,2,0.895633776106098,423,0.7383000361385804,155,0.6007061407469589,1837,0.5023155119194647,420,0.5941779817043407,247,0.9759267818413855,108,0.9383300595613286,184,0.672405203525106,262,0.7680897411919969,213,0.9346603241107648,32
5988250.0,1754550.0,1,0.9999999999940814,161,0.8921849767355439,609,0.7341665322368569,229,0.6137691802800721,866,0.6553958139972502,2,0.6186064678381666,71,0.9644388484079199,539,0.9362636782085235,207,0.6909629073469015,224,0.979804376423907,1,0.9322577927796318,33
5987950.0,1755050.0,1,0.9999999999999756,6,0.8963305797720194,380,0.7394293235838593,132,0.6041694732679256,1468,0.4751702051011589,677,0.5851450931032998,337,0.9761690924183928,105,0.9369900514780779,198,0.7378186120439452,151,0.7806871374860275,173,0.9268272784342403,34
5988850.0,1756950.0,1,0.9999999999961269,136,0.8922488656001598,604,0.7412165920213024,107,0.6380520227350579,142,0.5358110490095753,182,0.6153544030084873,91,0.9692913758424906,306,0.9310038227892165,303,0.8558087743416471,25,0.7661842845479594,220,0.9257895809318697,35
5987450.0,1754850.0,1,0.9999999999994431,53,0.8906152797200197,708,0.7246425704745448,428,0.5903079391614406,3342,0.47332076212266777,696,0.5773001207862645,436,0.9624215734552269,640,0.9263643119112083,394,0.7330087831614123,164,0.7752992490051003,188,0.9256487084134417,36
5986350.0,1753850.0,1,0.9999999999955853,141,0.8976816211590737,264,0.7396406163657481,129,0.5910206459828539,3218,0.4563076437794766,926,0.577524639991077,432,0.9729141266008748,178,0.952178989862261,85,0.5258067824164883,1124,0.7087119421681762,495,0.92505796408799,37
5989150.0,1756850.0,0,0.0004940389411404422,8060,0.5653771945816144,9147,0.5824430332957347,3717,0.6283396445763049,372,0.5652955690919801,77,0.6200509179535783,65,0.5824139674068793,7999,0.6564764517722816,4224,0.7818659347768817,98,0.865749828220161,32,0.9217754010098675,38
5986950.0,1754150.0,1,0.999999999998368,95,0.8991136600150381,147,0.7483689292397624,42,0.6313014113877016,292,0.4987531787544978,452,0.6084223183106567,141,0.968569359776622,349,0.9443118468848387,139,0.8613198557698167,17,0.8053032943784619,108,0.9207831818403542,39
5987950.0,1754950.0,1,0.9999999999996707,41,0.8904722219108699,714,0.7389000969800517,142,0.611715400666595,976,0.49046285343265683,531,0.5966075293442386,229,0.9624899711676802,637,0.9323122555067302,279,0.6922721275389365,221,0.7698423792955185,209,0.9207830555466431,40
5986550.0,1754250.0,1,0.999999999978068,240,0.8987864781467013,171,0.7535067407110536,20,0.6428114067986204,91,0.4514842154944442,987,0.6137652713754252,102,0.9693115755926767,305,0.9484597462872323,113,0.7268416981243456,170,0.7320767096941629,354,0.9184332261245998,41
5987050.0,1754650.0,1,0.999999999997391,115,0.8914954201664276,649,0.742786268951831,86,0.6374406838286844,152,0.45332525422864073,965,0.6079930498022319,147,0.9635280195541072,595,0.9339546878241013,245,0.8028292300407036,69,0.7310133803977898,361,0.9178699741944123,42
5989550.0,1756850.0,0,0.009982199497322394,4931,0.7427658593890503,1615,0.6829267684202218,1136,0.6269971876404448,408,0.5376882482761919,172,0.6188401205969672,69,0.7618103260824025,1672,0.8136115255160662,1483,0.8125552768642152,61,0.8271984966389239,74,0.9178161295427972,43
5989950.0,1756150.0,1,0.9999999999990374,74,0.9225351860886706,2,0.7734877540472852,1,0.6488077369812689,54,0.4962874794231729,472,0.6235485580066344,49,1.0,1,0.995777296440813,1,0.9784981246617117,1,0.7317736784885088,355,0.9171325849697094,44
5985850.0,1753650.0,1,0.9999999999871394,200,0.8998838563046727,120,0.7504066527796013,32,0.641270433144594,107,0.4485361152186195,1029,0.6081889382953654,145,0.9740208276777292,147,0.9550506185540081,75,0.783877734912226,93,0.7252501873067483,396,0.9168414854835697,45
5985850.0,1753750.0,1,0.9999999999942657,156,0.8977994700669164,252,0.738497002792292,150,0.6062678565908913,1289,0.446436373690675,1059,0.582159819721854,371,0.9679380530543578,378,0.9405115024596243,167,0.7163676515535837,181,0.735249611446309,333,0.9155411531598597,46
5986050.0,1753750.0,1,0.9999999999903693,182,0.9013611031676263,100,0.7552987257764068,13,0.6599822613002294,14,0.49621306536904436,474,0.6262994747910564,39,0.975213145049396,117,0.9585183508886818,53,0.8574063608431279,24,0.7292353321159464,370,0.9146205517786099,47
5986550.0,1754150.0,1,0.9999999999910094,180,0.8992526928059424,142,0.7542824659196513,14,0.644267484004239,79,0.4886414343118254,547,0.6179905409119785,75,0.9694178321336272,297,0.9487497285877571,110,0.8175247688069522,55,0.781899287031051,170,0.9107048302455922,48
5988050.0,1755850.0,1,0.9999999999994051,56,0.8930065744938471,576,0.7506666456942157,31,0.6445839431565811,76,0.4952767256071023,484,0.6155142180379203,90,0.9649309903060127,509,0.9392373657637777,176,0.9704774873656279,3,0.7303127962146353,363,0.9103292418665236,49
5989950.0,1756450.0,1,0.999999999998924,80,0.8894861192068979,792,0.7296516593867294,311,0.5814246139088275,5190,0.5651430034332987,78,0.5887640311850766,297,0.9666790999054745,423,0.9272473175509252,369,0.6274486201940135,413,0.8041134146409703,111,0.9098304084315972,50
5987350.0,1754750.0,1,0.9999999999995386,49,0.8895940079997298,785,0.7264811280995759,387,0.59160413612647,3110,0.42983489600213004,1348,0.5679261866420248,618,0.9613935274017342,686,0.9242756372399397,454,0.6344839378197749,378,0.7289932115265115,373,0.9048687013986669,51
5987550.0,1754850.0,1,0.999999999999108,70,0.8910099756469209,677,0.7268580052909663,379,0.5954190134447402,2470,0.4651490532481953,787,0.5711431673159263,540,0.9622895556387969,644,0.925184408187032,427,0.7969473997659828,77,0.7270266049229851,381,0.9045353440167186,52
5987550.0,1755350.0,1,0.9999999999982883,97,0.8899571079641059,750,0.7343225276109951,226,0.6053146066290385,1381,0.4137916292876295,1664,0.5854085179491457,332,0.9623093475223324,643,0.9301481988172501,316,0.594578527192152,549,0.7030169615642093,532,0.9029105199768426,53
5989350.0,1754550.0,0,0.00015490516013224096,9279,0.4360156594029154,15412,0.5200856372491797,8401,0.5782768673475948,5907,0.4076222615431498,1803,0.5703283714418028,556,0.45702439802973593,13676,0.5460412834579248,9205,0.5858725116716489,593,0.723901778870046,405,0.9023667346323868,54
5987450.0,1754750.0,1,0.9999999999993292,61,0.8902236331267199,732,0.7234659449065122,453,0.5891378209716344,3569,0.45966973121057086,863,0.5704198228195885,553,0.961790383296281,667,0.9239496106988513,465,0.6720057665839999,265,0.7609998835353291,230,0.9019569968560246,55
5988050.0,1755950.0,1,0.9999999999994253,55,0.8926832979839588,588,0.748896417080479,36,0.6361344267947787,176,0.47708948875259816,657,0.608214256929602,144,0.9647470878969207,521,0.9386889551818681,181,0.9138746513517133,7,0.7143991460482753,464,0.9016589672948068,56
5987850.0,1754050.0,1,0.9999999999988824,82,0.8893546552510687,801,0.726230464398213,396,0.5981469713666305,2120,0.38916213590207843,2244,0.5682269708965834,611,0.9612595886441594,696,0.9231825454485244,484,0.6258585526411723,418,0.6962333511802875,585,0.9004294627776137,57
5988150.0,1755650.0,1,0.9999999999999805,5,0.8956299385961096,424,0.7321859838946254,268,0.5824678651836404,4939,0.4948340983237017,490,0.5670574920534912,637,0.9749730131185904,123,0.932926387549753,261,0.6787674322161765,246,0.7659176445814695,223,0.8977860993951398,58
5902950.0,1740550.0,1,0.9999999999895146,190,0.9148923676779899,34,0.7367794817153283,187,0.5904024933185941,3318,0.41804285499415705,1575,0.5737648075479644,497,0.993833804099828,13,0.9736158299524376,11,0.5012383389048323,1535,0.6872192869617638,654,0.8976550814085269,59
5905250.0,1742050.0,1,0.9999999997885491,362,0.8897411553938923,770,0.7383276511256446,153,0.65431061150143,27,0.5069135859103046,376,0.6298470269741197,34,0.9606481724924893,728,0.9560519865303942,66,0.7931817366981628,81,0.752670137113917,259,0.8950469505360332,60
5988750.0,1757050.0,1,0.9999999999757219,248,0.8909375469634566,682,0.7418094170874402,99,0.635239055763764,190,0.46059177872584384,853,0.6063947470824653,158,0.9684159115358976,356,0.9303782354830035,312,0.7643458908063746,114,0.7004417904639126,547,0.8948891750438621,61
5905150.0,1740350.0,1,0.999999999976062,246,0.9173848606682746,14,0.7446401539234623,69,0.6302392353196239,320,0.46458132857918755,795,0.6093998830851478,135,0.9960719290226786,9,0.9815531655088577,7,0.7680313094838529,108,0.7365996929754728,325,0.8946934393640261,62
5988050.0,1754350.0,1,0.9999999999988249,84,0.8913864567101768,659,0.729370168480826,314,0.6042559924872549,1458,0.4550084910050637,942,0.5848735492221381,340,0.9630369725228743,612,0.9279161861919308,360,0.8315906728242637,39,0.6941542935452287,595,0.8933839898310728,63
5903450.0,1741250.0,1,0.9999999542435826,766,0.8866350235655034,944,0.7173704465011169,607,0.6014192629332672,1760,0.3895945321126236,2231,0.5768711118811715,447,0.9577174555922449,884,0.9423971080382002,151,0.5574826935012815,789,0.691409151230474,612,0.8925979804878418,64
5985650.0,1753550.0,1,0.9999999999858067,209,0.9003721918395652,110,0.7446036543590725,70,0.634286300653268,209,0.45466678228776525,947,0.5997830901289973,212,0.9741558522301447,140,0.9525849141930849,81,0.844662749675667,31,0.6873161644742345,653,0.8921174594919148,65
5987050.0,1754550.0,1,0.9999999999975389,111,0.8920947157385191,613,0.7402790742872198,122,0.6371687577862396,159,0.4616027082819926,836,0.6041535533273611,180,0.9638475571618145,570,0.9327491659856028,265,0.868161316980905,13,0.6926951395276718,604,0.8918387404713067,66
5903050.0,1740350.0,1,0.9999999999877389,197,0.9159580419603609,21,0.7312680095286855,284,0.5842515399807919,4537,0.4424064594282322,1126,0.5668954447121034,639,0.9938308907211987,14,0.9704472095771871,15,0.6875640869546715,227,0.7470473792790254,287,0.8899679495035636,67
5986850.0,1754150.0,0,0.0006107295819281903,7832,0.4427107473881294,15105,0.5328756475397781,7271,0.6286697564885226,361,0.477940327789317,647,0.6126757358065603,108,0.46934100220806996,13116,0.5661258971091897,8132,0.6739803639539483,258,0.7672422974581542,218,0.8898622222396546,68
5906050.0,1742450.0,1,0.9999999249659121,818,0.8873479113758815,905,0.7117396685327003,726,0.6116408042370286,978,0.5026422412112629,416,0.5991916543513267,217,0.958637045360007,849,0.944691484619516,137,0.6072531094876549,490,0.7478804321560275,280,0.889492893129797,69
5902950.0,1740650.0,1,0.9999999999900437,185,0.9146497382290776,39,0.734131836819043,230,0.5863336947654223,4100,0.4142241954529018,1653,0.5663219034263964,651,0.9933996465210861,24,0.9711857265675923,14,0.49074762051054577,1746,0.6769430967204663,748,0.8885482313373599,70
5902950.0,1740350.0,1,0.9999999999750235,249,0.9157145128763653,24,0.7292255995203604,317,0.580228114648392,5467,0.4244807927287817,1439,0.559992399330942,828,0.9935521959258506,20,0.9686181691011756,24,0.6713038666934353,267,0.7398108987128821,313,0.8866749775404226,71
5985650.0,1753650.0,1,0.9999999999927045,170,0.8981451814953708,220,0.7414368471803048,103,0.6194137760374054,645,0.44081931476821173,1156,0.5863864133088896,323,0.9680203560745995,377,0.9407278995276357,166,0.7544140295732822,131,0.72003216512374,426,0.8866649303667924,72
5905850.0,1759650.0,0,0.0001875208797525481,9089,0.5581426852789944,9532,0.5854460186738367,3553,0.5965364100558367,2318,0.44138395769150024,1144,0.5809999266952959,389,0.5898774589654663,7647,0.6578974640580358,4175,0.760029432730105,121,0.7579704690534539,240,0.8861761272698956,73
5904950.0,1740850.0,1,0.9999999999695699,263,0.9145511219430997,42,0.7275585944955559,352,0.5792361814072142,5685,0.41330011651055915,1679,0.5597041309199442,839,0.9935586819707838,19,0.9695522023057562,20,0.547443970117335,887,0.6993116480787935,555,0.8849104566434969,74
5904350.0,1741950.0,1,0.9999999900021844,639,0.8868582315651656,931,0.7170469002256811,610,0.5880608193067678,3741,0.4466541236661463,1053,0.5710169601580253,544,0.9578779465566373,877,0.943738060816143,144,0.5892910094082626,574,0.725855229698315,394,0.884126762511782,75
5903150.0,1740450.0,1,0.9999999999789662,234,0.9145647580849744,41,0.7290460947738587,321,0.5777729267725519,6028,0.4058689401921032,1843,0.558433261572151,875,0.9932180206938195,28,0.968679123857736,23,0.5388895587361858,960,0.6962877423208753,584,0.8840280661797048,76
5987950.0,1755450.0,1,0.9999999999989766,75,0.890623991033925,707,0.7299001493421171,308,0.6001194754600433,1883,0.4380699267189019,1208,0.5769285654775004,445,0.9620406048474367,656,0.9265547997739999,385,0.7642948223574493,115,0.6879735980902788,643,0.8832647170343505,77
5989550.0,1754450.0,1,0.9999999999999454,13,0.8966404841723086,348,0.7333393593839184,247,0.6040066534389424,1486,0.42902671997209674,1366,0.5766713859311632,450,0.9758303732206354,110,0.931696574498933,288,0.8338553726874053,36,0.6778658487177486,738,0.8828843502623797,78
5987550.0,1754550.0,1,0.9999999999992497,65,0.8897584923192409,769,0.7207559027350822,516,0.5855231917452609,4279,0.4060730026557605,1841,0.5605497876582775,805,0.9610532027580598,710,0.9204767390937417,549,0.7206458956988336,177,0.6775339550953137,742,0.8826857478732066,79
5987950.0,1756350.0,1,0.999999999999698,38,0.894485120856363,513,0.7313264846340294,280,0.5811258133437702,5264,0.4226128794427063,1483,0.5543290707528616,1026,0.9749100412403542,126,0.9325338901514669,274,0.46370732523280345,2381,0.6691756256161795,811,0.8823351257761022,80
5903150.0,1740150.0,1,0.9999999999782145,239,0.9144066912676573,45,0.7345342845117221,220,0.5889681360410535,3597,0.3977784081063837,2020,0.5701530282943654,561,0.9933869726683221,25,0.9715000925738412,13,0.4849477630521499,1869,0.6762057608875306,755,0.8812695456352789,81
5904850.0,1740850.0,1,0.9999999999999167,17,0.8896330775469063,780,0.7282401317226406,338,0.6264009833010933,430,0.4691503685354531,742,0.5944087594505076,244,0.9648721563515891,514,0.9159767547403916,688,0.7487707543575742,136,0.7390754151635506,320,0.8804562382369497,82
5986650.0,1753950.0,1,0.9999999999917528,174,0.9006510699680718,107,0.7539349253936469,17,0.6438357949008668,82,0.45197473502248986,981,0.6071502589987382,153,0.9745132574975538,132,0.9562028491050608,64,0.8479733597088146,30,0.6911899769822615,616,0.8800634847929725,83
5903250.0,1740450.0,1,0.9999999999997511,32,0.8881886706547992,868,0.7192366236823539,556,0.5987757144927117,2039,0.40369516729686095,1879,0.5702153216966931,558,0.9634607922725097,596,0.9094538673645173,873,0.5578134682639597,784,0.6929395530376694,600,0.8792040950163703,84
5987750.0,1754150.0,1,0.9999999999995046,51,0.8893721439570896,797,0.7169660773197715,613,0.5732914009828269,7245,0.45701816188263733,913,0.5587198442252382,866,0.9609685528619984,717,0.9202492981921959,561,0.5906874601419968,566,0.7829215443973611,167,0.8789182286197511,85
5903150.0,1740350.0,1,0.999999999987055,202,0.9145408542008823,43,0.731451527976401,278,0.5819468922431604,5061,0.41299557148917737,1692,0.5624373256431554,754,0.9932355421404222,26,0.9697588248511746,18,0.5205194024010995,1206,0.6883239045593057,640,0.8786839021599175,86
5904750.0,1740850.0,0,0.0029729438245135503,6149,0.5494073349804329,9966,0.5674101995785283,4684,0.6142747835062135,847,0.45571204547314065,933,0.5958783080912129,234,0.5724895095616458,8461,0.6404980516376619,4843,0.6026863864821635,516,0.7360814320175184,329,0.8783892156176416,87
5903350.0,1740450.0,1,0.9999999999996654,42,0.8883276362319832,858,0.7185203648969984,581,0.600291746258611,1869,0.3746418109908832,2719,0.5660492760538469,661,0.9635323472920234,594,0.9084004478993565,896,0.5694000281324318,709,0.6865594476805257,657,0.8780335915897568,88
5988750.0,1756150.0,0,0.00945483798794888,4983,0.7094967642931143,2257,0.5974401940703613,2955,0.609054336417313,1125,0.4967594274884727,467,0.5960503059341764,232,0.7229654754239982,2220,0.725069037728919,2258,0.36182188884699595,6237,0.7510945219490227,268,0.8779509245724626,89
5902750.0,1740050.0,1,0.9999999944099418,601,0.8866720566243769,940,0.7149548890214736,655,0.5753302102319083,6679,0.4290753951509864,1365,0.5580188957011278,890,0.956618905055948,938,0.9386931340353535,180,0.568613978387732,715,0.7162911062230788,455,0.8778792074225301,90
5902950.0,1740450.0,1,0.9999999999727396,253,0.9147437112244939,36,0.7264586233306771,389,0.5721999918588514,7548,0.41980218176199047,1539,0.5533920690232129,1075,0.9930120592317977,34,0.9670823837078723,26,0.589304987029969,573,0.7183471332459763,436,0.8776812892349362,91
5904650.0,1741550.0,1,0.9999999529473809,775,0.8853979244554958,1019,0.7066802718863838,824,0.5750977870103622,6732,0.3882723232298278,2265,0.5544280383373685,1022,0.9564213491281918,945,0.936342185795615,205,0.4706149868071994,2200,0.6626311511299886,878,0.8767581461098395,92
6005650.0,1760850.0,0,9.956307311344162e-05,9742,0.35312776329616397,19564,0.4666920325612663,13320,0.6005697951489836,1847,0.5052294831307618,382,0.5854863114338126,330,0.3508680127260113,18510,0.44823993407562823,14883,0.6398449493416452,361,0.8024184596621489,115,0.8761214992789919,93
5986650.0,1754250.0,1,0.9999999999892799,191,0.8997332147309476,123,0.7527154625881421,22,0.6506824686852144,36,0.45150756865709624,986,0.6096948124142088,133,0.9694610185418875,296,0.9464812926693524,125,0.8690544858525451,11,0.6703191703318101,799,0.8759126698572047,94
5903050.0,1740050.0,1,0.9999999999918254,173,0.9150278612130374,33,0.732183376269184,269,0.5851632019817852,4351,0.40914875719700444,1775,0.5633651032533226,731,0.9931698255891312,30,0.9689943069156088,22,0.5646646770182677,743,0.7004991638087248,546,0.8752596432850209,95
5904550.0,1740650.0,1,0.9999999998816116,320,0.9127953448545633,83,0.7217724403017337,495,0.5717004050328601,7688,0.4165777581200436,1607,0.5552158726203987,994,0.99232224228358,42,0.965819390499583,30,0.43695681786348706,3145,0.6543863489143846,954,0.8751062379154676,96
5903650.0,1740150.0,0,0.017668386337495522,4331,0.7275252195653081,1830,0.6650527976190576,1275,0.6091020815668381,1123,0.4361428732997259,1231,0.5929767215101487,255,0.7455371198763486,1862,0.7893073211438884,1608,0.5527483845961697,838,0.717131522697653,448,0.8750239379619407,97
5985150.0,1753450.0,1,0.9999999994291877,442,0.897949389032148,235,0.7457649319980927,60,0.628524802584993,364,0.5615020612906395,87,0.6313191031568439,30,0.9664624842233847,433,0.939978297631089,170,0.7567781959722255,128,0.829455542334562,68,0.8740930412959964,98
5902950.0,1740050.0,1,0.9999999983449943,523,0.8879588294093894,879,0.7270750110969689,368,0.6080971628747163,1188,0.42919278326522003,1363,0.5803617086313944,396,0.9577644435175563,882,0.9439455173568275,141,0.6633810291250417,290,0.7265949331145034,386,0.8729563371525829,99
5988650.0,1758950.0,0,0.0010056479487515048,7302,0.6450253020469451,5094,0.6048142577600885,2655,0.5687033287513715,8553,0.43234668992619124,1303,0.5577858577386935,901,0.6558449529907595,4678,0.7051276952290091,2683,0.4090194359719941,4161,0.6853056486058697,673,0.8729530700352934,100
5988350.0,1754550.0,1,0.9999999999986187,89,0.8914464058271896,652,0.7255970018267737,406,0.5940309614632503,2706,0.46482044641636133,789,0.5700897246702614,564,0.9628048269899305,622,0.9251900105025432,426,0.7569688425701608,126,0.6760719920446042,757,0.8726219414958905,101
5986050.0,1753650.0,1,0.9999999999702955,261,0.9001133743941333,113,0.7488046472148621,37,0.6448075141159482,74,0.4201778522427695,1530,0.6067970765163119,155,0.9742644535562651,138,0.9544939953243062,77,0.8030435349549747,68,0.6458192894728455,1029,0.8715898987390146,102
5987950.0,1754550.0,1,0.9999999999965457,130,0.8913979280453685,656,0.7217401021485662,496,0.585325065200605,4325,0.5785078271188852,51,0.5775498472626628,430,0.9626747124690209,630,0.9255390871493231,415,0.5203611515130004,1211,0.8630018261147472,37,0.8711710329626694,103
5905550.0,1759850.0,0,0.00032693629946367413,8431,0.37655629064904,18428,0.4865357053650572,11485,0.6219928685619479,560,0.48915233623875554,543,0.6094382880785517,134,0.35963429201019426,18128,0.4548029373492892,14508,0.693400646783533,219,0.7911919790088928,141,0.8697248221256522,104
5903150.0,1740050.0,1,0.9999999999509137,281,0.9141116478799965,50,0.7293675912895727,315,0.58190037410833,5069,0.35388276221128145,3489,0.5541297071074716,1037,0.9927742081216411,37,0.9665860361748437,28,0.4708417029791583,2195,0.6525646160934839,971,0.8693114604073526,105
5904250.0,1741950.0,1,0.9999999462890279,789,0.8856440300172566,1007,0.7100298278383274,765,0.5871140927921706,3943,0.3849600716901329,2349,0.5613055793382249,783,0.9567054711666274,932,0.9376873042356297,189,0.4880349973922984,1804,0.6604725921157262,892,0.8689084584300626,106
5987750.0,1754050.0,1,0.9999999999982201,99,0.8892493208077746,810,0.7186727991084032,577,0.5825530504097542,4916,0.3989762215961962,1994,0.5469833937725105,1403,0.9603312587298425,749,0.9170431090657506,649,0.6380276031974589,367,0.6855895597518025,671,0.8683507537395998,107
6003150.0,1760450.0,0,0.0009921734227568604,7318,0.5734471892023889,8730,0.5950651842069133,3063,0.6264577245677461,426,0.44199103846815546,1137,0.5919037962180318,259,0.5956948014852765,7404,0.6626691250661582,3989,0.762445855024896,118,0.6817433518548726,705,0.8680567010122864,108
5905150.0,1740250.0,1,0.9999999999703906,260,0.9156100801605775,26,0.7362637627713225,197,0.6079269403483881,1197,0.43920589981982994,1190,0.5814918198037858,381,0.9946597811505868,11,0.9752435398915364,10,0.6373288713676806,370,0.7034223081643163,527,0.8675723056929181,109
5985050.0,1753450.0,1,0.9999999997763787,367,0.8985580302532906,191,0.7422731527821793,93,0.618469287277261,676,0.5346901965046792,184,0.6163070699160371,81,0.9708437789280733,238,0.9453036365010382,133,0.7043959663376071,199,0.7987134661088986,123,0.866651748363019,110
5989650.0,1756850.0,0,7.005999517195592e-07,13679,0.4442032901205347,15039,0.4794957861315103,12174,0.5946673741274044,2600,0.52719601488937,220,0.5845551670039577,343,0.4478999363744689,14106,0.5100372389294439,11215,0.6209736104563048,430,0.8345507401161736,62,0.8663558765481645,111
5903250.0,1740850.0,1,0.9999999999435434,290,0.9154688441043268,28,0.7349860092832295,214,0.5982119375480565,2114,0.3431822542844393,3950,0.5582498770013222,879,0.9937922015077673,15,0.9696141801023911,19,0.5437971842646674,920,0.6323944529408256,1197,0.8656401608385813,112
5903050.0,1740450.0,1,0.9999999999941991,158,0.9165282815086976,17,0.7363953283373714,194,0.596213299163562,2359,0.44142919238397677,1142,0.5640321634374399,708,0.9936154870662925,18,0.9699688674236133,16,0.7142617277512705,187,0.7209419815179094,421,0.8653679857690157,113
5942350.0,1799850.0,0,0.00047404132715394247,8101,0.3987367780425644,17303,0.4925223322935241,10922,0.623734586661936,508,0.5309206666151449,200,0.620369107467365,64,0.40699283064589287,15939,0.49789291929694657,11963,0.6400349206715772,360,0.7707428837435581,206,0.8652243733399321,114
5904950.0,1740950.0,1,0.9999999999721125,254,0.9155876957824737,27,0.7332647777292489,248,0.5969542476134111,2278,0.35632074721479134,3388,0.5537484758841394,1053,0.9935179465110316,22,0.9679652535871238,25,0.5821339624037308,624,0.6519989945848023,974,0.8618284769184191,115
5904550.0,1740750.0,1,0.9999999999981812,100,0.8871126508841283,922,0.7060929385848913,834,0.5790416437045605,5731,0.35026227137872784,3635,0.5424724090890868,1706,0.9620081416944883,657,0.9002428474607665,1052,0.5056706941697632,1453,0.646696992568189,1024,0.8618049391317191,116
5989450.0,1757050.0,1,0.9999999999504297,282,0.8884972743135758,850,0.7241019137394958,440,0.5798920046474346,5539,0.4102814274823424,1751,0.5548211864078177,1004,0.9658333220708307,473,0.9187663477019656,606,0.4677291913491942,2274,0.6565153303596698,934,0.8616358297982907,117
5908950.0,1753850.0,0,0.00010545481000963631,9671,0.4985822447509155,12354,0.5233095813710795,8108,0.5909174142728366,3242,0.3762725991361964,2660,0.5676023446836613,624,0.5192240151665839,10863,0.5708371263395435,7911,0.5566892023284032,799,0.6694502053315252,806,0.8614438035126767,118
5903450.0,1741150.0,1,0.9999999720232328,723,0.8856923328018167,1002,0.7066045355355265,825,0.574027609284732,7037,0.37350491552328297,2758,0.5439664754006359,1613,0.9560364222775314,971,0.9336931972741209,248,0.5009527212604108,1538,0.6558517483972031,946,0.8606842485648096,119
5989850.0,1756850.0,1,0.9999999999914533,175,0.9202243094301403,5,0.7584020620620836,7,0.625249031177965,463,0.44783109679806243,1040,0.5882720389618066,303,0.9978514271128426,6,0.9863782482154285,5,0.826080604353961,47,0.6556370246049026,948,0.8603376402695675,120
5904350.0,1742050.0,1,0.9999999713882176,725,0.8850496842473201,1038,0.7051311469146826,851,0.5682242511699294,8662,0.41939960941404936,1551,0.5504022687187214,1199,0.9561335060618756,964,0.9360891015552713,211,0.44399346818766805,2947,0.6562451566747542,937,0.8593601740020621,121
5986350.0,1750650.0,1,0.9999999909551524,628,0.8970946290378856,313,0.7419989573034033,97,0.6315049554570928,286,0.5560840937181786,104,0.6329906526577707,27,0.966435499864588,434,0.9392616125225269,175,0.6769792501639664,254,0.8022790696534879,116,0.8589813596837357,122
5986350.0,1753750.0,1,0.9999999999814957,227,0.8992224713746619,144,0.7456455850541136,62,0.624680144812013,481,0.4033208843758042,1884,0.5875469467158871,309,0.973895383591677,153,0.9532140986485941,80,0.6742297031863389,257,0.6291175348082109,1238,0.8578931857915518,123
5905150.0,1740850.0,1,0.9999999999852835,211,0.9140463259574306,51,0.7237281458593282,450,0.567888207690002,8757,0.42212276095632867,1494,0.5456524183202964,1507,0.9929030884049367,35,0.9668592482778534,27,0.5147531606585689,1298,0.677416758706592,743,0.8578224377538154,124
5986550.0,1758450.0,0,0.017988522381425006,4315,0.6596065515148742,4341,0.6291975179473918,1916,0.6084128992336292,1170,0.4105597613613457,1745,0.5815611080887438,379,0.6777930548710085,3702,0.73331545689996,2125,0.5947104961287077,548,0.672071568609616,785,0.8570710904231302,125
5909450.0,1754050.0,0,0.002013081573896334,6567,0.480233459375896,13264,0.5224364169422829,8187,0.5811151295749494,5266,0.4182576380245284,1573,0.566074682245427,659,0.4828142581629373,12499,0.5509796065225366,8919,0.5083620332336258,1409,0.6978756763171772,569,0.8559655030172052,126
5905250.0,1740850.0,1,0.9999999999993916,58,0.8877139876645813,892,0.7140656245429232,680,0.5909340535874155,3237,0.37172817850003204,2827,0.5517451371824633,1139,0.9629785519403776,616,0.9057469543851089,962,0.5047726349588653,1470,0.6487792116932782,1007,0.8556652916561874,127
5904850.0,1742350.0,1,0.9999999978935379,538,0.8870112736578198,925,0.7193893526147317,552,0.5927868912400355,2914,0.42087300881039336,1518,0.5614800086278529,776,0.9574615813773849,894,0.9414003500037833,157,0.566956109947432,729,0.6865099161029078,658,0.8552935767478809,128
5944650.0,1797150.0,1,0.9999999478283995,784,0.8966405538124292,347,0.7363336390342502,195,0.6357025232427562,185,0.3921764498901062,2168,0.5959736269541687,233,0.9768115867203421,100,0.9337342857254919,247,0.8006050872769437,71,0.6272124752622577,1261,0.8552755774482198,129
5986850.0,1751050.0,1,0.9999999985757602,513,0.8973513442450373,293,0.7392159814752635,135,0.6208464107868337,591,0.5606084985630212,92,0.6239579684237854,46,0.9664886211969038,430,0.9373440741624426,196,0.7218442243522571,175,0.8188086906616345,84,0.8549292167439945,130
5904650.0,1740250.0,1,0.9999999995547979,427,0.9134743429380872,65,0.7229209997042697,464,0.5835935159940274,4685,0.3275354632332749,4662,0.5505803320362082,1188,0.9926568803640181,38,0.9642852493167593,33,0.4527484411244813,2683,0.6065231314839135,1527,0.8546307475351986,131
5986850.0,1750850.0,1,0.9999999991296358,482,0.8987753900180927,173,0.7440379270109249,73,0.6313428865325308,290,0.5407988751055232,158,0.6300304629756932,33,0.9712858952199847,225,0.9458847038415573,130,0.7312515711459818,168,0.8102528187024339,99,0.8544663385281859,132
6000950.0,1768050.0,0,0.00011280675161904214,9603,0.44976326877120393,14770,0.4867321612230235,11465,0.5542020621965593,13726,0.6020115525663219,22,0.5822494928798677,370,0.43599182749843535,14644,0.49175193219362345,12329,0.38584481475338217,5142,0.8837481418988601,22,0.853436872462706,133
5988250.0,1755650.0,1,0.9999999999999716,7,0.8968931662253737,325,0.7414291896670996,104,0.6166963378148529,737,0.4885224623859181,549,0.588268226507681,304,0.9760192059822843,107,0.9362469905182409,208,0.8143195128986057,59,0.7916526451319549,139,0.8525228975183617,134
5988950.0,1754150.0,1,0.9999999997599829,378,0.8917373343260611,637,0.7374677863084043,175,0.6333862314439898,235,0.6520238248130978,3,0.6436901205265088,10,0.9606641213550902,727,0.9237582910367155,470,0.8310750650808969,41,0.8814184997260847,24,0.8521972653462973,135
5986650.0,1750450.0,1,0.999999992905166,616,0.8966732416400172,342,0.7454046472960576,63,0.6345782103179782,201,0.5165669630838614,297,0.6339744831346058,22,0.9657292390428751,477,0.9377810073700287,188,0.5637518004717345,748,0.7474658671810926,285,0.8521145843577885,136
5986850.0,1751150.0,1,0.9999999987788621,503,0.8976079311807142,271,0.7412816444796849,106,0.6251306895330705,469,0.5154327333276376,306,0.6207487254709013,62,0.9666135758027365,424,0.9358948268131775,214,0.7146459867303625,185,0.7957947181788175,128,0.8514129341425541,137
5988250.0,1753950.0,1,0.9999999999453819,289,0.8908530678318699,690,0.7383272092321119,154,0.6256295259357106,452,0.5935271163418605,34,0.6388387011249826,17,0.9602714455416229,752,0.924637696900561,441,0.8289490868637355,44,0.8630822874629931,36,0.8513966435185029,138
5909550.0,1754250.0,0,0.003297350505286565,6047,0.45232440914805283,14648,0.5101406938945137,9282,0.5701298755111389,8134,0.47364109920089165,691,0.5662337519660271,655,0.44547716808132476,14211,0.5188801013299171,10696,0.46715878216369333,2291,0.7057327101989214,514,0.850230898656458,139
5906950.0,1759550.0,0,4.619996122952918e-05,10521,0.6606138479256389,4291,0.6234747686980482,2044,0.5582223806931105,11790,0.4998501008092031,442,0.5576292962853974,906,0.6774498078758033,3715,0.7244090869040417,2270,0.52285956911086,1175,0.7681474574543109,212,0.8495245210542761,140
5988150.0,1752050.0,1,0.9999999999433051,291,0.8976133236132201,269,0.7436028544011969,76,0.6208583541487559,590,0.633140708365553,8,0.6292916730302015,36,0.9753341131134207,115,0.9342475527625643,238,0.7481306106370982,137,0.9296852690446162,4,0.8493546023206695,141
5993650.0,1748950.0,1,0.9999999997282192,387,0.8902717461180938,729,0.7325583498056875,259,0.6565760197006281,20,0.5799584359652317,47,0.6411128298945389,12,0.9646915508216415,523,0.9158756672030102,693,0.7315559248111523,167,0.7595965279954449,235,0.8491887638856375,142
5988150.0,1755550.0,1,0.9999999999999809,4,0.8963110135262204,382,0.7371540790858132,179,0.6021582304672038,1657,0.4834464766062813,598,0.5761030393750531,458,0.9752010716468497,118,0.9332371412457211,255,0.7381083375157256,150,0.7742148211849906,192,0.8491298545288186,143
6000550.0,1768250.0,0,0.01334226632792835,4638,0.6976241505715267,2653,0.6216802497774585,2094,0.555132186535985,13245,0.5719066537914846,58,0.5674595017099423,629,0.7072428498172618,2628,0.7416252840110068,2020,0.43637166944768524,3160,0.8960548834601586,13,0.8490968710150307,144
5987850.0,1754450.0,1,0.9999999999989371,78,0.8903780204615307,724,0.7158195704055133,635,0.5708912194237233,7919,0.4461420503905311,1063,0.5370735633098948,2100,0.9605966391644934,730,0.9156002884888202,696,0.5676784002654596,722,0.6657401131866771,848,0.8481367983473056,145
5986850.0,1750950.0,1,0.9999999994334767,440,0.8982979256335999,214,0.7380465049925755,162,0.6139066457214457,859,0.5397400849313765,162,0.6134937055067198,103,0.97067621919235,244,0.942680227176055,149,0.7071781676932337,198,0.8030178638595564,114,0.8473383460506291,146
5906150.0,1742450.0,1,0.9999999614566325,756,0.8873342033959691,907,0.7046915918861469,861,0.5669544884063998,8999,0.3816020941860926,2464,0.5352936948738178,2280,0.957646093842822,887,0.9355905158466736,218,0.5114003675959935,1345,0.6579942755930183,919,0.8471029325900659,147
6037250.0,1693550.0,0,0.093636475553581,2818,0.5824000299102786,8255,0.5981526172666978,2926,0.6413208675402315,106,0.4540826020209899,960,0.6007150633936955,202,0.5984969858897192,7252,0.6592898965898871,4110,0.7661719511830896,109,0.689873254595483,626,0.8461170105557756,148
5986750.0,1751650.0,1,0.9999999809728525,686,0.8973569732351409,291,0.7290283120939206,322,0.6283630965035707,371,0.4897836176685424,539,0.621115826849728,59,0.9701838841794975,268,0.9376423475609498,190,0.6121992491419265,460,0.7883885585901245,151,0.8460816127494538,149
5905650.0,1742450.0,1,0.9999996890421757,966,0.8844558267513488,1075,0.6946413441682804,1010,0.5579985845625666,11889,0.36640474312553806,3012,0.5348411165247285,2333,0.9554723558859608,1008,0.9294982262295037,332,0.4745904466346553,2099,0.6482509472767091,1014,0.8459199238389087,150
5904550.0,1740350.0,1,0.9999999999091083,309,0.9169050463529492,16,0.7307435752752278,293,0.6102853913387934,1050,0.38108347461483916,2485,0.5621739857421533,761,0.993662307215864,17,0.9661589948076097,29,0.6866561916881107,230,0.6187100587716747,1368,0.8458267832849955,151
5986150.0,1751050.0,1,0.9999999953720944,590,0.8978704403100228,243,0.7416656236508081,100,0.6251373860109588,468,0.4375439450735153,1216,0.6088177963407911,140,0.9712776396938605,226,0.9431884202834964,147,0.5524515816817965,845,0.7082441815619441,496,0.845552955241506,152
5988650.0,1754050.0,1,0.9999999999480447,284,0.8909825248752811,680,0.7405225417672975,118,0.62690251479305,413,0.5963725636745064,29,0.6396799153426224,16,0.96030641160807,750,0.9250562169325547,431,0.8259813301090423,48,0.8761722064513269,28,0.8455268217670331,153
5908050.0,1742750.0,1,0.9999999823430655,681,0.8872695478229647,913,0.720296035570766,524,0.6115689475214204,985,0.4093894115934527,1769,0.5812240645324956,385,0.958941905843181,827,0.9465356404912364,123,0.6364487482902007,375,0.6629814937582827,875,0.8452839016645205,154
5946450.0,1794450.0,1,0.9999996901709424,965,0.8889002731705692,829,0.718949129374909,570,0.5934785326702551,2795,0.3628227415804755,3155,0.5643840055795264,702,0.9612150097767298,702,0.9189563857303779,600,0.5751185810410704,668,0.6372356532816245,1135,0.8451890214614701,155
5994550.0,1749950.0,1,0.9999999999884619,193,0.8904696239118229,715,0.7407016887434235,116,0.6688543872717518,3,0.5060333385334524,379,0.6464812717310309,8,0.9646424577755482,527,0.9155877754568105,697,0.7836980708332193,94,0.7735933344372196,193,0.8450035481448098,156
6005150.0,1760250.0,0,8.72870830509639e-06,11967,0.5029718792979485,12151,0.4736269948062983,12689,0.5849646847328409,4397,0.44340337957980586,1107,0.5739880011754549,492,0.4844202176961381,12413,0.5041553306717036,11591,0.32136216095226877,8542,0.727347512456525,379,0.8440857854256649,157
5905450.0,1740150.0,1,0.9999999999992486,66,0.887776017186598,888,0.7094762420239062,777,0.5899499652955263,3415,0.3848729209660331,2353,0.555533281299254,985,0.9632666017402188,604,0.9053686007435375,971,0.6103352976945587,472,0.6681373891569328,825,0.8440130890165023,158
5983350.0,1752950.0,0,0.007015566247942618,5262,0.6024654823594378,7254,0.5997226101781592,2853,0.5751988610405375,6706,0.5451449854307205,142,0.5769229824266185,446,0.6404623186680254,5366,0.6986715428993996,2847,0.5112398456176697,1349,0.7712826774852435,203,0.8437674897628613,159
5906450.0,1744450.0,0,0.027902799310995124,3881,0.7305369929980058,1781,0.643380279423521,1663,0.5544588921854421,13574,0.3756915829642463,2680,0.5399821330208644,1887,0.7663443910039492,1635,0.7999092016616312,1578,0.4374688919209182,3131,0.6489023757727314,1005,0.8435131171598436,160
5985150.0,1753650.0,1,0.9999999995622673,426,0.8974661869300883,284,0.739588246598699,130,0.6115148067100624,989,0.5095387104277218,355,0.5980325673181458,220,0.9654948609207514,485,0.9327286317413233,266,0.6947175726983539,216,0.7712063757959278,204,0.8426345024151234,161
5986750.0,1750450.0,1,0.999999994697151,596,0.8961169334871907,391,0.7359327674538165,201,0.6114145788131486,995,0.5333145817239021,192,0.6126310785110475,109,0.9646856734144458,525,0.9326409848260192,271,0.5714991874255462,694,0.7585946457392354,238,0.8423974750416565,162
5904450.0,1742450.0,0,0.0021734203341515863,6479,0.36721766225220226,18857,0.46994445026169945,13012,0.5743795906773531,6942,0.3830321323014283,2407,0.5555346137333699,984,0.34654888358131064,18705,0.4319803405643051,15835,0.4752750007381007,2079,0.6757452485155073,759,0.8423962353013364,163
5987150.0,1752150.0,1,0.9999999997897595,360,0.9010241794309121,103,0.7470254953120616,53,0.64934475481657,50,0.4602517927976537,857,0.6181242653499439,74,0.9723550273665724,198,0.9426108920261874,150,0.8644583679222124,15,0.67414857729551,766,0.842285542521305,164
5905650.0,1759850.0,0,1.657138248884105e-05,11482,0.6114380402801034,6788,0.5687286779927111,4594,0.5870972418245989,3947,0.4546121978378686,948,0.5733845803067715,503,0.6077071629582642,6854,0.6394152239207352,4895,0.4679083281942342,2268,0.7064003209882567,508,0.8421135645518354,165
5902750.0,1740350.0,1,0.9999999954011045,589,0.8863160476079289,963,0.7138879508169479,686,0.57464535033709,6864,0.373813148733605,2745,0.5380214098631103,2036,0.9558233920668114,981,0.9340379437940615,241,0.49375005853292164,1674,0.6485874129736984,1008,0.8419759975689619,166
5986750.0,1751050.0,1,0.9999999960668995,575,0.8974285496279141,285,0.7361618379216917,199,0.6214787942853041,575,0.4705642360188055,729,0.6053770749494136,173,0.966197988894632,450,0.9312104616730893,301,0.7187193426832758,178,0.7758635356303013,185,0.8418942030919692,167
5909850.0,1758950.0,0,0.1592948535185185,2472,0.6869118866745824,3058,0.6154339754390928,2285,0.6166739617399403,739,0.5086109712522509,364,0.5922674268087491,257,0.6954294874125387,3035,0.7302246126215479,2187,0.5857595819382337,595,0.7391385678160932,319,0.84149268343167,168
5902850.0,1740350.0,1,0.9999999999398959,292,0.9151416022196506,31,0.7203477664421093,522,0.5645397625775139,9692,0.3748209741994294,2711,0.5294472750632994,2879,0.99223510748122,45,0.9601159884176325,47,0.5318700077782602,1048,0.6565154560337212,933,0.8404817338808614,169
5986850.0,1754550.0,0,0.0002117370494531444,8942,0.4319410721789182,15624,0.5001867186788139,10198,0.6400739030551569,119,0.4418425075526473,1138,0.6054261629130894,172,0.4375269845013522,14581,0.5103667040311386,11192,0.7538319033721776,132,0.677046745164526,746,0.8400103408294768,170
5987750.0,1752550.0,1,0.9999999975187439,549,0.8927349864270728,586,0.7436897162843403,75,0.6357481491213931,182,0.6680921630261939,1,0.6372717053376084,19,0.9620581285694179,654,0.927922499142862,358,0.7856856958192655,89,0.9687617185691988,2,0.839955594871222,171
5904650.0,1740750.0,1,0.9999999999973113,116,0.8862700256232007,964,0.6993139412105613,938,0.5576585647064751,12050,0.3956472964455131,2065,0.5349653127545114,2320,0.9613905806836534,688,0.8983640506841398,1066,0.45236316489380735,2692,0.650425114086007,993,0.8398221930676122,172
5988250.0,1751750.0,1,0.9999999999072411,311,0.8977337405862903,260,0.7404376886371128,119,0.6298010558581557,332,0.5429191394940832,149,0.6155678412643338,89,0.9750102157054849,122,0.9275947478977418,364,0.8081748003404433,65,0.846869590269772,49,0.8395308367801015,173
5985850.0,1751950.0,1,0.9999999997786908,366,0.8993279035607672,138,0.7354496307581375,208,0.6250869253353842,471,0.5158827627275122,304,0.6111096557482734,120,0.9707596639167198,242,0.9383743423374878,183,0.7638927768362804,116,0.821929658984567,81,0.8395067041887692,174
5906450.0,1743050.0,0,0.00035036559895593834,8374,0.6621650016523936,4211,0.5699589649819912,4511,0.5853422775013686,4322,0.40313678945022985,1886,0.5609491571159203,797,0.6727286257282685,3908,0.6727321725006812,3623,0.3405032190094881,7371,0.677894881115128,737,0.8391692342600645,175
5993550.0,1748750.0,1,0.999999999655965,404,0.9153803049637765,30,0.7409745288517731,110,0.6233418334464984,520,0.514264548988195,320,0.6129987977903878,106,0.993114927725101,32,0.971633529754292,12,0.6100834124336857,475,0.7140286546673862,467,0.8391130101333677,176
5985750.0,1751350.0,1,0.9999999995746587,423,0.8984097166148323,203,0.7489199471576603,35,0.6494256790859771,48,0.5260823694787978,231,0.631507516008465,29,0.9713808827944685,223,0.9482795284561083,114,0.8530905441415841,27,0.8216403504158414,83,0.8388163481056354,177
5987050.0,1752250.0,1,0.9999999532845907,773,0.898459290719396,198,0.7275258486784526,354,0.613643367643506,876,0.6164363485191553,16,0.621290556249475,58,0.9704407330468381,253,0.9392966186498015,174,0.604786192136553,505,0.9065161425048708,12,0.8384984384520637,178
5987450.0,1752750.0,1,0.9999999999472948,285,0.8912731578071836,663,0.7387726032106909,143,0.6117764318078971,972,0.5531723971860617,113,0.6120371235651331,113,0.9609763675848815,716,0.9239106972717307,468,0.7980357207122658,75,0.8434270189241245,53,0.8384645684621628,179
5946350.0,1794550.0,1,0.9999996927100462,964,0.8886641253137639,844,0.7163086675930028,627,0.5867252851458675,4018,0.3570362036724496,3357,0.5562368842033537,959,0.9608746015966549,722,0.9170780918544522,647,0.5561630386823648,805,0.6270577119829411,1265,0.8381924487286794,180
5986650.0,1751050.0,1,0.9999999982194152,528,0.8987070868892424,179,0.742364860856608,90,0.6281548791252053,377,0.4656161162785219,783,0.6104388250683144,122,0.9715656217454857,222,0.9430163167817514,148,0.6846013706765899,234,0.7544920781770199,251,0.8378788066250203,181
5987250.0,1751950.0,1,0.9999999895538539,641,0.8973272888736941,295,0.7222802331549542,481,0.6123211515947091,945,0.5526694518382359,117,0.6138383736463926,101,0.9690787587365206,323,0.9333339498143411,251,0.5977933439514699,534,0.8436325031408469,51,0.8377687164237269,182
5907550.0,1742850.0,1,0.9999994656430684,1024,0.885023739648192,1042,0.6970699835386301,969,0.5798277893946362,5552,0.37031862886026073,2874,0.5523157101922277,1113,0.9565167376809253,942,0.9331719432480095,256,0.592312900477864,558,0.6498007806182328,996,0.8377654172035041,183
5902550.0,1740450.0,1,0.999999991359129,626,0.8859585087854952,986,0.7085912659272008,794,0.5614477496167554,10617,0.377185390771811,2619,0.5299977095955182,2831,0.9559684501533902,973,0.9333178498821654,252,0.47736717357425584,2031,0.6489144717338639,1004,0.8374281912240535,184
5986750.0,1750350.0,1,0.9999999980673624,533,0.8969790868702306,320,0.7371009344939086,180,0.6176213412294417,700,0.529357309089686,207,0.6138991948055086,99,0.964930294857752,510,0.9313627301479508,296,0.6771649591748363,253,0.7834099330735875,166,0.8373927870691134,185
5985350.0,1753450.0,1,0.9999999999857911,210,0.8990674636026287,152,0.7368163728812035,186,0.6111186800956353,1008,0.3775710989161146,2608,0.5668700675656865,640,0.9727080349337077,186,0.946000966038552,129,0.7372856313534597,153,0.5971504768312853,1668,0.8373399131854395,186
5989750.0,1757250.0,1,0.9999999972305602,556,0.8926517493020738,590,0.7561544190757458,10,0.6495026790756869,46,0.4616548761923907,834,0.6066132163188803,156,0.9637937654467327,579,0.9649011209842011,31,0.8391300990944178,33,0.6168349412071888,1392,0.836761650358064,187
5988350.0,1754050.0,1,0.9999999999608471,276,0.8897042070854321,774,0.7342619215547521,227,0.6104568363634074,1039,0.5573686616048729,102,0.6207771795648874,61,0.9590220813281359,820,0.9203461529454409,555,0.6792252796457586,243,0.8053780487827704,107,0.8367342004984155,188
5906150.0,1742950.0,0,0.000704168297219267,7685,0.4599715858499134,14279,0.5111715580110435,9177,0.5581125306601751,11828,0.4225544054287429,1485,0.5469730158286296,1404,0.4812604018992255,12587,0.5519742039995539,8861,0.3931080168243126,4790,0.6470464649279789,1021,0.8364382979930894,189
5988050.0,1752050.0,1,0.9999999994923776,433,0.891857541387894,628,0.7382904718351797,156,0.6187750628698477,662,0.6340862295732583,7,0.6220707247671119,56,0.9611903682403281,703,0.9251044681217488,428,0.7852017133131738,90,0.9289504707984991,5,0.836427715464485,190
5986550.0,1752650.0,1,0.9999999998063658,355,0.8989301996560058,160,0.7367033168361158,189,0.6010338589923014,1800,0.5832691055225669,41,0.6060869734817487,163,0.9703716023644451,255,0.9414083995313984,156,0.6692829394711324,272,0.8487994994929196,46,0.8362895917012486,191
5986150.0,1752450.0,1,0.9999999998800002,321,0.8993462670578688,136,0.7379230541175901,164,0.6201687503242046,618,0.5047601471251293,385,0.6059941049440704,165,0.9705585341663789,247,0.9381546734798725,186,0.7815523831939104,99,0.8296710194942971,67,0.8358247330999667,192
5908250.0,1749550.0,0,0.8492425513634828,1616,0.7480807367380625,1569,0.6582709796128435,1360,0.5608106041519649,10792,0.4123379582171395,1707,0.5414509520094722,1768,0.7898292158770109,1557,0.8251344193050053,1342,0.483383922595344,1906,0.6835369809503017,690,0.8357015473057715,193
5987450.0,1755550.0,0,0.00020691921566016864,8966,0.5249401620841586,11124,0.49890320371723657,10303,0.6175613737954493,704,0.48485231321463446,578,0.6059012644473281,168,0.5061646617192895,11451,0.5304804244688909,10022,0.3431241274222334,7224,0.7387604242218637,321,0.8350529954521088,194
5902550.0,1740350.0,1,0.9999999807135337,689,0.8863748118209455,961,0.7075111131514038,810,0.5650382251492851,9569,0.37125917548851,2844,0.5323591289620869,2560,0.9560379998581199,970,0.9323985835641038,278,0.5097449793972392,1382,0.6786065468179477,728,0.8349920860567509,195
6003150.0,1763650.0,0,0.0959399516652501,2799,0.7167380671913917,2084,0.6289531071240642,1922,0.5687317857481157,8545,0.4603169367693092,854,0.5494189517023398,1264,0.7451815725864415,1864,0.779657810956184,1644,0.6035520379634987,510,0.7526635007313093,260,0.8349602462285192,196
5987550.0,1754450.0,1,0.9999999999975289,112,0.8889326449459867,827,0.710914986520341,745,0.5619961126799421,10441,0.3637213050514944,3111,0.5342354803551345,2383,0.9602724957539035,751,0.9148452138284755,724,0.63458499654991,377,0.600327416754031,1616,0.8346509870371454,197
5904650.0,1756250.0,0,2.5933318925446027e-06,12845,0.6668773043223971,3980,0.581308728152523,3792,0.5510542517333709,15059,0.4528050364468564,971,0.54890799130003,1283,0.6958179539596795,3018,0.6997738864945113,2816,0.332222457790079,7863,0.7179153369522356,441,0.8346441832650418,198
5988250.0,1752050.0,1,0.9999999999378513,295,0.8977559380294233,258,0.7438345979696419,74,0.6167377404002111,732,0.634575051559164,6,0.6209587225233203,60,0.975129719075849,119,0.9329085544614482,262,0.784216243575551,92,0.9230936538176123,6,0.8345042811270345,199
5904750.0,1742450.0,1,0.9999999955089058,583,0.8866241094234668,946,0.7076815936707576,808,0.5659495845674161,9291,0.39169710814039116,2179,0.5339156011308122,2414,0.9566724880752223,935,0.9346310780507057,233,0.5147710821150654,1297,0.6879593011829447,644,0.8343460110486428,200
5904450.0,1740650.0,1,0.9999999999720153,255,0.9137724260795023,59,0.7209137893709505,511,0.5712545811956423,7825,0.414488002874176,1647,0.5420036997464426,1739,0.9919343593172995,49,0.9622346717926274,43,0.5471838849146002,892,0.6722650397090593,782,0.8341873043213566,201
5989750.0,1753750.0,1,0.9999999999913973,176,0.895589754357645,428,0.732083604550652,272,0.6038858073093192,1496,0.5792610192622178,49,0.6138691661720354,100,0.9718931694388077,213,0.9224119636989205,508,0.7737645276635315,104,0.7957808432967513,130,0.8338202752241878,202
5986850.0,1753350.0,1,0.9999999990558344,487,0.8987007030485872,182,0.7538296638226952,18,0.6410066646823467,110,0.5194025125856339,280,0.6333460166471513,26,0.9660985683439112,457,0.9362755564526417,206,0.7285767852978144,169,0.7970976479979096,126,0.8334706962671627,203
6037850.0,1693350.0,0,0.0008509227721651423,7485,0.659494215236017,4348,0.6168446562127693,2240,0.611315615451507,998,0.43908778271994175,1193,0.5791613437259896,409,0.6789355028457971,3655,0.7071952265547872,2632,0.6804749954486129,241,0.7197275466224029,429,0.8334262383179603,204
5988650.0,1754150.0,1,0.9999999998420159,343,0.8918185890884648,631,0.7379847306851991,163,0.6305776538070734,307,0.5338033572895862,191,0.6220905271163008,55,0.9603997710838307,743,0.9187226025598947,608,0.8176896242372216,54,0.8368107708852601,59,0.8329954934160613,205
6006250.0,1760150.0,0,2.7020729275132644e-07,14244,0.6744175437935156,3601,0.5566162142184329,5407,0.5815648703646319,5159,0.4265581933732863,1407,0.5590801066231051,859,0.6897885911126351,3221,0.6849233884440977,3242,0.3417233983992659,7316,0.7455117715080606,293,0.8327336039835684,206
5986150.0,1759050.0,0,2.146905857273139e-05,11256,0.3333738837694846,20442,0.4081400561187469,18076,0.6016296182970047,1734,0.493492117543339,501,0.5873211274262148,312,0.31147301567861096,20114,0.3652458436332209,19117,0.33190556895467305,7881,0.7126956179778461,477,0.8325586114922088,207
5986750.0,1750250.0,1,0.9999999979066823,537,0.8975780806770056,274,0.7389584132594819,139,0.6279959002277586,381,0.4788030362217324,641,0.6099793368585971,128,0.96502830294591,503,0.928929983520566,341,0.7320415039865231,165,0.7780749566018331,178,0.8323413727220057,208
5987950.0,1754050.0,1,0.9999999999971265,119,0.8897596864134051,768,0.7216555995159745,500,0.5940793093803992,2701,0.3516937212814517,3571,0.5604585234280932,808,0.9611548393165615,705,0.92027965462698,559,0.7035089999749898,202,0.5819842635719389,1914,0.8320244973317357,209
5986450.0,1756550.0,0,1.1741504734203112e-05,11753,0.3571315642429362,19378,0.4153160975827399,17596,0.5927643784896299,2920,0.5100116707530539,351,0.577869837646563,426,0.33361338322672096,19248,0.3997503377269045,17579,0.6201646084486626,432,0.7753093620908368,187,0.8319732949660034,210
5909550.0,1754350.0,0,0.00034312540196178705,8399,0.671558820702758,3747,0.5990245326391898,2888,0.5877798569171495,3789,0.48378606488774173,591,0.5764179037273832,452,0.6934059877359915,3108,0.7333114562601734,2126,0.5401222161769874,953,0.726101931990558,392,0.8315819899378831,211
5904150.0,1740550.0,1,0.9999999999969735,122,0.8871107521798999,923,0.7025127612373384,891,0.5742448767730045,6972,0.32721382426726575,4676,0.5376782627882373,2061,0.9618206487651355,664,0.897948728463789,1073,0.5386546204652671,965,0.5866010167970304,1838,0.8315379069940776,212
5986850.0,1752250.0,1,0.9999999905850364,634,0.8966678279770505,343,0.7248499965202582,422,0.6130193274009967,900,0.4003183708453128,1958,0.5942114042959383,246,0.9693953660042768,299,0.9327197703479237,267,0.59520642926327,544,0.6688633935027766,815,0.8314446757741597,213
5907050.0,1744050.0,0,0.0006920938109790358,7706,0.5647807036016134,9176,0.5475082850593954,6083,0.5741870630492522,6990,0.4902311954972845,534,0.5547803887224869,1006,0.5781333619510286,8197,0.6314603495906825,5192,0.5239676923066032,1155,0.7194102264311066,432,0.8313567373595647,214
5986150.0,1751550.0,1,0.9999999987622852,505,0.8979061929747928,238,0.7369826855574166,182,0.6143646867435198,840,0.5094655870090289,356,0.6035427066450773,183,0.9704723173427006,251,0.9408576966940321,163,0.6421886347777215,352,0.7543656552205158,252,0.8310170909102237,215
5989450.0,1757150.0,1,0.9999999999901166,184,0.8896931886778489,775,0.7269592012051909,373,0.5935231092866762,2788,0.4104419979095326,1749,0.5609676033291026,796,0.9665777311185074,428,0.9198951259084112,572,0.6149225079854178,448,0.6089443078027379,1495,0.830810923221424,216
5947350.0,1793950.0,1,0.9999999994447413,439,0.8939405544696138,548,0.7182552696331864,589,0.5702848609888358,8092,0.3812263296606289,2479,0.5473117660578464,1381,0.9732296799493845,168,0.9199151962771814,571,0.5317272387288003,1051,0.6848495785286218,679,0.8307085734993145,217
5989250.0,1751750.0,1,0.9999999999940696,162,0.8961621969710123,387,0.7355973743192457,207,0.615855502855491,768,0.5271578779364681,221,0.6099696442526003,129,0.9728073929656056,181,0.9228950536917149,491,0.8113879820145973,62,0.8103300546058557,98,0.8305726127895855,218
5903150.0,1741050.0,0,0.0005323059940370806,7968,0.5641267510463561,9213,0.5745240801507118,4213,0.5913362249241874,3166,0.36271378846512176,3161,0.5525439976885974,1105,0.5698962616784833,8571,0.6268445972051585,5387,0.45390081931997395,2653,0.6380078915273167,1117,0.8303138252342077,219
5986750.0,1764150.0,0,0.00030620172788792564,8511,0.3631654753252656,19052,0.4754390277816584,12546,0.5801939002252408,5472,0.45424745189935567,956,0.5653692634572894,681,0.3366729541535156,19119,0.4286295128887795,16036,0.4662036051710582,2314,0.7059572471526917,512,0.8301678640662005,220
5986750.0,1750950.0,1,0.9999999992752335,464,0.8982002289647579,218,0.7338642470256195,235,0.6116301513145042,979,0.42430415011986006,1446,0.5889416187924641,295,0.9701979710136586,267,0.935847003159261,215,0.6634090979179862,289,0.724652461441591,402,0.8300043210710417,221
5987150.0,1752250.0,1,0.9999999978033922,539,0.900389684688218,109,0.748603316420034,38,0.6510492771369174,35,0.5621855187466156,85,0.6270391134628875,38,0.9673731688098286,394,0.9343495870326851,236,0.8584522328397712,22,0.8123632103529086,93,0.8297833038989944,222
5985450.0,1759150.0,0,0.0028271488560430405,6200,0.5821393086439081,8280,0.5740742296092441,4243,0.5637893386620693,9898,0.4231873384627292,1467,0.5425837681098902,1698,0.5975690198910555,7313,0.652275079444586,4370,0.6095033637708301,479,0.6659329735473686,846,0.8291122250435647,223
6039150.0,1692750.0,0,0.003480970619454518,5972,0.4405487242112806,15211,0.4996853191429979,10242,0.6042315618073911,1461,0.36352659149399275,3124,0.5690354136560855,590,0.44516434393225524,14227,0.5154658948424115,10898,0.5005275559890081,1548,0.6401710524912952,1089,0.8289297847262624,224
5994150.0,1749250.0,0,0.00017946211435010146,9130,0.3582417617982099,19305,0.48820583663224765,11328,0.6656900286047918,6,0.5069387915402772,375,0.6454268605181123,9,0.3575057570030684,18226,0.45886649935931656,14257,0.7075610261514916,197,0.7366932746660241,324,0.82827334152998,225
5988350.0,1751750.0,1,0.99999999987913,322,0.8977683186588461,256,0.7389025901177325,141,0.6262606917651611,435,0.5458449412409874,140,0.6079938337603482,146,0.9746423453231781,130,0.9253774311837271,420,0.7519500706933882,133,0.8319072852400223,65,0.8281527923490936,226
5984550.0,1761750.0,0,1.8520861754945196e-06,13066,0.45875137365893515,14338,0.4778759303364674,12314,0.5228640421571427,20499,0.4091609810666753,1774,0.5300427087322215,2824,0.46893117197837064,13132,0.49667978347675623,12034,0.28579971322580056,11001,0.7165215248508742,454,0.8279867729028619,227
5988950.0,1751550.0,1,0.9999999999988076,85,0.8958739599506068,404,0.73791147901172,165,0.6147428348777411,815,0.5609022347955611,89,0.6147894263445873,94,0.9733292711630462,165,0.9280877141836839,356,0.7348523345450111,157,0.8069352002946777,101,0.827552722554185,228
5989450.0,1752250.0,1,0.9999999999969051,126,0.8946841360407608,498,0.7305795856924868,296,0.5899202581902311,3418,0.5206152276852425,273,0.5956616080237314,236,0.9716321075997276,219,0.9210291738901719,534,0.6098892713926752,477,0.7667868266572271,219,0.8274556358151333,229
5986750.0,1750850.0,1,0.999999999295063,462,0.8974980521508455,282,0.7303694191868486,300,0.601750949568608,1723,0.4353365136593397,1244,0.583188326345028,357,0.9696270066727366,289,0.9342234719437548,239,0.6054517608396327,501,0.7240441845127341,404,0.8274403378541799,230
5906250.0,1758450.0,0,4.7911351803676925e-08,15184,0.4345690032591282,15485,0.4458323812919672,15169,0.5535257624791444,14066,0.481348727087373,618,0.550411585570907,1198,0.4425193401775589,14374,0.47017494157908357,13592,0.3084000269642696,9379,0.7491240690875349,274,0.8272689980481835,231
5971450.0,1772850.0,0,0.0027036892188709457,6253,0.5536597843832171,9768,0.5837708642243522,3646,0.6115429744440455,986,0.375156940829534,2702,0.5785538340547117,414,0.5864756778575925,7813,0.6504699202297702,4452,0.6255909007682784,420,0.6317047552374533,1205,0.8272656537388301,232
5989650.0,1754350.0,0,0.07534908104407918,2987,0.6137462958928829,6677,0.6201386183547702,2139,0.6258348374874496,442,0.5662162818676526,74,0.6409668286346907,13,0.6384047656750965,5463,0.7004284166276491,2800,0.6898945374698564,225,0.8256983140440867,76,0.8270551000398719,233
5987350.0,1752850.0,1,0.9999999998384665,346,0.8897270856867338,771,0.7376678786141185,171,0.6113029224037264,1000,0.479841063874621,635,0.6049917906283405,175,0.9599641064185648,769,0.921364692007379,531,0.5308256895832874,1063,0.7207181310526156,422,0.8268202407965497,234
6033850.0,1699950.0,0,0.12489916870055404,2623,0.6992283329523811,2590,0.6309315661154133,1880,0.5688280359804508,8516,0.4292813024604202,1358,0.5512336958805487,1154,0.7362452467463585,1989,0.77075161370363,1702,0.5147480462001723,1299,0.6878055049187811,647,0.8267959519822736,235
5988250.0,1751650.0,1,0.9999999999858917,208,0.8965748681480942,355,0.7378854523662262,166,0.6221743208219795,554,0.43488543273690744,1250,0.5974357748780199,223,0.9739820555363788,149,0.9239293379039748,466,0.7692876192651585,107,0.7202506185480229,425,0.8266195310430926,236
5986050.0,1752450.0,1,0.9999999996196554,408,0.8987051250302239,180,0.7339074775986587,233,0.6077934085741565,1204,0.5339422056922158,190,0.5976950765228551,222,0.9698173728548567,285,0.9363581198652566,204,0.6574864008405074,303,0.8218449569376334,82,0.8263440692119499,237
5987250.0,1751450.0,1,0.999999999171181,476,0.8991073136321303,148,0.7500712508111383,33,0.6539842847594779,29,0.5804944586659117,44,0.6375303493803725,18,0.9664251357017231,436,0.9365620205506577,202,0.8588295766897762,21,0.8390154955591926,56,0.8262866299601805,238
5988250.0,1752150.0,1,0.999999999988191,195,0.8964427235471784,368,0.7428663670222855,82,0.6108808889907051,1020,0.5734622876998089,56,0.6122348684802857,112,0.9741051677120863,143,0.9309123592485093,305,0.7164708133442397,180,0.8139467271651087,89,0.8262134456701243,239
5987550.0,1754950.0,1,0.9999999999967066,127,0.8896296113077695,782,0.713683266234422,690,0.571393086333296,7769,0.38300273078647457,2409,0.5416453553852639,1756,0.9609457514490225,719,0.9170653198448389,648,0.5653102499001996,740,0.5914090453254492,1754,0.8261318860758207,240
5909050.0,1752850.0,0,0.00043359069436286725,8187,0.48488242607609394,13051,0.5334122999784845,7209,0.5713441478000811,7790,0.44041655694791354,1164,0.5455909401309802,1511,0.5047445769645971,11506,0.575000611407808,7735,0.5442019390421131,917,0.6967051250943532,578,0.8260511526594527,241
5943850.0,1796950.0,0,3.769957900528055e-05,10733,0.42073029263846295,16212,0.5026461168402417,9979,0.6162235772555018,753,0.3740989342532058,2736,0.5825943147804532,365,0.4410905912972797,14432,0.5250351894627306,10347,0.6708458964392419,268,0.6267908280563482,1269,0.826033047164997,242
5906050.0,1754750.0,0,0.0030238758633207054,6123,0.39232864466130496,17605,0.4680170592598165,13186,0.583062169101038,4804,0.5167163763669004,294,0.5698991410416512,567,0.4000242027585563,16288,0.480575426947079,12956,0.6164169900992769,442,0.7227982993826151,411,0.8259976903593553,243
5902450.0,1740350.0,1,0.9999999818254027,683,0.8866520990856713,943,0.7091125320394672,783,0.5723179708658138,7512,0.32786328301364426,4651,0.5330444430074532,2491,0.9564323995125803,944,0.9330356622086866,258,0.5595284643502112,776,0.5862813467041642,1844,0.8257572259922321,244
6003550.0,1765650.0,0,0.0001252643370990857,9487,0.43543047762259757,15444,0.5013151860455458,10094,0.5861696471227699,4131,0.4632130462988931,814,0.5737583798796879,499,0.431992506588356,14827,0.49670590159223815,12030,0.6305004114754306,397,0.667895273660923,826,0.825756825800205,245
5988950.0,1754050.0,1,0.9999999998482045,338,0.8910596932383386,673,0.7301003840029412,303,0.6124695451845209,938,0.5673774060388853,70,0.609762738420554,132,0.9590631511529855,816,0.9140499961477043,742,0.7998948314631276,74,0.8165114607119597,86,0.825366787960065,246
5903250.0,1740050.0,0,0.012313765055076835,4714,0.6101361827734815,6848,0.5926333765999036,3183,0.6086591281595115,1151,0.42489760790863157,1428,0.5760402263984558,460,0.6145737833983832,6546,0.6651559631489754,3898,0.6161443526942696,443,0.7003106113269177,549,0.8253172460710636,247
6001950.0,1738350.0,0,0.005125415922052642,5605,0.6270907706179064,5997,0.6272060736693936,1955,0.6222316661097103,552,0.5269250211273266,225,0.61598895721421,85,0.671759382814314,3948,0.730867610089983,2175,0.6110102508948507,467,0.7112499845721443,481,0.824416969123793,248
5987750.0,1752850.0,1,0.9999999998367268,347,0.8898289584855493,761,0.7400151109661508,124,0.6134980547348173,880,0.5090175144741116,360,0.6116065155158931,115,0.9599173922992223,771,0.9227997023011598,495,0.5410468755670781,948,0.7321177432934785,353,0.824384361607478,249
5902450.0,1740050.0,1,0.9999999905023039,636,0.8868647508983454,930,0.7103858791368559,757,0.5763407297125764,6403,0.35525566841756456,3428,0.5297204446303565,2855,0.9557613451415472,986,0.9309542814392445,304,0.5349448949615716,1018,0.6333894987981326,1179,0.8242862852994401,250
6006150.0,1760450.0,0,4.572212796777367e-05,10539,0.3966985171720302,17405,0.4905058305337686,11092,0.5685542238101772,8590,0.3960861662208191,2053,0.530432844470823,2785,0.4081341664959176,15893,0.49325125931524916,12239,0.5377838011484855,981,0.6314716274185755,1214,0.8241789688665462,251
5985750.0,1753650.0,1,0.9999999999953613,145,0.899093120521209,150,0.7368978198215514,184,0.6023516542239229,1637,0.4330861163830139,1293,0.5656139332347069,672,0.9724541285221117,193,0.9460117674469681,128,0.7568665573996893,127,0.6911220018944344,619,0.8241783052048368,252
5900050.0,1742550.0,0,0.0023872305591765793,6379,0.5807270464878542,8348,0.5691402017292454,4563,0.5525987725258515,14471,0.3887633897819869,2258,0.5310399056520333,2700,0.604424740037929,6988,0.6568133290191879,4212,0.4531886595862,2669,0.6606476716203213,891,0.8241560468344618,253
5989150.0,1751750.0,1,0.9999999999984164,94,0.8955298617196655,433,0.7307961629268299,291,0.5990692462185448,1997,0.484934263359692,577,0.5920405199726114,258,0.9722355516173056,203,0.9196453115981995,580,0.7152911428419493,183,0.7795638905721423,176,0.823742292202002,254
5902450.0,1740450.0,1,0.9999999860804896,660,0.8859607090825934,985,0.707645943192581,809,0.5614649002249928,10613,0.36076680498712393,3231,0.5221647104917682,3801,0.9556406074349422,994,0.9312271194423134,300,0.48437766996733134,1881,0.6375419509398946,1127,0.8236748568529788,255
5987750.0,1752450.0,1,0.9999999992453332,471,0.8917787331921025,634,0.7382589620356125,158,0.6252365843593788,464,0.5608185438883496,90,0.6134625027282984,104,0.9604814204362984,736,0.9200123827180191,568,0.73727688970418,154,0.8707279597866775,29,0.823577420212173,256
5985950.0,1753750.0,1,0.9999999999950417,148,0.8979770014333716,234,0.7427597116584228,87,0.6186077208220091,671,0.4583735371523355,890,0.5863462623730916,324,0.9678460628098419,380,0.9410638755639175,161,0.7140840730997744,188,0.7523749131796106,261,0.8235679871595205,257
6003850.0,1760350.0,0,6.536652889653355e-08,15034,0.4248146036051488,15996,0.4402604061613846,15647,0.5569439037773306,12371,0.5659645620057657,75,0.5604009298447798,814,0.4203246957096467,15356,0.45328808103455753,14605,0.3165292878162037,8858,0.8546018742355672,43,0.8233899545540937,258
5987650.0,1752050.0,1,0.9999999998487012,337,0.8897976562830887,767,0.7227096316447084,471,0.5897456026972333,3452,0.5699343331805858,63,0.5898632851214268,288,0.9588425618766356,836,0.9153001596825686,709,0.5565981154749748,800,0.8327944143649637,64,0.8232325076633696,259
5989450.0,1753750.0,1,0.9999999999458247,288,0.8901894229817469,736,0.7260631376339187,399,0.5995116243784134,1948,0.5499579741834055,128,0.6009858934748282,199,0.9583993877386562,858,0.9124210176608756,798,0.7896972857256264,84,0.7809240021678829,172,0.8230931832416495,260
5907150.0,1745250.0,0,0.001686716305729419,6762,0.4930665560300847,12652,0.5325552637089597,7298,0.5902282194993635,3353,0.45459528367602575,949,0.5697014787716538,572,0.48492190448692096,12392,0.5545692096227732,8733,0.6108184847993426,468,0.7348452546841064,336,0.8228067353228732,261
5986650.0,1751650.0,1,0.9999999954836276,585,0.8967788508627745,334,0.7191349257660249,559,0.5996604375284704,1935,0.44371489517503937,1104,0.58482488358075,341,0.9691005973838869,321,0.9301268129991682,317,0.5872519552363662,585,0.748783878693685,275,0.8223998691594151,262
5946350.0,1795050.0,1,0.999997392540993,1142,0.8894691181383587,793,0.7239973413093823,442,0.6138454661028633,862,0.33239259713319347,4447,0.5733930920961917,502,0.9620709999869352,652,0.9223241897533974,510,0.5936094189352694,552,0.5455222410875555,2642,0.82202373817002,263
5965950.0,1735950.0,0,0.0028992152098747726,6173,0.43272461440505156,15582,0.5070319218148209,9547,0.5882632756319257,3710,0.39445134923104763,2095,0.5635570080327361,728,0.42490259048627665,15138,0.493069874098347,12255,0.4600609366071128,2472,0.6615885620130123,883,0.821984144312906,264
5989450.0,1753650.0,1,0.9999999999082165,310,0.8903690124285089,725,0.7270426661861045,371,0.604598684307181,1425,0.561117986261892,88,0.6062824881817499,159,0.9583390009149801,860,0.9126557133849067,782,0.7651773291860673,111,0.7728826908414935,198,0.8219432952268513,265
5986550.0,1752750.0,1,0.999999999588354,419,0.9000355715851437,116,0.7479455271304868,45,0.6385657592760932,136,0.48159177950958565,615,0.6141294954710231,97,0.9710395037760793,231,0.9409002814260061,162,0.8157341284897683,58,0.7730950831769151,196,0.8210607178740303,266
5986550.0,1750350.0,1,0.9999999980706991,532,0.8973919052828994,289,0.7331936103215037,251,0.6148191632872626,812,0.4863903572985172,566,0.5952003154750052,240,0.9643768669459348,540,0.9252493668905932,424,0.73713611074966,155,0.7863441156848495,158,0.820918354928768,267
5907050.0,1745250.0,0,8.978494635954221e-05,9858,0.5766764717099904,8570,0.548164777904453,6029,0.5666693017747765,9063,0.3908480413255674,2201,0.5334879732143192,2449,0.5839835757087215,7930,0.6308520200238672,5218,0.5176539080639999,1247,0.6846810408895847,681,0.8207972881633723,268
5985750.0,1751950.0,1,0.9999999992463562,470,0.899388756257495,135,0.7259949176868671,402,0.6155912411392545,779,0.435594511170982,1240,0.5779692971825768,425,0.9700601434405164,271,0.9297605964803725,324,0.6779687789402478,249,0.6331236479145385,1182,0.8207136317651471,269
5987250.0,1751750.0,1,0.9999998633809555,874,0.8986227803492742,188,0.7288116102803839,327,0.6349324564776824,195,0.6060924741051916,20,0.6261157347211341,40,0.9696505751051935,288,0.9355506211880605,220,0.6000025336134049,525,0.8431215332164068,54,0.8202574198352355,270
5909850.0,1770650.0,0,0.00020278575312931106,8998,0.408786576371453,16819,0.4669320756522277,13298,0.6188704504862962,659,0.49271922290750136,507,0.6173490867051503,79,0.4187978184589989,15419,0.4895287450184467,12457,0.63233883446112,387,0.7743256623195782,190,0.8202268007153813,271
5988350.0,1751650.0,1,0.9999999999810092,230,0.8968220717651224,332,0.7386146801801503,146,0.6216684738787416,569,0.48684539414886313,560,0.5997863474192052,211,0.9737846741991326,154,0.9238024944449698,469,0.8311946342333336,40,0.801857712623678,119,0.8195635436393616,272
5989150.0,1752050.0,1,0.9999999999972957,117,0.8947958260633442,492,0.7303000920718461,301,0.5902278378297706,3354,0.48018057698408884,629,0.5868883700778764,314,0.9716707731683273,217,0.9191464330406002,593,0.5934553587155602,553,0.739434549654336,316,0.8194611295382351,273
5908350.0,1752950.0,0,2.1157516101287538e-05,11277,0.5473865019695136,10058,0.5300922612314294,7521,0.5847057569168883,4457,0.4309688070292828,1326,0.5537992781981167,1049,0.5557499283763235,9255,0.6072940226005676,6215,0.5763194017558786,663,0.7218229315154391,416,0.8193865031451155,274
5970650.0,1778050.0,0,0.0005206969367745658,7993,0.6254077715642122,6091,0.6191573265166256,2170,0.5892648999741263,3536,0.4209161398186093,1516,0.5679283252052306,617,0.6556642313069576,4682,0.7075075470159309,2622,0.6018218902228702,518,0.7283523640699532,375,0.8193252604423368,275
5984650.0,1753750.0,1,0.9999999993362876,459,0.8961437201759488,390,0.719764157878757,539,0.5658397579193207,9325,0.5270203336598285,223,0.5546183075186022,1014,0.9637183372670693,586,0.9233649131250842,479,0.5500728348414933,860,0.7676610540883209,215,0.8192695016633997,276
5983450.0,1761950.0,0,0.020222386370518135,4191,0.6738089134767964,3632,0.6084312325290707,2540,0.5720954548943702,7578,0.4601152870402199,859,0.5556927669657657,979,0.6921391250884763,3140,0.7320081686635285,2151,0.7346723053970836,158,0.6595124695996504,904,0.8187916653772862,277
5903150.0,1740850.0,1,0.9999999999109916,307,0.915615629380059,25,0.7255697069672473,407,0.5767686785093665,6297,0.332664241917321,4430,0.5299512245315624,2836,0.9928899870272035,36,0.9625365780990677,41,0.6336090375418185,382,0.5776296141735635,2005,0.8184702645999307,278
5972050.0,1774750.0,0,0.000265520142866789,8687,0.3839519126502279,18054,0.47153271138105773,12887,0.6173168060690742,714,0.5266313917629951,229,0.5994495124969301,215,0.38538617198535974,16956,0.4676737958602487,13725,0.6646654515284172,283,0.8435624505979262,52,0.8180202372775509,279
5905150.0,1742450.0,1,0.9999999744527688,712,0.88626211035559,966,0.7064112263790642,828,0.5677294839446436,8802,0.31264955629749813,5444,0.5299864093557384,2832,0.9569041997315446,917,0.9339628859787121,243,0.5038580458820371,1492,0.561051766336091,2299,0.8178094066836372,280
5985950.0,1750650.0,1,0.999999998194959,529,0.8985742632088125,190,0.7470134142774958,54,0.6427282528814104,93,0.5573726040265836,101,0.6222160424148653,54,0.9661548341210083,455,0.9355310106058341,221,0.8370582713542809,34,0.8136803063501024,90,0.8173696413760174,281
5946350.0,1794450.0,1,0.9999995034868986,1016,0.8889469581125218,825,0.7164697195083455,621,0.5910691659129865,3211,0.32895057850653076,4591,0.5506517936424542,1178,0.9607577529853195,724,0.9154608200672004,706,0.5831202688447932,618,0.5557069853001536,2407,0.8173392401205425,282
6003150.0,1761350.0,0,3.95151426342864e-05,10691,0.5557209805885921,9659,0.5654030769164893,4816,0.5535968286914026,14023,0.35854240110527513,3305,0.5210835932664084,3954,0.583263307096924,7964,0.6409505014837662,4823,0.4450506741414153,2911,0.6370758175360397,1136,0.8171792758416846,283
5986450.0,1763650.0,0,1.0904377142748102e-05,11802,0.5785300893687247,8464,0.554847138163393,5519,0.5436654710838477,17415,0.5090769821640811,357,0.5381888914144478,2018,0.5785952935250253,8170,0.6261099480398981,5420,0.4880010958788846,1805,0.8058163600873651,106,0.8171359844531709,284
5988050.0,1752650.0,1,0.999999998965956,490,0.8914120625699862,655,0.729046616289276,320,0.589762568289007,3446,0.6261239289466066,12,0.5902673861621534,281,0.9602438115017765,756,0.9187548215785034,607,0.5784430601002629,645,0.9173878368677535,9,0.8165937466621321,285
5988850.0,1755450.0,0,0.0009766723311580806,7338,0.46933216528736244,13798,0.5251010580902359,7964,0.5937705669315553,2748,0.5581222997605205,99,0.5836206738603397,353,0.4648980704031058,13325,0.5419842544662188,9408,0.43181338289214866,3331,0.8588364874065804,39,0.8165391415451682,286
5905350.0,1745350.0,0,0.010606705763241474,4865,0.6961778765552098,2704,0.624288004893947,2025,0.5412184015068696,18035,0.3495342110206342,3667,0.5200487970981378,4085,0.7320933835233218,2055,0.7645094642126589,1752,0.4441112439003009,2943,0.6262816826063948,1276,0.8164931700413154,287
5983650.0,1761950.0,0,7.313963850053699e-06,12099,0.4371366622155424,15370,0.48174617962318245,11938,0.5662437348234052,9205,0.5515005879660207,123,0.5770097973196099,440,0.44302105736895425,14348,0.5190039067368094,10689,0.6697915888220769,271,0.8250852082037353,77,0.8163839101031822,288
5989950.0,1756850.0,1,0.9999999999779869,241,0.9191151009203689,7,0.7429005582698975,81,0.5895531019410138,3484,0.42413081470253844,1450,0.5484512513355686,1307,0.9963989788259211,8,0.9771042425459825,9,0.7037778436767455,200,0.5994139910209335,1636,0.8161410006469304,289
5986150.0,1752550.0,1,0.999999999818461,351,0.8977975629194469,253,0.735657334160292,205,0.6073328081192655,1237,0.42487728796836527,1429,0.58533522069063,334,0.9693677541390873,301,0.9343459225491458,237,0.5776258272252186,655,0.7048614024828678,519,0.8159033536155453,290
5984650.0,1757450.0,0,0.00010102037261713497,9722,0.34227223971646636,20078,0.4324793588978029,16296,0.5735128662813873,7178,0.549465649788062,131,0.5721684433584331,525,0.30904182062817953,20203,0.38247508076016523,18399,0.4737961249029048,2116,0.8050106173393231,110,0.8158404380422764,291
5943850.0,1797050.0,1,0.9999998179264306,907,0.8891068198008429,818,0.7194631513297046,548,0.5996825528108201,1932,0.3285966344936283,4612,0.5529896879432877,1087,0.9603736331519815,745,0.9149834659663664,720,0.5892792369392965,575,0.5596711509900425,2329,0.8158082163597602,292
5971950.0,1773450.0,0,0.020812816766547747,4161,0.687258670836583,3048,0.6332875192241783,1835,0.5971557702286182,2255,0.40293492375100304,1896,0.5694746373994667,579,0.7080326743059222,2603,0.746188063109609,1955,0.572348347775971,688,0.699000107654572,559,0.8155627214405765,293
5986250.0,1750950.0,1,0.9999999987428176,508,0.8989805610800168,157,0.7429228750300395,80,0.6264767674965268,424,0.47752859029528016,651,0.6000555749494764,207,0.9710445790274229,230,0.9411132971704853,160,0.7088120494250107,195,0.7481686989277835,278,0.8155207568787824,294
5944850.0,1793850.0,0,0.0002201638481183134,8901,0.5734090597483706,8734,0.5893994995409493,3338,0.5850473849391018,4377,0.3301113215622924,4543,0.5549919015361707,999,0.6095939973649647,6763,0.6707167340234544,3701,0.4924621284396967,1702,0.5684218157326343,2170,0.81532202045165,295
5987650.0,1752950.0,1,0.9999999999041385,315,0.8901615934476359,738,0.7331025105725305,253,0.602152536639487,1659,0.44661386095357725,1055,0.5864468686841503,321,0.9595833682538549,789,0.9164452145017191,672,0.6132512969325163,455,0.7331940406585153,344,0.815133223255038,296
5985050.0,1753550.0,0,2.7101096756097876e-06,12810,0.6467327412831947,5023,0.5905545042239005,3271,0.6168636929732959,731,0.49444420656371446,495,0.6030290648604283,188,0.6662668980674323,4192,0.6963494744225016,2910,0.5986177397099118,528,0.7509171922882348,269,0.8147430417928497,297
5908250.0,1753050.0,0,4.119077673696058e-09,16430,0.35259758491466736,19593,0.3953738512504268,18861,0.5604162863893779,10916,0.4813664813553506,617,0.5504390419328858,1196,0.34917830320119125,18587,0.3882693853006344,18124,0.31227162093605576,9122,0.7334263158816394,343,0.81472553718909,298
5983250.0,1753250.0,0,4.796622941769087e-05,10488,0.4821578536228888,13180,0.5376348162283906,6872,0.5608556075146947,10778,0.45042401398121984,996,0.5472361328114552,1387,0.5104136192043798,11247,0.5794634582121334,7524,0.504988139281996,1466,0.7418389893892057,304,0.8144839500426035,299
5972850.0,1774250.0,0,0.012676409279383351,4683,0.5612058036360598,9386,0.5680072809099631,4642,0.5954545427523757,2460,0.42846749116887173,1378,0.5652233475820704,683,0.5870051978418505,7780,0.6414066786824918,4806,0.5750190803744033,671,0.6857577674036675,667,0.8142093189551454,300
5993650.0,1749550.0,0,0.6996526577267371,1694,0.7167986483635944,2081,0.6569701128985903,1376,0.6448390882080108,73,0.45939823884456205,869,0.6228859754279403,52,0.7407536736689552,1925,0.7804208360433154,1641,0.6123807049938096,459,0.7321685401220345,351,0.8141604680810538,301
5987350.0,1752750.0,1,0.9999999999380123,294,0.8899757660231039,748,0.7281451619400667,343,0.5917850667755865,3084,0.4137704046415577,1667,0.5701269189407053,562,0.959427143027672,800,0.9138556380119356,755,0.6032143300262979,512,0.6696289309726227,804,0.8141292739204972,302
5943750.0,1791550.0,0,7.314265359208445e-05,10078,0.5467446864642418,10081,0.5728663181774912,4328,0.5720406991553659,7596,0.4592435389573012,874,0.5709845508781403,546,0.5525575423849436,9402,0.618362033179118,5733,0.4594891467018555,2488,0.7079642084141137,498,0.8140261207359256,303
5905050.0,1740050.0,1,0.9999999999789351,235,0.8894883535252741,791,0.709790216036092,774,0.6038713765913009,1497,0.36374595394231746,3109,0.5527790352165799,1094,0.96450854644682,533,0.9050320257081675,976,0.7004570718350224,208,0.5552439234556275,2420,0.8139931253977112,304
5988950.0,1757150.0,1,0.9999999971119793,561,0.9179779422850833,10,0.7361334982077663,200,0.5807288909951233,5356,0.41953433489172764,1547,0.5531772240894917,1081,0.996982774431801,7,0.9795881642285205,8,0.6306971053487817,396,0.5794860871088714,1964,0.813941942441358,305
5909150.0,1752750.0,0,0.00027566947952392874,8648,0.5141475263787498,11619,0.5454192641207605,6249,0.5713541173875911,7785,0.4483435402352304,1032,0.5464371565212689,1453,0.5328179522056744,10274,0.597533692368109,6632,0.4988441523570122,1580,0.684779637132543,680,0.8138219017379928,306
5986650.0,1750950.0,1,0.9999999991477786,480,0.8992399462830765,143,0.737699189963834,170,0.6256507456363554,451,0.44421190673424105,1093,0.5911694666788322,269,0.9704168681795489,254,0.9357703743664694,216,0.8139766378025288,60,0.7101878386239355,488,0.8138050407111864,307
5904650.0,1741150.0,1,0.9999999762928812,704,0.8852303387724335,1028,0.6987714996303872,950,0.5552052497227288,13218,0.3146113091767843,5339,0.5156470618401017,4768,0.9550264019490735,1031,0.9267578733253488,382,0.4443677443523717,2930,0.5749884767751181,2053,0.8137632870488221,308
5989350.0,1753750.0,1,0.9999999999729767,250,0.8894251677644288,794,0.7214140193148477,502,0.5864989338217514,4063,0.5172803678818869,291,0.585768975376553,328,0.95753873773776,891,0.90870459249766,889,0.7428675097778298,144,0.7596399951020917,234,0.81370860166714,309
5903350.0,1752450.0,0,0.9704231988417534,1485,0.7236760600190546,1913,0.6497795661136326,1519,0.6306027766515039,306,0.42440079339985487,1443,0.6004075490908222,205,0.7546677038349615,1735,0.7986300002317183,1582,0.5744437823759744,675,0.6399702617077192,1092,0.8137085772477184,310
5986050.0,1751550.0,0,1.688845949234782e-05,11462,0.5413965984910638,10320,0.5792641415462564,3917,0.6171487396391645,720,0.48666877230668826,562,0.6111156717525963,119,0.5503936545370469,9511,0.619086202544314,5707,0.5190671009436005,1226,0.7269691493902254,382,0.8134996906048124,311
5989950.0,1753450.0,1,0.9999999999782196,238,0.8964046675318523,374,0.7337939188590114,238,0.6107310717961826,1030,0.5959019052446075,30,0.610174884328827,124,0.9718385957481385,214,0.9201551233701183,564,0.7870517123729961,87,0.7855179118202085,161,0.8134161988591637,312
5905050.0,1740850.0,1,0.9999999999061078,312,0.9129479080598256,78,0.7144945494129225,663,0.5519078014318899,14737,0.3001643507340492,6164,0.5107921418574995,5580,0.9916424947997935,56,0.9574797818714653,58,0.40701231783795133,4239,0.559724763194148,2326,0.8130516698936598,313
5987650.0,1752150.0,1,0.9999999994495912,437,0.8914934397578067,650,0.7283089467868967,336,0.6159237203603085,765,0.5195145712536227,278,0.5913817467881849,264,0.9597570930627626,780,0.9129511755617158,770,0.6629255973669381,291,0.7928085479548209,136,0.8130493678049466,314
5988250.0,1754050.0,1,0.9999999999617712,274,0.8902308091739942,730,0.7334686376203307,243,0.6103601194862098,1044,0.48098761346781904,623,0.6001852812450549,206,0.9587592383999002,842,0.9144165812684606,739,0.7233603122631136,173,0.7725647592830199,199,0.8129918724035925,315
5989250.0,1753950.0,1,0.9999999999948459,152,0.8959410331309744,398,0.7382405721841433,159,0.625859980970465,441,0.5004665839302759,439,0.6099428004947576,130,0.9721750767332524,205,0.9205468175199955,547,0.7782775078697803,102,0.7604667659051749,232,0.8126713713232148,316
5987250.0,1751650.0,1,0.9999998610318177,876,0.8978943105695808,240,0.7228584780320574,466,0.6155944840297765,778,0.5911088938370224,35,0.6071787461610842,152,0.9688265594977872,340,0.9318484715485862,286,0.5867086654942991,588,0.8403512359679697,55,0.8124106516662648,317
6036350.0,1694050.0,0,0.00026260643391296147,8704,0.6762207691816957,3503,0.61741559956505,2228,0.569589155036508,8290,0.4260795890158369,1413,0.5498139505455377,1242,0.6804920854913354,3586,0.7155762220077317,2443,0.4893205631879253,1778,0.7195253438821201,430,0.8123888934120642,318
5945050.0,1790750.0,0,0.002815032825242191,6207,0.7179590061810719,2056,0.6537240166403337,1436,0.5883832342710982,3686,0.49726745546897977,464,0.578461489419681,416,0.7305045300560319,2086,0.7697788972305319,1707,0.6104312233220774,470,0.8089344190033154,100,0.8123065507382089,319
5990350.0,1749150.0,0,0.0021764035946334782,6477,0.634144483985818,5644,0.627949549290231,1944,0.6347200545839621,197,0.5710088656490645,59,0.6309510518122932,32,0.6487446888608794,4978,0.7050067108354549,2687,0.7849288154716599,91,0.7896352077301728,148,0.8118337592442555,320
5944750.0,1797250.0,1,0.9999965216554315,1161,0.8890089716758358,822,0.7208757823343361,513,0.605783859527172,1330,0.3264153527325447,4711,0.5647020881916961,694,0.9614366350333032,683,0.9194127703487045,588,0.541074792221467,947,0.5333421367668929,2930,0.8116893339072906,321
5984850.0,1753550.0,0,0.0004010806228143906,8242,0.5918558545242624,7757,0.5943730028137555,3105,0.5983948936759911,2092,0.5397850143251367,161,0.5903549888796873,279,0.6031820090562631,7036,0.6610815197752987,4039,0.6276158612440013,411,0.7896936054104329,147,0.811568192869812,322
5909850.0,1751750.0,0,4.167327253535077e-05,10641,0.5962990118967215,7542,0.576231902786796,4095,0.5677300334387338,8801,0.48367105262535565,593,0.5502069865729302,1214,0.596952511063975,7345,0.6475435420697009,4565,0.49898139792693963,1578,0.7138311574858184,469,0.8114958824109971,323
5989350.0,1756950.0,0,4.239557697322937e-06,12496,0.47361549981402107,13583,0.48710268764039194,11436,0.6294561730926156,340,0.5032352595788977,406,0.6232011326098968,51,0.44862736151264704,14069,0.4870244857134144,12618,0.35169684935370116,6757,0.7917343058449868,138,0.8112600409112132,324
5902550.0,1757550.0,0,0.00045900202809156496,8133,0.47981751862022226,13280,0.5331749371031304,7235,0.5917177996157136,3094,0.31095772472942146,5533,0.5537298739245028,1054,0.48973841625903347,12179,0.5600709809657485,8455,0.45892084185087767,2503,0.5701437052743327,2138,0.8110468889329141,325
5903750.0,1756350.0,0,2.0335184333862394e-05,11312,0.47236141346971044,13654,0.5264805003223488,7849,0.5580179758044111,11874,0.4557583472294162,932,0.5446218355805394,1567,0.4812666454059962,12586,0.5521963799498506,8850,0.4805191292342843,1972,0.6861927279866964,662,0.8107245020945587,326
5988050.0,1754950.0,1,0.9999999999995917,45,0.8919428756636709,622,0.744917063842695,66,0.6324247379794135,263,0.5583042130997952,98,0.61181520986807,114,0.9633310957170341,602,0.9350663873784917,224,0.833086583419318,37,0.8582121371247785,40,0.810722475389447,327
5984350.0,1753150.0,0,7.844324437953197e-05,10012,0.47098477590514126,13723,0.5312083403553761,7425,0.5685582809267848,8587,0.4763365368390006,665,0.5542467970810626,1031,0.49890172385134923,11755,0.5703457107896024,7936,0.5123952043221719,1330,0.7679009314409765,214,0.810713389463834,328
5946250.0,1791650.0,0,0.001954137981239028,6594,0.7525797931539058,1555,0.6725622020342885,1214,0.5840421243886351,4583,0.3293345786772762,4575,0.5507036133934378,1175,0.7935320053113424,1553,0.829547425044548,1309,0.5626185528801656,759,0.555476608633451,2415,0.8105808911633903,329
5985750.0,1751450.0,1,0.9999999987335102,509,0.8972340729821651,300,0.7467483319217688,55,0.6340642303257336,218,0.5274749462192219,218,0.6140570933479652,98,0.9702622921602957,262,0.9465043527205877,124,0.6809551077690943,239,0.7559158589852508,245,0.8105290387690745,330
5989850.0,1756750.0,1,0.9999999999960616,137,0.9218159033628606,3,0.76351474750204,2,0.6415500442321369,101,0.49712902173956475,465,0.6007383790068178,201,0.9989740453912922,3,0.989658439119268,2,0.8394854915891818,32,0.6842489982262909,684,0.8104744507751277,331
6003650.0,1763950.0,0,0.0006898086592346132,7709,0.6008384509277241,7325,0.5983129111659381,2919,0.5761923229763235,6441,0.42498781829865184,1427,0.5505593683236177,1189,0.6046893185977638,6975,0.6583129234751174,4153,0.6091666513189269,483,0.6588665756267437,911,0.8104130226267445,332
5986050.0,1752550.0,1,0.9999999997981164,356,0.8981089410886361,223,0.7338999746419266,234,0.6090379400043191,1126,0.40621615134947875,1834,0.5797231302756115,403,0.969281274044827,308,0.9322929458844882,280,0.6282818897032685,407,0.6894494936736539,631,0.8102339550363338,333
5987450.0,1755350.0,0,0.00027762503076485717,8639,0.5071891668299401,11962,0.532686617983013,7287,0.6067547410230375,1267,0.3949030469945428,2079,0.5776565838812746,429,0.4951770584702355,11933,0.5624893770904535,8326,0.5832421235226968,616,0.6196747512308471,1356,0.8100607856091326,334
5903450.0,1756550.0,0,0.0018830634862195223,6638,0.6348556628956764,5613,0.596183663904769,3007,0.6018334236616669,1710,0.4003687425305151,1955,0.5690976708437135,588,0.6392734687885788,5417,0.6837355913743416,3274,0.536752360726385,1002,0.6668942675380771,834,0.8100186304711869,335
5985550.0,1753550.0,1,0.9999999999962992,133,0.8990961276295696,149,0.7407196561958629,115,0.6119166379385739,963,0.45580410669348326,930,0.5791152058287072,410,0.9727090876714474,185,0.9487425934316074,111,0.7444552399452127,142,0.7577172573973561,242,0.8099246336653008,336
5985150.0,1757750.0,0,1.9586852883164945e-07,14434,0.5073509599705502,11949,0.48937850229444463,11208,0.5640656086079913,9815,0.5408535804421676,157,0.5562754623030844,958,0.48642582273184587,12317,0.5262012668075327,10281,0.49616497349465005,1643,0.8293876440157321,69,0.8094299134625633,337
6003550.0,1760750.0,0,1.333277431463629e-07,14631,0.6970887843792194,2668,0.6104291864815177,2473,0.5983051267658934,2099,0.6005650954869801,23,0.5906308716458165,275,0.6975158846025858,2946,0.7254630565955592,2253,0.5687648864858458,714,0.8960155924958467,14,0.8093840041783661,338
6009550.0,1732050.0,0,0.008364450514458454,5092,0.6008237444479531,7327,0.5817892661292023,3754,0.6240408679127617,500,0.5535514076102885,112,0.6164428649850556,80,0.6193119243704464,6331,0.6676861987447164,3805,0.5891262233751993,577,0.720717409791014,423,0.8090907602731515,339
5902350.0,1758850.0,0,0.00010157881910402111,9718,0.3577380943866369,19342,0.44238723415225306,15474,0.6019037015730629,1696,0.4699602417763702,735,0.577100486325426,439,0.3657834326332212,17862,0.4488772235837575,14847,0.6033506549337009,511,0.6864317639673887,660,0.8090269584143043,340
5982550.0,1754650.0,0,0.003422306868824841,5995,0.7142745702545813,2137,0.6385718678258533,1751,0.5619130787527576,10471,0.37008624260099804,2888,0.5423305989015973,1720,0.7482201361081101,1829,0.7758208211905985,1674,0.47875778371822264,1997,0.6559527808613086,943,0.8085173110003743,341
5944050.0,1793750.0,1,0.9999999146415777,832,0.8886577854511382,846,0.7169467077733304,614,0.5976837399052232,2178,0.31805467360475675,5154,0.5554758382837652,987,0.9600548406409498,766,0.9140116164461533,744,0.5400596104747699,954,0.5375555251864768,2822,0.808425087148086,342
5987350.0,1753750.0,1,0.9999999996654882,400,0.897805002648645,250,0.7353615635178649,209,0.6067588262272179,1266,0.4639300061322695,805,0.5877460721253606,307,0.9637166476971968,587,0.9217318423213774,523,0.7377427335301612,152,0.7532688505242107,255,0.8083098448752336,343
5986450.0,1752150.0,1,0.9999999998135818,353,0.9000301867122176,117,0.7452280475562949,64,0.6356514295297095,187,0.5039148252899928,400,0.6059804750505685,166,0.9707402453769363,243,0.9393231738631584,173,0.8158356407458192,57,0.8039034207427694,112,0.8075940813488491,344
5985350.0,1762350.0,0,0.8655578281859614,1602,0.7355008815811199,1715,0.658013192411875,1367,0.5751838546490986,6711,0.38172286953795564,2460,0.5534151131040173,1074,0.7552003550755885,1729,0.7901215895494436,1603,0.5856665937562437,596,0.6142554002607448,1423,0.8072699735717028,345
5905350.0,1754650.0,0,4.478047874633431e-06,12458,0.45740490003442896,14412,0.48237674253603985,11879,0.5613237275714963,10644,0.4606450816724498,851,0.5462251406414639,1463,0.45287980370197545,13860,0.5149155451069618,10933,0.5167570844719882,1260,0.6984243373083571,565,0.8072110807308345,346
5987950.0,1754450.0,1,0.9999999999995464,48,0.8913026212510997,661,0.73129431322397,281,0.6022374694002611,1649,0.4917652230683575,519,0.5705993230713526,550,0.961931319223283,660,0.9247590323397705,438,0.7880253685107774,86,0.7564571657734163,243,0.8070110871064957,347
5909550.0,1770050.0,0,0.003795795695739255,5890,0.4074307373010176,16892,0.4894483080994677,11203,0.6037238102303586,1513,0.4247018743809047,1435,0.5737658035034778,496,0.4225038117724398,15246,0.5055321655911571,11502,0.6301436074271342,400,0.6837918324445087,686,0.8069905685141572,348
5907450.0,1757350.0,0,6.68559432065598e-06,12159,0.6115780613060782,6777,0.5484223018435881,6013,0.5626741078379363,10244,0.4804147661328652,627,0.5576465872079909,904,0.6061442270704245,6909,0.6108688328815748,6036,0.3111298678286557,9193,0.713582234630128,471,0.8069544087904899,349
5987350.0,1758750.0,0,0.00030104541533605125,8536,0.6587146816325246,4391,0.6101613437665796,2480,0.5706555814671344,7996,0.4239836322015726,1452,0.5391714448899505,1943,0.6602151231548437,4459,0.7036507550773603,2718,0.5864049997069876,590,0.641640379839704,1071,0.8066409144183794,350
5987450.0,1753750.0,1,0.9999999993752633,451,0.8984364618777807,201,0.7389074985655428,140,0.6100008776488689,1066,0.5762515064944254,53,0.6033200010180979,184,0.964125384612473,553,0.9260531836463664,400,0.7419616274836924,146,0.8559582018897383,42,0.8061290944805871,351
6001250.0,1762350.0,0,3.313904861109303e-05,10841,0.38262491937067417,18113,0.4868114601822784,11458,0.5809608035129208,5307,0.3473070004132388,3781,0.550164653890816,1218,0.39180561692036064,16658,0.482937692380608,12827,0.5265050046440239,1114,0.5767219358784396,2023,0.8058601195739085,352
5993450.0,1749250.0,0,2.020841835531927e-05,11316,0.4009188413857369,17206,0.4779515497860117,12305,0.6314936897713869,287,0.5508739099080578,126,0.6248219459989099,43,0.4077907951414419,15904,0.4750683983696665,13306,0.6685567416057214,273,0.7479455339788561,279,0.8056712196904673,353
5908650.0,1754250.0,0,0.0010395854372002066,7265,0.3796516466611117,18259,0.4477035309470684,14987,0.6028674544717191,1600,0.3753730945910715,2692,0.5644127328080081,701,0.392879531001157,16600,0.46958935075046115,13624,0.6489317976815359,329,0.5952126993023701,1697,0.805618800813352,354
5942750.0,1790950.0,0,1.3951644583911792e-05,11616,0.37989330033801505,18245,0.4671436896033403,13278,0.5730755868448014,7320,0.43005115782492537,1342,0.5525193947143024,1107,0.394129450172378,16542,0.47645339658999275,13223,0.5475010162481002,886,0.7301485403624064,364,0.8052560816026432,355
5948050.0,1792150.0,0,5.820776466876202e-05,10303,0.6382769041893428,5419,0.6019339361743957,2762,0.6233295389960432,521,0.4030448508021255,1888,0.5875126697899368,310,0.639019604663531,5433,0.6842626917040318,3261,0.7586932017537407,124,0.6582522825831881,917,0.8051871644737525,356
5901250.0,1758550.0,0,0.0002863924267706236,8600,0.550276341042236,9923,0.5640252856308711,4899,0.5743439124619127,6953,0.4223924075907306,1489,0.5599095513616777,833,0.5704229020345728,8549,0.6291840987720766,5280,0.5577985044366709,786,0.6536423372710818,964,0.8049658331393152,357
5949750.0,1795050.0,0,6.240454418202936e-05,10241,0.6537166216811039,4667,0.6158474713622494,2272,0.5971444469652957,2257,0.3870836871549319,2300,0.5659824379757631,666,0.6540468239156929,4756,0.6975579911580624,2874,0.5833336595158415,615,0.6400154725275602,1090,0.8048933918280483,358
5983050.0,1757150.0,0,7.858543971837855e-05,10010,0.5834433103790125,8202,0.5858823902606503,3530,0.5480896757060748,16039,0.4541906941435208,957,0.5445747215318656,1570,0.595247674666144,7423,0.6458121962322445,4611,0.48946005585223595,1774,0.7401933892463742,312,0.8046356248288653,359
5988150.0,1752150.0,1,0.9999999998748035,324,0.8978795594700305,242,0.7428475147989065,84,0.625055664158602,472,0.5040561620574129,397,0.5955214095906277,237,0.9744050604507187,135,0.9247870265718143,437,0.804559280366188,67,0.7529496560135669,258,0.8045019310188507,360
5905050.0,1740250.0,1,0.9999999999472549,286,0.9187480506456867,8,0.7352856774720086,210,0.6270502199848171,407,0.38627870231205297,2315,0.5600638606412747,823,0.995234097781498,10,0.9691778102622013,21,0.7499690461783203,134,0.5531634070826439,2466,0.8044807874561051,361
5993650.0,1748750.0,1,0.9999999990666666,486,0.9146711119305672,38,0.7243943472795529,435,0.5901906628460889,3361,0.3682199111064085,2943,0.5557867361160613,973,0.9913530812298518,64,0.9553339670147234,72,0.5979885023359492,533,0.6345978667807752,1166,0.8042513244304458,362
5901650.0,1758550.0,0,6.670652058906492e-05,10175,0.46191500923649254,14157,0.5178786376395351,8598,0.558234424936436,11785,0.4397620954866213,1181,0.5464424981177912,1452,0.4827238777563625,12504,0.555018373083982,8704,0.5213172260584908,1193,0.6654620995955355,849,0.8041745215489459,363
5987450.0,1757450.0,0,3.9330260964868094e-05,10699,0.34969954523761754,19740,0.43514264691387844,16065,0.6238261782269495,506,0.4293836112927637,1355,0.5854556423124845,331,0.3244607993655604,19591,0.40991741445410357,17069,0.6424458852847343,350,0.6502452027349251,995,0.8040784790421824,364
5906050.0,1758450.0,0,6.242261777371755e-06,12217,0.5763968295979864,8593,0.5535668131497925,5623,0.5582769796189944,11768,0.43832047729300816,1204,0.5357693360395298,2227,0.5675077995788893,8687,0.6115590344273082,5998,0.48342942202839945,1904,0.7103551839172504,487,0.803956587123881,365
5907950.0,1742650.0,0,0.00022801587912719685,8863,0.653951597314032,4651,0.5848552171718086,3588,0.6072547736742696,1241,0.42484816885979304,1430,0.5754101956589863,472,0.6721659005908199,3930,0.699070051092774,2839,0.5687972636241447,712,0.6529255407595076,968,0.8038303955945859,366
5987850.0,1755050.0,1,0.9999999999999225,16,0.8960609377567631,396,0.722168612256622,484,0.5710214837599852,7888,0.39843986531011727,2005,0.5304346916981327,2784,0.9746955753412728,128,0.923992179320803,464,0.6387327145893131,363,0.578431864810904,1991,0.803826204976333,367
5905350.0,1754150.0,0,0.00674441215207722,5307,0.6368562641209278,5493,0.5770407741182895,4046,0.6011467375991736,1791,0.5134553094487915,326,0.5749031914924106,476,0.65443101928215,4741,0.6964872633585666,2903,0.5848430638874842,604,0.6836455237011927,689,0.8035232144125642,368
5986950.0,1754950.0,1,0.999999999991878,172,0.8908979430638193,685,0.7315536051086342,275,0.6200619093315739,621,0.3730285024564294,2779,0.577672536269225,428,0.9630186856386285,614,0.928366682829189,351,0.7419673954068493,145,0.5360644730352845,2865,0.8031554747360237,369
5987250.0,1751550.0,1,0.9999998470295789,887,0.8963217642321929,381,0.7198212042825566,538,0.6112410642691355,1002,0.5701194516385584,61,0.5991622715761737,218,0.9633569236617233,599,0.9206631287329182,546,0.578685819286638,644,0.8170668749437161,85,0.8031359709729173,370
5904550.0,1753550.0,0,0.0002970852176747497,8555,0.6018467783267917,7281,0.5891807478460576,3353,0.5767421933108623,6306,0.46079057633982407,847,0.5639314538148104,713,0.608686270223711,6801,0.6623988030825119,4002,0.551679660106577,850,0.6666160024253962,840,0.8030418498509899,371
6003450.0,1760450.0,0,2.3214744098417552e-07,14329,0.4055590154310146,16996,0.41878566130078126,17350,0.5677660460758325,8787,0.5967043806624065,27,0.575835565526516,465,0.372907071828358,17541,0.4041972431006895,17378,0.30373195294039723,9707,0.8654932344135634,33,0.8029884108632461,372
5988750.0,1753050.0,1,0.9999999999298983,298,0.8910525863546321,674,0.7260485498119201,400,0.5959971796977933,2386,0.4152945608006609,1633,0.5676074729600122,623,0.9588998896508549,830,0.908604999876763,891,0.8108800970342543,64,0.61710481028798,1390,0.8029846426984113,373
5982850.0,1752950.0,0,0.024463021450146425,4001,0.6890418829507555,2985,0.6156087427338247,2280,0.6303865039826126,316,0.4271915306081317,1400,0.5928993276812546,256,0.6862446479690801,3352,0.7035413760628275,2727,0.6603851581963863,295,0.6882527539433072,641,0.8029126154258323,374
5986750.0,1753450.0,1,0.99999999961634,411,0.8987012027650365,181,0.7383420336126741,152,0.6038479686818863,1499,0.48448059440058494,582,0.581757393000495,376,0.9649033849962305,512,0.9253615107046909,421,0.7096793087367606,193,0.73704130102973,323,0.8027869622749032,375
5903450.0,1756450.0,0,7.116944694673313e-06,12120,0.4044704555896457,17041,0.47099187438952317,12931,0.5728589133313481,7366,0.4587746791834129,885,0.5578158738197705,899,0.3921970576274616,16642,0.4535945288600255,14577,0.5253727357452793,1133,0.6892221015725457,634,0.8026803362897934,376
5993650.0,1749050.0,1,0.9999999999546394,279,0.8893158526729436,803,0.7240423539127883,441,0.6293897218220936,343,0.4288008679387416,1369,0.5901798547447568,282,0.9624955381901836,636,0.9021896819854002,1026,0.6980210007311387,213,0.671243984214296,793,0.8023971733503523,377
5972550.0,1775850.0,0,1.9700472303279515e-06,13019,0.632199769149987,5734,0.5844366001026168,3613,0.5720535770228158,7588,0.49210008021719165,517,0.5588520124058755,862,0.6458760233357733,5113,0.6867929186954815,3198,0.4831381482735537,1909,0.7326142642721902,350,0.8023144707033013,378
5947350.0,1795850.0,0,8.998692258641258e-05,9854,0.6602182832162921,4307,0.6105752980134025,2470,0.5692614308394282,8383,0.34035818571852433,4072,0.5380145034918857,2039,0.681759589097589,3538,0.7219471727132729,2322,0.4926769216561937,1695,0.5832406900690834,1890,0.8021317204375592,379
5990850.0,1748950.0,0,0.000763632077195343,7596,0.5536076144540614,9771,0.5760724940513262,4104,0.6323926185079517,265,0.475586248123485,672,0.6152487793014877,92,0.5572930528358019,9183,0.6174797868445352,5759,0.6640321896722482,287,0.7331239096978982,346,0.8018665607012285,380
5990450.0,1748950.0,0,9.322881931400924e-05,9811,0.6433306739150928,5170,0.61173751853997,2417,0.612943481328865,906,0.49152781019965985,522,0.6059480348597036,167,0.6574077617244733,4594,0.6893416516285444,3132,0.5971597194327232,537,0.7492207045190189,273,0.8016369857952994,381
5905950.0,1752550.0,0,0.0048026321851319395,5667,0.5271613954780053,11021,0.5306028283272282,7474,0.6013393143876777,1768,0.34409707632520503,3910,0.5629901079826457,739,0.5291932400340889,10425,0.5730372417052391,7815,0.578314793823843,647,0.6104688939548258,1477,0.8012420357241703,382
5904350.0,1740750.0,1,0.9999999562419103,765,0.8850245621109398,1041,0.6982208195342854,955,0.5537838761695667,13932,0.2984259633101695,6268,0.5153782404623384,4814,0.9549860753880857,1035,0.9264825502802786,390,0.4221092600212437,3664,0.5464207978258027,2616,0.800204703039293,383
5988050.0,1755450.0,1,0.9999999999981157,102,0.8898184797296012,763,0.7218211747527383,494,0.5847444167666132,4442,0.3699965359381309,2891,0.5482434585385143,1316,0.9608686296954283,723,0.9197174004932036,578,0.6576797125917812,302,0.5538744061659762,2448,0.7999915849065007,384
5987950.0,1755350.0,1,0.9999999999969926,120,0.8893804329305071,796,0.7221218875192169,487,0.5842227194867216,4539,0.35654960785789647,3378,0.5512736608476557,1153,0.9611596133070741,704,0.9214492207776007,530,0.577975733922075,650,0.54082074898111,2751,0.7999809183240723,385
5989050.0,1760850.0,0,0.00044166507447814695,8170,0.5887794895615451,7920,0.5860228421162104,3519,0.5765706825631373,6348,0.4019097450774163,1926,0.5471601518536366,1394,0.6128884922626658,6620,0.6718868605371496,3653,0.574600932799155,673,0.6006242178254797,1611,0.7999523072433609,386
5906350.0,1757150.0,0,0.00012063248591951154,9531,0.4279600248851415,15841,0.47490657329642755,12592,0.568118319412117,8690,0.4663808057342275,776,0.5498841003465615,1235,0.4072942055130159,15924,0.4727490151564735,13447,0.48504452567533074,1867,0.6977854849089691,570,0.799862425055833,387
5980250.0,1753150.0,0,4.01317899504451e-05,10678,0.5772762508126222,8535,0.5686288184934215,4600,0.5871276606571061,3941,0.5015224882054904,428,0.5780220411064468,424,0.5724491088405798,8466,0.6080627716667321,6176,0.5596464870135092,774,0.8060223208572561,105,0.7998428350417747,388
5944650.0,1795750.0,0,2.075270060733006e-09,16757,0.4838834791433487,13095,0.47867539678911597,12248,0.5984832005022174,2075,0.41766144134792893,1584,0.5815865091204566,378,0.4920829409141092,12067,0.519455493624544,10664,0.35592223923519195,6531,0.7142083528939571,465,0.7995824626922284,389
5905150.0,1740050.0,1,0.9999999999858931,207,0.8883572120464651,857,0.7122784903872967,717,0.6125388297749373,933,0.2963123326184771,6397,0.5572822763410121,922,0.9640636354237735,557,0.9060647997576192,953,0.6313337659960658,391,0.5080322542050739,3571,0.7994246621759891,390
5987250.0,1757350.0,0,0.00026821657279680824,8675,0.7103179785899333,2233,0.648908724972578,1543,0.5487421182752799,15825,0.3809296715270711,2492,0.5238671803447772,3559,0.7405048958299527,1927,0.7823757450884186,1635,0.4971199967156934,1617,0.5903028651223269,1775,0.7994145690002441,391
5994150.0,1749750.0,1,0.9999999999966134,128,0.8911854453539445,667,0.7411325051195343,108,0.6670218240563669,5,0.4269250757605463,1404,0.6090365316024092,138,0.964203730815425,546,0.9091689972872129,878,0.8047820398401172,66,0.7022693914852944,538,0.7992721432219279,392
5992450.0,1748150.0,0,0.0030023925023514955,6134,0.565946543509546,9118,0.5684103778767795,4612,0.6336978031968437,227,0.5486077199739171,134,0.6159034716815635,86,0.5721130017324852,8477,0.6268470859457419,5386,0.641593015621168,353,0.7198399291136208,428,0.7991583698429494,393
5988550.0,1754050.0,1,0.9999999999650095,270,0.8904276917019008,720,0.7323497350053821,263,0.6085932083875015,1155,0.47474314305112797,681,0.5903736230856779,278,0.9584791470281959,854,0.9119486771908534,816,0.7610000081273669,119,0.7728851714071417,197,0.79910435792633,394
5989550.0,1754550.0,1,0.9999999999999836,3,0.896913310230599,323,0.7337394536028629,240,0.5996649288901411,1933,0.46620692058033214,778,0.5621477167549699,762,0.9752734737612823,116,0.9292315482181458,335,0.7648978890953743,112,0.7191799121455704,433,0.7990256519344251,395
5987950.0,1754150.0,0,0.00025711650438571635,8732,0.6649314792187382,4069,0.5589892540984761,5230,0.5988691379936555,2026,0.6287838816434717,10,0.601695615460309,195,0.646995839183985,5054,0.645022186294398,4639,0.3408771069452654,7352,0.8803493100861289,26,0.798774309677698,396
5982250.0,1756450.0,0,0.0061801307164473795,5409,0.7127055684099514,2176,0.6402750558529204,1716,0.5659959790343655,9276,0.4625991727818347,822,0.5508367608944156,1168,0.7217308370949815,2255,0.7509142355937442,1894,0.5413525077196248,944,0.7646713557283832,224,0.7986262831263125,397
5988850.0,1751550.0,1,0.9999999999975469,110,0.895378123224225,446,0.7299096685488565,307,0.5922886070970829,2991,0.5504633330958313,127,0.5831679509564834,358,0.9720661453817709,210,0.9209006839712325,538,0.6637890267005385,288,0.7769966671003812,181,0.7985049008815241,398
5989850.0,1753450.0,1,0.9999999999902409,183,0.8949925140668322,479,0.7276303865810989,351,0.5915949126470779,3112,0.5446990148887937,143,0.5884085368695924,299,0.9703227447955401,257,0.9149158064184677,721,0.7143969205581542,186,0.747484203853425,284,0.7984574007435556,399
6008750.0,1736750.0,0,0.003972706264993908,5850,0.49008852258782337,12796,0.524986067694522,7972,0.622018004838154,559,0.4898358543868273,538,0.6027047928702789,190,0.5042902517868482,11524,0.5644329741097236,8222,0.5763165883932226,664,0.7249135770515611,400,0.7984415008823,400
5986650.0,1750350.0,1,0.9999999866849947,657,0.898828628580477,166,0.7261305812699995,397,0.609695215338927,1085,0.5046415298483959,388,0.57243572119955,519,0.9647244567377854,522,0.9193927032567751,589,0.579274439345814,643,0.7029198580508857,534,0.7984163299550457,401
5987250.0,1750850.0,0,0.0001954120806430401,9037,0.3945973600199718,17510,0.4973288575587298,10443,0.632942131044516,247,0.6167013241897493,15,0.626096208058793,41,0.38808324983528486,16819,0.47493831861254643,13312,0.664334447513335,285,0.8239470021411053,78,0.7981755137833121,402
5989550.0,1754150.0,1,0.9999999999993545,59,0.8951490444478266,461,0.7236557246489106,452,0.5700768446778514,8143,0.4159821302421406,1618,0.5542613450323394,1029,0.9708017756476888,241,0.9106679235949429,844,0.6649523514842112,281,0.7059252587728567,513,0.7981329500819503,403
5988350.0,1753050.0,1,0.9999999997162914,388,0.8916635323326163,643,0.7385705748129068,147,0.6208185191343503,594,0.5264208746398692,230,0.598578889558246,219,0.9598325257001101,776,0.9167322164049618,661,0.7972211758393237,76,0.8279768670104063,73,0.7980511215276095,404
5994950.0,1749950.0,0,0.0024113293039621,6365,0.5004330445837678,12270,0.556928319432843,5386,0.6608583423861545,12,0.4030482571342396,1887,0.6145910488644452,96,0.5076875580169726,11374,0.575108569537963,7729,0.7475504169867168,138,0.6032228744310273,1579,0.7979757815311714,405
5900850.0,1759450.0,0,0.0006878662470126149,7711,0.6267761732958258,6004,0.5878035079540231,3424,0.5630626706016756,10117,0.3514709971073716,3585,0.5274706943263509,3109,0.6493828992454158,4943,0.6906596570927989,3090,0.4842228138425184,1884,0.6363485742962357,1151,0.7978627158727039,406
6004950.0,1765650.0,0,7.609921301210236e-05,10043,0.6115148071725582,6781,0.5406604058316365,6623,0.5555749420789545,13023,0.5030263818904915,411,0.5521787003361252,1120,0.5988065351896555,7237,0.5998765868381755,6538,0.2869762936762916,10904,0.7860794862619825,159,0.7978042101774613,407
5907250.0,1770350.0,0,0.010532893068540362,4874,0.4714946682887209,13697,0.5301940872610209,7509,0.6058258452270401,1325,0.38925041364024465,2240,0.5748821366115797,479,0.4904054431746864,12142,0.5687519343640913,8008,0.6556561078899215,308,0.6304885601409947,1225,0.7977869430940645,408
5871850.0,1728150.0,1,0.9999999451143532,792,0.8945524201419783,506,0.7047239650820415,859,0.607979960199911,1194,0.2901047009337672,6790,0.5618048554897177,766,0.9675770636045905,390,0.9230219090547651,487,0.569627998694366,708,0.5101582430434894,3508,0.7977661758222623,409
5986950.0,1754050.0,1,0.9999999999974636,114,0.8998510293351216,122,0.7479158904218643,46,0.6339622577690034,222,0.5381741861226488,170,0.6000023213444753,208,0.9685430999987562,351,0.9423265548270194,152,0.8516528161641825,28,0.7976169187330758,125,0.7976990276334353,410
6033650.0,1699950.0,0,9.807130622638286e-05,9761,0.621679722914919,6300,0.5939510515012046,3128,0.570277037038062,8094,0.42226762299198434,1491,0.540556145159691,1840,0.6567518066440041,4633,0.6872440201783949,3192,0.4846410093196616,1876,0.6669285848852219,833,0.7975674159496288,411
5907650.0,1770250.0,0,0.0002171062950852931,8915,0.6939809509373076,2793,0.6252162149469409,2007,0.5786737718460294,5824,0.43837318266465153,1203,0.5649090439035415,689,0.7104367451440632,2545,0.7358671398740723,2099,0.5319475713828857,1047,0.7429275817737124,301,0.7972265198952311,412
5987350.0,1751450.0,1,0.9999999993545468,455,0.8983532691373354,209,0.7369428588360811,183,0.62315540800862,526,0.48965967503818786,540,0.5901432461033443,284,0.9645576909574436,532,0.9241241857602287,461,0.8227463405637296,52,0.7761739885662475,184,0.7971249415719304,413
6005850.0,1760750.0,0,0.0008049787095895176,7538,0.38355647992494457,18070,0.4484602345350485,14916,0.554556068759685,13522,0.38414148415098603,2377,0.5250468261621605,3412,0.36040012495508156,18100,0.4298746311837449,15974,0.45306346701814015,2674,0.6447163205105121,1037,0.7970951613360225,414
5899350.0,1758450.0,0,7.154798110783694e-05,10105,0.6076213852569651,6979,0.5674664743720184,4677,0.5871767544373857,3929,0.43443750013869664,1261,0.5682984541082756,609,0.6310866016427639,5768,0.6656981847073563,3876,0.5193968130075792,1223,0.645495814034389,1032,0.7969202604041026,415
5906550.0,1745050.0,0,3.2040936010178306e-05,10881,0.3877351729801747,17853,0.44714696335286586,15036,0.5955819595843581,2447,0.35247397270130454,3542,0.5470288660734518,1401,0.39322191586060273,16582,0.46648406359979866,13786,0.6529914033479001,320,0.5810222736393842,1938,0.7965990040681864,416
5944050.0,1791350.0,0,5.767639087319029e-07,13791,0.7020580666143019,2479,0.6181536340723589,2197,0.569979858082605,8172,0.4918656787348102,518,0.5604018936745137,813,0.7151169650421075,2396,0.7483532038211134,1931,0.5462634228905748,899,0.7395630243432314,315,0.7965621385724806,417
5986850.0,1754650.0,0,2.599686487648939e-06,12839,0.4873245044376304,12935,0.509850104312768,9308,0.6282145307557836,375,0.434419016962882,1262,0.5868425048243465,315,0.4715541662070106,13015,0.5389550817180326,9586,0.6375523183646479,369,0.6896729639155521,630,0.7965387570932798,418
5899550.0,1759850.0,0,0.0023017410599510744,6424,0.7012636553490883,2506,0.6332718605482529,1837,0.5797812526701603,5565,0.32247376917385745,4916,0.5436430066736201,1629,0.7087842766679646,2588,0.7290966477742165,2204,0.5313091077209187,1057,0.5811753641333612,1937,0.7965105893168102,419
5942950.0,1791550.0,0,6.768169298413427e-05,10160,0.4138273004334907,16575,0.4816154374894403,11949,0.5615257372786921,10590,0.37323747726004486,2771,0.5394409279659895,1922,0.4298893969286013,14915,0.5053961777288155,11513,0.3907761870447868,4901,0.6428931359883745,1057,0.7961338102362111,420
5987150.0,1751650.0,1,0.9999998979700107,845,0.89844705626755,200,0.7221391755978182,486,0.6192828201250964,651,0.498552105354789,455,0.5883784951053742,301,0.9688342356744939,339,0.9269275933151706,380,0.5776048397354836,656,0.7416175366240815,307,0.7958707554548117,421
5988150.0,1752550.0,1,0.9999999988819379,496,0.8919478315078785,621,0.7343436447490769,224,0.6134741323538311,882,0.5177763763707601,290,0.5839161813588185,352,0.9601338901825638,761,0.9148236463927077,726,0.7151433866584105,184,0.7631407262892586,225,0.795760224611973,422
5983450.0,1756850.0,0,0.00011194547977225215,9611,0.4502759455549483,14742,0.5134977741733852,8969,0.5690368499419881,8444,0.4202761205766277,1528,0.5469879311993598,1402,0.44656103572197847,14159,0.511512680292526,11132,0.4810071809582903,1962,0.6806212773237033,716,0.7957561372550211,423
5981950.0,1756350.0,0,5.0042555279892394e-06,12388,0.7085600671731886,2290,0.5996400265684572,2858,0.5511754606292445,15021,0.5355718632668613,183,0.5532130679401543,1078,0.7208609118203103,2270,0.7297599033226267,2195,0.47401114926394206,2110,0.7803911314417304,174,0.7950140942257558,424
5905350.0,1740150.0,1,0.9999999999052693,313,0.8866256295615474,945,0.7001047691134653,922,0.6019241099036143,1690,0.2809360899125037,7411,0.5526887459920171,1097,0.9626008997321701,632,0.8998250995156994,1056,0.5495176508916748,864,0.4945604895326433,3947,0.7946840669955335,425
5989350.0,1753650.0,1,0.9999999999913507,177,0.8941323793507007,537,0.7175672121194309,601,0.56657137426048,9087,0.40535835302748596,1852,0.5514687497134318,1144,0.9698185862797847,284,0.9068532570706825,929,0.6238322448778753,426,0.6963927514898168,582,0.7946618210012751,426
5993750.0,1749250.0,0,1.9135722403488943e-05,11368,0.4427208580881448,15103,0.48652545320596985,11487,0.650112936961447,42,0.5792689853660244,48,0.6432392647519066,11,0.42084405328396346,15326,0.47724218543462704,13181,0.6291274218225457,402,0.7824286924863613,168,0.79463291722241,427
5983750.0,1758050.0,0,1.1434302121157669e-05,11768,0.6341017680055228,5647,0.5865786861848856,3487,0.5544740730034986,13558,0.522477400565441,259,0.5535196458660843,1066,0.6361893299072263,5550,0.6734100043986296,3606,0.46995511709332694,2212,0.7898695590477232,146,0.7943648077335952,428
5990850.0,1748850.0,0,0.0019762504623447186,6582,0.3515556653717087,19641,0.4624133938960408,13686,0.6251757817662016,466,0.46496703689753877,788,0.605243915669389,174,0.34130943532477986,18914,0.4274074266229455,16109,0.6542919457056218,315,0.7194317443272256,431,0.7942279448430438,429
5998750.0,1749450.0,0,0.005996894094592235,5441,0.5700453921601327,8915,0.5836642753305267,3656,0.6400251968541067,120,0.45010093613101193,1001,0.613452719330576,105,0.5751779182322627,8351,0.6293673027186087,5273,0.6556647951821986,307,0.6949900912237167,587,0.7939707005245913,430
5903850.0,1741250.0,1,0.9999992598906624,1059,0.8854149630604055,1017,0.6935874623483677,1023,0.5509734156245294,15085,0.3130857996434962,5417,0.5145668778412945,4962,0.9551265686064243,1024,0.9250961564976883,429,0.48121981387854784,1957,0.539642728802555,2772,0.7938322640670283,431
5987150.0,1753150.0,1,0.9999999996823001,395,0.8895927355068863,786,0.733632534343258,241,0.5978345356643525,2157,0.5090320217725155,359,0.5844069206966481,348,0.9585909344161354,852,0.9161969548684337,683,0.5521114579951694,848,0.7171131518615286,449,0.7937517030074335,432
5909850.0,1752950.0,0,0.002340051525510689,6401,0.5635866697042131,9248,0.5662114195349788,4765,0.5752376864934439,6695,0.34911505940437826,3685,0.5329423185380177,2502,0.5709509804207172,8521,0.6229227028728038,5565,0.5598396841049816,771,0.5821168223700217,1909,0.7934932356663167,433
5905650.0,1754350.0,0,0.0022514207580903605,6440,0.6684159451838173,3890,0.6045000506339205,2666,0.58860051552704,3653,0.513231330390305,327,0.5704632855381885,551,0.6678468784922212,4116,0.7059874668331458,2659,0.5593316836555446,778,0.6810537243741349,711,0.7933821238995471,434
5989950.0,1753350.0,1,0.9999999999941076,160,0.895900432986692,402,0.7324903071951522,261,0.6045560807863004,1428,0.5672633063099454,71,0.5957021900243015,235,0.9710178824814552,234,0.9173834273883497,639,0.7547721400167124,130,0.7504650317414798,270,0.7933083020008761,435
5987250.0,1751050.0,1,0.9999999996577453,403,0.9000391386380655,115,0.7331105871827478,252,0.6224080457018638,543,0.4587950826589367,884,0.5782823475714101,421,0.9693416691104728,304,0.9288414779720471,342,0.7595728743065062,122,0.6628971135161139,876,0.7932192672828857,436
5987450.0,1754650.0,0,0.09496215639150869,2807,0.6883316374135297,3009,0.6374107085922912,1769,0.6269862122476558,409,0.515960217064431,303,0.5971311091902419,224,0.6986391239475637,2905,0.7466990160452538,1947,0.7821301432749879,96,0.8110233642316207,95,0.7929267666195239,437
5965650.0,1737850.0,0,0.004117140032731383,5820,0.4041458959239593,17060,0.4633344386835306,13621,0.5955324346162022,2452,0.376483288126419,2650,0.5572226778548109,929,0.4011612299519616,16219,0.46258949737087107,14039,0.5639037121454511,747,0.6345893391305294,1167,0.792707171021084,438
5907050.0,1744750.0,0,0.0007207952304155971,7663,0.4106161796290104,16730,0.4913978124205293,11015,0.5669966287829215,8989,0.4230050887224974,1474,0.5427225659030153,1690,0.41350327595258296,15638,0.49164535171181456,12337,0.5106842578488116,1361,0.6665093833720148,843,0.7923663755650424,439
5983850.0,1766750.0,0,3.0114860156552567e-06,12732,0.3893577792845627,17763,0.4539092093172599,14433,0.5776826652721974,6058,0.40055828539977795,1949,0.5481630554490927,1323,0.3815255553571626,17144,0.44306593416963236,15195,0.5660411995643302,734,0.6196973355699581,1354,0.7922210261676319,440
5908350.0,1754750.0,0,3.00926314810649e-06,12733,0.4710823960260769,13713,0.49149019851585485,11010,0.5746067545707577,6877,0.4368937876978993,1223,0.542248414974637,1724,0.4675802128557227,13190,0.5282139462985656,10150,0.505507746184635,1455,0.6784054104489027,729,0.7921583803291036,441
5981750.0,1765250.0,0,0.010800218825026402,4849,0.5428251198261278,10259,0.5662020683664168,4766,0.5863854742386275,4088,0.44003416510400084,1172,0.5600628029246003,824,0.5742155539984171,8391,0.63133135593192,5197,0.6668584272400689,276,0.6127482615807578,1446,0.7920565745987519,442
5986850.0,1750750.0,1,0.9999999966736244,570,0.8964994620620814,361,0.7344244146850778,222,0.6070014440289655,1250,0.4812605031468559,619,0.5821393857669831,372,0.9635956024281084,592,0.9243095487631793,453,0.5895819796391819,571,0.706012750162066,511,0.7920026884657119,443
6000550.0,1725850.0,0,0.050177431487908174,3347,0.6228007138680473,6245,0.5960677050561446,3013,0.5738844363202265,7079,0.49457338090378705,494,0.5588330389925917,864,0.6511922157900707,4860,0.697832923450884,2867,0.5369818494861156,999,0.6739798123674845,768,0.79198330385946,444
5986650.0,1750250.0,1,0.9999999626689035,753,0.8983665355163093,207,0.7321489182272926,270,0.6304990335821447,310,0.521359639383495,264,0.5890841937189764,294,0.9641175490782887,554,0.9206979867799736,543,0.4993491547934641,1569,0.7882960571596201,152,0.791981180576077,445
5941150.0,1791050.0,0,2.659833047482197e-06,12825,0.45204663001240397,14660,0.49971060682064117,10236,0.5610608326118853,10718,0.35733928471806464,3342,0.5393911007858293,1926,0.45206378805242586,13906,0.5058051966967165,11485,0.45426689406297904,2643,0.6323995157451658,1196,0.7919748000291598,446
5986550.0,1750450.0,1,0.9999999985692358,514,0.8978029036896974,251,0.7311979787045678,286,0.6170945784047596,723,0.4163929921177741,1611,0.5724203051867143,520,0.9641613031312428,550,0.9203259200607496,556,0.733772510476052,162,0.6564143148158499,935,0.7918942723634184,447
5944750.0,1797150.0,1,0.9999983539655464,1121,0.8900344505951766,746,0.7217047238532927,498,0.6135180997439172,879,0.3340877296943362,4375,0.5648661418002936,690,0.9617806174002571,668,0.919032962194909,595,0.7032370349259084,204,0.5108687019408981,3486,0.7918235220866571,448
5982350.0,1756250.0,0,0.2789837985962356,2143,0.7413022455781427,1635,0.6502390978734297,1511,0.550068420330915,15418,0.3942991497452326,2107,0.5229984403599706,3688,0.7704500865587784,1620,0.7935336734842622,1591,0.44934067094651786,2779,0.6514798766792823,982,0.7917286400280331,449
6008150.0,1732950.0,0,0.001057716109782105,7244,0.476782034647518,13416,0.5359114809689142,7019,0.6204536262106779,608,0.4115615927801018,1723,0.593276324733725,251,0.4791590060681499,12681,0.546916457715313,9157,0.5819074501332129,625,0.6595344303669477,903,0.7917271971428854,450
5986350.0,1752150.0,1,0.999999999398745,449,0.8994524297678814,133,0.7421212183713748,95,0.6377831078264059,147,0.42735835670108857,1397,0.5915338252484212,262,0.9699657614318519,280,0.9347906875462137,230,0.7834069076279925,95,0.6813539108059817,708,0.7913773573466236,451
5984650.0,1756250.0,0,6.451334986434076e-06,12186,0.36133542272037633,19153,0.42501505872755263,16881,0.5686332084635022,8574,0.4640059783290102,804,0.5458214822234952,1488,0.3328883026528149,19283,0.40531323662141716,17303,0.49457413057117305,1664,0.7360951628762803,328,0.790996892997089,452
6003050.0,1766050.0,0,2.3064948802843205e-06,12904,0.5268942931368585,11033,0.5003440350057617,10181,0.5053675283923672,21105,0.44820880622139336,1035,0.5064598650958493,6412,0.5438470430017821,9794,0.5566920738136052,8618,0.2651397369259847,12516,0.7436906748294098,299,0.7908573095294247,453
5983850.0,1757250.0,0,0.0020333506329676837,6556,0.5844888481657303,8151,0.5608926825923515,5115,0.5864447079148893,4079,0.43976450337138834,1180,0.5573586922286403,920,0.5877508946965457,7737,0.6292664710038915,5277,0.5880268148828861,582,0.6991050383222341,557,0.7907390797409397,454
6002850.0,1728450.0,0,0.008052321770496446,5126,0.7476319806231317,1571,0.66044877640151,1322,0.5725137216608206,7467,0.3519315014351417,3560,0.5406122891043317,1835,0.7836194688444154,1563,0.8110766349046851,1510,0.5498269665434921,863,0.6254758123676843,1281,0.7906585030496125,455
5993850.0,1749850.0,1,0.9999999999954889,143,0.8901901586758431,735,0.7356717865657548,204,0.6448741388673719,72,0.34610802809943336,3833,0.5847175050568754,342,0.96318947665816,606,0.9047582773336638,985,0.6261855021690762,417,0.5921273278540403,1741,0.7905684051668938,456
5982550.0,1757550.0,0,0.0020323810360685433,6557,0.6875030764514617,3041,0.6307656080699704,1883,0.55562473011452,12992,0.5191760022779423,284,0.5553315690205943,991,0.6893473933701584,3238,0.723424895073449,2288,0.4576713997477708,2538,0.8328344492647063,63,0.790533386457329,457
5943650.0,1791850.0,0,2.2054376607649964e-06,12937,0.5143681407736103,11613,0.5237898217236623,8079,0.571255299309188,7824,0.4139038943842071,1663,0.5473184439966783,1380,0.5207691509407718,10789,0.5772928628783783,7623,0.561811354241008,764,0.6945859939937752,592,0.7902956294107362,458
5993650.0,1748650.0,1,0.9999999991580955,479,0.913826748023976,58,0.7179947562161403,593,0.5796916351772674,5583,0.3229161353495624,4889,0.5405488343609729,1842,0.9905429382145619,78,0.9505581494078738,103,0.5392089590422291,959,0.5820814855959904,1911,0.7902383037117711,459
5947350.0,1797350.0,0,1.6496394932077273e-06,13157,0.5850173654031195,8109,0.5792408765720348,3918,0.582644278956074,4899,0.3606952323330538,3233,0.5489619545730071,1279,0.5966685989770677,7353,0.6364435001388192,4995,0.5307381481867376,1064,0.5732915580017024,2082,0.7901048388238691,460
5903650.0,1770450.0,0,6.562464805033159e-05,10194,0.6408276553694824,5286,0.6108170175485363,2459,0.5830188065360471,4816,0.4431200590303708,1115,0.5663138878838437,652,0.649460682102108,4939,0.694794597587409,2962,0.5408736281014848,949,0.7190714500059585,434,0.7897013296922849,461
5904250.0,1742050.0,1,0.9999999049462648,838,0.8856138750755806,1008,0.7021595769971211,894,0.5735726584752263,7159,0.28634770130780784,7051,0.5281504523243068,3012,0.9559008458784447,978,0.929752848800919,326,0.47989485972556256,1984,0.516907386343879,3304,0.7896711029770813,462
5972950.0,1777650.0,0,0.0300371311356851,3812,0.5724119433066684,8774,0.5629437971427184,4972,0.6073444863671922,1236,0.4486619187103896,1026,0.5650753093557388,686,0.5914140545605989,7586,0.64012086779329,4860,0.6471688024412242,338,0.6781798424031671,734,0.7895928727115288,463
5982650.0,1756650.0,0,0.001192658445265204,7119,0.36607683473215985,18912,0.4562102273793935,14231,0.5691118196108403,8433,0.43581559553136,1238,0.5507194351064647,1173,0.3523044663157866,18449,0.42665800658013864,16154,0.5075397655852707,1420,0.7470539879793181,286,0.789444964760992,464
5986550.0,1750950.0,1,0.9999999893936841,642,0.8977409259190016,259,0.7280213422750382,344,0.6104829122165916,1038,0.336500112175413,4248,0.5688475770932251,592,0.9702793383654919,261,0.9324476510610136,277,0.6115380957084923,463,0.5308386088548388,2982,0.7893741019807727,465
5906050.0,1757450.0,0,0.00017105566648824996,9184,0.7072321266893984,2329,0.6052405321416623,2634,0.5490691955052327,15731,0.32836826985324613,4621,0.5055257681514587,6574,0.7272878183565057,2137,0.7484687723799408,1926,0.48312673071585466,1910,0.5779992335266246,1997,0.7892817664023369,466
6005750.0,1761350.0,0,0.0009356921095974429,7389,0.33297340094528477,20456,0.43966805315076496,15691,0.6146108329178728,821,0.358116365163202,3318,0.5712050354780128,539,0.3413766209448301,18910,0.4350263592819801,15660,0.6618596114097037,292,0.5514161140433277,2508,0.7890265310138439,467
6039050.0,1692550.0,0,0.0015755544765351393,6835,0.4386888992987684,15291,0.517422758326911,8642,0.6128250572921453,916,0.420986273669857,1513,0.5849676840771486,339,0.4221576578373665,15266,0.49964610208753046,11837,0.5631418491082161,756,0.7016303875294402,540,0.7889270401394657,468
5904850.0,1740750.0,1,0.9999999999992899,62,0.887282010264436,910,0.7010269397271144,910,0.5660992586021939,9248,0.3944345106849008,2097,0.5248958971283181,3434,0.961260281622029,695,0.8958881266567753,1089,0.5107854218614827,1358,0.6742642343921648,765,0.7887604964890934,469
5901550.0,1758350.0,0,0.0005395182166421791,7949,0.5095088911631089,11835,0.5297010318982776,7549,0.5601842331941725,11002,0.3669473559092619,2993,0.530760741255212,2742,0.5373447436435586,10089,0.5953022918715513,6737,0.5022117831136227,1517,0.6245458844123928,1294,0.7887161347541911,470
5989750.0,1755750.0,1,0.9999999999998153,28,0.890702402001737,701,0.7266739677022304,383,0.6051249455958085,1391,0.3807912152931807,2502,0.5525816686765899,1103,0.9657650085966871,476,0.912814209609232,777,0.7763497789116443,103,0.5448584456231771,2661,0.7886906516804423,471
5909250.0,1758450.0,0,3.614678426901603e-05,10767,0.5283327996646848,10945,0.49846163668967464,10343,0.5918811570722899,3067,0.3675336592112533,2971,0.5465595674230811,1438,0.5349974310460662,10194,0.5663626928852926,8121,0.6436076722970108,347,0.5911940577294074,1762,0.7886850291998743,472
5987650.0,1752550.0,1,0.9999999971527955,558,0.8921985338128966,605,0.7267760514069593,382,0.6187156478745512,666,0.4589671296188341,880,0.5783827753725874,419,0.9605409726121015,734,0.9118854685047741,819,0.6546863795735824,312,0.5817295766900498,1926,0.7886621685003347,473
5986950.0,1750650.0,1,0.9999999985304802,517,0.8976195833631905,267,0.7308746944505891,290,0.6126232110514509,927,0.42259261237871104,1484,0.5714991265806649,533,0.9638068152172479,578,0.9196161316975381,581,0.7403253308808752,147,0.6738148033455368,770,0.7884923305814993,474
6008650.0,1732150.0,0,0.004615218243262856,5712,0.6080468307386239,6964,0.5878491272931461,3423,0.5906852690271946,3276,0.5674591860437186,69,0.582993862973049,359,0.6185158805352385,6368,0.6641413266208708,3932,0.5088350199331967,1400,0.7365319114489921,326,0.7884865965213923,475
5971850.0,1775150.0,0,1.4215919603520609e-11,18818,0.604470178663777,7147,0.5208336059308195,8332,0.5695557914723339,8302,0.5013602626689082,431,0.5612317765330004,784,0.6141300518530151,6563,0.6143079884928934,5897,0.321938731751613,8504,0.7771294728284655,180,0.7884802947293696,476
5987950.0,1753050.0,1,0.9999999997335696,383,0.8895143402910126,788,0.7312407023658206,285,0.5971055398312848,2266,0.3891985063183233,2242,0.5655582137696437,675,0.9587675060995818,841,0.9122608176900235,805,0.4887722935756972,1790,0.6403614721371332,1085,0.7884524990509474,477
5908450.0,1753650.0,0,0.0017809637299551874,6697,0.5649488527158703,9168,0.5466535488404518,6147,0.5356118186800048,19123,0.3300150479704044,4547,0.5074402727371335,6211,0.5719621033522694,8485,0.6150088050492774,5862,0.409438939071193,4147,0.5817760608628146,1921,0.7883637921754391,478
5905550.0,1753250.0,0,1.4481632767688897e-05,11595,0.5064072234370054,12010,0.5064136508273801,9601,0.5713692614399292,7780,0.4923788396507325,514,0.5399543887138687,1891,0.4941568626567131,11979,0.5465468804430488,9177,0.5079314335624641,1416,0.6962139074924314,586,0.7882565274044186,479
5908550.0,1771150.0,0,0.002553673555484568,6314,0.5940477180493309,7640,0.5964222658790705,2997,0.5847528080540759,4439,0.38800872143540477,2272,0.5493232591536631,1265,0.6278730945646556,5921,0.68448188547046,3257,0.5561462926490222,806,0.6121059464867828,1453,0.7880357306805199,480
5903950.0,1741250.0,0,0.00026398270167483516,8695,0.5093236944580726,11840,0.5389128102745365,6765,0.550619966344002,15222,0.3073629167232078,5743,0.5202811329217698,4051,0.5392600349570159,9998,0.5987687994567328,6582,0.4338447939122386,3251,0.538522435420503,2801,0.7879852150887775,481
5909650.0,1770550.0,0,3.9872371258599484e-07,14015,0.4940829625699995,12599,0.49916731002038783,10284,0.6132382036621508,891,0.4713129605837615,723,0.6023389966040481,191,0.4677164394179245,13187,0.5300598020013502,10048,0.4670615151434687,2293,0.7027887371760333,535,0.78795991292447,482
5987350.0,1752050.0,0,9.995837700892117e-05,9736,0.4971404661776792,12429,0.5397954445525063,6690,0.616679853876885,738,0.5472654913609891,138,0.6061965558753424,161,0.49083746654263816,12128,0.5559832104319767,8656,0.640168982286923,358,0.8523037374760067,45,0.7879543844615081,483
5988750.0,1751450.0,0,0.0028891943056118296,6177,0.3967283598019727,17401,0.490601138982242,11083,0.5975153972949947,2195,0.5516993554254023,121,0.6060404559500818,164,0.3716794443156346,17591,0.4529110694501519,14624,0.5664029438449603,732,0.7920261827905757,137,0.7879220141209345,484
5986850.0,1755050.0,1,0.9999999999773979,242,0.8893332218724549,802,0.7286558111192639,329,0.6037640315587129,1507,0.3307103076636986,4513,0.5539749916697505,1042,0.9617638005466494,669,0.9244225723844199,450,0.48515002204041835,1863,0.5157568045158049,3344,0.7878555223707892,485
5907050.0,1741950.0,0,0.006426770642116077,5362,0.3598353647952409,19228,0.4514481691024142,14652,0.5806573905710573,5370,0.4216892638554819,1498,0.5579959085696915,891,0.35385906349833063,18365,0.43731460982883275,15527,0.47906414727269375,1993,0.6419556733163939,1064,0.7878093790548777,486
5986750.0,1751550.0,1,0.9999999371774597,803,0.8955072697746093,434,0.7141756263160304,675,0.593083597942049,2862,0.33115823650555787,4501,0.5541139036383619,1038,0.9676279808000466,387,0.9224837775378693,504,0.49255333587738825,1697,0.5464739499349338,2615,0.787749393128258,487
5905250.0,1740550.0,0,0.004975582341904139,5633,0.41069655552262374,16727,0.4858846976020779,11529,0.6054466050614581,1365,0.37775943046812055,2598,0.5636563300066589,724,0.38996450659347714,16723,0.4652958413939826,13858,0.568145279697456,719,0.6725184380873479,778,0.7877271534531908,488
5986150.0,1750950.0,1,0.9999999980876615,531,0.8990416433357609,153,0.7306092507942007,295,0.6129829582842893,904,0.363633511030861,3119,0.5629865681526481,740,0.970287317458367,259,0.9314274592614856,294,0.7604101546022828,120,0.5528824048878251,2471,0.7872293485176522,489
5902450.0,1740150.0,0,8.568418313314784e-05,9906,0.534950313604221,10631,0.5306372508848823,7472,0.5771290283378397,6199,0.36938333002170665,2908,0.5341688129103646,2391,0.5429730299874518,9830,0.5796958411544187,7516,0.5073777327146158,1421,0.6579155379575714,920,0.7871537601085796,490
6001350.0,1761950.0,0,2.5033707935397843e-05,11113,0.5614688518802968,9372,0.5397022129784602,6698,0.5982582195110974,2104,0.4214904104465879,1501,0.5611438547251014,789,0.5829491835374567,7972,0.6361397603277411,5014,0.6453971997863639,344,0.7160832795500436,456,0.7871251021338017,491
5907950.0,1742750.0,1,0.9999998278078627,899,0.886797542445652,935,0.7116012027925658,729,0.6041307520151418,1472,0.27736954388526724,7688,0.547833283656708,1348,0.9578562432661644,879,0.9374418196550631,193,0.5835146219502342,613,0.48717474441012054,4164,0.787030270760468,492
5989850.0,1757950.0,1,0.9999999886823442,651,0.8925789529523639,593,0.7517001975579508,27,0.6491893838983145,51,0.42834731543047083,1380,0.599306765418802,216,0.9639426082254814,567,0.9637324932465219,36,0.684909516461564,233,0.5252147491458872,3099,0.7868226919405403,493
5908150.0,1747550.0,0,0.0006247225529613634,7810,0.5402360873354435,10375,0.5195003333836012,8453,0.6087405923920197,1142,0.4230316660643829,1473,0.5907096632479676,273,0.5330558130108096,10264,0.5560078081509131,8653,0.3454191307024923,7093,0.6487804336154261,1006,0.7868061550112941,494
5946050.0,1793450.0,1,0.9999999637119146,750,0.8881273673973595,872,0.7115106135333569,732,0.5780383712341778,5963,0.3021544736204102,6055,0.5384542715944284,1997,0.9596252994667581,787,0.9107298574826157,842,0.4873782518865183,1826,0.5059276879987964,3632,0.7867834421957205,495
5989850.0,1753350.0,1,0.9999999999945295,153,0.8950221140966266,476,0.7251358925780774,414,0.5848873115053668,4412,0.5435616079070545,146,0.5775324088233407,431,0.9700035864658576,275,0.9125445176359602,787,0.703180259555178,205,0.7290832439191863,372,0.7867622593294088,496
5988850.0,1751650.0,1,0.9999999994185429,444,0.8941021003380355,539,0.7117421428026883,725,0.5761912070992611,6442,0.5164717021546542,298,0.5635379218914146,729,0.9703704398673589,256,0.9088832762484328,886,0.5510884256274591,856,0.7875659346829927,155,0.7867273593854998,497
5994250.0,1749650.0,1,0.9999999999935432,167,0.8910870087901032,672,0.7343302225679075,225,0.6641420621646008,8,0.35491176069612884,3447,0.5931489942565138,253,0.9640352303110351,561,0.9051125035991212,973,0.7696263678916438,105,0.5427649421346626,2714,0.786596430340856,498
5908350.0,1772050.0,0,0.000362282086402339,8339,0.7359629190206974,1709,0.6427413907270264,1676,0.5546859481843359,13446,0.40496283197733374,1861,0.535367409223273,2270,0.7607770719690747,1678,0.7922886808955207,1596,0.4892364664286888,1781,0.6867315183150069,656,0.7865832181018402,499
5899350.0,1757950.0,0,1.1897774474796872e-05,11742,0.528177094799042,10958,0.5266593823186264,7834,0.5630040792629243,10131,0.41531822897688475,1631,0.5460316633106433,1474,0.5536529110443438,9358,0.5967531636712334,6664,0.43363331633575253,3260,0.6307651793490251,1220,0.7864103684716668,500
5993950.0,1748750.0,1,0.9999999999229516,301,0.8888157113062234,832,0.715569438741099,644,0.6024894648400704,1627,0.3135097438208168,5399,0.5495636820771341,1256,0.9620064594727283,658,0.8958233082554012,1091,0.6138954747409074,453,0.539622020465845,2774,0.7864073566753336,501
5986750.0,1753950.0,1,0.9999999999962181,134,0.9014001855687226,99,0.7561105140145397,11,0.6530740273802375,33,0.49768860892385103,460,0.6111714027204906,118,0.974453894256528,134,0.9556162781268681,69,0.8665718676262995,14,0.7297290452609855,367,0.7857611526113896,502
5905150.0,1740550.0,0,2.343738384333613e-07,14320,0.5669126233221281,9071,0.5322737105484275,7329,0.5925525061439969,2952,0.4403018826025992,1169,0.5646447240431562,696,0.5514475696450946,9461,0.5951880227350902,6741,0.5132605414304894,1322,0.6892225785263394,633,0.7856578392126148,503
6005250.0,1765750.0,0,5.775982471625614e-07,13789,0.504944042913559,12076,0.49628610593541483,10546,0.5219255989843018,20547,0.42183556237788034,1497,0.5173963320199912,4490,0.5149108741318615,11059,0.5320548681811827,9938,0.2705058022564152,12112,0.6848676961414402,678,0.7853838202389685,504
5946350.0,1794950.0,1,0.9999984208011267,1118,0.8890237046545815,821,0.7169292894309212,615,0.5937363935719909,2754,0.3104640587411853,5569,0.5449885858742622,1546,0.96064283229836,729,0.9148302554639192,725,0.5675511810773842,724,0.5076089853787228,3585,0.7852933822623139,505
5901850.0,1758750.0,0,0.00014181613757619768,9372,0.3774075580202544,18384,0.44523781799853285,15224,0.5661615043858985,9231,0.4361053632339737,1233,0.5392355945082402,1938,0.3838225328564281,17027,0.4556019866827876,14459,0.5201131153210808,1213,0.6571095997269738,923,0.7851342207884053,506
5971650.0,1774850.0,0,1.7892463839423716e-06,13090,0.6168537071056718,6545,0.5834225890193091,3664,0.5544298067859809,13590,0.39917271747439964,1986,0.5351090871134107,2305,0.6099267892123141,6752,0.6493785695032873,4496,0.3805973928158972,5382,0.6483469842209085,1011,0.7847504207485518,507
5988750.0,1761150.0,0,0.0007501963399829567,7610,0.5235526658073382,11200,0.5494661449839261,5929,0.6215851176761229,571,0.44269887524384594,1123,0.5824344310004043,367,0.5162847505411257,10993,0.583147923872096,7328,0.6779314004703414,250,0.6063430216119872,1532,0.7847139872602258,508
5904250.0,1740450.0,1,0.9999999998607261,330,0.9136617465379865,62,0.7158800073748091,632,0.5737576377003427,7109,0.28581456353634904,7084,0.5227162550823193,3727,0.9913266781319696,65,0.9555801532494618,70,0.5236186035871029,1161,0.5146689376999362,3376,0.7846203841145802,509
5987250.0,1752250.0,1,0.9999999997592499,379,0.8981419055084549,221,0.7357076753563004,203,0.6037260112020246,1511,0.4925725111015886,511,0.5754116809082457,471,0.9645647466904951,531,0.9241809198457874,459,0.7392181190712694,148,0.7800894829209575,175,0.784521158062383,510
5989750.0,1757350.0,1,0.9999999946529081,597,0.891881612748553,625,0.7513628308499164,29,0.6340411632790173,220,0.4105211419895997,1747,0.5771147107546579,438,0.9625872030869158,633,0.959629260613874,49,0.7595040778603274,123,0.5411397347917217,2743,0.7844556489519456,511
5972450.0,1770850.0,0,4.170203671929174e-05,10638,0.5329680933711834,10693,0.5414171907419314,6551,0.5994041847302644,1954,0.4765693814906393,663,0.5839324336046755,351,0.5195272446683303,10844,0.5591557041157993,8494,0.5418886356526016,940,0.7849816678788875,163,0.7843502177702395,512
5905450.0,1758350.0,0,1.690408424867073e-07,14515,0.5507291706404724,9904,0.5231343851667944,8122,0.5584131632663396,11703,0.3944562773246602,2094,0.5232799494073338,3655,0.5470533250074825,9661,0.5888005014641777,7039,0.4508196021505868,2740,0.6541437037933028,957,0.7841230400779053,513
5988750.0,1752750.0,1,0.9999999999784739,236,0.8892664059094074,807,0.7200957663557714,532,0.5812091261047084,5245,0.3557157595835493,3415,0.5469649753169377,1406,0.9573741535708534,897,0.9034350262211284,1007,0.5831021264680181,619,0.5972396701389624,1666,0.7839442318246358,514
5971250.0,1775050.0,0,7.082069426935374e-07,13665,0.6266404618368988,6016,0.5872664299784442,3461,0.5733610773171329,7224,0.39446300557128067,2093,0.5471694626507847,1393,0.6177683001426242,6405,0.6565896631865039,4218,0.48568085661100857,1852,0.6542969589878063,956,0.7839208098919294,515
6009350.0,1733750.0,0,0.00019618690816444807,9031,0.558253509776579,9526,0.5473438254467565,6092,0.5919647764717068,3047,0.5230338564496487,253,0.5896031913938586,290,0.5563614985544598,9223,0.603274526907809,6385,0.5511448294914564,855,0.7536629736720308,254,0.7838502547612571,516
5900050.0,1741950.0,0,1.036162181833867e-10,18102,0.443803952117698,15062,0.4192526061787212,17325,0.536934755458859,18871,0.4093709058023239,1771,0.5228184090774474,3713,0.44222673208934493,14385,0.457471312099865,14341,0.28779096242781843,10844,0.6376270447426783,1122,0.783839329711753,517
5897850.0,1755850.0,1,0.9999999675562813,736,0.8906596421642835,706,0.7057446354646495,841,0.5826979025700008,4883,0.27602242966162205,7775,0.533995347338499,2403,0.9674281869668045,392,0.9505496354670986,104,0.4828420888488826,1913,0.5072430348033676,3599,0.7834980959484665,518
5885350.0,1761450.0,0,0.0005286702000785412,7976,0.39162392604212987,17650,0.4822274452739098,11897,0.5870387178636537,3956,0.3817624243586416,2458,0.5676281943627846,622,0.3957672118448534,16478,0.47891187473999075,13067,0.49687181968247196,1624,0.6100234938022608,1483,0.7833030907514785,519
5995750.0,1748650.0,0,0.001625398091494973,6799,0.46673297999324675,13913,0.527389305757009,7765,0.6346710938014224,199,0.49019405420774,535,0.6193126220203465,68,0.4550233611191482,13762,0.5255838291437607,10321,0.6052164550241905,503,0.729129791132106,371,0.7832325211695654,520
5988950.0,1752550.0,1,0.999999999452041,436,0.8934201942310775,568,0.7077804843742882,807,0.564887023506613,9608,0.47697775462041303,659,0.5536083094633354,1062,0.9690142892531469,326,0.9033219169703733,1008,0.5370265346948546,996,0.757953445259828,241,0.7829140341176352,521
5944850.0,1790450.0,0,5.9738029745433286e-05,10279,0.4661933031803969,13937,0.5173387133796338,8648,0.563412762554835,10015,0.3766386112620093,2641,0.5374309232010943,2077,0.46766832644875755,13189,0.532564409579616,9904,0.49248967633282026,1700,0.6396457464316139,1097,0.7828538018363265,522
5908950.0,1770550.0,0,7.466634210193624e-06,12079,0.6231300508013615,6228,0.5881160245932648,3402,0.6015841110618801,1743,0.46942163289825845,739,0.5822796602432617,368,0.616151500385892,6479,0.6654506477653963,3887,0.6038574030997556,508,0.737373140819696,322,0.782684576878834,523
5904750.0,1755150.0,0,0.004874535682770071,5654,0.6303141981676554,5826,0.5825564639698375,3706,0.6126031664984178,929,0.3813560829487173,2471,0.5552685996031338,992,0.6328379448448263,5695,0.6718808670076288,3655,0.6186058301769579,436,0.6202195244562929,1349,0.7825961710121946,524
5898150.0,1758350.0,0,0.2531181033598277,2201,0.7165993034579825,2089,0.6296908572576656,1902,0.5800329316439313,5503,0.27554240923717316,7808,0.5319726969473252,2599,0.752993017685694,1755,0.7841731764230594,1624,0.44175486294896205,3004,0.5079520600368251,3575,0.78257670673974,525
5885350.0,1765750.0,1,0.9999986304620299,1106,0.8484131011680803,1208,0.6866753306193346,1105,0.6102326183166595,1053,0.3606708885119598,3234,0.5710028764615068,545,0.9136578504339992,1170,0.9275323168076707,365,0.45394363880370725,2652,0.5651772195515569,2224,0.7824981066493831,526
5907950.0,1771650.0,0,0.0008890400018169228,7448,0.34377312078818517,20011,0.4371483474801669,15899,0.584426175043944,4512,0.3978385485393148,2018,0.560429246754739,810,0.334418817201112,19210,0.41927302871205874,16591,0.43806933034323714,3113,0.6735443539679487,772,0.782324582344254,527
5907850.0,1757950.0,0,4.2041643455410003e-07,13988,0.6786922822008661,3409,0.5472189808295709,6104,0.558129758970689,11817,0.42732121845478865,1398,0.5355206829347638,2250,0.6754010241278477,3794,0.6579338226215501,4173,0.29596277381257907,10254,0.6793585087603387,723,0.7822611033305376,528
5906050.0,1770150.0,0,0.00224913439135203,6441,0.7229211873593286,1930,0.6314283201892941,1872,0.5784245560092295,5880,0.39148836345781035,2184,0.5435106519874239,1637,0.7467747573725372,1851,0.7751859688043041,1679,0.5247653404589404,1144,0.6315047802889513,1211,0.7821292938117939,529
5944350.0,1795250.0,0,3.5337904074834894e-06,12607,0.6542711630997675,4635,0.5854161845213335,3555,0.5932555445385732,2828,0.34771006180315467,3757,0.5482466078663742,1315,0.6805952817042614,3584,0.7168681055730225,2418,0.634190047352857,381,0.5460200426015993,2630,0.781952479616749,530
6001150.0,1724350.0,0,0.001076175869475695,7224,0.5309639293051096,10793,0.5509031838086497,5827,0.5521704620904195,14639,0.4487947522688643,1025,0.5426308412831212,1692,0.5455083258977872,9729,0.6019163924881886,6446,0.45102945280885653,2733,0.6575765135633631,922,0.7818536316756223,531
5944650.0,1792150.0,0,2.1113407104969302e-08,15628,0.5930011369602212,7699,0.5579557586517709,5317,0.5892114632055517,3551,0.46152883962940716,839,0.5647358257514913,692,0.5781785259635076,8195,0.6213875989075509,5614,0.5721958866099282,689,0.7548564344571558,250,0.7817898106474128,532
5909950.0,1751850.0,0,0.0003544354476503059,8363,0.4042376518668972,17055,0.461491202136818,13765,0.5481018821617389,16035,0.3944812656843152,2092,0.5252036137301607,3384,0.3799058670884732,17227,0.4351010628207469,15650,0.35509977891121314,6565,0.6319299326629507,1201,0.7816488403997897,533
6003150.0,1730750.0,0,0.0006500080463957883,7773,0.6965428953077845,2686,0.6224836780188964,2073,0.586841389178032,3999,0.36276479088827374,3160,0.557882074498223,894,0.7279819910505682,2124,0.739178127355254,2052,0.5381270328368333,977,0.6021561218356797,1590,0.7815945832093473,534
5900350.0,1770950.0,1,0.9705447267038819,1484,0.7464806142357255,1577,0.6379934770193207,1762,0.6287540780384367,356,0.38621929811241723,2316,0.5702773832425091,557,0.7798747123658764,1572,0.786283983644435,1616,0.5541616244921221,824,0.5822638704101353,1907,0.7814992554560134,535
5881550.0,1767050.0,0,0.01755478799244698,4341,0.708861596711785,2279,0.6450160209294912,1633,0.6110785056260958,1010,0.36225243664334283,3175,0.5768059148116439,449,0.7518518315545717,1772,0.7918101869656682,1598,0.45154460826117127,2716,0.5778157321580408,2000,0.7814109901783428,536
5909650.0,1749050.0,0,5.841659803637468e-06,12275,0.4879140476983082,12908,0.4880469842734091,11349,0.5664115041564843,9145,0.45296513901346847,970,0.5360164653177528,2199,0.46754073810479646,13191,0.5185653925730774,10717,0.5129063976285709,1326,0.6845564364483506,682,0.7814091580258282,537
6001750.0,1716450.0,0,0.003173716381052791,6085,0.35814989809789627,19310,0.46387425852655073,13571,0.6118623058038407,967,0.3415337464154681,4017,0.5710672347782506,543,0.35670433405043167,18265,0.4386363688687286,15451,0.5607788695019065,768,0.5749681934693331,2054,0.7813568742589484,538
5940050.0,1792150.0,0,0.00434818407954503,5761,0.668444114509526,3888,0.6258280064464229,1993,0.5847348945579703,4446,0.35448362292941576,3460,0.5400170510326708,1882,0.7024777472274814,2776,0.7445480597467072,1981,0.5411741751268359,946,0.6283700957266516,1248,0.7813336571513994,539
5988750.0,1751850.0,1,0.9999999996175519,410,0.8940396027463259,543,0.7113104458709637,737,0.5724580190141023,7473,0.45204900202096626,980,0.5525245400514828,1106,0.9702180699004236,264,0.9066627823119868,937,0.545194255678616,910,0.7438060733425875,298,0.7813169842124107,540
5977550.0,1772250.0,0,0.015085627423414601,4511,0.5511982770313273,9873,0.5465076429644805,6155,0.5656076458082816,9395,0.38239091036541084,2440,0.5397805201969293,1906,0.5630364460247884,8907,0.6070512283965231,6234,0.5042600879199322,1483,0.66367709759525,869,0.7810914226607097,541
5902650.0,1759050.0,0,0.0014914653818158946,6890,0.5792271484066073,8424,0.5515642886355846,5771,0.605852986061328,1321,0.4340026047108683,1270,0.5679596287401874,616,0.5752429148894984,8345,0.6069657153878083,6239,0.5671034049331449,728,0.6561493303353005,939,0.7810886198781182,542
5986650.0,1753450.0,1,0.9999999993486819,456,0.8983427556852546,210,0.7328989525113968,255,0.5900419868262125,3393,0.4695902964872419,738,0.5589378575630607,860,0.9641074878630898,556,0.9207886353053489,540,0.6186345927735889,435,0.6949553623646805,588,0.7810152216878613,543
5943250.0,1791250.0,0,5.14347118586453e-05,10421,0.629208305264216,5890,0.6155102525795699,2282,0.5794178003006369,5645,0.3961772767103648,2051,0.5448636415452678,1553,0.642375126137221,5277,0.691451782895167,3062,0.5548207244433907,815,0.6296664093108701,1233,0.7808669809280622,544
5992250.0,1748350.0,0,0.0008388777524922468,7497,0.3822453439430796,18140,0.46154831113766753,13763,0.6209223662065588,585,0.4934210310555034,502,0.5966165412045323,228,0.3799902781917057,17219,0.454410076188686,14533,0.7360159414988678,156,0.7350891206250123,334,0.7807837712520407,545
5942550.0,1793050.0,0,0.0005311526626200401,7972,0.4454739466461051,14978,0.5117517977250984,9128,0.6209734098999419,583,0.3081762368106654,5704,0.5764142437816501,453,0.47112794107850964,13034,0.5494820336887403,9001,0.5286707848878394,1093,0.5067250690477118,3612,0.7805907530317185,546
6003050.0,1765150.0,0,0.003458591893399043,5979,0.4186839282956998,16316,0.49769222197239077,10399,0.5746296424653081,6870,0.41391626533908193,1662,0.5503955036978375,1201,0.397481786212722,16399,0.47420590923052885,13364,0.5183841289820661,1238,0.5967822549663389,1674,0.7803022163637445,547
6008550.0,1764150.0,0,0.000968580566444846,7348,0.7154168196724189,2112,0.6484151475640915,1554,0.5569865751420728,12346,0.4468559301356019,1049,0.5471546232979448,1396,0.7278484880755782,2126,0.7522493946041362,1876,0.44966790495869313,2775,0.7484241475527029,277,0.7802831296235354,548
5987150.0,1750950.0,0,6.012380432844944e-06,12252,0.5161925816886536,11522,0.5512638722148046,5793,0.634246475568677,214,0.599460910850545,24,0.6160793057783824,83,0.5337692260735234,10241,0.5855354019174306,7201,0.5731422980333053,682,0.8269419557348126,75,0.7802781570596642,549
5942850.0,1790850.0,0,2.0652288891059078e-10,17772,0.5354730368289679,10608,0.5039094178150487,9847,0.5757184963084457,6585,0.4389003904924702,1195,0.5527944431596723,1092,0.5309660543703859,10346,0.5634475053723057,8276,0.5275828865879825,1103,0.7403216025193484,311,0.7801517951269975,550
5989750.0,1753850.0,1,0.9999999999880034,196,0.8956966340820932,416,0.7224460431690215,479,0.590387923840668,3325,0.36666848312141587,3001,0.5545225697636336,1018,0.9708845916509913,236,0.9080091376305862,902,0.7625095633720196,117,0.5593310014078231,2337,0.7800463859321976,551
5981150.0,1753150.0,0,0.00010820827642051899,9644,0.56907998473844,8969,0.5492967471687107,5952,0.572813600534742,7377,0.514192627738783,321,0.5586010911046172,871,0.5617513042142682,8982,0.6051470299876363,6314,0.5117934118853269,1338,0.6971726464812674,572,0.7800157929183302,552
6037450.0,1695350.0,0,9.720862420375379e-06,11880,0.5378860378833297,10491,0.5195668294279268,8441,0.5821319626669846,5014,0.3940808208444638,2113,0.5503727255638896,1203,0.5209863931810585,10777,0.5627069429440932,8309,0.4931528796730308,1689,0.6593491864863219,905,0.7797081441515341,553
5906550.0,1758450.0,0,7.695144945199761e-05,10035,0.4726587875238205,13640,0.5191408955884343,8488,0.5589100879420342,11499,0.46756285947632154,763,0.5423316906442048,1719,0.45892400291593294,13587,0.5237379761597999,10413,0.479932541542896,1982,0.7074348931495982,502,0.7796434113553372,554
5941450.0,1795550.0,0,2.2787468678309345e-08,15575,0.378220332754266,18345,0.4368478408684091,15925,0.5754899526155034,6643,0.44649617922071183,1058,0.554252230248769,1030,0.3688670572334938,17707,0.4386902334043865,15449,0.5415541012587229,941,0.7228785057416868,410,0.7796106725664325,555
5901950.0,1745550.0,0,1.8285220989642325e-05,11400,0.5532876617364451,9788,0.5194061697430302,8459,0.5387360103752815,18557,0.30677077010370524,5780,0.514559900324596,4967,0.5769908782964929,8258,0.5871553322785713,7128,0.30845117628510255,9371,0.5777062335120304,2003,0.7796082791835011,556
6038350.0,1692750.0,0,0.003435439885175013,5989,0.49632200838507184,12475,0.5408612899409665,6598,0.5979380685732204,2141,0.3633916978231688,3133,0.5446615629056133,1564,0.5112611966816697,11222,0.5731290486905741,7807,0.6255984524748509,419,0.5779390143339467,1998,0.7795484049321262,557
5990750.0,1748850.0,0,2.0880545091761422e-08,15637,0.5295519386992947,10874,0.5106610912569152,9226,0.6209401581916172,584,0.5250869145800411,237,0.6092987818095924,137,0.5219742840921112,10744,0.5589782140135324,8503,0.5362687899809352,1005,0.7419399725165998,303,0.7795270180334242,558
6008550.0,1736550.0,0,0.001165776198598506,7140,0.6561984896685853,4531,0.6115265428477362,2425,0.5570953451751364,12290,0.34619164822024295,3830,0.5322731851328044,2565,0.693390691438484,3109,0.725263783500943,2255,0.4685479352054839,2249,0.6034616873338672,1575,0.7794852011402646,559
5988050.0,1752550.0,1,0.9999999999259719,299,0.8905058509393493,711,0.7174288057157815,606,0.5703750419041071,8068,0.4206335171702393,1520,0.5361553661611502,2181,0.95855655580352,853,0.9050270868639751,977,0.5455781883387132,903,0.6064572385448452,1529,0.7794216209998277,560
5942250.0,1791850.0,0,1.287918121436549e-05,11681,0.4074388487929929,16890,0.48264101408594,11847,0.5664475129200417,9131,0.3903242682810218,2215,0.5389368673576234,1955,0.4030284319303712,16135,0.4773286097395063,13175,0.5108399881342574,1357,0.6633891882553342,874,0.7794064834696536,561
5987950.0,1751650.0,0,0.00023444684570863295,8830,0.6123555776101939,6737,0.5769141624841876,4058,0.5894351225045967,3496,0.5687241293095702,67,0.5835394544414115,354,0.6249486280030392,6071,0.6690476529769473,3760,0.5705249159385299,701,0.8140476108608721,88,0.7792866663200695,562
5989950.0,1757950.0,1,0.9999995446659443,1008,0.8886796641666161,843,0.7116491397185214,728,0.5834463017586126,4721,0.41216496516536544,1712,0.5525905977981475,1102,0.9598340792830542,775,0.9435118418944286,146,0.6083198636132072,485,0.5289758826455118,3010,0.7791093622816367,563
5986850.0,1752150.0,1,0.9999999834119011,676,0.8973083505806231,297,0.7196615039817529,544,0.6096211346456407,1088,0.36346679799163445,3127,0.5711283765374708,541,0.9688641732547105,336,0.9265454957532296,386,0.5780692829824686,649,0.5365022645430875,2853,0.7790291949390873,564
5986450.0,1750650.0,1,0.9999999968379505,569,0.8964868513462075,363,0.7191341728425383,560,0.5927642633350673,2921,0.35047964858716457,3627,0.5501890794093298,1217,0.9634111907292245,598,0.9150302947788482,717,0.6143066321198987,451,0.5439343910820004,2685,0.7789841859815789,565
5997850.0,1748950.0,0,0.0005046421780073763,8035,0.4311118716746446,15671,0.48515841337521637,11599,0.6347000089546391,198,0.5373965380987819,176,0.6181862410975624,73,0.4376599025816763,14575,0.49389736838313225,12197,0.5622154914499009,761,0.6876873930126477,648,0.7789124552949446,566
5989850.0,1751450.0,0,0.025521326534724723,3960,0.3711016338226418,18683,0.46061893468615,13839,0.6047749166291048,1413,0.4643756047406506,798,0.5918488342743349,260,0.3781212088231807,17304,0.455599953400478,14460,0.5704771522658338,702,0.7266430040322911,385,0.7788569499884912,567
6069950.0,1768350.0,0,0.02744802640753899,3895,0.5055364424625927,12046,0.5576395084910246,5337,0.6165327101754893,743,0.37983354988208173,2524,0.5825681980480937,366,0.5384992221971676,10031,0.614322431927747,5894,0.6334030530596872,385,0.5453844142565878,2645,0.7786762876202077,568
5987150.0,1751850.0,1,0.9999999873780724,655,0.8966670702058301,344,0.7158808077684402,631,0.5961638116941604,2368,0.43371718497490985,1277,0.5637007345797869,722,0.967236140859656,399,0.9216745179200222,525,0.5565932866319077,801,0.715797879166673,458,0.7784833195792562,569
5989750.0,1754450.0,0,1.951354108617756e-05,11345,0.6096484678577646,6871,0.5799687169370368,3869,0.5941039191373337,2694,0.5689712645108996,66,0.605880507846309,170,0.5938313246973518,7477,0.6388501618257318,4911,0.5465135301975165,896,0.8030263643205079,113,0.7783513629712815,570
5991450.0,1749750.0,0,0.0006928468126603125,7703,0.3851478883232597,17990,0.4937664616624476,10788,0.6259217220716325,440,0.5269475370387592,224,0.6101330298794755,125,0.3792703878540876,17252,0.46581250076263014,13829,0.7093831616610502,194,0.73009431098374,365,0.7783112979955651,571
5989150.0,1754350.0,1,0.9999999999997446,33,0.8952696044507797,453,0.7254703346494777,409,0.5913873572863614,3155,0.30664562691570757,5789,0.5484689860499744,1305,0.9749613619020774,125,0.9264616226408154,391,0.6279038809788913,410,0.48757702228691535,4149,0.7780708524774308,572
5884550.0,1761650.0,0,0.0016702197461444758,6772,0.4579165617048407,14386,0.5183177993217641,8569,0.6176409670055042,697,0.39345015047084153,2127,0.5888599240531006,296,0.453598194870126,13827,0.5265496231143791,10249,0.503866304694516,1491,0.6134799962679727,1435,0.7779044869788483,573
5997350.0,1747850.0,0,0.585855028958192,1773,0.7324121607687732,1753,0.66205238027817,1310,0.6208953715663574,586,0.44639533101216206,1060,0.601535696399553,196,0.7550533565593999,1731,0.7891749873832858,1609,0.5308345216955928,1062,0.6356266057314985,1157,0.7778965730368681,574
5993550.0,1748950.0,0,0.004085990024175717,5827,0.6108194541128993,6817,0.5773225451138949,4036,0.6389776433980574,132,0.5792502509853071,50,0.6112135815949788,116,0.6232442755811645,6165,0.6678646394015284,3800,0.6471618597230006,339,0.7131131817349085,475,0.7778918964895817,575
5983250.0,1753750.0,0,0.0462396364165052,3422,0.6848252517029109,3146,0.62078794902006,2119,0.5706940539402588,7984,0.4323107922198567,1306,0.5374213614674492,2079,0.7029094254750594,2766,0.7330312225611313,2131,0.4682432246577932,2256,0.6964422746660844,580,0.7777533643589674,576
5986850.0,1754950.0,1,0.9999999999168405,304,0.8892348384924109,814,0.7268359204897641,380,0.6031051632904683,1578,0.32662223161658394,4705,0.5611210506512385,790,0.962053711842257,655,0.9256181693695635,414,0.484014229119331,1887,0.48462423498236307,4251,0.77772961523655,577
5908650.0,1754050.0,0,5.8302074838163504e-05,10302,0.684865191698728,3143,0.5615786373592279,5060,0.5680331256505033,8714,0.36220290078515616,3180,0.538570138965197,1980,0.7031156597696994,2754,0.6905662788278331,3095,0.3200935066926913,8628,0.5720180181137788,2101,0.7776803947480685,578
5942950.0,1794750.0,0,5.3426175795324625e-06,12326,0.5538620996678182,9762,0.5453661595600022,6252,0.5772307843140473,6170,0.37588423181188224,2673,0.541104278295459,1794,0.5618617319090166,8970,0.6116850275994927,5989,0.5321349290689398,1043,0.6489163542797144,1003,0.7776476859602761,579
5986650.0,1751150.0,0,4.9964798921987205e-05,10447,0.5259841549441387,11074,0.5430064313628503,6429,0.6199646233304394,626,0.4076147454080444,1804,0.5883263242565905,302,0.5122770332712223,11174,0.5691490032321644,7993,0.596342854464533,540,0.6604430418986595,893,0.7775786485920346,580
5992450.0,1748450.0,0,8.411184177902228e-06,11992,0.5809778325968596,8336,0.5589877533888514,5231,0.6381394040964642,141,0.5544187469615517,110,0.6206230140772874,63,0.5828896244319024,7974,0.632627497799398,5144,0.7242040507484242,171,0.7531809420268569,256,0.7775589072541917,581
5941450.0,1796050.0,0,7.981754974361535e-05,9994,0.5792506661238447,8423,0.5564309764000459,5423,0.5703196866192584,8081,0.36922334366380455,2912,0.5306555362389463,2752,0.6019406789216604,7096,0.6472842311059478,4572,0.56019281464159,770,0.6215446789685406,1333,0.7775417398361468,582
5949150.0,1795250.0,0,2.040879587269134e-08,15651,0.6391443976233572,5379,0.5782999709727397,3985,0.5714875410011258,7744,0.33979307086040905,4097,0.533245908230118,2471,0.6441283664099197,5198,0.6783643442017128,3437,0.4322386033424651,3317,0.6007102999592774,1609,0.7775188636378249,583
5944750.0,1796350.0,0,1.7486999513134034e-05,11433,0.39574503691794416,17449,0.4774038757784391,12354,0.6144309888610164,835,0.3568023747457157,3368,0.5725830156031047,514,0.39069587322553745,16695,0.4712462943707927,13528,0.6727824109813525,260,0.5417196982266658,2735,0.7775072933176563,584
5907850.0,1757350.0,0,0.00022042490353314713,8898,0.4533602220637876,14599,0.5033915444962945,9898,0.5615747396047859,10570,0.4338210998494799,1276,0.5355068269957115,2253,0.43701873405491576,14603,0.5015576395226472,11727,0.4706829047622977,2198,0.663757348437777,868,0.7773307302942833,585
5944850.0,1791750.0,0,2.8897965050717593e-05,10976,0.46685866364316,13905,0.5162629448922346,8740,0.5777545752352908,6032,0.36621566942599515,3016,0.5462114845667431,1464,0.4558264194009769,13727,0.5207285324458424,10590,0.5299504506568715,1079,0.6236638408590758,1301,0.7773296867040602,586
6007250.0,1736850.0,0,0.0011241203729740405,7177,0.3668430912513403,18875,0.4625566977148868,13669,0.5791145288445496,5713,0.5554922127264591,107,0.5761386875914033,456,0.34418634559382,18799,0.4213017917083699,16484,0.46706093070970556,2294,0.741838167690928,305,0.7772979649397461,587
6035850.0,1693450.0,0,9.824180711694672e-06,11874,0.5419016354184745,10303,0.5181353550472185,8583,0.5541719581940698,13744,0.4237561426900393,1457,0.5370613173521827,2101,0.5419108507434296,9884,0.5514229679762318,8894,0.28778753034245175,10845,0.7111977149901534,482,0.7772364647599969,588
5904150.0,1745550.0,0,0.003852450282516974,5877,0.34852777985935257,19801,0.4452784574358787,15221,0.543049631852375,17576,0.3474818738063557,3772,0.5174796615440759,4474,0.3386272723345818,19025,0.4171963023633989,16693,0.4418842092417604,2999,0.6217774218798238,1329,0.7771797497617698,589
5895650.0,1757750.0,0,0.004215589415590254,5797,0.712208268009959,2189,0.6069771829044828,2577,0.5726037883125721,7440,0.43544770350024614,1242,0.5415696622627442,1760,0.7354507208687402,2005,0.757460426319681,1819,0.5210647629388347,1198,0.6298937673068433,1232,0.7771397789818211,590
5906850.0,1753750.0,0,0.000534168913196702,7963,0.48591146417674574,12994,0.5288934996821383,7617,0.5588122632302069,11536,0.35884126412447565,3291,0.52603847814687,3277,0.47640266287030353,12800,0.5390650571527549,9582,0.4644248665622509,2363,0.6375622432869743,1125,0.7770271166924207,591
5902850.0,1740850.0,1,0.9999999999837468,219,0.9145072302401779,44,0.7250810973874647,417,0.5682368973902437,8658,0.4101073062670198,1754,0.5325500567397349,2542,0.9922438619611116,44,0.9633751480089552,38,0.5476620419997216,884,0.6684275616800329,822,0.7769027294844846,592
5989650.0,1757350.0,1,0.9999999703859055,728,0.8918635496013554,627,0.7474884440717727,51,0.6232213310484997,525,0.43789845179749254,1210,0.5685049619809635,604,0.9622506018055971,648,0.9574433937710249,59,0.8015893446496049,70,0.5741713434291587,2068,0.7768166852799563,593
5904850.0,1772650.0,0,0.006762039849869508,5303,0.5371420534804564,10527,0.5493559974810841,5941,0.6182575050971042,687,0.3989601767065191,1996,0.581209747029669,386,0.5220526884107297,10739,0.57928440014116,7535,0.5245626438466968,1148,0.6121223046684834,1452,0.7767516623451897,594
6006550.0,1737450.0,0,0.03029968321319057,3796,0.7449432800348855,1595,0.6606170044745554,1320,0.5566629359598602,12507,0.37413103862742564,2734,0.5317609519745972,2623,0.7815481452050872,1568,0.8063702525876518,1550,0.4664140616510132,2309,0.661466436605629,886,0.7766926782023525,595
5988450.0,1752150.0,1,0.999999999242315,472,0.8923099701839654,599,0.7400306077111948,123,0.6271055751300046,404,0.5701018310847796,62,0.6030515851830325,187,0.9604774896011856,737,0.9185063025851005,614,0.8255751526272792,49,0.8670208170328204,31,0.7766685684357459,596
5902150.0,1759550.0,0,4.301413074297813e-05,10609,0.7085341887118666,2291,0.6157898346810223,2273,0.5651152475439368,9545,0.38280776253885335,2417,0.5312809111453871,2673,0.7142341483829896,2428,0.7392415087880824,2050,0.47658719788568493,2049,0.631892203232859,1202,0.7766326157813748,597
5982150.0,1755650.0,0,0.6084938283157193,1755,0.6508448596200657,4823,0.5918153736979308,3215,0.6341426465658149,216,0.4286254453386867,1375,0.5904638478888928,277,0.6700462864990065,4021,0.7050889174968298,2685,0.685319969072254,231,0.6889027977175254,636,0.7766235924731167,598
5948850.0,1794750.0,0,9.783121507768926e-13,19707,0.442411810496968,15123,0.4268512904048565,16731,0.5813643456449661,5207,0.4664170172741313,775,0.5675042561375394,627,0.42596050409330644,15090,0.4464684088336037,14988,0.3237328245552934,8397,0.7449536373618212,296,0.776538810093899,599
5900150.0,1744950.0,0,6.962831766068392e-08,14999,0.44644395554523897,14921,0.44247532398778877,15467,0.5440211317154434,17308,0.38125425620712966,2477,0.5234414267130527,3620,0.4519457464218686,13912,0.4716995405525406,13504,0.3042001365414535,9680,0.6398457873203636,1094,0.7765089076811118,600
5986550.0,1750750.0,0,6.355511453388895e-05,10225,0.674510894511853,3591,0.6238238114831621,2037,0.5941645592820828,2688,0.3852577406243333,2338,0.5671998051032847,634,0.6738728685303161,3864,0.7091840245880328,2583,0.480941040139372,1963,0.66470449961589,863,0.7763412170344384,601
5988950.0,1753150.0,1,0.9999999999126175,305,0.8911907760498925,666,0.7395739536082264,131,0.6235245605008573,514,0.5362785440056776,181,0.605894001527766,169,0.9590303647922891,819,0.9162564952255248,681,0.794342656463927,79,0.812786435046359,92,0.7760618497873892,602
5963850.0,1736150.0,0,0.016546045745783763,4417,0.4005692164094047,17222,0.4746035156273229,12620,0.5629046141855268,10170,0.35130429460937235,3596,0.5331458563776241,2477,0.4012972604873073,16212,0.46529112718163457,13859,0.49985963943335254,1560,0.6016035916116481,1600,0.7760564731124917,603
5886250.0,1761650.0,0,0.0006195643023153193,7818,0.5084792445081192,11887,0.5138585297025738,8936,0.5974326757864191,2208,0.3983048552397498,2008,0.5758645695397335,464,0.5251751693920192,10625,0.5700427821208947,7950,0.5176434818460073,1248,0.6273544493023808,1258,0.7759762656493434,604
5900650.0,1742550.0,0,3.2073017766239895e-08,15403,0.6248555764486597,6118,0.5612290976518151,5084,0.5670840532403755,8960,0.4321303953832484,1310,0.5375091086203917,2069,0.6225829351875514,6193,0.6584186261866146,4148,0.5045954444983946,1475,0.6911830985610268,617,0.7757096327677714,605
5982450.0,1761150.0,0,0.0004526969835114217,8145,0.6143940540524176,6655,0.5697173981315983,4529,0.5254981710928023,20318,0.522574342401849,257,0.5356130836994168,2246,0.6284217456641652,5886,0.6632501836649775,3961,0.47097228692273296,2191,0.7607619624941713,231,0.7756219134507494,606
5905350.0,1752850.0,0,0.00015079744321683038,9306,0.5257657904672778,11084,0.5226082490060632,8163,0.5722024125762581,7546,0.45555060514819545,936,0.5345168347170737,2358,0.5463823178399903,9694,0.6002744617858995,6515,0.4920005110675947,1714,0.6535772816909153,965,0.7754727794025342,607
5984750.0,1753350.0,1,0.9999999997608626,376,0.8970265604238622,317,0.7320956997231091,271,0.5989348598073755,2016,0.5474714917871961,136,0.5820833075638329,373,0.9643356140321864,541,0.9285250686541221,346,0.6491205527023514,328,0.7852601017627892,162,0.7752853478099877,608
5983450.0,1761750.0,0,8.098721538297306e-05,9974,0.4131162379894324,16613,0.44964716427528384,14814,0.5588351657167946,11527,0.44758011727271724,1042,0.5536613017279812,1060,0.39051486960535753,16708,0.4238657669715743,16332,0.2894687449852512,10728,0.6282660957245998,1250,0.7752476101263539,609
5989950.0,1752850.0,0,0.053776749412453966,3295,0.5157373896587446,11544,0.5358208960446805,7022,0.5794488727594801,5638,0.46408274257866633,802,0.5757272559881712,466,0.5296139707154681,10411,0.5850360401962464,7231,0.4907652607648889,1744,0.696864846561876,575,0.7750892822815799,610
5990750.0,1748250.0,0,0.0009574867635556037,7360,0.537455815030848,10509,0.5620730068033066,5026,0.5962415588386534,2354,0.3787081086115948,2563,0.5628624825294323,741,0.5355969278547048,10165,0.588401614096327,7064,0.5985348445975178,529,0.6380129049530943,1116,0.7750215226600051,611
5903950.0,1747750.0,0,0.0021611262083559646,6485,0.4452925395965272,14987,0.5022153318218004,10018,0.5493263971940813,15652,0.3973012085940232,2031,0.525020699692711,3418,0.4422275727574515,14384,0.5084682389026162,11316,0.4835280912055189,1898,0.634242565659723,1171,0.7748125972541672,612
6000150.0,1764050.0,0,9.12260005744868e-07,13496,0.5192536147485364,11395,0.5049709114285736,9746,0.5422570648942254,17794,0.3710453857448707,2848,0.5288479255197549,2942,0.5289379275893245,10439,0.54629862962465,9192,0.290957381104902,10623,0.5938128455661665,1714,0.7747857920931613,613
5904150.0,1753150.0,0,0.00012644751092286095,9477,0.6156890975475796,6597,0.5523697787857683,5706,0.5766028088586839,6342,0.30691499132000927,5772,0.5463280387547657,1461,0.6462120048822488,5097,0.6496895827010393,4487,0.3346688980793098,7722,0.5458483628338063,2634,0.7747445094898255,614
5983350.0,1766550.0,0,8.834680959605767e-05,9874,0.7096800865629975,2250,0.6036703139951985,2701,0.572580816502555,7447,0.3680708675388311,2948,0.5425233577416031,1702,0.7121421499388791,2491,0.7012880274380447,2776,0.3010878410317721,9902,0.593699737886436,1720,0.7745356058217581,615
5905750.0,1753150.0,0,2.8577361226418716e-07,14217,0.6364681318468998,5518,0.5691503214227842,4562,0.568956854512436,8477,0.47680273845317717,660,0.5451562020277274,1535,0.6415888753443741,5315,0.678431877776942,3434,0.51583253470567,1276,0.7159274265610103,457,0.7745303440570913,616
5972250.0,1772350.0,0,0.0014992793079346414,6884,0.5043052167973564,12102,0.513507991710619,8966,0.5853900813584508,4306,0.3809272167198373,2493,0.5418695212314233,1748,0.5160039949464338,11010,0.5660496612892223,8138,0.5674556138312893,726,0.5857153841527509,1854,0.7744791703922201,617
5974150.0,1771350.0,0,0.0025812844685416457,6307,0.4367051915786863,15384,0.502995908077143,9938,0.5832766300563431,4763,0.3557496298868631,3413,0.5506005314886258,1182,0.43603303026276286,14642,0.5023133456796145,11685,0.5540407206997564,825,0.5789650751172396,1975,0.7744452280464319,618
5909750.0,1749350.0,0,0.00482773456570775,5662,0.7095327985611342,2254,0.6363348567677832,1792,0.5578656430016119,11951,0.37663091295267437,2643,0.5287781701051764,2952,0.7168888410264702,2351,0.7298243499029862,2193,0.4721216594587042,2166,0.6639562572798002,867,0.7744172115874833,619
6004950.0,1765750.0,0,1.5219963383837438e-07,14570,0.3809394015692534,18208,0.4253916775425874,16849,0.5294808743146061,19963,0.4230943724996133,1469,0.5038469564792929,6872,0.3593360915661139,18139,0.41861727429817774,16621,0.4372456582969584,3139,0.6435623497535631,1048,0.7743519068497842,620
5943050.0,1791350.0,0,5.1857029421237095e-05,10411,0.565392998325009,9146,0.5702879854306188,4494,0.576520738086662,6357,0.375546573768506,2687,0.5454321325599353,1518,0.5660646876275037,8775,0.6196527841548554,5681,0.5648552957133388,741,0.5588503311225078,2346,0.7743292870188683,621
5986350.0,1759050.0,0,7.710245589994363e-05,10034,0.4598448175391349,14286,0.5016223336250644,10065,0.5914143539886322,3149,0.43448538332226433,1259,0.5592389738739092,853,0.4535539187039288,13830,0.5119963683315929,11106,0.7107868512166599,191,0.5983002500950312,1650,0.7741116823614591,622
5889350.0,1780750.0,0,0.0002875628946804336,8595,0.5683333945389343,8999,0.578426015277183,3980,0.5614620317249995,10615,0.4259629338068282,1416,0.5443912758169439,1578,0.5748204028590245,8366,0.6309619006271504,5210,0.46498345897858306,2345,0.7282785313656739,376,0.7738405422082497,623
5999450.0,1749950.0,0,0.002857491631097682,6189,0.683899910152605,3181,0.6185551310504414,2184,0.6467958251461033,62,0.5085612234478165,365,0.6175550351901079,77,0.6752523617818301,3799,0.6969563740139716,2888,0.5801044155699372,637,0.7337454261798804,342,0.7738302451121808,624
6039850.0,1691750.0,0,0.015442074860950795,4484,0.5747752136402385,8662,0.550014797746406,5885,0.5835753921531524,4692,0.4317099890664883,1316,0.5464154871929644,1454,0.5831642141428341,7967,0.6246623718090114,5484,0.525187822678974,1135,0.6450098069803561,1035,0.7737063312012489,625
6001250.0,1727850.0,0,0.0017374273070691682,6726,0.4026904973983767,17129,0.4937040815382164,10796,0.5958913758904304,2407,0.32833021006570534,4622,0.5505549797119095,1192,0.39432304482740077,16534,0.4701310137976491,13594,0.5940130043099068,551,0.5558318713787819,2402,0.7735827900033188,626
5982750.0,1757150.0,0,0.006082142649635944,5424,0.7327770385465266,1747,0.6458549292968101,1615,0.5586640472340959,11602,0.3975385780162556,2024,0.5303328369936612,2793,0.7388551116766103,1951,0.7456977907882242,1964,0.48003425212671114,1979,0.6304728840978895,1226,0.7735617681489525,627
6001050.0,1768150.0,0,1.1147228206373581e-05,11787,0.5534204974479509,9780,0.5118750311332348,9118,0.5279494600116903,20136,0.4302486027948651,1336,0.5178541279529661,4414,0.5486970004296366,9575,0.5724404460335231,7838,0.3587249929941583,6398,0.6293467940637065,1236,0.7734429502173563,628
5897950.0,1755850.0,1,0.9999999845020662,669,0.8913102340469999,660,0.7105669906356471,749,0.5944466273678258,2636,0.27784368110743934,7639,0.53808581298845,2031,0.967516772589199,391,0.9517503991342752,90,0.4859299651198772,1850,0.5148990934261067,3366,0.7732114202762438,629
5984550.0,1756450.0,0,2.3252766084564113e-05,11174,0.6152040141525381,6619,0.5703290870832753,4490,0.5656573764162751,9380,0.357489276000626,3337,0.531948376726762,2606,0.6081411101541804,6836,0.6402157522922445,4855,0.4787095633797205,1998,0.6024967742609559,1587,0.7731800179702168,630
5983050.0,1756850.0,0,0.0003180548554528616,8465,0.41853109370977437,16322,0.4801131590313374,12123,0.5374802284768819,18798,0.351131256392052,3604,0.510309462686167,5663,0.4272896080090567,15032,0.4892299230988808,12483,0.4177420352982698,3820,0.5859439137012101,1851,0.7730383658070259,631
5885650.0,1761450.0,0,0.004428163050697029,5747,0.6496086134477546,4875,0.6178856744795245,2214,0.5957656431634724,2426,0.35855414375016964,3303,0.5596447284789642,840,0.6927644550765464,3121,0.7401753098855622,2036,0.5178934268481759,1246,0.5869867222979352,1830,0.7730144376216412,632
5906450.0,1745050.0,0,0.0007295998305080246,7645,0.4960446629788899,12493,0.49031713741529775,11113,0.5527740376748101,14401,0.3321350462589248,4455,0.5122085849212047,5335,0.5059367168422817,11462,0.552905354330522,8816,0.45271559654155547,2686,0.5483319421674389,2562,0.772783465908458,633
5907750.0,1753250.0,0,0.024512863385973183,3998,0.6725065845142988,3709,0.6260802629250657,1987,0.5878115329481213,3782,0.3833020761165,2402,0.5421805329664426,1728,0.6869397832807107,3331,0.726985118792896,2231,0.5719066881639214,691,0.5428340439023221,2709,0.7727492439125145,634
6035150.0,1695850.0,0,1.771471555600315e-05,11422,0.700555591762381,2530,0.5590158876582153,5228,0.5964998111385424,2322,0.3681031466614007,2946,0.5610474775154297,795,0.6998024199305243,2861,0.6769997202087523,3479,0.3184199165506303,8721,0.5785623856923167,1987,0.7724323759942321,635
5941250.0,1791050.0,0,1.36297549201965e-05,11635,0.7093862175176043,2265,0.6286391564978463,1926,0.5698023530097132,8223,0.36781036639739073,2958,0.5393620130150871,1929,0.7161773453728832,2366,0.7318750621171384,2156,0.45554810821358305,2615,0.6493484322354794,998,0.772377481635912,636
5908450.0,1742150.0,0,0.1488922647577793,2522,0.6486341328856351,4925,0.5910462078714008,3251,0.6020535231069619,1673,0.27860725390149005,7578,0.5518004123609016,1137,0.6657287690251716,4222,0.7026413958319846,2739,0.490521560175877,1750,0.4842053576666461,4261,0.772288344476585,637
5887150.0,1766850.0,0,2.1825940801554396e-05,11236,0.5353102048509911,10617,0.519345722302678,8464,0.5766262240308491,6333,0.36879889317573544,2926,0.555993292421321,967,0.5608669470042853,9022,0.5813402870730237,7423,0.3410920737806833,7345,0.6087729907940378,1500,0.772239746221344,638
5981950.0,1757250.0,0,8.635480239575037e-06,11976,0.6745047250513673,3593,0.5872829578487883,3460,0.5652304204923086,9509,0.4334035619319085,1285,0.5399849289014301,1885,0.6676209980727229,4130,0.6756049813064373,3533,0.5311927181851901,1058,0.6375590790134268,1126,0.7721088832958276,639
5903250.0,1740750.0,1,0.9999999998605844,331,0.9163107529436075,18,0.7279848291962852,346,0.5899968838458306,3405,0.3007817187787236,6133,0.5327529739578349,2521,0.9931526015761325,31,0.9627379587266814,40,0.6788913218593349,245,0.49704564510057925,3881,0.7720058100059293,640
5931550.0,1690850.0,0,0.03822389953613205,3575,0.6436119556563676,5162,0.6157710260178875,2275,0.6223068376387991,548,0.32388447183132085,4831,0.575446546103222,469,0.6749347404160065,3813,0.7197928380736854,2364,0.48261319430338934,1920,0.5236296157732148,3145,0.7719492462583043,641
5987750.0,1753050.0,1,0.999999999634634,407,0.8898713941018944,758,0.7232507342540985,456,0.5892700769182246,3534,0.367638178876093,2966,0.5574122197877329,916,0.9590450088872516,818,0.909677641390781,868,0.6027768288438686,515,0.540426152037395,2760,0.7719014191452943,642
5944850.0,1797150.0,1,0.9999973115312656,1144,0.8896441278965459,778,0.7227895544481159,469,0.613477098695136,881,0.30866877446724195,5680,0.5599947587377688,827,0.9615523272496653,680,0.9188810409232755,603,0.6104058233563274,471,0.47664792665134725,4488,0.7718558749252556,643
5971250.0,1777750.0,0,9.031509951099132e-05,9847,0.46167403615546954,14176,0.5063938378718593,9605,0.5976180288647813,2187,0.42655638073101165,1408,0.5720830654332372,527,0.4417721955155408,14401,0.491022315300058,12373,0.5170034683167206,1256,0.6685344059561376,820,0.7718529691786703,644
5963650.0,1737250.0,0,0.01781080512199817,4323,0.35095194877217983,19669,0.45649718920963755,14204,0.5572240529829926,12238,0.4194134658899753,1550,0.5479818380847812,1337,0.31590294097922755,19933,0.3903952580198158,18021,0.4065666326093207,4258,0.6657844452310174,847,0.7718497700674992,645
5986950.0,1755050.0,1,0.9999999999963769,131,0.8904999009348326,713,0.72968738963811,310,0.6095587306772788,1092,0.3491733288737862,3683,0.5517590048701472,1138,0.9617561214426767,670,0.9229882081570357,489,0.6683988325445587,274,0.507000756303639,3606,0.7717165261002071,646
5880850.0,1763450.0,0,0.004680637491425897,5696,0.6318783438874864,5757,0.6023374789918595,2748,0.5793419715729236,5663,0.3077464668142488,5723,0.5498154559487958,1241,0.6631595522953465,4337,0.7083439461391674,2608,0.48480855952608193,1874,0.559559381962435,2333,0.7716913131265111,647
5986650.0,1752650.0,1,0.999999999615415,412,0.8996479692840726,128,0.7362837397192886,196,0.6220268390787766,558,0.3807922196622587,2500,0.5748644683508957,480,0.9699835645347175,278,0.9319540818251324,284,0.76559715547095,110,0.5381904795531216,2806,0.7716725353053471,648
5909050.0,1750250.0,0,3.01972190237262e-07,14172,0.702450394494587,2465,0.5911877027751224,3241,0.5722944696053535,7518,0.5136491636966245,324,0.5584280242961619,876,0.6907008434216633,3182,0.6671369028626467,3820,0.4996942706999782,1565,0.7521662845096497,263,0.7716711286505424,649
5909750.0,1759150.0,0,0.00031108233961602846,8486,0.4323623454826441,15601,0.47690610913615256,12406,0.5888511426050554,3612,0.3414567909507652,4022,0.5570636155052532,934,0.4370854313196687,14601,0.48958514916906104,12454,0.5415474211592898,942,0.5506101274233988,2524,0.7715644191522053,650
5972750.0,1774350.0,0,7.91906050992999e-05,9999,0.42494656078130266,15988,0.47582669039508596,12514,0.6029369033569064,1593,0.41587874768913674,1621,0.5635868095314894,727,0.4105882243256649,15790,0.4743073922478447,13362,0.6290351742224428,403,0.6738219128389626,769,0.7715374374930678,651
5989150.0,1754250.0,1,0.9999999999729308,251,0.8972157078954661,303,0.7305694610603819,298,0.617382041813742,711,0.39897899067866077,1993,0.5766259554399114,451,0.9730588835798227,173,0.9154720835892654,705,0.7333930800770463,163,0.5377225572150248,2817,0.7714418770830205,652
5906750.0,1755950.0,0,0.00217404386875118,6478,0.4364434048191526,15398,0.48028083462525134,12101,0.5707257165171384,7974,0.46997792677446,733,0.547823089837536,1349,0.41237384366658825,15704,0.4751320056249968,13301,0.4892784787114849,1779,0.6718047318266869,791,0.7713204205356251,653
5986750.0,1753350.0,1,0.999999999732516,385,0.8978852208280319,241,0.7309155986708303,289,0.5922764967222072,2994,0.38828681079305427,2264,0.5540621342332716,1039,0.9639800487723088,565,0.9192350326041354,591,0.6955390488892473,214,0.5597125480282303,2327,0.7712954108130492,654
5900250.0,1770950.0,1,0.9730310021161205,1479,0.7462883557077368,1579,0.6364734990813419,1788,0.6234591438711811,517,0.3691775847145261,2914,0.5630138391573478,737,0.7791892426225089,1576,0.7838923717869409,1626,0.537920296318926,980,0.5740049414254778,2071,0.7712475390152695,655
5989950.0,1758050.0,1,0.999999638110969,982,0.8865267944332192,954,0.7115067617990344,733,0.5737557895634335,7110,0.3549268567541717,3445,0.5456590501448799,1505,0.9589432733051348,826,0.9435152411096424,145,0.48017997755495667,1977,0.4958115449639344,3916,0.7712048916300818,656
5904250.0,1746550.0,0,0.9749508857054032,1473,0.7235906448035258,1915,0.6329004539021346,1844,0.5440055892494235,17317,0.3725050571005399,2799,0.5087506616766069,5967,0.7570264456141738,1713,0.7849164011573045,1623,0.45921387195713437,2494,0.6100716393370266,1482,0.7710029805786415,657
5906650.0,1756050.0,0,3.114577316549442e-06,12705,0.4602852533152952,14264,0.47991582537552363,12136,0.5575160436516676,12128,0.463665182817895,809,0.5325511737124147,2541,0.45571420487862,13731,0.5128593957418419,11059,0.4820819764314124,1931,0.6609176234891915,890,0.7709607950418337,658
5988750.0,1752650.0,1,0.9999999777317812,701,0.8882738267576487,863,0.7022786518106758,892,0.5696291668891088,8275,0.4334969573268739,1283,0.5422647719734256,1723,0.9557332683464657,987,0.8943029303868397,1103,0.5319706697933504,1046,0.6858784315916324,665,0.7709600501867393,659
5988850.0,1752650.0,1,0.9999999919122752,621,0.8875594703217483,898,0.698880281762076,949,0.5600912263245958,11036,0.3792294559963398,2544,0.5326705898215972,2527,0.9549207316970206,1039,0.8912060075229608,1122,0.5250464776578425,1139,0.6174081468180119,1387,0.7709222580398353,660
5995350.0,1749950.0,0,0.06580433183011006,3138,0.5697093125333744,8934,0.5656635087056864,4801,0.6274084795944119,395,0.3620680777697794,3184,0.5844844227409556,346,0.5843255225940568,7903,0.6317963652840186,5177,0.5042262423984138,1486,0.6484013442660794,1010,0.7708934576217117,661
5909650.0,1771150.0,0,0.000830823671673301,7510,0.5894219060654572,7886,0.578434808634539,3978,0.608972749644381,1130,0.4606926445155872,849,0.5858888653970531,327,0.5841211086833465,7918,0.6396290537458937,4887,0.6154336624980837,445,0.7276923919009493,378,0.7706376080788345,662
5908450.0,1776050.0,0,0.0015075471405949666,6879,0.633344441237688,5679,0.6125724664778364,2376,0.5638328124617449,9888,0.36580379546284286,3029,0.5222422579806779,3791,0.6790453199727198,3651,0.7256720846141174,2249,0.49348054263275454,1682,0.5877346789541844,1817,0.7705677243656689,663
5998150.0,1740350.0,0,0.021166856295010552,4147,0.7081134858616334,2302,0.6136801579411172,2331,0.5764055590840335,6389,0.46441704930209315,796,0.5518468543461913,1135,0.7289855409552699,2110,0.7506994266690944,1897,0.5327187727260352,1037,0.7130955138997529,476,0.7705634299472117,664
5976450.0,1778150.0,0,0.0023738403152306375,6385,0.6316040103364452,5770,0.6125969473992395,2375,0.5818962321795368,5070,0.32993687877571076,4555,0.5382530538680546,2013,0.6474267410405142,5039,0.6874009212449005,3186,0.5027617068290317,1505,0.5732998395912368,2081,0.7704372811827256,665
5904750.0,1752950.0,0,0.00497690668634135,5632,0.38080925019433814,18211,0.4641524576747115,13545,0.5645064332909725,9701,0.32551112234352575,4755,0.5161697778112986,4691,0.3875742345350963,16840,0.46244734771331353,14045,0.52949125700664,1082,0.5538385387137784,2450,0.7703538610661633,666
5985850.0,1761250.0,0,0.0009936863169126215,7316,0.4119757369382822,16666,0.4966146329392819,10508,0.6011783998546221,1788,0.414207002636888,1654,0.5695102369250821,577,0.4213179720479987,15301,0.505928703588009,11475,0.6988373336044962,212,0.5644553031814199,2236,0.7702975957211332,667
5904750.0,1758750.0,0,7.045875876531591e-07,13671,0.5524682426978171,9824,0.5307282993910364,7463,0.561605259580366,10557,0.44481948911388475,1081,0.5302616181681878,2797,0.5358870087361535,10148,0.5783250839325578,7573,0.4759323545804355,2063,0.6795268797312609,721,0.7702617599926733,668
5893150.0,1759850.0,0,0.007362345009420252,5217,0.7130998439090922,2164,0.6503438964375956,1504,0.5687749791185289,8532,0.3574683487460761,3338,0.5340591677311026,2396,0.7602059642024891,1683,0.799197159854877,1580,0.447027733438333,2851,0.5820363393817478,1912,0.7702344540935873,669
6000750.0,1762450.0,0,2.3231980109339898e-05,11175,0.472743467441924,13633,0.5313827526019574,7407,0.5687268468987455,8547,0.35012852822092755,3642,0.5326567416151976,2530,0.48931308822179187,12196,0.5616698922909117,8380,0.6091969582091673,482,0.5442995158143894,2675,0.7702146834654513,670
5906350.0,1750650.0,0,9.446043568229114e-08,14829,0.4914123962481476,12727,0.4782481883756025,12284,0.5993192156167506,1969,0.3489089983406573,3692,0.5406402949697151,1833,0.4910261385604483,12120,0.5204315226018968,10605,0.35406068905253096,6630,0.6182810470476792,1377,0.7701743755728456,671
5986450.0,1750750.0,1,0.9999999977863634,540,0.8964047431625995,373,0.7189010504398476,574,0.5858350075478992,4210,0.36199110961557446,3187,0.5367927393650235,2130,0.9630561505792412,610,0.9134302705212531,763,0.5749777980117493,672,0.578970861179626,1974,0.7700296185226835,672
5946750.0,1794550.0,1,0.9999995287159243,1011,0.8884742636147454,852,0.7101462784633322,761,0.5759273966476143,6512,0.29881693306472196,6243,0.5311669634164385,2683,0.9600903084189609,764,0.9110660801439825,834,0.5383711046920852,971,0.48371754235682574,4277,0.7700148571692924,673
5906250.0,1743050.0,0,0.0028736081088966935,6183,0.6195483813334837,6408,0.6031799769792443,2719,0.5723588741092351,7505,0.30623705792485384,5818,0.5334947109920827,2447,0.648404085197226,4995,0.6985618481568583,2850,0.5656730432621895,737,0.5026585617194502,3719,0.7699127619451188,674
5906550.0,1771350.0,0,0.0002743319468675595,8652,0.5353845894434387,10613,0.5398244449115424,6688,0.5671110347140615,8955,0.3896969221225067,2230,0.529940808966807,2838,0.5537039324968773,9355,0.6070819522158172,6229,0.4667021975216896,2304,0.5748692269772891,2055,0.7698982162345438,675
5886250.0,1766150.0,0,0.044281198086155715,3456,0.5646300234220585,9187,0.5636888777038435,4921,0.610664864831358,1032,0.36717568517981153,2985,0.5758669748929707,463,0.5914282218585233,7585,0.6463824320771251,4598,0.4362822021439372,3164,0.5723428623916602,2095,0.7697175166648211,676
6005650.0,1731250.0,1,0.9706753775418308,1482,0.790275509224514,1374,0.6579603099991536,1369,0.595928795417319,2397,0.4098416224840589,1759,0.5604131779955456,812,0.8207006771931389,1339,0.8306702647683764,1300,0.5596992223870727,773,0.6253605957176064,1283,0.7696438628795014,677
5989050.0,1754150.0,1,0.9999999996187805,409,0.8912897047384443,662,0.7224826595490517,477,0.6051204863688657,1393,0.40397637989637253,1873,0.5674097044994999,632,0.9588890105721426,832,0.9060922690382334,952,0.7339162741319688,159,0.5429333831889014,2705,0.7695760728331973,678
5904850.0,1748850.0,0,0.028190657452516008,3872,0.3797815486014973,18253,0.45635972176802847,14215,0.6144055100902934,838,0.35241171852126474,3544,0.5723260489685736,523,0.3497333749605893,18563,0.4258473780575226,16206,0.5090940501405339,1393,0.6053446938787629,1541,0.7693783803346808,679
5986850.0,1753450.0,1,0.9999999997712099,369,0.8978441443906218,245,0.728158427782231,342,0.5823257198724875,4977,0.41514406287731437,1636,0.5443240247800922,1585,0.9632572554368359,605,0.9161489100349105,686,0.5951501117856595,545,0.6149576853164722,1412,0.7693548379628643,680
6032750.0,1696050.0,0,0.00012731009313025494,9467,0.539821232528332,10398,0.5272257964573934,7787,0.593042907718056,2868,0.37872827316564545,2562,0.5520882085253813,1123,0.5246677211718158,10647,0.5674860292524802,8068,0.3936659116216077,4770,0.5991473683062464,1639,0.7693482552380455,681
5905850.0,1752850.0,0,1.8065045329491795e-05,11405,0.6300185170896981,5847,0.5484059482754569,6015,0.5522832929808662,14599,0.3618192441244953,3194,0.5129356016196533,5225,0.6297002514827001,5825,0.6426345515197915,4744,0.44531659383999433,2908,0.6216581366349505,1331,0.7693270632885516,682
5940050.0,1790150.0,0,0.005321290586932926,5564,0.730331475217857,1783,0.6458836124265578,1612,0.5639904886457804,9836,0.3559144537024276,3401,0.5190671660253033,4237,0.7593131195156922,1693,0.7873160768820807,1611,0.4891962386779628,1782,0.5847291092179878,1865,0.7690142939985428,683
5908850.0,1751850.0,0,0.002386650931931242,6381,0.6428740732931424,5189,0.6090496566135145,2520,0.5629218300173661,10162,0.29228287271023307,6648,0.5158313471731861,4743,0.6648229516985079,4263,0.7064799164972606,2645,0.5085751033490018,1405,0.5210484850288896,3203,0.768872223442516,684
5980250.0,1753350.0,0,4.904111891990104e-05,10466,0.603265880718983,7212,0.5787267757885661,3953,0.5385354272183867,18595,0.35496768838550347,3442,0.5153073280730696,4829,0.6154792512684935,6509,0.6400961843191031,4861,0.4143667365465511,3950,0.5873403894451045,1826,0.7688488672532432,685
5909350.0,1753850.0,0,7.352025237169448e-07,13638,0.5764650982624799,8587,0.5339772471558277,7153,0.5695140253284912,8317,0.35998620028713907,3254,0.5253950910655447,3358,0.5655822436578704,8799,0.6026764260943175,6415,0.4970407970193047,1619,0.5967058466858716,1676,0.7687829458560198,686
5987350.0,1759250.0,0,8.614402223254487e-06,11979,0.5174766893598952,11466,0.5361988546550077,6995,0.5644169398253036,9720,0.38345323849957624,2395,0.5359309940146711,2209,0.5376761532266568,10070,0.5886128183353546,7051,0.504939900962866,1468,0.5607071930444137,2310,0.7687487630191442,687
5995550.0,1748050.0,0,0.09914689936841001,2772,0.6400099071641657,5333,0.6300289396935004,1895,0.6573028385495642,19,0.31117073969964665,5525,0.5930392554140352,254,0.6702661326615102,4010,0.7170459216690885,2417,0.6482961785583505,332,0.5214247001094967,3192,0.7685858359655351,688
6037550.0,1693650.0,0,2.741945340126377e-05,11032,0.5410623672196965,10337,0.5274302377243145,7759,0.6268978703704196,414,0.41018037414278163,1752,0.5773146145127014,435,0.5349931646548478,10195,0.5808615852604865,7454,0.5620157835310916,763,0.6862823003382309,661,0.768309845183243,689
5986450.0,1750350.0,1,0.9999999992019826,474,0.8968024285707847,333,0.7190880250789136,564,0.5946319389392773,2608,0.3482275234530142,3722,0.5478095142742049,1352,0.9629339650963783,617,0.9128828889152663,775,0.6250477620687132,423,0.5319911342017158,2958,0.7681533303747319,690
6000250.0,1767850.0,0,0.00017415581038426973,9166,0.3940149102745809,17534,0.47630093505540194,12468,0.5224442421750177,20516,0.525134262570241,236,0.5406411777181457,1832,0.36447737088911514,17917,0.4390882438979342,15427,0.359596772480528,6359,0.8022480188309056,117,0.7679586515295453,691
5996850.0,1742750.0,0,0.011569361478696659,4787,0.5851771308101176,8097,0.5852120802302401,3565,0.5710259641522002,7885,0.3736345288123477,2749,0.5401002789678838,1876,0.617268105112476,6426,0.6624452643439358,3999,0.5559627558258505,807,0.6202715947405695,1347,0.7678561195583242,692
5987150.0,1755150.0,1,0.9999999999870808,201,0.8909354415838998,683,0.7264245593152954,390,0.6129570947180472,905,0.3611339798424526,3216,0.5664183599050375,650,0.9628711227877089,620,0.9255267839517394,417,0.6459601194571258,342,0.47933782257316526,4408,0.7678191452444396,693
5906850.0,1770150.0,0,9.550220908525383e-07,13476,0.5117277559300722,11729,0.48172707578638396,11939,0.5912990284808802,3170,0.3858026888007521,2325,0.5592770516172078,851,0.5205601662958192,10799,0.5365578042997465,9709,0.32522607229897016,8296,0.5998085493476709,1627,0.7677960144306466,694
5903650.0,1754450.0,0,0.00044431165966929463,8166,0.40118977442534726,17191,0.47717340206560094,12375,0.550728930157497,15182,0.3632525262822227,3138,0.5126625378850892,5260,0.4068539447095634,15946,0.4796070316433516,13017,0.4054102169962829,4299,0.610573422297117,1475,0.7677303243366369,695
5988150.0,1752750.0,0,5.148057603370199e-06,12359,0.41593454123745416,16452,0.46926376425962796,13068,0.6119913076448921,959,0.4581872041962066,893,0.5900339145741983,285,0.4207809955561028,15332,0.4579705084997926,14312,0.3317998088331061,7885,0.6078190028968151,1512,0.767672257348325,696
5909250.0,1750850.0,0,0.0003424155706981772,8402,0.46054435207123057,14250,0.5237330657896136,8081,0.5657226545263501,9358,0.49765095440882967,461,0.5439090717032932,1615,0.47513002241490754,12857,0.550553910614302,8945,0.49097252380097445,1737,0.7169662019650378,452,0.7676659370179527,697
6005450.0,1737150.0,0,0.13597984595796464,2572,0.7169363480521375,2078,0.6455469337382774,1620,0.59297129607168,2876,0.42605626606396235,1414,0.557102128534376,933,0.7393029465949922,1947,0.7674879182243408,1727,0.6234432859549149,427,0.682469377829917,697,0.7676468180939695,698
6001250.0,1761150.0,0,0.00024013503810011138,8814,0.5284432381361648,10937,0.5446534067694035,6302,0.5877599483271791,3793,0.3465076215594195,3817,0.5333387628695216,2463,0.5413726919967928,9912,0.6003054227159519,6513,0.6133677495617376,454,0.5520345691754422,2491,0.7674784552533089,699
5985750.0,1756250.0,0,3.5044293907871295e-06,12614,0.42896562917812364,15777,0.4599514018560864,13896,0.5834938314993636,4712,0.34690918270257737,3803,0.5368126951941277,2127,0.4402011041100453,14466,0.5065568036475916,11434,0.5544314003916918,822,0.568094794343202,2174,0.7674683933204058,700
5975950.0,1774650.0,0,0.012147471640487902,4734,0.6489395508846832,4911,0.6012802660412199,2788,0.595195703634705,2512,0.3929617031316693,2143,0.5545487539541898,1017,0.649512405818759,4932,0.6823748418876283,3309,0.6533336742814325,318,0.5827188426202916,1898,0.7674378630712523,701
5943750.0,1797550.0,1,0.9999999662733154,740,0.8954223146503137,443,0.7221634510149374,485,0.6002200342916049,1876,0.3117432329514591,5494,0.5461201534426289,1468,0.9743986828867329,136,0.9206971883034382,544,0.6739385492101381,259,0.48215003141398627,4324,0.767413208099742,702
5886850.0,1781850.0,0,0.029862300199617522,3815,0.5267859851372287,11036,0.5580757904368687,5310,0.6054783321767909,1357,0.336048102594163,4266,0.569845903561201,568,0.5478706326181794,9615,0.6170140381863503,5777,0.6080660458959657,488,0.5158115386865965,3342,0.7672406909329077,703
5983350.0,1753750.0,0,0.00020493834690173994,8979,0.7261283019946015,1850,0.59843412537166,2911,0.5619914234857634,10444,0.5043658044552544,392,0.551025543028724,1160,0.7222545646447276,2236,0.6853594554915892,3232,0.2919693059238544,10545,0.7458050133884555,292,0.7672287152333427,704
5991150.0,1748850.0,0,2.1915037703707131e-07,14363,0.5568889843083467,9595,0.530378650531431,7496,0.6221191184689635,557,0.5528636402424895,116,0.6074153744537559,151,0.5675734747622907,8684,0.5817810560093184,7400,0.3363640634973082,7616,0.696814495826865,577,0.7671059781233804,705
5904750.0,1755450.0,0,0.0005957129849251877,7852,0.5169345330613743,11492,0.5511893720759827,5799,0.5953522835532831,2484,0.3143094488775975,5351,0.5423647380918212,1714,0.5199666379625387,10827,0.5811257608732535,7440,0.5944887968988588,550,0.5246305926735669,3109,0.7670626874374622,706
5985150.0,1753350.0,1,0.9999999997795841,365,0.8963551709294322,379,0.7356411551439627,206,0.5983492435237969,2097,0.472716448212597,704,0.5763056447447147,454,0.964112815777808,555,0.9280189251384023,357,0.5379603920960699,979,0.6925072070181714,606,0.7669252530619517,707
5973350.0,1777850.0,0,0.000982768567032854,7327,0.513229296449021,11660,0.5384456691562507,6803,0.5697608235395921,8239,0.4168503723394933,1602,0.5413121078126956,1778,0.5069473242496847,11414,0.5598515038340527,8463,0.4679603408954177,2267,0.68094714651521,714,0.7668484082211766,708
5903550.0,1747850.0,0,0.0003734469688095313,8311,0.6718030075259082,3734,0.5993104976774495,2870,0.5490099404812426,15750,0.4488613013425568,1024,0.5212418450887037,3936,0.6718262920864984,3944,0.7023213263808739,2752,0.47030968349640523,2204,0.6477605377645901,1017,0.7667201886143484,709
5909550.0,1753250.0,0,1.3067342658291818e-07,14648,0.7042598862098318,2413,0.557164103542513,5369,0.5768725400907017,6267,0.5207651154859665,271,0.5611542123400999,787,0.6899557784308935,3209,0.6435271114453609,4705,0.30632675104845686,9513,0.7304599124831332,362,0.7666249593655473,710
6032750.0,1695750.0,0,0.0016937099696646195,6754,0.42174063464350153,16157,0.4670840773046704,13283,0.5948227042570143,2580,0.39276843696130703,2149,0.5454912060069587,1514,0.4259165732162974,15094,0.47406652301661023,13375,0.5636264309604003,750,0.5925909636996884,1734,0.7666244845726917,711
5908050.0,1771750.0,0,1.0224785866233419e-05,11849,0.46856416285230845,13836,0.49452062986856193,10722,0.602085157248807,1665,0.43387280498731706,1273,0.5685436186976047,602,0.45385510283305364,13810,0.5174170552362236,10790,0.6645630028294375,284,0.6981026859959454,566,0.7665294594796508,712
6007450.0,1735250.0,1,0.9668084818426987,1493,0.7897725939079447,1465,0.658870478692494,1347,0.5862092955871634,4125,0.3898991434042048,2226,0.5540115910856476,1041,0.819865640197242,1374,0.8302121277627375,1307,0.5523215929286298,846,0.6190208754639168,1364,0.7662099397769471,713
5941350.0,1795750.0,0,5.973287375358506e-05,10280,0.41135789354400665,16694,0.49661712529190677,10507,0.5684532800399655,8610,0.31727964934780273,5196,0.5341965156766852,2387,0.4220096382921892,15269,0.49963379860354706,11839,0.5208593654045244,1201,0.5188549289262578,3255,0.7661707882172377,714
5908850.0,1750150.0,0,0.00128893020521094,7048,0.34111614915860045,20139,0.4145788468345084,17668,0.5691928766441717,8405,0.33780430587560284,4192,0.5137860780945366,5085,0.325919477361188,19552,0.39501339361984655,17817,0.562948338179433,757,0.5745597127810056,2060,0.7661176739867502,715
5901750.0,1758650.0,0,0.000303991652669718,8521,0.5200726599479067,11349,0.52675849660887,7827,0.5638598665348397,9881,0.40843742643817194,1789,0.5315593689953924,2644,0.5148810764025947,11062,0.5652002326325514,8187,0.5162853565816061,1271,0.6339917891184238,1174,0.766114065281833,716
5909150.0,1771550.0,0,0.0007025815159397222,7687,0.7438488803289183,1607,0.6637628611781358,1291,0.5619436666574098,10462,0.37029835556816293,2875,0.5328234809331058,2515,0.7627230264144027,1663,0.7830559894841387,1630,0.47082610769295374,2197,0.5444319725762585,2672,0.7660823021285731,717
5986050.0,1752050.0,0,0.0003234708190448832,8442,0.4088080065620839,16817,0.4865899087243498,11482,0.5855970734711256,4263,0.44888369431699826,1023,0.5544899534875211,1019,0.42051618786791356,15346,0.4920725615433601,12313,0.5527759899942313,837,0.7048463482085552,520,0.7660500481799246,718
5885250.0,1761850.0,0,0.018713699107256506,4269,0.6680691456956415,3911,0.6215863298688434,2096,0.6066879425220087,1269,0.3624974045120511,3171,0.5674470598128244,630,0.6745292104720088,3832,0.7165177711953912,2424,0.5757468098540401,667,0.6287198075964472,1242,0.765851050956716,719
6006850.0,1736350.0,0,0.0021551420725003747,6489,0.385358665869652,17982,0.46364371438949464,13590,0.605803326265165,1328,0.43621845780101454,1230,0.5740618826485436,491,0.39377624300604164,16561,0.46477017377320573,13891,0.54341931284913,923,0.6380840568149887,1115,0.7658142624883362,720
5886650.0,1781750.0,0,0.00021225549920418364,8938,0.6966216033267165,2683,0.6363484956513635,1791,0.5677951445683854,8774,0.40076644220747726,1946,0.5500084475631543,1227,0.7052388183138916,2693,0.7442790512248381,1985,0.5481352747259207,874,0.6652499841761987,853,0.7657619750068105,721
6007350.0,1735150.0,1,0.9903104092729003,1395,0.790341235858298,1360,0.6607578532917339,1318,0.5711705524892189,7847,0.45253819974718745,974,0.5473900999279445,1375,0.8205823308472754,1343,0.8328416823223916,1292,0.5146244739356962,1304,0.6435117205956237,1050,0.76575776818853,722
5984650.0,1753350.0,1,0.9999999998724909,328,0.896512622003344,360,0.7313863892753251,279,0.5959770643759379,2390,0.5238008781330665,245,0.5780394463208006,423,0.9639978889694019,564,0.9276071148912679,363,0.6462767608873332,340,0.7462548551404068,289,0.7656948547068059,723
5903650.0,1741050.0,1,0.9999999956914201,580,0.9137502269774922,60,0.7114660435100348,734,0.5815152512546341,5167,0.28547826120041936,7103,0.5374552433475904,2073,0.9923548479418315,41,0.9577784896178136,57,0.5860589661877376,592,0.4628919879096026,4905,0.7656940096132079,724
5997750.0,1740650.0,0,0.0006924857255794182,7704,0.5802855283663764,8382,0.5724863393462014,4353,0.5982648496808003,2103,0.4427610302553612,1121,0.5552612078803045,993,0.6030345718093513,7041,0.6317488059644698,5179,0.534309891446772,1023,0.5884599266836443,1804,0.7655135575771947,725
5981550.0,1719350.0,0,0.013604000905679264,4620,0.726413417641778,1845,0.6439223358104024,1652,0.5902153585647625,3357,0.3641166274036696,3095,0.5566328217953828,946,0.7562724118586863,1721,0.7836502154040293,1627,0.5046072564953785,1474,0.589749438107474,1785,0.7653708879469118,726
5902950.0,1741250.0,1,0.9999996264378644,988,0.8852554438930392,1026,0.6992387821193574,939,0.5414340956426072,17983,0.33505698296347924,4327,0.4988525946699531,7791,0.9550183779015707,1032,0.9269718775028758,377,0.416639489275067,3860,0.5998430886394629,1626,0.7653116452877265,727
5986250.0,1752650.0,0,0.00032504146197115624,8437,0.4183220532849706,16333,0.47457586300050325,12624,0.6054653100624959,1361,0.4088992720508376,1779,0.5748969438145904,477,0.406885214270693,15944,0.4597805829622046,14204,0.7238122247612276,172,0.5933905385465009,1726,0.7652976549280609,728
6007350.0,1735250.0,1,0.949261937315539,1527,0.7893043862939132,1506,0.6563709411109498,1387,0.5720991779765762,7576,0.3743838142413549,2726,0.5429492740540467,1670,0.8193012650801056,1400,0.828791875198583,1314,0.47449098592056604,2102,0.6158933898896909,1405,0.765179000125598,729
6009050.0,1763250.0,0,0.010392850934753839,4893,0.6102223345180876,6843,0.5859028592876934,3527,0.605841131679918,1324,0.3807561750884151,2504,0.5622090140772894,760,0.6234293366805999,6157,0.6593391309036193,4107,0.703315250451385,203,0.5936779236057754,1721,0.7650373234046284,730
5987150.0,1750250.0,0,0.002248918372023551,6442,0.4082849419274293,16853,0.491797736761042,10990,0.6257872432522305,445,0.4730829793475341,699,0.5880546933745449,305,0.4144532681032238,15601,0.48966645770756656,12447,0.7793585736067115,101,0.7264745919511477,387,0.7649607581400195,731
5895250.0,1757250.0,0,0.004497418563814904,5734,0.5438648690720157,10209,0.5480408340103095,6039,0.5406036597140971,18189,0.2869946215607794,7005,0.5078069188698777,6151,0.5453897483317036,9737,0.594115752978011,6777,0.4016989049380336,4461,0.5243976593527567,3113,0.7648496137639642,732
5949850.0,1794350.0,0,2.00746720036595e-06,13002,0.6545233256495189,4622,0.586006581676863,3520,0.570928357742885,7912,0.3018457559703105,6073,0.5316160586483111,2642,0.6712572630421964,3968,0.6905982391317427,3093,0.40798003331040267,4200,0.514264211289432,3388,0.7646104604935061,733
5987850.0,1752250.0,0,3.3778267660616545e-05,10823,0.5721723977789801,8790,0.5651878401263555,4828,0.5971220867900052,2261,0.5807609961411843,43,0.5913005298164604,267,0.556318519508944,9224,0.6049224953867188,6330,0.5025835806975592,1508,0.8825776102367592,23,0.7645329580311157,734
6000850.0,1719950.0,0,0.0009111507177395026,7415,0.5780399610416611,8486,0.5153522478907553,8817,0.601201924198384,1784,0.36218708497206303,3181,0.5667460064493656,641,0.5827168980825407,7985,0.5810966764645716,7441,0.31706881527100195,8815,0.5960618495392727,1684,0.7644102393805641,735
5906750.0,1773450.0,0,3.770409906440704e-05,10732,0.5805683955926878,8363,0.5689603135552285,4576,0.5666386347366181,9070,0.44996892368598784,1002,0.5488413865869525,1286,0.5882001248887787,7712,0.6391288678591485,4902,0.5205781128153183,1203,0.7037875976070894,526,0.7643924770997288,736
5971250.0,1775750.0,0,1.270081694828154e-08,15904,0.561061734560054,9397,0.5377183116474984,6865,0.566430212428919,9138,0.45936022512934466,871,0.5381353430013098,2025,0.5519713923984648,9432,0.5949456078984512,6755,0.4802447290913451,1976,0.7131639238724458,474,0.7642877085849361,737
5988450.0,1753150.0,1,0.9999999998539868,335,0.8906042227979919,709,0.7245037411878701,431,0.5960549832531641,2382,0.3774677669812498,2613,0.5503950382129355,1202,0.9581302355608805,867,0.9049526285314938,979,0.7471698042168418,139,0.5491226022416867,2545,0.7640541309209228,738
5903350.0,1754850.0,0,0.00022246982408357418,8885,0.7145900998761131,2125,0.586163337465205,3510,0.5371303002354328,18841,0.3100329139600623,5588,0.5089190088808841,5934,0.7131165223153548,2465,0.6768624314970026,3485,0.2798824179484972,11425,0.5561159788254758,2393,0.7639762287770429,739
6006450.0,1738950.0,0,1.8325807965191432e-08,15696,0.6795685466839056,3370,0.5795337716591943,3904,0.5663835556492721,9152,0.5279071987513559,215,0.5611688088660487,786,0.6767549651097745,3739,0.6846381890106803,3254,0.4507462704653792,2741,0.7476420083635363,283,0.7639676141511473,740
5981350.0,1753450.0,0,0.00011683236381511198,9571,0.3640933067256202,19003,0.43583762817164856,16005,0.5859376762741229,4188,0.48813533696461014,554,0.5593982441881283,850,0.3709393371972972,17613,0.44181900528174634,15270,0.5635411044772405,751,0.6593228302038587,906,0.7639152599129659,741
5902050.0,1759350.0,0,0.006480677426485637,5349,0.3485266691246713,19802,0.44586048688833546,15166,0.562854452677855,10183,0.3982636786964605,2012,0.53562341036138,2243,0.31086206393991067,20135,0.3882575441584305,18126,0.4501358175387261,2758,0.6376123277968824,1123,0.7635181349746453,742
5988250.0,1752450.0,0,0.0014631294521196259,6912,0.7248343800739148,1885,0.6612675819444144,1314,0.6320498944229097,274,0.5220654554375166,261,0.6040807783716451,181,0.7276966247413655,2128,0.7438141044662261,1992,0.6424166324174563,351,0.7839197612459655,165,0.7635081070526921,743
6002750.0,1760850.0,0,0.0010550072046696937,7249,0.41294031091121675,16620,0.4801277398857095,12122,0.5900991543672972,3379,0.3710293407362104,2850,0.5389059198329518,1957,0.4081965800467213,15888,0.47955170060819974,13020,0.6000131099279087,524,0.5559088883460006,2401,0.7634836767028406,744
6009650.0,1761150.0,0,0.0012738434868496329,7056,0.6900995702014947,2946,0.6377663897073342,1765,0.5722855672969391,7520,0.3373042216955401,4212,0.5408607924543976,1810,0.7135092369264846,2451,0.7414411775531466,2022,0.4936591718661266,1675,0.56612937808669,2210,0.7632554973758305,745
6002150.0,1760950.0,0,4.8642493828166266e-05,10474,0.4488232991081645,14821,0.48030368361961534,12096,0.5501574253032643,15389,0.3593229019105525,3268,0.5100381857936391,5720,0.4359561157791847,14647,0.4929983246500924,12261,0.448509227672357,2813,0.5722986220624845,2096,0.763214052944338,746
6003450.0,1739450.0,0,0.0004974235254452894,8054,0.7290130001785172,1808,0.6345806806340271,1815,0.5623779670250648,10334,0.36976944241111315,2896,0.5410422027677854,1799,0.7503028820948833,1795,0.7558168393298941,1840,0.3896440631777366,4954,0.6268243523335122,1268,0.7630352282228718,747
5946450.0,1794850.0,1,0.9999996732369214,970,0.8942335590740629,527,0.7203868938967137,521,0.5933734932354565,2812,0.28835666183634934,6914,0.5459585740323936,1477,0.9745356828587519,131,0.9225002461590412,503,0.4813039180040922,1955,0.45347952710191763,5218,0.7628564148540135,748
5906250.0,1770350.0,0,2.5541850845596586e-07,14277,0.636583855258893,5514,0.5753070794480405,4149,0.5914331249499842,3143,0.3422985878095311,3991,0.5473624294708609,1377,0.6353215458972948,5588,0.6707565487424265,3699,0.46341986780897926,2392,0.5795834966030502,1961,0.7628244501293504,749
5903350.0,1740750.0,1,0.9999999944292204,599,0.91356732013204,63,0.7135897964731631,692,0.584684765478031,4462,0.27792671155711873,7635,0.5397289212371239,1909,0.9921607836414837,48,0.9582183548459984,55,0.5776632814178287,654,0.45689617497105317,5112,0.7627865435851866,750
5994150.0,1747250.0,0,0.016905548150446377,4393,0.396313574831998,17425,0.4798076990726965,12145,0.6121097983500656,953,0.30498459836227665,5891,0.5623816015525936,756,0.40822933259958605,15886,0.4808945016892956,12934,0.5313454908227362,1056,0.5158948591725743,3340,0.7627474380987138,751
5989250.0,1752750.0,1,0.9999999996096549,415,0.8928019256454126,583,0.7070799911167182,819,0.5603910912219298,10923,0.41600241553823863,1617,0.537739200783458,2056,0.9681455851448157,371,0.8998934831876402,1055,0.5229191314116599,1173,0.6829668777446352,692,0.7626947517301934,752
5894850.0,1758550.0,0,0.00201591928140676,6564,0.6725810597650442,3704,0.6181959905514592,2194,0.557730903390205,12021,0.41534863405434613,1630,0.5271855439772632,3150,0.6956385754929441,3024,0.734407304203267,2110,0.5007884248164739,1542,0.6046398797717066,1553,0.7626746648783175,753
5946450.0,1793950.0,1,0.9999999538419594,770,0.8881810264422916,869,0.7156016311138694,641,0.5881462383886271,3724,0.28115714539322134,7393,0.5361923345634473,2175,0.9594717931449919,794,0.9109089505938178,836,0.4435088580153932,2963,0.47130234963807804,4668,0.7625997454485212,754
5971050.0,1772250.0,0,5.623243485023332e-05,10341,0.37222467885003035,18631,0.4436799351092102,15365,0.5810433742567753,5287,0.4441594551638487,1097,0.5548194964808398,1005,0.3432080938245139,18844,0.41173723798313133,16985,0.514470092675734,1308,0.7030919506941943,530,0.7625805309965819,755
6001150.0,1767550.0,0,6.12846152204863e-06,12231,0.4513097289065552,14696,0.4858003074837711,11539,0.5096091027797808,21004,0.4168909700859488,1600,0.4894342264633481,9585,0.45265957039204396,13870,0.5072060455286836,11383,0.3102081302898586,9259,0.6693575761129151,807,0.7625664144921565,756
6008250.0,1732050.0,0,0.006310671445137147,5388,0.481450775319206,13209,0.49662780541542983,10506,0.5681850721396179,8668,0.41704468548319235,1598,0.5427812289412426,1680,0.4977595305541771,11826,0.5448415018921917,9262,0.4962745692539263,1638,0.641794880625729,1067,0.7625544107133332,757
5970550.0,1772150.0,0,5.14462052259361e-06,12361,0.6892921185844606,2971,0.5764956178496179,4085,0.5658749252955644,9306,0.36632255127579866,3015,0.5312089416109743,2680,0.6998003251299003,2862,0.6839134043916847,3269,0.29747606964334916,10159,0.593394505463424,1725,0.7624048139768522,758
5898050.0,1758950.0,0,0.0001264281842023702,9478,0.4167136096318823,16414,0.45771700502742013,14102,0.5831002924409724,4796,0.29133403520894396,6712,0.5311253997228998,2689,0.4145571383487944,15596,0.4776524414954235,13150,0.40424455726872177,4355,0.5374961802128212,2826,0.7623787904819512,759
5902550.0,1746750.0,0,0.0031772593059790277,6084,0.3811848974566467,18190,0.4704700200830343,12977,0.5545827272712902,13502,0.3702775004943621,2877,0.5291147321518663,2909,0.3707424686160341,17626,0.4470190826843662,14964,0.37019298145778234,5827,0.5922347969355273,1737,0.7623519001676409,760
5948750.0,1798250.0,0,0.001530083536439446,6866,0.6937004701628666,2801,0.6414099784286096,1695,0.5874170272902949,3859,0.31840881525972603,5139,0.546890238723731,1411,0.7284090130784152,2116,0.7699519379597274,1706,0.6145776717270688,449,0.4875952064146436,4148,0.7621860342475133,761
5990950.0,1748250.0,0,8.550011900388e-05,9909,0.5096900725725543,11828,0.4972163159308705,10458,0.5941866941436779,2684,0.3740997856178923,2735,0.5649365959038631,688,0.5069642758285853,11413,0.5180474120786505,10745,0.31454486253466474,8977,0.6218773555792838,1327,0.7620671570310709,762
5884950.0,1766750.0,0,0.005010847424801025,5624,0.6291432704491354,5892,0.597153867734143,2973,0.5866062279530042,4036,0.3645960244912763,3076,0.5498051968154495,1244,0.6401731687476655,5384,0.684001023794726,3267,0.5250260215127613,1140,0.6119435558061163,1458,0.7620399201749293,763
5905750.0,1757750.0,0,8.488684052730638e-05,9917,0.4982369988682831,12371,0.5177859319366157,8609,0.5580598885085791,11844,0.35440902279064496,3468,0.5129543429824156,5221,0.512103706980068,11186,0.5680541936046337,8045,0.39325732054260465,4787,0.6045252959552557,1557,0.7619606096556703,764
5947450.0,1792050.0,0,0.00025186746004232625,8750,0.4137735815438759,16579,0.4901756295876696,11129,0.61409709514063,850,0.31231452425342277,5458,0.5677563005547233,621,0.4278927389202867,15007,0.5064115169411276,11444,0.601434105972222,519,0.4919476621200708,4031,0.7618547561109903,765
6004950.0,1761850.0,0,3.412486354858482e-07,14094,0.3729311673712849,18601,0.426997235757912,16721,0.5596652905217394,11192,0.3944328247002368,2098,0.5188206943367736,4278,0.36962101467509156,17677,0.4391662352298875,15423,0.4549868690350869,2630,0.5801277339063499,1953,0.7616326745217589,766
5901650.0,1743250.0,0,5.20207009388463e-05,10407,0.5774231813454016,8525,0.5437132211941104,6383,0.5520250630055334,14693,0.40620418239268247,1835,0.5238021288391332,3567,0.5638540311556647,8871,0.6012573842500992,6472,0.3853826447611963,5166,0.6181317519050495,1378,0.7616296012302308,767
5905050.0,1754450.0,0,8.873842606320271e-05,9868,0.5696809336776386,8938,0.5420330929800496,6508,0.5737482423931312,7114,0.42735888099340663,1396,0.5423602721529296,1716,0.5616788268304019,8988,0.6044002906113668,6348,0.4816898504830708,1946,0.6284231303095017,1247,0.7615637389584551,768
5940350.0,1792250.0,0,5.6564443148602845e-05,10332,0.45871188123933315,14341,0.5078870025763358,9464,0.5781003200773429,5953,0.3373102564769403,4210,0.535310917901978,2277,0.4565509236308676,13691,0.5195932338712187,10655,0.5114199617168097,1344,0.535063395235191,2891,0.761409518783532,769
5988950.0,1757250.0,1,0.9999999996798732,396,0.920002650264294,6,0.7498462852103683,34,0.6260968610338719,438,0.3991061995950089,1989,0.5813467369519589,382,0.9989245148733201,4,0.9876583157775782,4,0.6083365585712988,484,0.4725352227749957,4624,0.7611914978767438,770
5971250.0,1775250.0,0,4.427934991932968e-06,12468,0.6823953978417271,3240,0.6231337823233297,2052,0.5948160702952159,2581,0.38416414885757444,2376,0.5557523221333497,975,0.676853193825383,3733,0.7074881801510009,2624,0.4698726020758687,2213,0.6356485813800015,1156,0.761156414105898,771
5946850.0,1794550.0,1,0.9999998811295622,863,0.8880248570945404,875,0.7050751578719916,852,0.5653786546658045,9463,0.29710029616253913,6345,0.5218399023086352,3856,0.9590668078821444,815,0.9066278249181359,938,0.5168026531533263,1259,0.476865840014675,4480,0.7610414152520308,772
5981950.0,1761650.0,0,2.6755130913989983e-05,11057,0.48607808686317,12986,0.5202319860322709,8389,0.5060644132592028,21091,0.3873333574796057,2291,0.5067435543578972,6351,0.4739730319735892,12919,0.5242309463167297,10388,0.41976937730349717,3741,0.6483081225767652,1013,0.761035001707018,773
5983650.0,1757350.0,0,0.005649503899394897,5513,0.6325352866275682,5718,0.5733108489748053,4297,0.5525916357782835,14476,0.4255824334133572,1422,0.5222055776601974,3796,0.6522523920283219,4822,0.668329693230537,3785,0.4690518598913096,2233,0.7049718326279231,518,0.7609694160181846,774
6009250.0,1731750.0,0,0.006109786401888701,5419,0.4866342106025478,12962,0.5023630727639778,9997,0.6333525792958827,238,0.4021849839224041,1916,0.5804630529621818,394,0.4980078515534748,11810,0.5474097494797269,9136,0.5526784705384042,839,0.5855887272528708,1856,0.7607259454803623,775
5989450.0,1754550.0,1,0.9999999999999953,1,0.8965490996627834,359,0.7312716530181202,282,0.5840352794544468,4584,0.5228872567167191,255,0.5591619782830302,856,0.974968449302097,124,0.9298637268502773,322,0.7693329224803447,106,0.8220541044184337,80,0.7606681618596904,776
5982450.0,1756050.0,0,1.503496274447559e-05,11563,0.3435350552620503,20022,0.39877565208525356,18681,0.5616523424151588,10539,0.44590845630901094,1066,0.5390175780574659,1951,0.3203005796410181,19756,0.37019553901293323,18920,0.46740013499110256,2282,0.7258955907520908,393,0.7604051508921894,777
6009750.0,1763950.0,0,3.858910612255741e-05,10708,0.39880509894101696,17301,0.4885552082287482,11294,0.580163280287528,5479,0.39468342554635394,2087,0.5414367828043494,1769,0.4119239691417905,15725,0.47974040946848673,13005,0.5119443607775022,1336,0.6365728098490595,1143,0.7598358965478588,778
5986950.0,1751150.0,0,3.5188879626865385e-06,12610,0.598907555378538,7414,0.5653292088861128,4821,0.6227083684486296,534,0.5296959946409541,204,0.6101227010360588,126,0.6144904104103088,6554,0.6647607591383315,3913,0.6835424386775693,236,0.7893833539119279,149,0.7597984052637203,779
5886550.0,1769150.0,0,0.028184346962979306,3873,0.6542745820612249,4634,0.6081520091023236,2548,0.5798602256054002,5546,0.368742706788476,2928,0.5452376079995673,1530,0.6786750292140822,3668,0.7208752592531102,2342,0.4298549168219499,3386,0.5715730332598232,2115,0.7597982500133114,780
5985850.0,1753050.0,1,0.9999999998214697,350,0.8990158660210849,155,0.7337639924043508,239,0.6067673247834758,1265,0.3529671630072575,3519,0.5543482835109024,1025,0.9695063840610674,294,0.9294414255254037,333,0.6825202973377147,238,0.5239670129403768,3127,0.7597913723048184,781
5909850.0,1754750.0,0,6.8201037386302035e-06,12146,0.4057175789136944,16991,0.43535783940911743,16043,0.5458488030043668,16766,0.3423159914038313,3989,0.5095418241806039,5826,0.3924848770105278,16625,0.44754502705262267,14930,0.4736410726229241,2120,0.5761408143000487,2030,0.7595839696462472,782
5985550.0,1756450.0,0,2.615072579098354e-05,11072,0.5722851096795468,8785,0.5643701260708155,4877,0.5620641476211947,10422,0.3545692438532738,3456,0.530442465741098,2782,0.5844162281447431,7898,0.6237825676592847,5519,0.504226902928611,1485,0.5272902443285135,3048,0.759538243162453,783
5904450.0,1745350.0,0,0.0007122043157046552,7672,0.44566037667713243,14968,0.484978623345359,11622,0.5444211519776935,17195,0.359366025049594,3265,0.5225782087846625,3740,0.4290170288825119,14963,0.4765464218991857,13218,0.32539251850812634,8286,0.6102546040389994,1481,0.759522449494948,784
6005650.0,1731150.0,1,0.9816776813358092,1454,0.7899044268191516,1439,0.6531349904336519,1444,0.5828880793778201,4847,0.383327271253733,2400,0.549711113985884,1247,0.8203556333241233,1353,0.828448736671653,1316,0.525168965805157,1136,0.6042019467774489,1562,0.7594376752443905,785
5972150.0,1775650.0,0,1.6625851245332138e-05,11476,0.5716151253810836,8830,0.5586346404178536,5262,0.5705352222728944,8021,0.4244084224167778,1442,0.5330805828220211,2485,0.573364206690274,8430,0.6169890911782071,5779,0.4512265985348297,2724,0.6964070224073367,581,0.7594171420906982,786
5901850.0,1757150.0,0,0.02056740577818502,4169,0.590346612759447,7845,0.5761051372949075,4103,0.5924787986981507,2962,0.2752141159599395,7829,0.5392054711676705,1941,0.6100381601331324,6748,0.6568836528249291,4210,0.5383602650664905,972,0.4919890821951327,4028,0.7594078083788808,787
5885550.0,1780250.0,0,0.008296398894885548,5098,0.7109760723966843,2220,0.6319799938734332,1864,0.5887239868688983,3634,0.3619101325729422,3189,0.5549206180087607,1003,0.7195919757122221,2294,0.7497195131699523,1909,0.5558405222283173,808,0.5565459758584239,2384,0.7592565407969818,788
5989650.0,1757250.0,1,0.9999999941673599,602,0.8930100852363229,575,0.7539919959392717,16,0.6559985804846836,22,0.4294269144933046,1354,0.5951792377689776,241,0.9641357167409639,551,0.9640871881872559,35,0.6505226787128268,323,0.49088518812531035,4058,0.7591693150232158,789
5987350.0,1754850.0,1,0.9999999999886688,192,0.8903121563902043,727,0.7137188390841442,689,0.5808417951860592,5331,0.3603271295947046,3244,0.5369515735679742,2112,0.9613060386396395,693,0.9161696379676985,685,0.6491224428417022,327,0.4825188216238716,4316,0.7589915146163603,790
5941950.0,1793350.0,0,4.5562519661071134e-07,13942,0.635716104171664,5559,0.5845171686837538,3610,0.6040867331660449,1477,0.33499970687249747,4331,0.5523451409502803,1112,0.6350192570624629,5606,0.6748845367425397,3552,0.3899555386815632,4936,0.5884909775310193,1803,0.7589223016433386,791
5901150.0,1747950.0,0,0.022422499526645056,4089,0.47219420572237697,13660,0.5046299564284,9779,0.562984902804779,10136,0.34867785320677147,3705,0.53276332811684,2520,0.4596507235218913,13554,0.5154253661165538,10901,0.4698054118909446,2214,0.5889153500957388,1797,0.7586967226209842,792
5965050.0,1736250.0,0,0.05059984638298205,3340,0.6995520895901318,2577,0.6525673697670974,1450,0.6201702001228934,617,0.3780000943030078,2591,0.5734836977508204,501,0.7253466335324322,2173,0.7599053557300544,1795,0.685147592600385,232,0.543506506183856,2697,0.7585486680322425,793
6002650.0,1717250.0,0,0.0030397080290694165,6116,0.5252989441012851,11107,0.5466039197734309,6152,0.5932772930486304,2825,0.3613561111366506,3211,0.5563558915403946,954,0.554130873641827,9330,0.6087582564182877,6145,0.4895240262043492,1772,0.582267190921001,1906,0.7583203136685002,794
5996250.0,1748050.0,0,0.041111621333685,3520,0.3603479731565626,19200,0.4449810530460102,15244,0.6272104438693635,400,0.35730551842296576,3345,0.5804052894581297,395,0.33924628656931577,19004,0.4094939398060964,17098,0.5681964671297983,718,0.6119881146864783,1456,0.7581619661766238,795
5944750.0,1795750.0,0,9.10688046102963e-06,11938,0.5320432976050102,10741,0.5439337736693506,6363,0.596754192928812,2299,0.3232011304131546,4868,0.5566225654472259,948,0.5230162080669736,10706,0.5798608576708879,7503,0.4615031247087158,2434,0.5126369836286049,3435,0.7580574484443946,796
5904650.0,1750350.0,0,0.003584854984941496,5945,0.5001773261775349,12281,0.5074040011319401,9515,0.5449977349565874,17021,0.31058272170611034,5562,0.5039765912910006,6847,0.5009975618615581,11674,0.5510793713324218,8914,0.44815279157268884,2822,0.5673637698461691,2189,0.7580133928278536,797
5998950.0,1748750.0,0,0.005409431014242777,5547,0.45971341906032687,14293,0.5080938724237591,9445,0.6132242342661747,893,0.4684149905706019,752,0.5864804389021365,320,0.461403669808901,13479,0.5220796700093817,10512,0.5302874519627565,1070,0.6441618824134693,1044,0.757984521001186,798
5989150.0,1753950.0,1,0.999999999982436,225,0.8948059815426006,491,0.7140608077810895,681,0.571600799623204,7712,0.34117829203656896,4033,0.5309175574581642,2716,0.9696045928751669,290,0.9012229345386144,1041,0.6209978011487468,429,0.5311747790508972,2973,0.7579464375461047,799
5900550.0,1745450.0,0,3.3166940475272425e-06,12655,0.4229033459555002,16103,0.42825311165181756,16615,0.5624028569776983,10327,0.38192435300738564,2453,0.5252440491916457,3377,0.397680501304456,16394,0.43713913481932765,15534,0.4728071714979569,2143,0.6304686846448704,1227,0.7578060550220265,800
5989150.0,1751350.0,0,0.001409094290261248,6955,0.44850258713210645,14834,0.5239576553846754,8062,0.5879196041929723,3764,0.5073832216088321,374,0.5758929352208304,461,0.4451200516720448,14228,0.516689997800785,10838,0.6280406548271479,409,0.7484897685763345,276,0.7577034100124115,801
5902450.0,1749950.0,0,0.001443371987803793,6926,0.4844624212580857,13066,0.5225041128567101,8175,0.5505150061487063,15264,0.3194188109882003,5070,0.5105608129377225,5624,0.5085375863390426,11333,0.5694303047794976,7979,0.5008086783872796,1541,0.5772303879163624,2015,0.7575966087073365,802
5946750.0,1794450.0,1,0.9999999725531005,719,0.893548799565453,564,0.7081053662659775,802,0.5603117154884301,10953,0.2906088733838638,6756,0.5149076214398611,4894,0.972915830342985,177,0.913138526464579,768,0.5089928679660228,1397,0.4702617656914938,4697,0.7575297528001912,803
5909750.0,1770850.0,0,0.0002252663467137521,8873,0.40493388518971773,17018,0.4443820538676055,15297,0.5700374883706674,8152,0.3313555600445713,4494,0.5481211393290021,1326,0.4047745245715657,16047,0.44128456888447165,15298,0.32180292123965704,8515,0.5329428595385153,2941,0.7575155806555328,804
5989550.0,1757250.0,1,0.999999999872971,327,0.9204359621878065,4,0.7533936208874374,21,0.6150263667314866,801,0.39257354206755074,2155,0.5623241850484769,758,0.9981948022164778,5,0.9845005118526791,6,0.6537718392111296,317,0.486396718821674,4191,0.7575149059639088,805
5971450.0,1773550.0,0,0.0012233415940409989,7092,0.5737155252977133,8720,0.5893186154340957,3344,0.5877050877602068,3804,0.3379806570083455,4186,0.5505827705727911,1186,0.6000813667657514,7169,0.6561157823406205,4242,0.5701997210444303,706,0.518135315778468,3269,0.7574207404158695,806
5986550.0,1753250.0,1,0.999999999037251,488,0.8997119015966221,124,0.7386502575789421,145,0.6206288662664783,600,0.3765237074284636,2649,0.5794246108308907,406,0.9705465398863063,248,0.9349237112103695,226,0.6870568782442029,229,0.5078673741929507,3579,0.7573911869252076,807
5932250.0,1690850.0,0,0.0574617585295595,3247,0.7110541957759982,2218,0.6408244002721367,1709,0.6102229943508523,1054,0.3077936332433354,5719,0.5627746065022975,743,0.7449250928606787,1869,0.7771828254779318,1661,0.4767959163446047,2041,0.5465599371789828,2614,0.7571034735792652,808
5997450.0,1748050.0,0,0.005885386220876183,5456,0.33418679053474726,20410,0.43050725899533576,16434,0.6359134209496774,178,0.4672144457396518,768,0.6047244245689691,178,0.31226433386662245,20079,0.3886351119244169,18105,0.5439634168436422,919,0.6504823255058514,991,0.7569921157942852,809
5907850.0,1753250.0,0,0.010128331966208846,4916,0.3967083595538067,17403,0.48023255225692785,12108,0.606816175367182,1261,0.34887029924347396,3694,0.5498804501445609,1236,0.38999387361786964,16721,0.4678608837394421,13718,0.7083080242715991,196,0.5237182673078934,3142,0.7569276724749316,810
5908250.0,1747450.0,0,0.06252117958673466,3179,0.6865302038960612,3078,0.620668650810084,2122,0.6242942147965512,493,0.284119604782602,7176,0.5660824075349775,658,0.6920502357129708,3143,0.7299552575040789,2191,0.5880211827112938,583,0.4746705742088969,4553,0.7568515531400362,811
5989950.0,1761050.0,0,0.00010796508257810767,9648,0.4686073189385161,13832,0.4842621583347788,11692,0.6045296722327332,1432,0.4143473355123928,1650,0.5775116867739665,433,0.4693950019654928,13112,0.5189012904192266,10693,0.37240483869092533,5716,0.5478906511466244,2575,0.756772106173287,812
5885450.0,1765750.0,1,0.9999971949241543,1149,0.8474274940215589,1217,0.6801918713150141,1163,0.588333417842333,3694,0.2780369157918058,7627,0.5419192075831327,1745,0.912479750945748,1192,0.9219253805345293,516,0.4140244250907713,3968,0.5108113723822415,3488,0.7566997255038372,813
6001950.0,1722750.0,0,0.0017681257303303586,6703,0.41508067836253376,16505,0.4939810004347899,10768,0.595933642380782,2396,0.3167787606378763,5226,0.5520690493174426,1124,0.42793286799650043,15005,0.4989393814192806,11882,0.4529500717276882,2676,0.5078538524864511,3580,0.7565735336443672,814
5987050.0,1754150.0,1,0.9999999999953917,144,0.8975380008596062,278,0.7244276109740811,434,0.5855250001745232,4277,0.3404615780154127,4068,0.5351790839111623,2297,0.9661649196134348,454,0.9274486817367714,366,0.6952683530820598,215,0.4864238460483685,4190,0.7565544957983558,815
6033550.0,1699850.0,0,3.3480479129762236e-07,14106,0.48208142752426,13183,0.45986989021275515,13906,0.5528384690183301,14375,0.3482254318235981,3723,0.5161849956071095,4682,0.4849322367835638,12391,0.5103599282285743,11193,0.46677103976565837,2303,0.6102812838899532,1480,0.7564422681098266,816
5990850.0,1748750.0,0,3.0728082826259184e-09,16572,0.571631641993651,8828,0.5286266178340822,7649,0.6214990198373388,574,0.554114217980845,111,0.6062443742544741,160,0.5699391612626544,8566,0.5991234931811971,6566,0.6647438894655378,282,0.7403818039696517,309,0.7562635062413399,817
6001050.0,1719850.0,0,1.7285498288874505e-05,11445,0.45017121168181595,14749,0.45252804631718646,14552,0.5813035957062427,5219,0.36868172746575306,2930,0.5541441316408666,1035,0.4574005867542663,13659,0.4726755096187346,13450,0.304517649894833,9657,0.6141948783528661,1425,0.7562475158142279,818
6006350.0,1736550.0,0,2.0322182114507774e-08,15654,0.6982714727848471,2630,0.5688188751406521,4586,0.6049364745840168,1400,0.4865444595254287,564,0.5754448633841375,470,0.7181381996941414,2329,0.6998928998925136,2809,0.32836755108682514,8108,0.6586401840632489,914,0.756222799692009,819
5903750.0,1751450.0,0,0.000513446859781126,8012,0.7206077661479298,1987,0.6068083301869174,2580,0.5607485234647152,10814,0.3549236498904818,3446,0.5201206655996586,4072,0.740971408764393,1918,0.7608610257310149,1787,0.44682255603251353,2859,0.5813593963395297,1933,0.7561101875969543,820
6007450.0,1735150.0,1,0.9892867137510863,1406,0.790170206155837,1395,0.6592128717220989,1335,0.5688207513128483,8517,0.4113821808718253,1728,0.5388104093387391,1964,0.8201130510194242,1367,0.8302308963026069,1306,0.5255108317828787,1130,0.621562434653009,1332,0.7560860042105714,821
5886750.0,1761050.0,0,0.013267386506549737,4646,0.5084120761788389,11892,0.5291812606494128,7597,0.6012259278840505,1780,0.3707842127196013,2861,0.5685361215938992,603,0.502210237142773,11622,0.5604511563165374,8439,0.4675256352127851,2279,0.5813032980390062,1934,0.7560040202636769,822
5995050.0,1741650.0,0,4.450912308327716e-05,10569,0.5791170028391134,8428,0.5523503730010115,5713,0.5969184945466427,2281,0.5210876687558476,267,0.5806315275593478,391,0.5691197830655031,8610,0.6103254198730264,6066,0.5436841937979181,921,0.6733724265984966,773,0.7558695182537132,823
5987350.0,1755350.0,0,0.0013199078996119417,7021,0.41822869013078207,16339,0.494334294965263,10735,0.5881623892186001,3721,0.3738047894000926,2746,0.5517397556273449,1140,0.43634400273593854,14631,0.5187019305475827,10705,0.6527800935712789,321,0.5129339004481674,3427,0.7557222169537883,824
5985550.0,1763250.0,0,0.004120283695492785,5818,0.33575654710660047,20363,0.44438293533210493,15296,0.5860798303215717,4151,0.42382758178998586,1455,0.5586451900334354,867,0.3101975004478039,20165,0.3979750578228991,17670,0.5310464269329044,1059,0.5817473711127421,1924,0.7553979516526239,825
6037350.0,1695050.0,0,0.0023597098865196357,6395,0.36152708642462333,19144,0.4340886603484466,16152,0.5885289520775304,3667,0.34312117029264794,3954,0.543068097444103,1665,0.3680080888544415,17750,0.43565853971290924,15612,0.5435800743265864,922,0.5302892643371568,2990,0.7553480266203703,826
5996850.0,1749350.0,0,0.0030082469485049057,6128,0.4819306749553989,13192,0.5231781892324868,8117,0.6257691663846603,446,0.4196399012175054,1544,0.5825960759308209,364,0.4690429396688791,13129,0.5260186041952398,10291,0.5883827233615541,580,0.6427865421270109,1058,0.7552552430818866,827
5999450.0,1745150.0,0,0.002390594273550485,6377,0.42366497411392307,16067,0.4955198228463764,10626,0.5626070879658733,10267,0.3393809349914014,4113,0.5321607748651396,2571,0.44120137201868725,14424,0.5067047721946287,11427,0.4081423833328103,4195,0.5915319678371336,1751,0.7552374917733001,828
5895150.0,1758750.0,0,0.00655663416794642,5340,0.4318095062281578,15628,0.47843515858168256,12267,0.5388296208673924,18535,0.3118824037854494,5490,0.5028044833226577,7030,0.4412958205100369,14420,0.5043109804541795,11579,0.34221150918518095,7283,0.5762292773064277,2026,0.7552366098392679,829
5889650.0,1780850.0,0,4.81209062424898e-06,12417,0.47964375173329205,13293,0.4904753984738268,11095,0.5789296345446646,5760,0.41492580472974316,1643,0.5458081711972533,1490,0.4633106544381951,13391,0.5172826144156876,10803,0.5120266400067253,1335,0.6850044979557215,676,0.7552163053156673,830
5988050.0,1752150.0,1,0.9999999987903156,501,0.8927754119251036,584,0.7425447145848529,88,0.6431366950093632,85,0.5125479456594868,329,0.6027132339044535,189,0.9610433918695663,711,0.9187190447331052,609,0.8344839153382662,35,0.729254547240857,369,0.7552050425428796,831
5906750.0,1753750.0,0,4.6595091573964005e-05,10513,0.6530760664065143,4695,0.5687579852750086,4591,0.5430525304025781,17574,0.34107667906316486,4041,0.5094969711892695,5831,0.6691924128231808,4057,0.6639783672192935,3937,0.28806408932560623,10830,0.6154800896211929,1408,0.7551759999725444,832
5907750.0,1773850.0,0,0.0074014432428655495,5213,0.36897937350095444,18768,0.45375321211038594,14449,0.5354997744981161,19141,0.3763050477068333,2656,0.5156576043293365,4767,0.3572300801528612,18239,0.4309962439213958,15907,0.4357584729023012,3185,0.6539338027998445,959,0.7551426372855053,833
5985750.0,1753050.0,1,0.9999999998737674,326,0.8983626615274745,208,0.7282994596306586,337,0.5943705799649179,2651,0.3401284759650606,4080,0.5453262352622158,1526,0.9689757068396926,329,0.926736037712796,383,0.636965605376249,374,0.5142071348615878,3390,0.7551326381066215,834
5930350.0,1692950.0,0,0.013161270847719002,4650,0.5007294632790978,12255,0.5312953911445792,7417,0.5988572929518367,2030,0.3294204838058057,4573,0.5611074499151841,792,0.4870340835616527,12294,0.5411434930875255,9464,0.4838880922981106,1889,0.5890532193924779,1792,0.7550783964944162,835
5944950.0,1791650.0,0,6.739548994841046e-10,17243,0.5324619101731425,10721,0.5125491747074763,9049,0.5692170442244865,8398,0.3547904792983972,3450,0.530800757396712,2738,0.517495193769957,10940,0.5604574032228933,8438,0.3729527853522091,5694,0.6162875876166067,1397,0.7550328644444652,836
5881650.0,1763650.0,0,0.31631934726359356,2068,0.7224344084097584,1947,0.6381347179788408,1760,0.5744784853164486,6913,0.27597743292094107,7778,0.5378174236471128,2052,0.7598602161737604,1685,0.7910430701537134,1599,0.4964429069998856,1633,0.4634990939624737,4893,0.7548772045935794,837
5993850.0,1748250.0,0,0.1499795193384526,2516,0.7416323848256177,1629,0.6589875495420677,1341,0.5804151867913091,5431,0.2828357049971564,7273,0.5321174011280521,2580,0.7789739993274447,1579,0.8032206816766636,1562,0.3865264149600255,5114,0.5258559351043479,3083,0.7548274350000101,838
5901950.0,1757250.0,0,0.010395175315080768,4892,0.7027723305736385,2456,0.6092418029416342,2514,0.5782066210951927,5925,0.27001422587300505,8200,0.5227169803233327,3726,0.7141212149529998,2431,0.7359964199442661,2096,0.4001333736478734,4521,0.5033117342352877,3704,0.7547941801279513,839
5988450.0,1752550.0,1,0.9999999619644758,755,0.8887887238115842,838,0.7020480980745253,895,0.5735196256919713,7175,0.37685834971849114,2632,0.5338881756108984,2416,0.956295004586389,954,0.8939452840379037,1105,0.533771917722322,1027,0.5357485049198706,2878,0.7547212393606058,840
5906450.0,1754650.0,0,9.289313893579391e-08,14839,0.396604949372113,17411,0.39609800412624896,18827,0.5688983637022789,8498,0.4204628517868478,1525,0.5458154767920415,1489,0.38768081783171415,16837,0.4098096402674375,17081,0.29825783013840645,10112,0.636438979697941,1146,0.7547135231875779,841
6009250.0,1733350.0,0,0.0014185256977685134,6946,0.41301297218281136,16617,0.492408237559048,10935,0.6110446294762915,1012,0.3734458201683607,2762,0.5721942364125692,524,0.39569926938944067,16482,0.4618561565869468,14084,0.5221097591110155,1185,0.6267283046347123,1271,0.7546531125112641,842
6007750.0,1732450.0,1,0.9738531562728583,1477,0.7903910029734029,1354,0.6654931318384795,1268,0.5807724880592945,5344,0.44800889805846883,1037,0.5464641528874231,1449,0.8205728990556655,1344,0.8339957953523661,1284,0.5129986150007839,1324,0.6333531914738649,1181,0.7546170124207212,843
6000650.0,1726050.0,0,0.0002526791752612016,8747,0.4965362933188404,12462,0.4936534004865125,10802,0.6032249519741361,1563,0.36418080139050213,3092,0.5540340711585425,1040,0.49300101405943075,12028,0.5380792698660148,9634,0.5323945989855745,1042,0.6138410810324535,1430,0.7545610422645473,844
6038550.0,1692350.0,0,0.07544602619624233,2985,0.7496271570479085,1561,0.6650269032898135,1277,0.6049244580346459,1402,0.33791415793560536,4188,0.5547345283208726,1007,0.7741653147037427,1600,0.801903967381248,1571,0.6304177265387464,398,0.5008824858416874,3774,0.7544866295827599,845
5987550.0,1752050.0,1,0.9999999924502044,618,0.8884742387770567,853,0.6996598647011558,933,0.5817553177101346,5102,0.3550162688266069,3440,0.5457580206620674,1497,0.956790790289917,923,0.8957720489758033,1092,0.5543067252041307,823,0.5074945192851448,3588,0.7543861293693768,846
5944650.0,1790250.0,0,4.976366412165077e-10,17369,0.4081243274644205,16861,0.41198104782263034,17843,0.5561711454932461,12735,0.4957117160109082,479,0.5506988511555349,1176,0.37564341341611507,17410,0.39580942784518847,17780,0.28507141691420745,11051,0.7885708247180447,150,0.7543519789972244,847
5989950.0,1758750.0,0,6.446878013615424e-08,15036,0.373188553288131,18585,0.4298100085204179,16500,0.5440137443029847,17312,0.399199760655605,1985,0.5169475847997704,4561,0.34389752537797136,18810,0.41228199017706224,16955,0.36584716338125234,6040,0.5982623033757393,1651,0.7543432123932083,848
5982450.0,1766850.0,0,9.546670373151563e-05,9789,0.6016948502881252,7287,0.572362840242815,4359,0.5736382148528049,7136,0.34844324158853396,3717,0.5355870569919315,2248,0.596635028313677,7356,0.6410013323011716,4820,0.5548749260517144,813,0.5360347249326868,2866,0.7542302140470376,849
5986650.0,1764350.0,0,1.5340319001105493e-07,14564,0.5450122920314223,10154,0.5284528674134872,7663,0.5328281497064349,19541,0.3809436090221262,2490,0.5221419775214575,3805,0.5718255806439844,8491,0.5900007183935772,6979,0.29901427061191166,10056,0.5557446123803084,2404,0.7541689245305141,850
5973550.0,1773050.0,0,0.437735237821044,1897,0.7479693246200733,1570,0.6783298298089218,1176,0.6219266518910691,562,0.31001583071262706,5592,0.5755165137449914,468,0.7794041689963593,1574,0.8139181998485492,1477,0.5233074546090563,1167,0.48807688524730963,4129,0.7541415962981778,851
6009750.0,1733550.0,0,8.312337904717103e-06,12000,0.5275218978051462,10999,0.5044331745127855,9796,0.5727054016171926,7410,0.4609358946246073,845,0.5530719102600061,1086,0.5323765046334739,10292,0.5566805044128207,8620,0.43994298103990825,3053,0.7033329372938069,528,0.7541347804380099,852
5906650.0,1743050.0,0,0.0005213177504892368,7989,0.5484105392959127,10020,0.5220935123495177,8213,0.6074569243386587,1230,0.3825147738824295,2433,0.5438676553363757,1618,0.561924464881871,8967,0.607830937878,6191,0.6307169477042539,395,0.5439191492385931,2686,0.7541065016719735,853
5900850.0,1772450.0,0,0.0019882242394113057,6575,0.5800702226250063,8385,0.54769087344652,6072,0.6127704778595016,919,0.36713039964168553,2987,0.5535723440259198,1064,0.5900262977632309,7641,0.6304561583528611,5232,0.5136304691173098,1317,0.5842856119704611,1871,0.7539892676548414,854
5882850.0,1763350.0,0,0.19337456165025138,2367,0.6876986415146098,3031,0.6224219970752635,2075,0.5873461908343923,3879,0.341177896853496,4035,0.5404501840817173,1853,0.7156024774058994,2384,0.7504265891870778,1900,0.5294415125460448,1083,0.5899562886721813,1779,0.7538950528468225,855
6006450.0,1736750.0,0,0.0001624046743139019,9237,0.5746158663839341,8672,0.5671007835151914,4708,0.5702205092903548,8110,0.48110641098397494,621,0.5544358286175435,1021,0.5665967446409136,8731,0.6100524129043449,6087,0.4572471046771057,2555,0.6768240716943823,749,0.7538824266430518,856
5988150.0,1752650.0,1,0.9999999991385935,481,0.891825642064513,629,0.7300082025108287,306,0.6118757325666357,966,0.4017294526381356,1930,0.5624929169156037,750,0.9597536918780954,781,0.9103471236349299,856,0.7467600545997042,140,0.5312349995056164,2972,0.7538411358989887,857
6005950.0,1760550.0,0,1.4817970005548227e-05,11573,0.4960413457328741,12494,0.483672935858616,11756,0.5632295180491174,10060,0.35849022430526556,3307,0.5148405078765461,4906,0.47746408043265,12756,0.5103782532556782,11191,0.47743422005109837,2026,0.5693083000864612,2152,0.7538162888402109,858
5909150.0,1746750.0,0,0.0011066707637071786,7193,0.7385924087617158,1669,0.6092604294320065,2512,0.5660520588115677,9266,0.27155772180798365,8081,0.5279519931506423,3040,0.7683960786414619,1625,0.755967404586076,1836,0.3314727748322386,7903,0.4803141853359002,4380,0.7537713071079624,859
6007450.0,1734950.0,0,0.00041849405767722,8209,0.5372399423632084,10522,0.5467958217345594,6139,0.6124789513261184,937,0.36798640237166513,2953,0.574527705117658,486,0.5408194995919708,9941,0.5754068661261773,7711,0.5040205116890164,1490,0.6103284656567346,1479,0.7534167494228332,860
5941050.0,1797850.0,0,1.485604255898109e-06,13216,0.6319901996564613,5746,0.5668840675932247,4725,0.5730038316515873,7336,0.31276528447021434,5435,0.523670587191363,3585,0.6549515439266487,4718,0.6883642387389441,3162,0.48633202684236143,1845,0.5241808447917997,3116,0.753389994355519,861
5886950.0,1760650.0,0,0.004111101122524591,5822,0.5057594507836847,12033,0.5249015214834146,7984,0.6030607331181462,1585,0.29799446094764753,6298,0.5599347769805006,831,0.5283678604454847,10472,0.5759604123747514,7676,0.4154554491779008,3910,0.5190170755542582,3251,0.7531744314055908,862
5904050.0,1741150.0,1,0.9999999999625,273,0.9136883403324232,61,0.7174721355233109,604,0.5669398840950841,9003,0.3808016925547773,2499,0.5272424307896517,3142,0.9914767421684328,60,0.958502049088299,54,0.5290186542425214,1088,0.6524902821720674,972,0.7530785466244079,863
5871850.0,1727750.0,0,0.24785842273664713,2220,0.6928019723452712,2835,0.6303052184497061,1892,0.6196519556146061,638,0.31081503929222815,5549,0.5662354058889537,654,0.7230766127478524,2217,0.7568839560970511,1823,0.5040572046567564,1489,0.47129202120851754,4669,0.7530749235471728,864
5981150.0,1761150.0,0,3.882355188801045e-06,12548,0.3474022454824466,19858,0.41915261717266156,17330,0.5560744574246688,12774,0.4621110846943693,829,0.5463856716463112,1456,0.31860088784075913,19827,0.38310658286837707,18364,0.5151631044834666,1290,0.721595008592096,419,0.752967879845239,865
5886550.0,1761150.0,0,0.0003094869812726243,8493,0.38551368511079537,17971,0.44229301137728033,15485,0.6114557007944119,994,0.3917429107920636,2178,0.5698099267943385,569,0.393128776131362,16587,0.4629594993030022,14012,0.46587433294172054,2323,0.5818754717694097,1917,0.7529505793632698,866
5989750.0,1755850.0,1,0.999999999999905,19,0.8902040598679554,734,0.7260646141489763,398,0.60252249092911,1621,0.350227704215632,3637,0.5431848270517053,1659,0.9649345200131818,508,0.9102990086078486,858,0.6726966952189198,261,0.5163283825924165,3329,0.7529098802208845,867
5945050.0,1794350.0,0,2.1773125421637274e-09,16729,0.7120587782129606,2194,0.6125020947085722,2383,0.5749697566724961,6770,0.3151090196449878,5312,0.5314446466078646,2656,0.708610178330036,2592,0.6992661232139189,2831,0.41778822055341336,3817,0.5230981015106412,3156,0.7528939630256793,868
5902150.0,1759350.0,0,0.00012363796265927462,9503,0.6775594933768215,3449,0.5895820573462054,3326,0.5741244137265008,7014,0.3500376078133696,3648,0.5200169026490354,4091,0.6906420648966347,3185,0.7146735827483888,2470,0.5530623037557781,832,0.5978673722840335,1657,0.7528546842894495,869
5906050.0,1743350.0,1,0.9997925024764134,1241,0.8150649165968309,1294,0.6507599047690226,1496,0.5560768499419757,12772,0.27393598412247305,7917,0.5061465488965127,6453,0.8638335157924766,1254,0.8209289190780211,1382,0.4504444952802642,2749,0.4878592855941394,4138,0.7527412859661686,870
5981850.0,1753150.0,0,0.22668300328112972,2279,0.6590830662936346,4366,0.6178911090118823,2213,0.5952819589974181,2500,0.40201578145379474,1922,0.5398914758916873,1898,0.6906892285836073,3183,0.7262966190808794,2242,0.5534010641858081,829,0.6017135795875255,1598,0.7526863036829725,871
5946950.0,1796550.0,0,0.0024786438163986965,6343,0.6795769374927496,3369,0.6356080626228098,1802,0.6092842862867793,1106,0.30087912760958885,6128,0.5660475496595817,662,0.7052372158157785,2694,0.7510269295409009,1892,0.5666917826431404,731,0.4573902719213072,5097,0.752626376532704,872
5887550.0,1766450.0,0,0.2463598701180025,2221,0.7080641637858112,2303,0.6230196030841074,2057,0.58698439157301,3974,0.28826049370103374,6921,0.5446028807064347,1569,0.7361349391308085,1993,0.7656548398225158,1742,0.4173476896106404,3832,0.5261046777239117,3076,0.7526039123303478,873
6000850.0,1729850.0,0,0.0012255567315504051,7089,0.5759932474215406,8603,0.5817076090166164,3759,0.5856036779848597,4260,0.3218336830110925,4945,0.5414891971385327,1765,0.6090204158789803,6788,0.6559765602698848,4250,0.5110180224508655,1356,0.5498488199832962,2532,0.7523321129805558,874
5987150.0,1751950.0,1,0.9999999641957573,748,0.8974992935654549,281,0.7158254558853002,634,0.6127754735595962,918,0.350262099877979,3636,0.5664713297878226,646,0.9682338129742007,364,0.9221295344001338,512,0.5719406303378413,690,0.494892983905036,3938,0.7523162474970821,875
5886550.0,1761850.0,0,0.004294847030657008,5776,0.5308410026370456,10801,0.551186002187501,5800,0.5835342829094325,4701,0.3352491923194025,4318,0.5462058894864401,1465,0.5592934194066228,9095,0.6183460151949401,5734,0.47226469714508856,2159,0.5874256011520796,1825,0.7523156658050254,876
5988450.0,1752250.0,1,0.9999999997845956,364,0.8915660538967909,646,0.7338528864079674,236,0.6065101906506707,1279,0.5164452356521677,299,0.5784323885778803,418,0.9594813268939555,793,0.9136452928478862,759,0.7898711092740205,82,0.8015651913017374,121,0.7523102447893664,877
5945050.0,1796550.0,0,1.2113807348578703e-08,15929,0.45901592386796003,14324,0.4712609620915866,12906,0.6009178368984783,1810,0.32828022266797763,4625,0.5639846478498989,711,0.4739578219868259,12920,0.5043950057988547,11575,0.3593365279431453,6373,0.5043534968562705,3671,0.7522421615161206,878
5907250.0,1770050.0,0,0.00031119710011657636,8484,0.3502490063368289,19710,0.4183893064459178,17374,0.6012630955085595,1776,0.3405440380860331,4063,0.5619412117046065,764,0.3482229511451934,18623,0.41453377776139066,16842,0.5478685949728225,877,0.5254241495195321,3092,0.7521236998802748,879
5906650.0,1742450.0,1,0.9999999494103838,780,0.8871192740275906,921,0.7086098448372017,793,0.587685584286693,3809,0.26684296406629854,8435,0.5247691103469517,3452,0.9570648825296534,909,0.9325318234093432,275,0.6057029929214985,498,0.45739389557998567,5096,0.752026044122722,880
5930550.0,1692150.0,0,0.0014170667688612132,6949,0.6476150316509046,4972,0.5370472247779485,6924,0.5999734646139862,1900,0.32140866195677337,4961,0.5614032056691837,781,0.6344577298797326,5626,0.6185659899124203,5729,0.30678941899301715,9488,0.5525250212070165,2481,0.7520035144960981,881
5988050.0,1758950.0,0,9.851913825884037e-05,9751,0.560315436385527,9441,0.5815545368040244,3776,0.5626188788964828,10262,0.3779142967359521,2594,0.523414594213166,3623,0.5858574224899245,7847,0.6491077171658137,4506,0.5094586587281507,1386,0.5355194374190153,2884,0.7519878065073204,882
5882150.0,1760450.0,0,0.014527717140451462,4552,0.6667038408575956,3991,0.6214389283515376,2105,0.5873522366800028,3878,0.3082512470694123,5701,0.5396075072075894,1917,0.7044854683439322,2715,0.7452772243759113,1971,0.41829105316997695,3793,0.5229200637428335,3159,0.7519584071797484,883
5996750.0,1742950.0,0,0.03142872033756513,3754,0.5800410287736473,8387,0.5649450300026041,4843,0.556220811003145,12713,0.3157850780321893,5270,0.5232701459325068,3659,0.5938693396348872,7475,0.6309322862266386,5212,0.4228254589313626,3638,0.568531111805238,2167,0.7519429703622631,884
5909750.0,1770050.0,0,5.9493900268282836e-05,10282,0.5309308465688403,10794,0.508504020786013,9409,0.5783584361364257,5892,0.3381801449389364,4169,0.5361872091120032,2176,0.5168520317351326,10966,0.5476637722519182,9120,0.5270032532917832,1109,0.546117211702678,2627,0.7519030063801468,885
6007450.0,1732250.0,0,0.00034355385784628605,8398,0.513455752989058,11652,0.5406662386540069,6621,0.624706933195944,479,0.38388963989354635,2385,0.5770053018853477,442,0.5160827161328931,11009,0.5571074048713762,8599,0.5704744137369917,703,0.61968402736252,1355,0.7518958344908366,886
5978050.0,1777150.0,0,1.445716146891513e-07,14597,0.5604870310988433,9427,0.4922421615409565,10954,0.5661936029203873,9219,0.36371995723943595,3112,0.5374310277477933,2076,0.5574078635258592,9174,0.5507052880209151,8938,0.27189179821514253,11983,0.5939912272542418,1711,0.7518694291879117,887
5987750.0,1751650.0,0,0.021640374899261686,4120,0.7386846817270557,1667,0.6458522094864848,1616,0.5572607866147408,12225,0.42973578788795985,1349,0.5362741931076487,2167,0.7542931322276596,1740,0.7697017164078539,1708,0.4567361906685514,2576,0.7003821912028894,548,0.751612504128947,888
5988950.0,1752450.0,1,0.9999999996141056,413,0.8932723672138455,572,0.7045197942355061,864,0.5573211766946703,12203,0.3688903227798713,2921,0.5215056497948719,3900,0.9682630003877359,362,0.8970612811290459,1082,0.516631970376688,1263,0.6066145180089796,1524,0.7514146233560703,889
5971250.0,1771550.0,0,1.82421019261807e-05,11401,0.6439421115157097,5140,0.5888993880117361,3368,0.5672606450287181,8915,0.34668543628047704,3811,0.5207738162844243,3984,0.6405997040851891,5358,0.66850360935245,3781,0.46572991392003393,2329,0.579813471239347,1958,0.7513912576223847,890
6007450.0,1732050.0,1,0.9947680862813909,1340,0.7912289229408148,1313,0.6664359828863206,1257,0.6005277209160728,1848,0.4271649673081263,1401,0.5480005686427866,1334,0.8216698922362984,1321,0.8329989925911638,1291,0.533568950022917,1029,0.6159964859640179,1404,0.7512775896523346,891
5897150.0,1753050.0,0,0.013350918759942614,4637,0.597078539387527,7509,0.5849839216619357,3578,0.562966821814359,10143,0.3335705013671762,4391,0.5213385988250855,3926,0.6318873683333447,5739,0.6821881534645812,3316,0.4485118336818832,2812,0.5518274796515712,2499,0.7512024271361556,892
5972350.0,1776150.0,0,5.87228029529623e-10,17297,0.6214134622250275,6315,0.5329652487535279,7260,0.5535702217114558,14041,0.4402844599852938,1170,0.5352637532476201,2284,0.61995004749206,6302,0.6134274090460928,5931,0.28300157293644157,11193,0.6430411337497732,1055,0.7511631464028257,893
5989450.0,1752050.0,0,3.7665678876691886e-07,14047,0.5659222245901457,9121,0.5166472672477328,8710,0.5972042490130018,2250,0.5414988960377916,154,0.5933100637655524,250,0.5722078728242473,8475,0.5783568780435571,7571,0.31011034658187475,9267,0.7589127816528651,237,0.7511491541623382,894
6000150.0,1762950.0,0,0.00018791432623742349,9086,0.5226845020006762,11244,0.5494899898867492,5928,0.5638763706807121,9877,0.3474917886376633,3771,0.5196735258998354,4141,0.5301174972549514,10381,0.5885686948965638,7056,0.5151688638642695,1289,0.5388332301494854,2792,0.75111323677963,895
5981550.0,1756050.0,0,0.0034116697364729265,5998,0.5484146480963109,10019,0.5486497390173323,5997,0.550909336045459,15110,0.34928578708266583,3678,0.5046242604235109,6726,0.5665567126488219,8735,0.6089385542227223,6132,0.47843086718607464,2004,0.5633498813863688,2250,0.7510596055647292,896
5987850.0,1750450.0,0,0.00019400829890501954,9053,0.5095087303967701,11836,0.5157433742192655,8782,0.5975473654071846,2191,0.5803886701355537,46,0.5774008251320648,434,0.5032805068538981,11561,0.5534361231601339,8796,0.5836063645088004,612,0.7263157110877179,390,0.7508883330820433,897
5973850.0,1774350.0,0,7.833461850876704e-05,10015,0.427340245394058,15872,0.4714883097696849,12893,0.5476926546469347,16160,0.3533194454334769,3507,0.5088525651353287,5946,0.4293513379488225,14947,0.4857955822651332,12681,0.39161397007258003,4855,0.6006609813327326,1610,0.7508615283072484,898
5891650.0,1759950.0,0,2.6316489149791936e-07,14263,0.5829396147328,8225,0.5157700498015999,8778,0.6172043278761977,718,0.4311257819267792,1322,0.5822645984436662,369,0.5810910427823834,8068,0.6048625508666081,6332,0.4465582360894984,2867,0.5966635830686395,1678,0.7508572299815537,899
5971350.0,1774550.0,0,1.2299682754860123e-06,13330,0.5251099961587722,11114,0.4985552679602484,10337,0.5608427735310564,10784,0.37548431072922456,2689,0.5345037462464477,2360,0.5043291798340443,11522,0.5112529973290059,11145,0.2760008856591485,11664,0.611619245862578,1465,0.750798406418456,900
5894550.0,1759250.0,0,5.339454837835348e-05,10383,0.5708033236566934,8877,0.5154876047185387,8803,0.561418919787276,10624,0.3740790205950073,2737,0.534428036498146,2368,0.5752415037830704,8346,0.5795072103903469,7521,0.3105286459870632,9233,0.6000118792370255,1623,0.750767118124791,901
5989150.0,1757250.0,1,0.9999999999232416,300,0.8898463322232342,759,0.7186356453804442,578,0.5830871737448569,4800,0.3872819005862673,2293,0.540793756738523,1819,0.966328953511519,444,0.9150587827707286,716,0.6371010540882001,372,0.48668331861966263,4185,0.750740634607888,902
5905650.0,1742850.0,1,0.9999998095727681,912,0.884444867829925,1078,0.6932596048366083,1029,0.564504081202514,9702,0.2533290056618658,9370,0.5162061202891243,4679,0.9550180482456441,1033,0.9245074589481956,445,0.4162055754042082,3873,0.4511405619019795,5292,0.7507366115228393,903
6007650.0,1731950.0,1,0.9933688757154091,1360,0.7905787220382332,1335,0.664180327060464,1289,0.6288757374520098,353,0.41033125991485947,1750,0.5799189278036624,401,0.8215127093778022,1322,0.834500787829925,1280,0.5257062445277663,1126,0.5912839645972208,1759,0.7505844396677969,904
5881050.0,1763950.0,0,0.0011164633769720617,7184,0.7334753877763485,1738,0.604267003690639,2675,0.5568503500538317,12425,0.336649268555503,4239,0.5408692419876623,1809,0.752721899986886,1759,0.7372366285333749,2078,0.30643224530392177,9504,0.5721338368397414,2100,0.7504317665336773,905
5997250.0,1748450.0,0,0.00752949937286669,5189,0.45703873042649645,14429,0.516651806326682,8709,0.6162138322321215,754,0.3067960515133505,5778,0.5645146447104916,697,0.4619162207808536,13459,0.5242383950153842,10387,0.5001816987353208,1555,0.546890959993655,2601,0.7503591649637542,906
5986750.0,1760050.0,0,4.5062394969778665e-08,15212,0.4437697422890567,15064,0.4678640231943889,13202,0.563589916285469,9961,0.4210697645864069,1511,0.5352644012628921,2283,0.4152297916630985,15571,0.47606739214623073,13246,0.4571289137429976,2558,0.6515365013574999,980,0.7502776423896985,907
5972150.0,1774150.0,0,0.0004472768440991614,8157,0.3955975629248784,17463,0.46502869664338475,13478,0.5656535535121576,9382,0.3630588681421818,3145,0.5295351698046173,2872,0.37658531568523324,17371,0.44155943907550677,15281,0.4682780115696633,2253,0.5662258934298465,2207,0.7501735777014786,908
5994150.0,1749150.0,0,0.002695792931941084,6258,0.3206283981172898,20877,0.42527955103816195,16861,0.6415473441999022,102,0.40873659377062505,1783,0.5907533925718045,272,0.2975553639544223,20598,0.37614464388576274,18674,0.6295353307123843,401,0.6517789491682544,977,0.7500517981736143,909
5974850.0,1774950.0,0,0.00109465690738057,7204,0.5920410102400601,7749,0.5932166329248721,3159,0.5725715634000481,7452,0.31864081052125603,5128,0.5319759745536057,2598,0.6270340219095215,5963,0.6757618794663265,3523,0.4768953844887214,2038,0.5131847116938861,3419,0.7499354439465052,910
5980450.0,1763850.0,0,6.204780182149306e-08,15055,0.5963253438467763,7538,0.5366239753922594,6967,0.5222245879236083,20525,0.41321004065851835,1683,0.5103571704459411,5658,0.5942391210170404,7464,0.6078308669812174,6192,0.41086396860381513,4095,0.6733173616474342,774,0.7498922522829021,911
5903050.0,1756250.0,0,0.11148227473818971,2700,0.6876011532961712,3036,0.6043292676461096,2674,0.5723912268800787,7496,0.2624191309667636,8748,0.5240182939196616,3541,0.7185542636809126,2321,0.7461524459954887,1957,0.48694370389141983,1836,0.4609649294488951,4963,0.7498829327997545,912
5987250.0,1750550.0,0,1.3847528601772793e-07,14615,0.6425928373549222,5202,0.552659317323139,5688,0.586329388926191,4102,0.386564502820923,2306,0.5479481371589822,1340,0.661414799603365,4409,0.6510403716746181,4431,0.31365839333836754,9038,0.5719920134300663,2104,0.7497788188367436,913
5988650.0,1756750.0,0,1.4841488481882492e-09,16895,0.3238298199619264,20778,0.39881818878294817,18678,0.6215508511781186,572,0.5373933392044286,177,0.5995467107169893,213,0.31655237196477826,19905,0.3941932438021176,17849,0.6837016592592472,235,0.8065736719426736,103,0.7497786867036751,914
6034650.0,1696750.0,0,0.060193538188395186,3214,0.48044926088730044,13255,0.5100415916608384,9290,0.6012825656101776,1774,0.3055656219545373,5856,0.5588885364757576,861,0.49745961983230313,11840,0.5588996640118118,8506,0.496751284072233,1627,0.4862298481160623,4199,0.749757718647309,915
5989150.0,1752950.0,0,3.8164227266832946e-05,10719,0.5953996251971192,7579,0.5684914210125233,4606,0.5602959600296658,10958,0.5404765013408974,160,0.5636226204507165,726,0.5841891543421767,7916,0.6195290409785292,5686,0.4532215813113438,2668,0.7699525090467807,208,0.7495315321332074,916
6006850.0,1765050.0,0,0.07015785371508594,3065,0.6205464323810663,6349,0.5847370891192734,3595,0.5889409860389646,3603,0.49269047164127755,509,0.5616404945021168,771,0.6275393560848368,5937,0.6589233595448543,4124,0.6677378472941573,275,0.7147625294969614,462,0.7494694731715297,917
6000050.0,1726650.0,0,0.0015157781146392048,6877,0.5024190530811343,12181,0.49501604517425646,10678,0.560004958963863,11061,0.32709530757518573,4679,0.5113477888241436,5478,0.5112677341651402,11220,0.5499172000163943,8978,0.4180878894169926,3802,0.5434518446897825,2699,0.7494458540620959,918
5987250.0,1755050.0,1,0.9999999999910829,179,0.8899528699514024,751,0.7190229565929491,569,0.5885394818810719,3666,0.3336262207729188,4387,0.5409405985566675,1804,0.9613927605028445,687,0.9189574692178597,599,0.6315551304200736,390,0.4599291203211435,4995,0.7494007154907204,919
5983950.0,1753650.0,0,7.520952905777907e-07,13622,0.5730611798035445,8749,0.5279495376526309,7712,0.5500007639403608,15440,0.4522352637973047,976,0.5305916651420043,2761,0.581608391415132,8040,0.5845073594218674,7259,0.28168385770499527,11293,0.7135155615452087,472,0.7493928159654718,920
6005750.0,1731250.0,1,0.9961548493982298,1324,0.7903206787095605,1366,0.658200970971123,1361,0.6062509723254023,1291,0.32798839247125244,4646,0.5566403054444754,945,0.8209718950601606,1333,0.8302948730505042,1305,0.5489977382507801,869,0.5024592637512433,3724,0.7491649649393954,921
5999450.0,1744450.0,0,0.0030478304386109345,6115,0.5385360653540995,10458,0.5556271786993039,5474,0.6126400688632655,925,0.4593714401650236,870,0.5849757231062942,338,0.5296948559057051,10404,0.5811805688173881,7436,0.4876854226949746,1816,0.6268273446895839,1267,0.7490799675371222,922
6005250.0,1733550.0,1,0.9996616835666332,1248,0.7915585872426724,1311,0.6840837639447014,1128,0.630517832067935,309,0.5420347815552542,153,0.5969719813691191,226,0.8225941010999966,1318,0.8457862733260744,1261,0.5850990997810135,602,0.6609410115851903,889,0.7490758642135636,923
6007850.0,1732650.0,0,0.000696001798428125,7695,0.4765539901047726,13425,0.5246230722285096,8005,0.5728709672085289,7361,0.45727138941932766,908,0.5474295172989624,1369,0.47989700906190347,12643,0.5380409222627794,9639,0.4746177742729183,2096,0.6364258277704663,1147,0.7490745282336648,924
5943350.0,1794450.0,0,9.601648721370313e-07,13471,0.4788060512725412,13320,0.504103607034131,9831,0.5491405945196501,15714,0.3075970510389279,5727,0.5177850543429712,4428,0.48397095382134103,12445,0.5270919532891645,10211,0.3846038235700624,5190,0.5104526539244588,3499,0.7490587990199259,925
5887250.0,1760750.0,0,0.003995663373887552,5846,0.4289625852516339,15778,0.44843920283386335,14920,0.5978355524018067,2156,0.42819289136055183,1384,0.5872389395938278,313,0.40036853949580564,16267,0.4288962934781887,16023,0.3239290738405428,8384,0.6090539291377615,1494,0.7490533106647654,926
5904750.0,1770150.0,0,6.995808169207527e-05,10129,0.6576879941008503,4446,0.61299485287639,2358,0.5597076237616281,11175,0.43358863258962216,1280,0.535401054216675,2267,0.6559429247647017,4671,0.6929758606194754,3014,0.45639209973795913,2590,0.7029603547836248,533,0.748848841956085,927
5963950.0,1738550.0,0,0.0025395692372223674,6322,0.3932624836928713,17571,0.48081119120073923,12030,0.5371747498004871,18834,0.4115555181695413,1724,0.5290484649136561,2921,0.36440701270604814,17923,0.4311245323559556,15894,0.39901025145876945,4567,0.6590905259207149,910,0.7487781312354873,928
5886050.0,1780350.0,0,2.5829955562025476e-07,14270,0.5505942685716806,9912,0.532002907196718,7355,0.5839495116783939,4600,0.41073192855324875,1741,0.5560774528686069,962,0.5535471469047382,9366,0.6045993752547978,6340,0.490403456335625,1752,0.6854220585609523,672,0.7487775198634371,929
5973050.0,1777850.0,0,1.4374017343036089e-05,11601,0.3898070485763626,17741,0.44160980493128515,15536,0.5713510738802059,7789,0.4061227236884378,1839,0.5274631584518085,3111,0.38734010782372963,16846,0.4479041277587327,14908,0.48727205007284335,1828,0.6180773250812122,1379,0.7487628438091632,930
5903450.0,1752650.0,0,0.00016430190652152036,9226,0.435076263544726,15455,0.4576814502842213,14105,0.6322751523195075,269,0.3843243558390846,2371,0.5687561095098391,596,0.4164869422197859,15521,0.47690615990259877,13199,0.5173422960282801,1253,0.5713724428628713,2119,0.7487573978315768,931
5884450.0,1765550.0,0,0.06377881720087837,3161,0.657479229362941,4462,0.6034270764964602,2707,0.6095959937832492,1089,0.3849935810664369,2346,0.5738311041018751,494,0.6630393927682228,4343,0.7010371939162637,2784,0.410594782994149,4108,0.5635078365374367,2248,0.7487224216843126,932
5903250.0,1746850.0,0,0.0014700429599891554,6907,0.35745977855597016,19356,0.42129329428391626,17167,0.5423029846618203,17781,0.3672344078482197,2981,0.5159509391685194,4720,0.335816880900643,19151,0.39037494342582657,18023,0.4337118538651449,3257,0.6091468374306062,1493,0.7485927556856977,933
5978050.0,1775750.0,0,3.4660010639204636e-05,10795,0.6398165072461659,5351,0.5486835388702392,5990,0.5628744472842219,10178,0.3535926037456128,3499,0.5325357504765407,2543,0.6300812831414025,5813,0.6145883446373267,5882,0.26535941288889986,12493,0.591151366677545,1763,0.748572597110283,934
5898250.0,1758350.0,0,0.002280365548317132,6430,0.6233438879583808,6210,0.5706661859421429,4465,0.5587809933792882,11549,0.28755116445652945,6970,0.5179702682658552,4396,0.6192800977818811,6335,0.6381759711031899,4930,0.44875454361974065,2801,0.4992644506694577,3817,0.748554408617981,935
6001150.0,1721850.0,0,1.6641443810478421e-06,13145,0.6819320569460448,3260,0.5629336298116047,4974,0.5467333028568148,16494,0.4300716069289857,1341,0.5331812070382188,2475,0.6971205576668438,2958,0.6818625456207212,3323,0.3010429566651076,9908,0.6273194336734971,1260,0.7483664928403682,936
5885050.0,1761350.0,0,0.0022250346776997083,6450,0.34944574011354423,19752,0.4295250262887931,16520,0.5917771727960651,3085,0.344020063380654,3917,0.5580242945284382,889,0.32492254934857767,19574,0.3863586808032825,18228,0.43272773029156875,3298,0.5768132621812482,2021,0.7483423520651029,937
6002250.0,1727150.0,0,0.0015079299624371255,6878,0.38880920915619455,17786,0.4814103254003379,11972,0.5794591386002342,5635,0.2754596199865106,7812,0.5320778197557228,2585,0.3982649709682453,16371,0.47301189926827636,13435,0.44321610485867535,2969,0.48622830126018124,4202,0.7482863335248426,938
5982550.0,1755250.0,0,9.561389101540303e-06,11893,0.6347074913380504,5620,0.5702584824971817,4495,0.578290047089058,5904,0.38228229570601113,2442,0.5369367268356744,2115,0.6352941207355858,5590,0.6616612977142896,4026,0.5273660127308069,1108,0.6667241397758434,837,0.7482516526643826,939
5894350.0,1758950.0,0,0.0038831229892384027,5869,0.5132759434033137,11658,0.5284496801950056,7664,0.569445661677479,8339,0.3722051552813015,2812,0.5354186914531102,2264,0.507459475323837,11385,0.5613464733872239,8404,0.43715942515387096,3143,0.5837210164737012,1886,0.748212639172176,940
6002450.0,1761050.0,0,1.4293744497085587e-05,11607,0.6310882599395515,5791,0.5718854859629131,4391,0.5803532704991055,5448,0.341608842838456,4015,0.532524470200933,2544,0.6277301501205743,5928,0.6619874293188448,4012,0.5962133823127668,541,0.5233963499879695,3150,0.7481351764489306,941
6036950.0,1695750.0,0,0.0009245609167399752,7403,0.41535069426567695,16486,0.4922910654165336,10946,0.5663525331492438,9162,0.34647601381608917,3819,0.5174838166212767,4473,0.4197353129648692,15379,0.48877117567106754,12517,0.44864482955723006,2806,0.5473959697264257,2588,0.7481065219199692,942
5872150.0,1727650.0,1,0.9999999006012937,843,0.8948218414631127,489,0.7014812408395713,903,0.6125105641601541,934,0.2679174029879261,8353,0.5532445953576899,1077,0.9672068728306619,400,0.9194632942146151,587,0.5002771177855568,1553,0.4349537409129124,5840,0.7480620708108003,943
5880150.0,1762750.0,0,0.0041321756247133705,5813,0.37854517979050784,18323,0.4714549682146272,12899,0.5609300048312124,10751,0.4042948746104486,1867,0.5409165977804868,1806,0.36132912981881526,18063,0.4404684554451481,15346,0.4555645406197272,2613,0.6186365219757555,1371,0.7479593943207026,944
5908950.0,1771650.0,0,0.00012772166776030673,9465,0.37131533841652076,18678,0.46224685684262684,13706,0.5601409567925666,11019,0.3335973202460336,4389,0.5233984773288531,3629,0.3826504968548604,17088,0.46511607175672043,13870,0.4877841010718127,1811,0.5139510606489532,3396,0.7478906362079718,945
6000850.0,1719350.0,0,0.019563205751606385,4223,0.5851819854795514,8095,0.579591464590861,3896,0.6042860352804295,1455,0.31907915052839375,5093,0.5479715136771915,1339,0.6214233802314465,6242,0.666750682056708,3829,0.4907569481127021,1745,0.5180275830328336,3274,0.7477185116201426,946
6004650.0,1739850.0,0,1.8390806471479738e-05,11396,0.6302401283552269,5832,0.5941074153745506,3116,0.5521575542004697,14643,0.48484966993670214,579,0.5407904008046099,1821,0.6361370932652235,5554,0.6737385236932024,3592,0.3382328294491319,7486,0.6402562995361644,1086,0.7474994859993683,947
6003950.0,1714650.0,0,0.03313111740194218,3706,0.5867826491820478,8014,0.569434722930512,4548,0.5929544499972105,2878,0.3042924864520478,5942,0.5463464849613711,1460,0.6024551421100407,7069,0.643004288997449,4727,0.4735363766395738,2124,0.5146755235041424,3373,0.7474464749485719,948
5903250.0,1758950.0,0,4.075992910440995e-05,10663,0.542196532832006,10287,0.5484255474553033,6012,0.564975426622284,9586,0.4346890741988265,1256,0.5277798618921588,3065,0.5524085074087571,9408,0.6039755916843901,6363,0.4648361395919798,2352,0.6363994217989023,1150,0.7472734849937699,949
6009750.0,1731950.0,0,0.0032083895802762262,6078,0.4767190278733222,13419,0.5187872579851945,8520,0.6047439426393101,1415,0.5020047969465693,421,0.5784404259694861,417,0.4713031039378951,13025,0.5265034595502184,10251,0.5146666305265684,1302,0.6385273176289225,1110,0.7472711769030684,950
5904750.0,1741150.0,1,0.9999999524834322,776,0.885281174741794,1023,0.6941761671065088,1017,0.5509289461996475,15097,0.2709335817873157,8124,0.49864481889184603,7830,0.9544604834900359,1062,0.9218530901488996,518,0.44886612510115986,2797,0.47458062977374105,4559,0.7472090749528926,951
5971650.0,1774450.0,0,2.7013789816846584e-08,15481,0.711300393842019,2210,0.5723113647424402,4361,0.5690244356964383,8450,0.4609000860955181,846,0.5496076169261134,1251,0.6955232362137231,3030,0.6395027678328953,4894,0.29265760376137195,10505,0.7110496045322477,483,0.7471945506939607,952
5904350.0,1742350.0,1,0.9999999569111054,764,0.8849148097953636,1049,0.6990369321261961,947,0.5611554673357296,10696,0.28055261692619343,7435,0.5072459059291968,6253,0.9546378794191185,1056,0.9247891412390132,436,0.409809082580908,4135,0.5239373090921111,3129,0.7468850545669389,953
5893750.0,1759350.0,0,0.004096458035780274,5826,0.3610933029985049,19168,0.441661060223498,15533,0.5707200184498602,7976,0.4502071979800245,1000,0.5451185341914224,1538,0.3522943608088902,18450,0.4264038329241291,16169,0.4550714739719156,2626,0.6142155430668885,1424,0.7466888738346963,954
5988250.0,1752650.0,0,2.4257723156735616e-05,11134,0.4683783074852217,13848,0.5048219518705164,9758,0.6109890130065102,1016,0.49255483051673377,512,0.5828268677701854,360,0.4500384646179464,13986,0.5092368381085167,11270,0.6070991288464933,493,0.7394168635761704,317,0.7466468138671354,955
5941950.0,1791750.0,0,0.08386516590612479,2899,0.7496011094923908,1562,0.6759139238221175,1193,0.5711687971630014,7848,0.4150858973188087,1638,0.5423274102826019,1721,0.7988292105718398,1544,0.8381698776003548,1271,0.523057170989319,1171,0.6670467263120157,832,0.7466415480617079,956
5884450.0,1766450.0,0,0.005005327425275636,5626,0.6781417599959374,3429,0.6257123220630887,1995,0.5686376648401332,8572,0.28433192992646206,7166,0.5207774477316413,3983,0.7078301811255626,2613,0.7445492692439302,1980,0.47832115708608247,2008,0.5229267621487144,3158,0.7466308574003636,957
5981850.0,1756450.0,0,0.14267422731665133,2546,0.6832177688172185,3204,0.6403142316719128,1715,0.603555739598056,1527,0.3817624693165823,2457,0.5623299543364474,757,0.7230955595083667,2216,0.7631179352358958,1764,0.654591690230168,313,0.5016040314784114,3753,0.7466013836629781,958
5976150.0,1774550.0,0,0.0002786252858494682,8632,0.4115116440063216,16687,0.4972537539197783,10455,0.561005323444089,10732,0.300321492512946,6157,0.5276953196034849,3077,0.42809129515896527,15003,0.5010141382745759,11753,0.3624084414372234,6208,0.5011117874815637,3767,0.7465799659173991,959
5978150.0,1773850.0,0,1.8032946942470174e-06,13085,0.6039805535662987,7180,0.529643165474537,7554,0.5438469272915485,17358,0.35376037706647295,3494,0.5150679497860521,4862,0.6039259631614164,7011,0.5916897848457745,6904,0.25747676638179606,13069,0.5869135117113127,1833,0.7464208297142686,960
5901650.0,1749850.0,0,1.588672220120491e-06,13180,0.41961091667929323,16274,0.4466425326161333,15098,0.5476225695535777,16190,0.36206850535606416,3183,0.5147625680609388,4923,0.4195260207146674,15387,0.47659076044317095,13217,0.38543091501431337,5163,0.5925308237935489,1735,0.7462497067253822,961
5900450.0,1771050.0,0,0.044397102468028776,3454,0.6508198920199137,4824,0.5968161646114343,2986,0.6157441344288919,773,0.3558905035178089,3405,0.5519122955810946,1133,0.6467572052546754,5069,0.6797837441468355,3391,0.5680078341668949,720,0.5394134328410671,2781,0.7462208412983042,962
5908450.0,1770450.0,0,0.0013132583997978859,7026,0.568071825040608,9012,0.5633985644295973,4948,0.5777362697653424,6038,0.3242526899965775,4818,0.5330138968458382,2494,0.5695877810747881,8587,0.6193501875202319,5692,0.5318325141413854,1049,0.5164401449343888,3324,0.746124635761499,963
5989650.0,1758750.0,0,0.0007241442265806519,7654,0.451528062338409,14687,0.5088727439220433,9378,0.5602440740599846,10980,0.4100876064548338,1755,0.5340327103459223,2401,0.4368966742131757,14609,0.5085169027651376,11312,0.5062753088297929,1439,0.5510143127517183,2517,0.7461068840530636,964
5989950.0,1750550.0,0,0.26810410555239994,2167,0.6600366486706222,4320,0.5999866008127656,2846,0.6204703355418838,607,0.46553721986416174,785,0.5792230682648368,408,0.6836809057321476,3452,0.715856355911917,2438,0.7216261533977667,176,0.6947624504938865,591,0.7461046644304201,965
5909550.0,1748750.0,0,0.009911907558948527,4938,0.37656148733109784,18427,0.42266736002526917,17064,0.587850212126053,3776,0.3113905402686908,5517,0.5452944240345838,1527,0.3501898878343326,18546,0.40116330512839526,17527,0.5671759958254528,727,0.513099398940625,3420,0.7460179730794423,966
5895650.0,1757150.0,0,0.025266248317571148,3971,0.5599744382678886,9449,0.5479892585244206,6045,0.5703036679379115,8084,0.2866611976515907,7035,0.5234861547633278,3613,0.5680445662897109,8666,0.6146850074577084,5880,0.4462124789751939,2879,0.5171474778194085,3297,0.7455700430934342,967
6006850.0,1764250.0,0,8.207824411419682e-05,9959,0.5983537557251596,7449,0.5861169128939974,3514,0.5569257542512177,12381,0.5423758590631735,151,0.5559992637405146,965,0.59177965539128,7565,0.6308194328439637,5219,0.44534071560772326,2906,0.7674670439468705,217,0.7455424870969998,968
5989850.0,1755750.0,1,0.9999999999998277,25,0.8898764310134779,757,0.7164328166088741,622,0.5781726217926473,5933,0.34465383846693587,3887,0.5271840342333277,3151,0.9648236242508673,517,0.9069545721737013,927,0.6413369629452381,354,0.47665184530371196,4487,0.7455367474861766,969
5885550.0,1766850.0,0,0.0006375985594969748,7796,0.6208684480538098,6334,0.5588298959876106,5245,0.5790844242613835,5720,0.3647138624079049,3070,0.5425034861766745,1705,0.626765329791034,5978,0.6482283027467631,4539,0.49574026431956675,1652,0.6053401959497473,1542,0.7455150500879584,970
5909450.0,1775850.0,0,0.0034762516308332212,5975,0.42364372381389376,16070,0.4710018691480711,12930,0.588272484812005,3706,0.34660067037875647,3815,0.5358831183498598,2214,0.41780640229675803,15466,0.47939523679625906,13023,0.5922455637651487,559,0.5387915097528583,2793,0.745481855433743,971
5875350.0,1722450.0,0,0.13632459461794086,2570,0.5554449753896763,9670,0.5428401798357032,6440,0.5981285715932838,2125,0.3674381491809302,2974,0.5538156215816538,1047,0.5535631296071081,9364,0.5942135101571248,6772,0.4734897129198492,2125,0.515088767162736,3360,0.7454484549566404,972
5973750.0,1775750.0,0,3.307892841923617e-05,10844,0.592963013971355,7703,0.5585263380886999,5272,0.5745104436162297,6908,0.37653961200203345,2647,0.5273126779400915,3130,0.5793766710400371,8130,0.6118809098290341,5980,0.5016242425629029,1524,0.5897355740354951,1786,0.7450365790679611,973
5909650.0,1774950.0,0,0.000993916588797885,7315,0.3674341626833977,18845,0.45812469569658404,14063,0.548001896295879,16060,0.45327753601005427,967,0.5177034120480276,4437,0.37726275819931676,17347,0.4551434764567852,14484,0.45524614061536206,2621,0.7315759058116469,359,0.7450063189485505,974
5883550.0,1761550.0,0,0.002502861381200046,6333,0.6246919810189703,6132,0.5754229239726336,4142,0.5832182167409976,4779,0.3228128302987592,4895,0.5503188846422198,1207,0.6214539075876975,6239,0.6429431745921537,4731,0.4224087784339555,3654,0.562671782535956,2268,0.7449774480951719,975
5906450.0,1771350.0,0,0.00042294752729471,8202,0.5409097989696612,10346,0.5521826766298433,5728,0.5569128529553002,12388,0.35322333582116966,3510,0.5233241204610426,3647,0.5596678348046287,9080,0.6141878845525682,5903,0.4658556366162181,2324,0.5153667290495186,3350,0.7448364844865989,976
5904850.0,1740150.0,0,0.03834318008613604,3573,0.7013521861005686,2501,0.5881975172828712,3397,0.6052313877591612,1386,0.3751719001224558,2701,0.5663065992595773,653,0.7047338674082092,2706,0.6956777821946494,2933,0.33919772884330657,7444,0.508485832640753,3554,0.7447919720433513,977
6007550.0,1731850.0,0,0.00395700866707677,5854,0.5502531324813407,9924,0.5492196596506997,5957,0.6295123118779998,339,0.5025706417487678,418,0.5899464462290556,287,0.5519793866161831,9431,0.5997409541983931,6546,0.5229706413320683,1172,0.6330745971420941,1183,0.7447734912448998,978
5904950.0,1748250.0,0,0.0074973338371686765,5194,0.45653734702627735,14452,0.5045478876023632,9785,0.557032634150312,12320,0.28191383469433184,7333,0.5200916185330218,4077,0.45524565584113863,13754,0.5173123345418267,10800,0.5320215933626325,1045,0.47638406933898714,4498,0.7445851242500033,979
5900250.0,1773450.0,0,6.480041480890871e-05,10207,0.5392383602119449,10426,0.5266539180335593,7835,0.5429108967671672,17618,0.3654216397922464,3043,0.5203285912625039,4042,0.5288361525906277,10445,0.5568004667150753,8613,0.4072975904583913,4226,0.6271545205606484,1263,0.7445396425419356,980
5989450.0,1751050.0,0,1.0653058082518063e-05,11817,0.5626841776284156,9311,0.532075978755784,7351,0.6019754250904982,1686,0.5327418754250526,194,0.5943475048994749,245,0.5365145404346696,10112,0.5621993539489579,8344,0.4668793311808397,2298,0.7519837384910466,264,0.7444825458925868,981
5891650.0,1750350.0,0,0.0007208161435706033,7662,0.3566377554941269,19406,0.4374125573647516,15864,0.5883364271348605,3692,0.2784137113310774,7597,0.5416746634844509,1755,0.358806301585439,18169,0.4194319402355762,16578,0.4170488575744761,3846,0.4927644751679704,3998,0.7443247034651589,982
5942750.0,1797350.0,0,3.7407355835113145e-09,16469,0.3553644774290893,19464,0.4033147996879127,18408,0.5546981041959823,13438,0.3305943720444226,4519,0.5276309025708333,3090,0.34501911780461025,18764,0.3775485168888213,18605,0.3009204764747737,9920,0.5318682538218136,2961,0.7442067160837894,983
5943350.0,1797250.0,1,0.9999999919577075,620,0.8952131755870669,459,0.7193041876236936,554,0.596609474754933,2312,0.2973747434621317,6330,0.5399159582918243,1896,0.973726471407946,155,0.9175668710661018,635,0.6571039230681748,304,0.4464451194275806,5452,0.7441502560195057,984
5946850.0,1794450.0,1,0.9999997782674567,936,0.8878520854782743,886,0.7041442006539205,870,0.566485638127473,9120,0.28755962245483135,6969,0.5222968756414446,3783,0.959061834935131,817,0.906287001626529,944,0.49937383905355115,1568,0.44290838165996504,5600,0.744126570109944,985
5881450.0,1763550.0,0,0.0002969446723930208,8557,0.6083585254549306,6942,0.5429768796808013,6432,0.5779277249810031,5988,0.32627266401031907,4721,0.5457785187539781,1494,0.6153841441509468,6514,0.6353477954774649,5041,0.4536840381487224,2662,0.5840545978057201,1877,0.7441136857106763,986
5984050.0,1760050.0,0,0.001961613934893379,6587,0.5900893244027956,7855,0.5988697208993109,2892,0.5747534236426681,6837,0.3758664314958205,2675,0.5457364705545733,1499,0.6094253084457593,6770,0.669267822949095,3749,0.6378088811468405,368,0.5115744151669268,3464,0.744111588836016,987
5988550.0,1752250.0,1,0.999999994016574,604,0.8950515478842838,474,0.7097972034524265,772,0.5772967015478496,6149,0.38076293891261076,2503,0.5334590475545696,2451,0.9705947534835195,246,0.9030431679532976,1013,0.5381891406148455,975,0.5199123351355787,3230,0.743876919606677,988
6032150.0,1698650.0,0,0.02403543790742794,4016,0.6285929523556353,5925,0.5913266482471308,3237,0.561493371199721,10602,0.38382502393754825,2390,0.5300003006087439,2830,0.6590947968748542,4510,0.6973067490923363,2880,0.43128243659291854,3350,0.5753942843430879,2044,0.7437808291977805,989
5944150.0,1793750.0,1,0.9999999541899315,767,0.8879465742489722,880,0.7099380745099279,767,0.5808191431823582,5335,0.2731977170116503,7964,0.5285429628305958,2973,0.9588603871104308,833,0.9074442219989054,915,0.4577413615479595,2534,0.4423309518262377,5613,0.7437686713180551,990
5904350.0,1742450.0,1,0.9999996632618561,975,0.8854281619924562,1016,0.703377213142669,879,0.5928433811514772,2904,0.24829064639637052,9749,0.5368646350006129,2121,0.9559907325420864,972,0.9304210102815538,310,0.48388691014486174,1890,0.4308742894071269,5965,0.7437488829937119,991
6007350.0,1762650.0,0,2.259570120240366e-05,11202,0.6317639598796287,5764,0.5888063455275082,3374,0.5680485132133722,8708,0.40574442055906357,1846,0.5344931030569956,2361,0.6333603380636661,5679,0.6617397627715451,4023,0.5099960878598007,1376,0.6697284605766732,803,0.7437083479078072,992
5885450.0,1761550.0,0,1.916147763238589e-06,13041,0.6998200155384624,2558,0.5870417973802053,3469,0.5956833492935893,2433,0.3925401084630895,2158,0.5597924952827881,836,0.6991141962131412,2897,0.6887217024230652,3149,0.48760586462015265,1818,0.5956861134227316,1691,0.7435782028763167,993
5887450.0,1766550.0,0,0.005769298611584147,5485,0.5970882631269921,7508,0.5593656905409307,5205,0.5968587157523214,2285,0.3468211010830617,3806,0.5638645865123303,718,0.591628018747792,7574,0.6181512946902162,5741,0.4014663498218711,4477,0.5610987211027634,2298,0.7435660544891216,994
5908350.0,1772750.0,0,2.469181785164009e-06,12867,0.5626906282993219,9308,0.546893232440605,6133,0.5749048394364866,6792,0.41413704899671666,1657,0.5351812497909765,2295,0.5647946658406533,8830,0.6135990360169531,5927,0.5813718909898533,629,0.6837691820111592,687,0.7435605450895547,995
5908350.0,1772850.0,0,1.844176573872543e-07,14459,0.709526793453881,2255,0.6050489820272771,2644,0.5764885863329438,6368,0.43883811119331706,1197,0.5475764142448178,1365,0.7083207619359554,2597,0.7192573080746826,2374,0.5180315793593298,1245,0.6949295504668436,589,0.7434871643088453,996
6005650.0,1731050.0,0,0.0018022466640770789,6688,0.4414823650119151,15164,0.5054490764175189,9697,0.6021626256675794,1655,0.36601558606457446,3026,0.560943339782615,798,0.4347931560082887,14701,0.49471896090394996,12146,0.4766159162769713,2047,0.5449879450792369,2657,0.7432911480902359,997
6000650.0,1723650.0,0,0.0019182010125227945,6615,0.651587831317266,4780,0.5943438697917673,3106,0.5855292440755048,4276,0.3264234447634923,4710,0.5436289144986588,1630,0.6707650699279744,3987,0.6860512644556755,3220,0.47053685805425016,2202,0.4932818208859283,3988,0.7432769381779113,998
5999450.0,1746550.0,0,0.0016380139632339802,6791,0.5710121774856661,8860,0.5411143751166428,6575,0.6232603714871583,522,0.34695153491609143,3800,0.5654371556396526,680,0.5791663408496706,8140,0.6157813630657732,5831,0.5300120869149096,1077,0.5666177124424187,2203,0.7431516029528346,999
5907450.0,1756550.0,0,0.007045118550767024,5257,0.6083101813538043,6946,0.581337166832061,3789,0.5722202460131549,7538,0.3009438458904725,6124,0.5143085713399963,5012,0.6370182339860547,5522,0.6802862770588632,3367,0.5424456045180426,934,0.5475537613000028,2584,0.743126545309311,1000
