Boylam,Enlem,YANGIN_DURUMU,score_probability_mlp,rank_probability_mlp,score_topsis_pi,rank_topsis_pi,score_topsis_shap,rank_topsis_shap,score_topsis_equal,rank_topsis_equal,score_topsis_entropy,rank_topsis_entropy,score_topsis_critic,rank_topsis_critic,score_vikor_pi,rank_vikor_pi,score_vikor_shap,rank_vikor_shap,score_vikor_equal,rank_vikor_equal,score_vikor_entropy,rank_vikor_entropy,score_vikor_critic,rank_vikor_critic
5978450.0,1743950.0,0,7.015893640587079e-05,10124,0.5646634523780139,9184,0.5436838402660443,6389,0.67596699073624,1,0.2648543819153876,8578,0.5816100772516214,377,0.5399739189986704,9971,0.5633112793917778,8284,0.320515927895221,8597,0.1971470072023913,14825,0.49049625600410307,8648
6007750.0,1764450.0,0,0.002365017280810341,6387,0.5295228768766067,10878,0.5075540314684194,9505,0.6700489322435634,2,0.5198819835975319,276,0.6241501155939171,45,0.5046417054601269,11511,0.5100518353549065,11214,0.3006872261219258,9938,0.6364055109511171,1149,0.7368380675998308,1093
5994550.0,1749950.0,1,0.9999999999884619,193,0.8904696239118229,715,0.7407016887434235,116,0.6688543872717518,3,0.5060333385334524,379,0.6464812717310309,8,0.9646424577755482,527,0.9155877754568105,697,0.7836980708332193,94,0.7735933344372196,193,0.8450035481448098,156
5977450.0,1743350.0,0,0.9937419084890532,1355,0.7225836901330116,1942,0.6790681353328186,1170,0.668172479935477,4,0.21809317731952482,11909,0.5410869109084109,1797,0.7526263775343278,1762,0.7944781583950538,1588,0.39122700376122044,4882,0.18888033354748457,15226,0.29267726968418206,14287
5994150.0,1749750.0,1,0.9999999999966134,128,0.8911854453539445,667,0.7411325051195343,108,0.6670218240563669,5,0.4269250757605463,1404,0.6090365316024092,138,0.964203730815425,546,0.9091689972872129,878,0.8047820398401172,66,0.7022693914852944,538,0.7992721432219279,392
5994150.0,1749250.0,0,0.00017946211435010146,9130,0.3582417617982099,19305,0.48820583663224765,11328,0.6656900286047918,6,0.5069387915402772,375,0.6454268605181123,9,0.3575057570030684,18226,0.45886649935931656,14257,0.7075610261514916,197,0.7366932746660241,324,0.82827334152998,225
6032750.0,1711950.0,0,3.105456131052576e-06,12710,0.47526920579677306,13496,0.5539086769904851,5601,0.6656344785102412,7,0.4634609823551779,811,0.6158549743956084,87,0.49287796853782273,12035,0.5682463556902324,8032,0.5326737444706712,1039,0.6378850699480445,1119,0.5013392126442803,8308
5994250.0,1749650.0,1,0.9999999999935432,167,0.8910870087901032,672,0.7343302225679075,225,0.6641420621646008,8,0.35491176069612884,3447,0.5931489942565138,253,0.9640352303110351,561,0.9051125035991212,973,0.7696263678916438,105,0.5427649421346626,2714,0.786596430340856,498
5895850.0,1759750.0,0,2.6453517645786114e-13,20135,0.495097057877242,12546,0.46675381777667224,13315,0.6629407913623362,9,0.18145087081265202,14790,0.5464668874611192,1448,0.48564893829241573,12351,0.49546512162734735,12105,0.3775856278505487,5500,0.195987719885803,14874,0.4555247075121436,9737
5986250.0,1753750.0,1,0.9999999999635192,272,0.8996283473093143,129,0.7592224587431342,4,0.6624959679078045,10,0.5407149323843643,159,0.6548621985880019,4,0.9710098163767256,235,0.9567542112271953,63,0.8758695978375657,9,0.8633154386244222,35,0.9847918401600918,2
5986150.0,1753750.0,1,0.9999999999759888,247,0.9009463870492225,104,0.7590228068889497,5,0.6611887195969792,11,0.5268531814730174,227,0.6497395292292069,7,0.9758394903993332,109,0.9642814315893062,34,0.875416716967911,10,0.8487136438936707,47,0.986393070080254,1
5994950.0,1749950.0,0,0.0024113293039621,6365,0.5004330445837678,12270,0.556928319432843,5386,0.6608583423861545,12,0.4030482571342396,1887,0.6145910488644452,96,0.5076875580169726,11374,0.575108569537963,7729,0.7475504169867168,138,0.6032228744310273,1579,0.7979757815311714,405
6032450.0,1711350.0,0,5.583593512286668e-07,13817,0.6488495300117235,4916,0.6010067909281017,2802,0.6604024073075389,13,0.5204224013459615,275,0.6365742694147906,20,0.6613220370215144,4412,0.6660371720659732,3861,0.3402410989779515,7388,0.6919650780135826,610,0.515441789266985,7859
5986050.0,1753750.0,1,0.9999999999903693,182,0.9013611031676263,100,0.7552987257764068,13,0.6599822613002294,14,0.49621306536904436,474,0.6262994747910564,39,0.975213145049396,117,0.9585183508886818,53,0.8574063608431279,24,0.7292353321159464,370,0.9146205517786099,47
6034050.0,1711050.0,0,0.006614192768405587,5332,0.7347200485327818,1728,0.6994829675922324,936,0.6591391874331508,15,0.5969189669231744,26,0.659381555663423,2,0.7735578002310526,1605,0.8224969920881602,1365,0.5760337221001953,666,0.8857999950608562,21,0.5728000020865377,5699
5934450.0,1695950.0,0,9.676889558517764e-13,19712,0.4833452011057178,13128,0.4610492726504332,13805,0.6589934196761033,16,0.2036823542151155,13017,0.5247531803753341,3455,0.4703306258732468,13074,0.4908776764002759,12380,0.28946871289777965,10729,0.10933300346798536,17949,0.24381540681213898,16237
5889950.0,1769050.0,0,0.18148933448007448,2407,0.38845844496780796,17815,0.4608211359267135,13821,0.6574742134458992,17,0.2074326982888001,12704,0.5671562401775488,635,0.3614247015961858,18059,0.4320708785659537,15825,0.38247445029804106,5285,0.23503186160523748,12945,0.615040696447996,4001
5977550.0,1743450.0,0,0.00011169032395839681,9614,0.3101843688982349,21174,0.40858921567078965,18049,0.6574351030393929,18,0.20978652882738758,12512,0.5136131663252324,5113,0.2723136842801577,21189,0.33537937189196865,20171,0.3100755600475973,9270,0.13951812437928401,17059,0.2432422001220692,16268
5995550.0,1748050.0,0,0.09914689936841001,2772,0.6400099071641657,5333,0.6300289396935004,1895,0.6573028385495642,19,0.31117073969964665,5525,0.5930392554140352,254,0.6702661326615102,4010,0.7170459216690885,2417,0.6482961785583505,332,0.5214247001094967,3192,0.7685858359655351,688
5993650.0,1748950.0,1,0.9999999997282192,387,0.8902717461180938,729,0.7325583498056875,259,0.6565760197006281,20,0.5799584359652317,47,0.6411128298945389,12,0.9646915508216415,523,0.9158756672030102,693,0.7315559248111523,167,0.7595965279954449,235,0.8491887638856375,142
5988950.0,1756250.0,1,0.9999999999999263,14,0.8926371204043374,591,0.7562913676992361,9,0.6561223937031734,21,0.6249490156787638,13,0.6562350272555404,3,0.9700204469056519,273,0.940850978991672,164,0.9632295233379009,4,0.9391424226008136,3,0.9626846717518,8
5989650.0,1757250.0,1,0.9999999941673599,602,0.8930100852363229,575,0.7539919959392717,16,0.6559985804846836,22,0.4294269144933046,1354,0.5951792377689776,241,0.9641357167409639,551,0.9640871881872559,35,0.6505226787128268,323,0.49088518812531035,4058,0.7591693150232158,789
6007150.0,1736650.0,0,1.4401014010510338e-10,17935,0.45279230913190704,14629,0.44277251931881606,15436,0.6554376246356193,23,0.4360009551121461,1235,0.5770092276877512,441,0.4231891203482434,15213,0.4641194964037225,13930,0.5053162287503163,1459,0.5821590826436283,1908,0.5316644733903023,7298
5889550.0,1769150.0,1,0.8619218066257401,1605,0.5636160772026982,9246,0.5724302124279749,4355,0.6547133058332958,24,0.16464364559426387,15730,0.5495815601803672,1254,0.5699082873162858,8570,0.6226353121508934,5570,0.3791095991022183,5441,0.19374568937326964,14978,0.593296719128241,4832
5918650.0,1708150.0,0,0.0015657986466304412,6844,0.4563570385766985,14463,0.4763247368001685,12465,0.6545417901204409,25,0.18511634528965487,14538,0.5495177494309338,1259,0.4339833095765342,14737,0.46276855563980845,14024,0.3128493952912005,9089,0.16039937885790567,16348,0.4187784444575331,10883
6033650.0,1711150.0,0,0.0006913228914947451,7707,0.44049027870040075,15213,0.5087460719318003,9386,0.6544219277751,26,0.39199721608434995,2173,0.5977821938772432,221,0.42282224323863316,15230,0.48134004021526866,12906,0.34895317357293454,6909,0.4120504204381408,6542,0.4742650739757166,9139
5905250.0,1742050.0,1,0.9999999997885491,362,0.8897411553938923,770,0.7383276511256446,153,0.65431061150143,27,0.5069135859103046,376,0.6298470269741197,34,0.9606481724924893,728,0.9560519865303942,66,0.7931817366981628,81,0.752670137113917,259,0.8950469505360332,60
5989850.0,1756450.0,1,0.9999999999996352,43,0.8920928085884342,614,0.752206289664048,25,0.6541676360844891,28,0.6073687962367293,18,0.6542912631824466,5,0.9694967039747981,295,0.9385526888064788,182,0.8687911254431295,12,0.9073955251319628,11,0.9501171332772702,17
5987250.0,1751450.0,1,0.999999999171181,476,0.8991073136321303,148,0.7500712508111383,33,0.6539842847594779,29,0.5804944586659117,44,0.6375303493803725,18,0.9664251357017231,436,0.9365620205506577,202,0.8588295766897762,21,0.8390154955591926,56,0.8262866299601805,238
5989550.0,1757550.0,1,0.9999999892002206,644,0.8931653610215476,573,0.7515058831561209,28,0.6537448885684152,30,0.434863431114716,1252,0.5904933587092804,276,0.9642372513189263,545,0.9634984354425162,37,0.5993609476737701,526,0.4637187316138751,4886,0.7397275336392977,1047
5989050.0,1756250.0,1,0.9999999999999243,15,0.8918720163421121,626,0.7586919997514757,6,0.6537361904473389,31,0.599073787846806,25,0.6608714796149334,1,0.9700088621418286,274,0.9444329578274435,138,0.8005909935231479,73,0.8803586380798133,25,0.9703973091483503,4
5995650.0,1748050.0,0,8.32260879380128e-16,21268,0.6085129491309171,6933,0.5212910095847577,8286,0.6532676640915375,32,0.3487116495480262,3699,0.568320249531317,608,0.5997754313710408,7187,0.5110090898843371,11161,0.3893084427470894,4975,0.5487837551075965,2555,0.46413508101205736,9462
5986750.0,1753950.0,1,0.9999999999962181,134,0.9014001855687226,99,0.7561105140145397,11,0.6530740273802375,33,0.49768860892385103,460,0.6111714027204906,118,0.974453894256528,134,0.9556162781268681,69,0.8665718676262995,14,0.7297290452609855,367,0.7857611526113896,502
5988550.0,1756350.0,1,0.9999999999999478,12,0.8925943334987116,592,0.7535369527541135,19,0.6521946938340089,34,0.5518841753125467,119,0.6337269378316552,24,0.9691476409263512,316,0.9343590020374325,235,0.9611343574637266,5,0.8793341719765203,27,0.9389839836860587,28
5987150.0,1752250.0,1,0.9999999978033922,539,0.900389684688218,109,0.748603316420034,38,0.6510492771369174,35,0.5621855187466156,85,0.6270391134628875,38,0.9673731688098286,394,0.9343495870326851,236,0.8584522328397712,22,0.8123632103529086,93,0.8297833038989944,222
5986650.0,1754250.0,1,0.9999999999892799,191,0.8997332147309476,123,0.7527154625881421,22,0.6506824686852144,36,0.45150756865709624,986,0.6096948124142088,133,0.9694610185418875,296,0.9464812926693524,125,0.8690544858525451,11,0.6703191703318101,799,0.8759126698572047,94
5930850.0,1690950.0,0,4.6179895045126014e-10,17403,0.4196337390437717,16273,0.43198782818765674,16340,0.6505165766812145,37,0.16967077967692346,15480,0.5275678124416928,3097,0.3988353717282198,16347,0.4427470958153934,15210,0.3347056774987236,7719,0.12013793958322738,17606,0.2595140237469463,15558
5995950.0,1748050.0,0,1.0434592268444475e-06,13424,0.5396103269186519,10408,0.5156515165730104,8791,0.6504461568866579,38,0.3159060182886052,5265,0.574427043012174,488,0.5257052032287706,10602,0.5625891381839117,8318,0.5779637397012836,651,0.487491186543935,4152,0.6872613511637016,1995
5987750.0,1755550.0,0,0.07315087596698563,3020,0.6738910635225174,3626,0.6502537215931641,1510,0.6504209054656646,39,0.6028822299876586,21,0.6535410936693797,6,0.6891753795468467,3246,0.7530001531494146,1868,0.8233627074685999,51,0.9204364487949155,7,0.9452858272656645,22
6032750.0,1712150.0,0,2.5096197746462337e-09,16664,0.45641291192629285,14461,0.4900476048999335,11145,0.6502892175508235,40,0.3912382729877321,2193,0.5408321739741428,1815,0.4660975068807185,13262,0.5175476947010098,10778,0.3517171907185559,6754,0.35769736900731,8207,0.2601480931474649,15530
5865550.0,1781250.0,0,0.023325437269228238,4044,0.3352257603759348,20377,0.42807974273962063,16640,0.6501635677042733,41,0.21761009676318757,11947,0.573230899315065,504,0.31786549667395025,19855,0.3890748022098445,18083,0.3759204493731856,5559,0.22369732289300548,13499,0.6076825035885435,4262
5993750.0,1749250.0,0,1.9135722403488943e-05,11368,0.4427208580881448,15103,0.48652545320596985,11487,0.650112936961447,42,0.5792689853660244,48,0.6432392647519066,11,0.42084405328396346,15326,0.47724218543462704,13181,0.6291274218225457,402,0.7824286924863613,168,0.79463291722241,427
6031750.0,1697450.0,0,8.442517378365565e-08,14888,0.5862583380856642,8042,0.5288285019372999,7625,0.6499682924276621,43,0.15852586669947857,16044,0.5295185864104254,2874,0.5710230410875734,8520,0.5885113967835568,7059,0.3130134710004948,9071,0.11982518572129597,17614,0.25644237806718695,15687
5985250.0,1751250.0,1,0.9999998648448173,873,0.8976866973257784,263,0.7435542017204798,77,0.6497724039973162,44,0.5387784591874404,166,0.6337774115857584,23,0.968428053385032,355,0.9374314703840655,194,0.4383982666475722,3101,0.7915604884043583,140,0.6276395346744933,3568
5988650.0,1756350.0,1,0.999999999999948,11,0.8928088662099816,582,0.7524892208659355,23,0.6497476067974175,45,0.5290827074835343,209,0.6272902795727026,37,0.9694088355219495,298,0.9339402022628928,246,0.9764751175788511,2,0.810739671457599,96,0.9380601439168402,30
5989750.0,1757250.0,1,0.9999999972305602,556,0.8926517493020738,590,0.7561544190757458,10,0.6495026790756869,46,0.4616548761923907,834,0.6066132163188803,156,0.9637937654467327,579,0.9649011209842011,31,0.8391300990944178,33,0.6168349412071888,1392,0.836761650358064,187
5987650.0,1755750.0,1,0.9999999999963634,132,0.8922729888329417,603,0.7478923977229581,47,0.649476329534374,47,0.5111978992340798,340,0.6320390028503047,28,0.964785578943849,519,0.9403399249767004,169,0.8613119504135163,18,0.7880258499671866,153,0.9511554675623863,15
5985750.0,1751350.0,1,0.9999999995746587,423,0.8984097166148323,203,0.7489199471576603,35,0.6494256790859771,48,0.5260823694787978,231,0.631507516008465,29,0.9713808827944685,223,0.9482795284561083,114,0.8530905441415841,27,0.8216403504158414,83,0.8388163481056354,177
6008950.0,1762950.0,0,4.4272724937958387e-10,17417,0.6044466357623773,7152,0.5229906607499211,8136,0.6493840669514563,49,0.4760629777288181,668,0.583437746832398,355,0.600573685749666,7154,0.534467059161525,9799,0.4428760231123463,2979,0.6822163566720731,700,0.4988477653210559,8391
5987150.0,1752150.0,1,0.9999999997897595,360,0.9010241794309121,103,0.7470254953120616,53,0.64934475481657,50,0.4602517927976537,857,0.6181242653499439,74,0.9723550273665724,198,0.9426108920261874,150,0.8644583679222124,15,0.67414857729551,766,0.842285542521305,164
5989850.0,1757950.0,1,0.9999999886823442,651,0.8925789529523639,593,0.7517001975579508,27,0.6491893838983145,51,0.42834731543047083,1380,0.599306765418802,216,0.9639426082254814,567,0.9637324932465219,36,0.684909516461564,233,0.5252147491458872,3099,0.7868226919405403,493
5988750.0,1756950.0,1,0.9999999999944329,154,0.8928863570044961,580,0.7521443017028367,26,0.6491277271144525,52,0.5639903807967326,79,0.6311611310443944,31,0.9703119651244057,258,0.937577309907473,191,0.8844854577293034,8,0.8485080321770416,48,0.9505750914391338,16
5986650.0,1753850.0,1,0.9999999999938243,164,0.9006338750286852,108,0.7564231143561924,8,0.6489584799812564,53,0.4596674588265914,864,0.6023013101262675,192,0.9742131483755382,139,0.9557462772665924,68,0.8235395524321044,50,0.7109402051700603,484,0.7038828744618156,1665
5989950.0,1756150.0,1,0.9999999999990374,74,0.9225351860886706,2,0.7734877540472852,1,0.6488077369812689,54,0.4962874794231729,472,0.6235485580066344,49,1.0,1,0.995777296440813,1,0.9784981246617117,1,0.7317736784885088,355,0.9171325849697094,44
6035050.0,1711350.0,0,1.7858316751114418e-10,17838,0.31287337078122246,21106,0.398514168876308,18698,0.6486884841152558,55,0.37605413476466254,2666,0.5347498127860422,2339,0.3088774297720114,20212,0.36950547194793804,18942,0.3407049174101171,7356,0.2587008438402352,11848,0.41024341497072503,11142
5995650.0,1747250.0,0,0.005937274675666492,5448,0.5218390646806458,11274,0.5235976545721911,8088,0.6486118407529571,56,0.28073648612493685,7420,0.569055988010951,589,0.5269174098383268,10541,0.572133166900208,7849,0.5228506901842855,1177,0.4411932692907008,5656,0.7027598175366387,1688
5925650.0,1714550.0,0,0.015295394633412602,4496,0.48963316181894195,12824,0.5308542415579913,7451,0.6481848048534689,57,0.15683029703428036,16127,0.5334723614431922,2450,0.470835094222119,13051,0.5080490900352129,11338,0.27889800782716634,11482,0.12752077482724555,17391,0.2459335384667618,16139
5866750.0,1781050.0,0,0.001092429059417627,7209,0.3731740913756031,18589,0.4501649707969314,14765,0.6480710547648396,58,0.17681108044903593,15085,0.5452141467814059,1532,0.3448983560473853,18770,0.40717944209241463,17193,0.34059713099052613,7365,0.13708197614183004,17115,0.2883495114865544,14429
6044250.0,1752350.0,0,0.0011070738508162142,7192,0.6516372271654415,4775,0.6063791146278826,2594,0.6476326452498297,59,0.5387381903953206,168,0.5562981991639724,957,0.6638707231038095,4302,0.681817590048087,3325,0.3093831862304226,9311,0.4224754240699857,6222,0.24013148418181407,16411
5926350.0,1719650.0,0,0.0686890602123462,3089,0.44509306539208354,14994,0.5074150203514151,9514,0.6473633337765191,60,0.1808676693685885,14818,0.5483092652975428,1311,0.42747916600258073,15027,0.48174797311881856,12884,0.3279479135803782,8139,0.13778207565851752,17100,0.28009309998340925,14746
5994150.0,1749650.0,1,0.9999999999815623,226,0.8907226433907498,700,0.7252077949379261,412,0.6472049858099287,61,0.2743078783616381,7895,0.5598768462720268,834,0.9633520490945481,600,0.8988186684101913,1063,0.5070032361440027,1426,0.33289250868982034,9016,0.6591159599936371,2637
5999450.0,1749950.0,0,0.002857491631097682,6189,0.683899910152605,3181,0.6185551310504414,2184,0.6467958251461033,62,0.5085612234478165,365,0.6175550351901079,77,0.6752523617818301,3799,0.6969563740139716,2888,0.5801044155699372,637,0.7337454261798804,342,0.7738302451121808,624
5945350.0,1764450.0,0,0.0006946656705195592,7697,0.5382073975255011,10475,0.5569149787436245,5388,0.6466119695990248,63,0.353585640218889,3500,0.5917545006084997,261,0.5541633311513069,9328,0.6100990292388112,6083,0.496170380532326,1642,0.6126996530685054,1447,0.6660985531205059,2464
6033950.0,1711550.0,0,1.0972801945519184e-10,18077,0.6652248506769597,4056,0.5983885140762851,2915,0.6465578064831513,64,0.5630929843884191,83,0.5883982009170277,300,0.6809164079568092,3568,0.6949436152206083,2953,0.3313852164362374,7909,0.5621214853132486,2276,0.27304738018055197,15026
5977050.0,1742550.0,1,2.140632339036592e-05,11264,0.35029492879793905,19706,0.42248909219123126,17076,0.6463173659243138,65,0.2225715190629465,11569,0.5687598622818872,595,0.3160914991350914,19924,0.35369397514130596,19554,0.29062179214657224,10644,0.19329368509368683,14998,0.4913126388190562,8623
5989850.0,1756350.0,1,0.9999999999997238,34,0.8919508778695554,620,0.7484533532545063,39,0.6462171060849936,66,0.5691257924326881,65,0.6406918530610347,14,0.969114742266275,319,0.9349141981000549,227,0.8621278351006644,16,0.8904672983900271,15,0.9468744111424192,20
6041450.0,1751550.0,0,0.9340054306036784,1543,0.39219110276815305,17611,0.48253821486595827,11861,0.6456361285678265,67,0.48219737849457067,611,0.5498705610854293,1238,0.3665694813341558,17822,0.4175475290715983,16675,0.2823553432554453,11231,0.27627206191405573,11054,0.3171724637387259,13508
5984750.0,1752050.0,1,0.999999903346984,840,0.8993233742579998,139,0.7420387023178603,96,0.6453359159791581,68,0.4856112933971713,571,0.616145970188249,82,0.9677313148460291,383,0.9283623537342385,352,0.41766385143370643,3825,0.7811110500454393,171,0.604740806809076,4383
6006050.0,1729350.0,0,1.5826335847297144e-05,11525,0.5644924946415142,9191,0.5294342845732325,7576,0.6452404605287547,69,0.16811024583027825,15558,0.5319625174570433,2601,0.5662297471202614,8763,0.5933921807201926,6824,0.3180231238009855,8748,0.10728534487494856,17996,0.2525297855470804,15843
5993850.0,1749950.0,1,0.9999999999866835,204,0.8904141764226605,722,0.7284475717239415,333,0.6449992499353817,70,0.28471546662906433,7144,0.5728631870745843,509,0.9636716631511473,590,0.9026620321843899,1020,0.5641682769812004,745,0.38408513117788756,7389,0.6979508414153506,1783
5866850.0,1780850.0,0,3.838114217286117e-06,12558,0.547474282300633,10053,0.5241417443787842,8039,0.6449802034064945,71,0.16982008672838814,15467,0.5334939526701974,2448,0.5602018502524913,9047,0.5918461718344514,6894,0.3266002022061929,8217,0.11064644337124596,17906,0.26106157693895626,15490
5993850.0,1749850.0,1,0.9999999999954889,143,0.8901901586758431,735,0.7356717865657548,204,0.6448741388673719,72,0.34610802809943336,3833,0.5847175050568754,342,0.96318947665816,606,0.9047582773336638,985,0.6261855021690762,417,0.5921273278540403,1741,0.7905684051668938,456
5993650.0,1749550.0,0,0.6996526577267371,1694,0.7167986483635944,2081,0.6569701128985903,1376,0.6448390882080108,73,0.45939823884456205,869,0.6228859754279403,52,0.7407536736689552,1925,0.7804208360433154,1641,0.6123807049938096,459,0.7321685401220345,351,0.8141604680810538,301
5986050.0,1753650.0,1,0.9999999999702955,261,0.9001133743941333,113,0.7488046472148621,37,0.6448075141159482,74,0.4201778522427695,1530,0.6067970765163119,155,0.9742644535562651,138,0.9544939953243062,77,0.8030435349549747,68,0.6458192894728455,1029,0.8715898987390146,102
5986950.0,1753350.0,1,0.9999999977617751,542,0.9001130899752322,114,0.7479674291127247,44,0.6447077637108029,75,0.4550550996654295,941,0.5867361088828834,317,0.965360793970978,491,0.925680678289882,412,0.8196119093341794,53,0.6049023740365597,1550,0.6752938260589147,2249
5988050.0,1755850.0,1,0.9999999999994051,56,0.8930065744938471,576,0.7506666456942157,31,0.6445839431565811,76,0.4952767256071023,484,0.6155142180379203,90,0.9649309903060127,509,0.9392373657637777,176,0.9704774873656279,3,0.7303127962146353,363,0.9103292418665236,49
5962750.0,1732450.0,0,0.0003171769651409007,8467,0.5784748117905439,8466,0.5801685327788266,3859,0.6444826110323665,77,0.18083145405793738,14821,0.5444010254693789,1577,0.587915090706604,7727,0.624861118128518,5471,0.3174202290242365,8787,0.12261907346386636,17532,0.26428359319832373,15367
5866950.0,1780750.0,0,1.013833417390684e-06,13452,0.330277046041285,20560,0.43756932095000056,15852,0.644454659282132,78,0.17275273045887185,15310,0.5369833018713613,2109,0.3273772162958051,19488,0.39765016389181285,17685,0.32807888654650985,8128,0.12083421046942955,17587,0.27585270890325053,14910
5986550.0,1754150.0,1,0.9999999999910094,180,0.8992526928059424,142,0.7542824659196513,14,0.644267484004239,79,0.4886414343118254,547,0.6179905409119785,75,0.9694178321336272,297,0.9487497285877571,110,0.8175247688069522,55,0.781899287031051,170,0.9107048302455922,48
6033850.0,1710050.0,0,1.74694562014579e-14,20760,0.6300967243535496,5844,0.541079250488403,6576,0.6441812360294454,80,0.3368296862621102,4233,0.5333655416999886,2459,0.6452733940351328,5139,0.5373433450484422,9669,0.35714066912956,6464,0.36154747819847066,8095,0.3895300724182491,11690
6006750.0,1728250.0,0,6.295498662132683e-08,15047,0.3128162182816243,21110,0.35511155549097956,20668,0.6441366652291357,81,0.18634415325539727,14467,0.510607388237745,5613,0.2677041089267598,21276,0.29641374189551795,21074,0.2478762073296341,13817,0.13975685778816382,17050,0.4572818523569846,9682
5986650.0,1753950.0,1,0.9999999999917528,174,0.9006510699680718,107,0.7539349253936469,17,0.6438357949008668,82,0.45197473502248986,981,0.6071502589987382,153,0.9745132574975538,132,0.9562028491050608,64,0.8479733597088146,30,0.6911899769822615,616,0.8800634847929725,83
5986950.0,1754650.0,1,0.9999999999975013,113,0.8917068673854074,639,0.7461271636107801,58,0.6436585451271464,83,0.4761309067891151,666,0.6156652959737164,88,0.963785033955405,582,0.9360080640915196,212,0.8264511654538051,46,0.7687051223071515,211,0.9389549742747425,29
5989450.0,1756550.0,1,0.9999999999995526,47,0.8914523831261113,651,0.7477971734298273,48,0.6434405853167244,84,0.5575346321046684,100,0.6397407196327837,15,0.9689602059659643,332,0.9354273493445914,222,0.8309640445544111,42,0.8604732330096113,38,0.9497433828839075,18
5988050.0,1752150.0,1,0.9999999987903156,501,0.8927754119251036,584,0.7425447145848529,88,0.6431366950093632,85,0.5125479456594868,329,0.6027132339044535,189,0.9610433918695663,711,0.9187190447331052,609,0.8344839153382662,35,0.729254547240857,369,0.7552050425428796,831
5999950.0,1746850.0,0,0.09661038625003412,2792,0.515602929778461,11552,0.5406621990451494,6622,0.6430809908722512,86,0.18407886978508228,14620,0.5481751372087676,1321,0.5107699586693031,11239,0.5465203005976804,9181,0.3227757319418474,8445,0.17105858430705523,15948,0.39861229173544,11449
5986550.0,1754050.0,1,0.9999999999931226,169,0.899171233893971,146,0.7555221771807273,12,0.6430617843686897,87,0.48090073185246346,624,0.6047280821815112,177,0.9689641108736303,330,0.9472504332267146,119,0.7818825175484144,97,0.7687263867328897,210,0.7159043103850447,1447
5866850.0,1780750.0,0,2.1518093962192546e-07,14375,0.3584053946385582,19301,0.4343494639970677,16132,0.6430166777443901,88,0.170038847327938,15454,0.5320319452118286,2592,0.34726743260758786,18669,0.4051965902680761,17312,0.3116298126265188,9163,0.11131329481218488,17875,0.2569627632171121,15666
5985650.0,1751350.0,1,0.9999998505948658,885,0.8980651240376165,226,0.7462591831489882,57,0.6429236916599446,89,0.5043574380573634,393,0.6238171404935878,47,0.9687195287051927,342,0.9374056064139658,195,0.4334636613713534,3268,0.7938753029577138,133,0.6208830280460484,3780
6034350.0,1711250.0,0,2.4311591259294853e-09,16679,0.5822110487139285,8274,0.5568712849362746,5392,0.6428993405339583,90,0.4666854278330182,773,0.6100538404394368,127,0.5657228553391751,8790,0.6035780594906976,6378,0.49726625848476014,1610,0.6222494993859294,1321,0.49502444325481754,8496
5986550.0,1754250.0,1,0.999999999978068,240,0.8987864781467013,171,0.7535067407110536,20,0.6428114067986204,91,0.4514842154944442,987,0.6137652713754252,102,0.9693115755926767,305,0.9484597462872323,113,0.7268416981243456,170,0.7320767096941629,354,0.9184332261245998,41
6042150.0,1752350.0,0,5.807469189606371e-10,17301,0.6098057354058468,6860,0.5334548239764553,7203,0.6427797216159225,92,0.4826350643306268,608,0.5233434479847294,3643,0.5953270674989135,7417,0.5397070735330921,9552,0.2495852327572089,13690,0.2339547702178344,13001,0.167813982351954,19718
5985950.0,1750650.0,1,0.999999998194959,529,0.8985742632088125,190,0.7470134142774958,54,0.6427282528814104,93,0.5573726040265836,101,0.6222160424148653,54,0.9661548341210083,455,0.9355310106058341,221,0.8370582713542809,34,0.8136803063501024,90,0.8173696413760174,281
5989050.0,1756150.0,1,0.9999999999999685,9,0.8920191142456805,616,0.7523191284468973,24,0.6424277950835484,94,0.555013269284893,108,0.6358189070904482,21,0.969183668016757,314,0.9361363888749672,210,0.8605541709377106,20,0.8696107392870654,30,0.9513711375910188,14
5978550.0,1744450.0,0,9.7813048513008e-06,11878,0.4656217973962599,13976,0.49323904272204216,10838,0.6420808196128938,95,0.17142608814769472,15369,0.5333417478383234,2462,0.46711299795972905,13208,0.4991664525247512,11861,0.2840266535174458,11110,0.0967201947140548,18350,0.21770731821785128,17410
5866850.0,1780650.0,0,4.171130329000934e-07,13990,0.36247361584135845,19092,0.43004114123877946,16481,0.6419961489804985,96,0.16965566755559408,15482,0.530294271637449,2795,0.3257198821423716,19558,0.37771418100695864,18596,0.29013026098761463,10688,0.10463058719597007,18071,0.2381653764348507,16481
5976850.0,1740950.0,0,0.0009842799912094065,7326,0.5992911099696073,7393,0.5836792005793376,3653,0.6419203266242985,97,0.17860156140855374,14977,0.5405994879997214,1836,0.6077668483418087,6849,0.6312929253047892,5200,0.2922252028120501,10530,0.11031564129616223,17924,0.23620063163326965,16580
5976450.0,1741150.0,1,0.0003213913269963349,8450,0.40743015462977394,16893,0.48088273632349415,12024,0.64186690210602,98,0.1744782050771485,15223,0.5365339779059469,2156,0.40334615938089047,16120,0.44803569512186636,14894,0.28153494514632704,11304,0.10312454329406773,18126,0.2232332129688479,17152
6034450.0,1711150.0,0,0.0002234647464639779,8882,0.7171859710453363,2075,0.656097551283392,1397,0.6418551150736194,99,0.43257863310837247,1300,0.6020356132785725,193,0.7253200133616111,2174,0.753681505150089,1858,0.5148765635864169,1294,0.49969512690058093,3807,0.5156887596288706,7853
5976550.0,1741150.0,1,0.0002728031501980533,8656,0.40743528997529593,16891,0.4809220726323254,12021,0.6417002085199436,100,0.1749134790440562,15193,0.5367334093992198,2136,0.40336718032274876,16118,0.44809980011213146,14891,0.28160296245273475,11297,0.10336355174274148,18114,0.22343559037897742,17141
5989850.0,1756750.0,1,0.9999999999960616,137,0.9218159033628606,3,0.76351474750204,2,0.6415500442321369,101,0.49712902173956475,465,0.6007383790068178,201,0.9989740453912922,3,0.989658439119268,2,0.8394854915891818,32,0.6842489982262909,684,0.8104744507751277,331
5994150.0,1749150.0,0,0.002695792931941084,6258,0.3206283981172898,20877,0.42527955103816195,16861,0.6415473441999022,102,0.40873659377062505,1783,0.5907533925718045,272,0.2975553639544223,20598,0.37614464388576274,18674,0.6295353307123843,401,0.6517789491682544,977,0.7500517981736143,909
5989650.0,1757150.0,1,0.9999999999882185,194,0.9229411891539109,1,0.762792180509285,3,0.6414661309010445,103,0.4211654085097415,1506,0.5714613148334391,535,0.9992992992500398,2,0.9876944760428549,3,0.6264865239014258,415,0.4583959391053375,5052,0.7329415740840117,1153
5995850.0,1748850.0,0,3.973824959098042e-12,19260,0.48705091701606396,12947,0.44809646677864734,14952,0.641443673932943,104,0.419628619361547,1545,0.6010052330700187,198,0.4837429340959749,12454,0.4924387875511429,12292,0.32426828273400754,8361,0.6933238079311104,599,0.6743676888623178,2273
5995150.0,1749350.0,0,2.8591097281728073e-11,18570,0.5425763463876481,10269,0.4964236909354519,10531,0.641355002534293,105,0.2849863027281577,7128,0.5553739681471587,989,0.5321872994420543,10300,0.548601308123031,9062,0.5424185908746151,935,0.38809873042693477,7274,0.5440250471486698,6832
6037250.0,1693550.0,0,0.093636475553581,2818,0.5824000299102786,8255,0.5981526172666978,2926,0.6413208675402315,106,0.4540826020209899,960,0.6007150633936955,202,0.5984969858897192,7252,0.6592898965898871,4110,0.7661719511830896,109,0.689873254595483,626,0.8461170105557756,148
5985850.0,1753650.0,1,0.9999999999871394,200,0.8998838563046727,120,0.7504066527796013,32,0.641270433144594,107,0.4485361152186195,1029,0.6081889382953654,145,0.9740208276777292,147,0.9550506185540081,75,0.783877734912226,93,0.7252501873067483,396,0.9168414854835697,45
5926750.0,1714150.0,0,8.01370334722756e-06,12026,0.3478568069019944,19837,0.4202087910345644,17239,0.6412487343709662,108,0.17079750162748653,15403,0.5307064898974382,2746,0.3243831914402121,19593,0.3585470082860449,19394,0.2621106371055377,12745,0.11289340383880564,17824,0.25215253711070584,15860
5986650.0,1751950.0,1,0.9999999995364257,428,0.8999279343325758,118,0.748442047803493,40,0.6410978974582044,109,0.5166090891410908,296,0.6077676391924277,148,0.971022946292073,232,0.9414725540317502,155,0.8172174267930865,56,0.790276078170792,144,0.7231335754291331,1308
5986850.0,1753350.0,1,0.9999999990558344,487,0.8987007030485872,182,0.7538296638226952,18,0.6410066646823467,110,0.5194025125856339,280,0.6333460166471513,26,0.9660985683439112,457,0.9362755564526417,206,0.7285767852978144,169,0.7970976479979096,126,0.8334706962671627,203
5986750.0,1753850.0,1,0.9999999999932785,168,0.9002170115844494,112,0.747789099318895,49,0.6409960890355436,111,0.45512136641604173,940,0.5819100253361834,375,0.9688488564022807,338,0.9408368531517891,165,0.848822642255237,29,0.6043335724165443,1560,0.6946874959128675,1839
5999750.0,1746350.0,0,5.2978794237648654e-08,15132,0.6510990081430736,4811,0.5584261380480767,5277,0.6407946206346208,112,0.35028071660488,3633,0.565495512376479,677,0.6696220190649507,4039,0.622321766811477,5584,0.5078621686036977,1417,0.5147115223140702,3372,0.6033342643729616,4433
5978550.0,1745850.0,1,9.589968534713514e-06,11890,0.6082066421119484,6957,0.5661671852803605,4771,0.6407916241833017,113,0.1776536849082087,15033,0.5519780603597986,1130,0.6186161192098091,6361,0.6329548399679754,5126,0.30967273268390594,9296,0.1606547774851219,16337,0.49218160432004343,8593
6007550.0,1731750.0,0,0.0018695140437007501,6646,0.35479872419060704,19498,0.419480169593151,17304,0.6406980940360691,114,0.38875906707579955,2259,0.5697294813063739,571,0.33925463972303993,19003,0.39739851437286167,17693,0.4654182307405277,2335,0.500255793108964,3794,0.7063758979823541,1615
5995450.0,1748850.0,0,1.2660816244054036e-08,15909,0.5832356694187724,8211,0.5335702157151363,7191,0.6405675248677959,115,0.39392128785803493,2117,0.5659970388121023,665,0.5966881617258407,7350,0.6150617358808359,5858,0.6612233915605197,293,0.6284888158720574,1246,0.6094251065012343,4190
5978450.0,1743350.0,0,1.3295458923062738e-07,14636,0.561249068643284,9383,0.5055976240396746,9677,0.640530543667736,116,0.20331095608737887,13051,0.5434298627969131,1646,0.5394746747598737,9990,0.5474033011984566,9137,0.27965954140174243,11440,0.1575272474546674,16464,0.4548287886425799,9760
6033450.0,1710450.0,0,0.0042294141414579755,5790,0.39286302427864345,17586,0.4694040448959493,13055,0.6402868927765052,117,0.3662089094720998,3017,0.5712194630972928,538,0.399044729907581,16335,0.45720322229351507,14356,0.3514199648038574,6777,0.3225178066460064,9340,0.4745800060394322,9128
5980650.0,1751950.0,0,2.667615794767669e-05,11058,0.4095790154335465,16785,0.4476685061463622,14990,0.6401959326064047,118,0.3969843320299728,2036,0.5731072062245808,505,0.39161217096083056,16666,0.4416421283348648,15277,0.3360687598182672,7626,0.5629531873235487,2261,0.5311808946150546,7312
5986850.0,1754550.0,0,0.0002117370494531444,8942,0.4319410721789182,15624,0.5001867186788139,10198,0.6400739030551569,119,0.4418425075526473,1138,0.6054261629130894,172,0.4375269845013522,14581,0.5103667040311386,11192,0.7538319033721776,132,0.677046745164526,746,0.8400103408294768,170
5998750.0,1749450.0,0,0.005996894094592235,5441,0.5700453921601327,8915,0.5836642753305267,3656,0.6400251968541067,120,0.45010093613101193,1001,0.613452719330576,105,0.5751779182322627,8351,0.6293673027186087,5273,0.6556647951821986,307,0.6949900912237167,587,0.7939707005245913,430
5976750.0,1741050.0,0,2.8631870053610573e-05,10984,0.4579694893795775,14382,0.48447855686124414,11672,0.6400067243604634,121,0.17081770889516068,15400,0.5304591009598906,2778,0.4498262204859479,13999,0.4790953482127983,13054,0.2696996173127898,12170,0.09313807426420873,18564,0.20634181114343852,17969
5995750.0,1748750.0,0,2.2754465546990947e-12,19448,0.3297432043138982,20574,0.36427085755508815,20357,0.639871519438046,122,0.45687869822840615,915,0.6006793909990468,203,0.2913960873091781,20760,0.3390779808587646,20055,0.4937694212367614,1673,0.689697986752298,629,0.5649304042867921,6006
5988950.0,1753650.0,1,0.9999999998471818,339,0.8920020521083166,617,0.7403926969864649,120,0.6398033542592279,123,0.6287653558142203,11,0.6069993290829946,154,0.959139698139174,813,0.9166179740941516,665,0.6523226466998302,322,0.7146652181319931,463,0.5090902875911689,8074
5966550.0,1736250.0,0,3.2101698240004885e-09,16546,0.6692340755258703,3846,0.5472150750772796,6105,0.6397141663326391,124,0.3467814279074054,3807,0.5341317268012021,2393,0.6556229702630119,4684,0.5645512313562229,8218,0.2629625740115815,12682,0.36457406961931327,8006,0.4460123258699624,10067
5880450.0,1781750.0,0,6.982862183498316e-09,16205,0.6206505052545851,6345,0.53373100528783,7176,0.6396164623619193,125,0.36955188562649666,2903,0.5569359597547807,936,0.637703066712633,5492,0.5958908564226212,6700,0.4586114873049818,2509,0.35633365079109547,8241,0.5860912711380883,5143
5863650.0,1781050.0,0,0.012264034287453929,4723,0.6538963634185674,4657,0.581692035333284,3761,0.6394908180492742,126,0.16914108301023978,15513,0.5297878806215998,2851,0.6422151077381255,5286,0.6565808400893994,4219,0.29537336955846816,10293,0.1087434677043786,17963,0.24347121031698038,16254
5993950.0,1749950.0,1,0.9999999999707772,258,0.8899187036810959,754,0.7245216456103091,430,0.6393157569400969,127,0.30550156645405546,5864,0.5769659722544014,444,0.9630055410660175,615,0.9003740673654559,1050,0.6658032663571102,279,0.45332683856313416,5222,0.7382654754651463,1070
5988250.0,1754450.0,1,0.9999999999982265,98,0.892546397776822,595,0.7407488093319018,114,0.6392201394548482,128,0.5340817131531769,188,0.6243096073869863,44,0.964756861763797,520,0.936217184816087,209,0.8581837437136688,23,0.7903379555191257,142,0.9531566557777685,12
5984250.0,1750850.0,0,9.377651444594132e-08,14832,0.4825677942399224,13161,0.4965927087834353,10514,0.6390845491184828,129,0.5197660493206255,277,0.5658023874906323,669,0.48527490126018824,12371,0.5309540147629813,9997,0.3223215863168881,8475,0.5529288752657278,2470,0.3119631895389444,13657
5986250.0,1753850.0,1,0.9999999999665534,268,0.8980718905268322,225,0.7540711421559343,15,0.639082175589255,130,0.47359394549423306,693,0.6076048914521458,149,0.9688980063167311,334,0.9486983660690129,112,0.6344353236958126,379,0.726675287099871,384,0.7280657265436441,1229
5999250.0,1749650.0,0,6.281695520468649e-08,15050,0.4707163565197279,13736,0.4662459310768512,13366,0.6389813959492745,131,0.42693745347030304,1403,0.5806307237270506,392,0.4708535316397948,13048,0.5167333313724689,10835,0.6145578076315505,450,0.6583904565888801,916,0.59009040123459,4980
5993550.0,1748950.0,0,0.004085990024175717,5827,0.6108194541128993,6817,0.5773225451138949,4036,0.6389776433980574,132,0.5792502509853071,50,0.6112135815949788,116,0.6232442755811645,6165,0.6678646394015284,3800,0.6471618597230006,339,0.7131131817349085,475,0.7778918964895817,575
5926950.0,1714450.0,0,0.05804942026030158,3241,0.39461399146867954,17509,0.4803569954871371,12090,0.6388041941509013,133,0.19829570498386512,13458,0.5415997088179744,1758,0.3946247636986433,16521,0.4529719121014637,14620,0.31829292254453645,8732,0.1848502797291499,15397,0.5407292504537187,6966
5867150.0,1780350.0,0,0.0017543562386704808,6716,0.6925764745051053,2842,0.5975661304073848,2949,0.6387908586156922,134,0.17041012063324715,15427,0.5333093931038649,2466,0.6852835710840619,3385,0.6866816697059934,3202,0.2979894943170598,10129,0.11890473829958337,17632,0.2629256642398785,15413
6002750.0,1717950.0,0,0.04502561564237389,3447,0.6366411761753813,5512,0.593895441639146,3130,0.6387438966997876,135,0.14588558474657695,16652,0.5349941281919043,2317,0.6410873827420793,5330,0.6668959792449934,3826,0.32590123186052367,8258,0.12644732454963425,17419,0.2861466145563307,14522
5986550.0,1752750.0,1,0.999999999588354,419,0.9000355715851437,116,0.7479455271304868,45,0.6385657592760932,136,0.48159177950958565,615,0.6141294954710231,97,0.9710395037760793,231,0.9409002814260061,162,0.8157341284897683,58,0.7730950831769151,196,0.8210607178740303,266
6036650.0,1710350.0,0,2.9800375786001864e-08,15438,0.664579365743226,4088,0.5802655673472009,3848,0.638343692978099,137,0.46913731221780247,743,0.5864806884439265,319,0.6800757125063328,3605,0.6331423702613245,5119,0.49710438705044524,1618,0.625880343407691,1279,0.48754259496434926,8736
6033850.0,1711950.0,0,2.0665897007102184e-11,18692,0.5718056973163721,8817,0.5302391414200966,7506,0.6382597861756076,138,0.36391620118661727,3103,0.5257728352385124,3310,0.5715093434800994,8497,0.5826753723014294,7355,0.3091613479230523,9325,0.3017115728171016,10054,0.2340079762660462,16678
5992450.0,1749050.0,0,3.227200561882988e-16,21374,0.5818650415773515,8288,0.5120485125982139,9098,0.6382589136659746,139,0.5492036529393474,133,0.5827165004753726,361,0.558668683671929,9125,0.4917764457035134,12328,0.3505798814025427,6816,0.7295245650302764,368,0.4352451081995218,10397
5933850.0,1695150.0,0,0.00028209065293190557,8618,0.5734941146185245,8729,0.5627680925948599,4982,0.6382088296015327,140,0.139687876605148,16902,0.5290090159088031,2922,0.5910681114674033,7598,0.6218471966278019,5597,0.313899061372222,9018,0.10616631745860627,18028,0.2643960533527705,15362
5992450.0,1748450.0,0,8.411184177902228e-06,11992,0.5809778325968596,8336,0.5589877533888514,5231,0.6381394040964642,141,0.5544187469615517,110,0.6206230140772874,63,0.5828896244319024,7974,0.632627497799398,5144,0.7242040507484242,171,0.7531809420268569,256,0.7775589072541917,581
5988850.0,1756950.0,1,0.9999999999961269,136,0.8922488656001598,604,0.7412165920213024,107,0.6380520227350579,142,0.5358110490095753,182,0.6153544030084873,91,0.9692913758424906,306,0.9310038227892165,303,0.8558087743416471,25,0.7661842845479594,220,0.9257895809318697,35
5963850.0,1730650.0,0,1.3122558746326359e-08,15885,0.5656799444465738,9135,0.5041038432874305,9830,0.6380018181687219,143,0.13461274694269984,17146,0.5222511230338011,3790,0.5348429916321468,10202,0.5456786758253587,9229,0.29235992002728994,10522,0.09777412638505134,18310,0.2311919291062865,16796
5881150.0,1783550.0,0,0.18603022441891456,2392,0.6151500944854175,6622,0.602127250401309,2752,0.6379654169644072,144,0.4449155429964409,1080,0.5429390429491453,1671,0.6251584061887303,6061,0.6707689681899733,3697,0.36184349500511026,6236,0.286976613492512,10613,0.43589528209988027,10375
6035350.0,1711250.0,0,7.2216568498543855e-06,12106,0.5666405672522796,9081,0.5561381703277414,5444,0.6379535733715641,145,0.3738617878000709,2742,0.5347038221336496,2341,0.5578201383879235,9154,0.5884156066714069,7063,0.3975299026999439,4631,0.29897621765343874,10149,0.4130189379895337,11059
5989050.0,1756850.0,0,7.584717954485822e-12,19023,0.3334754112951424,20440,0.4028018190265491,18439,0.6378113927099743,146,0.5965210783905163,28,0.6045858006772253,179,0.31002839646588,20171,0.39623449817406087,17762,0.5300504312306693,1075,0.8892142851972114,17,0.5826206121039639,5297
5986350.0,1752150.0,1,0.999999999398745,449,0.8994524297678814,133,0.7421212183713748,95,0.6377831078264059,147,0.42735835670108857,1397,0.5915338252484212,262,0.9699657614318519,280,0.9347906875462137,230,0.7834069076279925,95,0.6813539108059817,708,0.7913773573466236,451
5984250.0,1751050.0,0,5.6309210610107254e-05,10339,0.5558380431931497,9647,0.5437305953350388,6381,0.6376367492986886,148,0.5364445298104014,180,0.6175150369472742,78,0.5644026615095931,8850,0.6113565356172584,6004,0.37720283711482205,5511,0.7497345682872651,271,0.5778976091270678,5495
5996250.0,1741450.0,0,0.05832319039265863,3238,0.7118670789749325,2198,0.6368797710324748,1776,0.6376128533857518,149,0.19904911259247757,13410,0.5454711200597607,1515,0.7239209406601704,2201,0.7454955632930642,1965,0.38576020177064485,5148,0.21747336045780175,13797,0.5194149402706957,7726
5977350.0,1741650.0,0,0.00015026113506347454,9309,0.6400575402791917,5330,0.5855299919874689,3549,0.6375925443911866,150,0.17205676680571855,15339,0.5319040551620554,2614,0.6246978106700063,6090,0.633105169119589,5120,0.26533728004676704,12496,0.09723605069313823,18333,0.2092144076193896,17828
5985650.0,1751450.0,1,0.9999987841441204,1097,0.8971379386268195,309,0.7443651535813876,71,0.637509575456908,151,0.471316294216997,722,0.5954496748253075,238,0.9670575903590118,406,0.9313261459228396,298,0.40314145290540737,4389,0.7008052119314371,544,0.5735087360431446,5681
5987050.0,1754650.0,1,0.999999999997391,115,0.8914954201664276,649,0.742786268951831,86,0.6374406838286844,152,0.45332525422864073,965,0.6079930498022319,147,0.9635280195541072,595,0.9339546878241013,245,0.8028292300407036,69,0.7310133803977898,361,0.9178699741944123,42
5934650.0,1696050.0,0,0.000897602235492112,7436,0.4930029041346282,12654,0.5365872801123645,6970,0.6373684231235344,153,0.14502563919196576,16683,0.5318436263364571,2618,0.5156183976486636,11031,0.5630741715249382,8295,0.3195635439262271,8660,0.113732409493976,17803,0.27578146670188564,14913
5872650.0,1723750.0,0,4.979914464091894e-07,13882,0.544845628781452,10162,0.5245968738891136,8007,0.6373563582011669,154,0.13162541780782427,17305,0.5218356643132046,3857,0.5588824569703117,9114,0.5848120228118776,7244,0.3054081560293782,9589,0.09478449336364236,18465,0.24794597955696118,16039
5983150.0,1750950.0,1,0.999999845136976,889,0.8973861494406024,290,0.7225528185964684,474,0.6373025734972521,155,0.36683652012013884,2998,0.5695149325580902,576,0.9659565804465888,466,0.9169960533911455,651,0.3958947079916064,4700,0.49161179572976244,4040,0.575760034565495,5589
5866050.0,1780650.0,0,2.9134542326640647e-06,12745,0.6403266136965527,5315,0.5686281927199601,4601,0.6372571658444053,156,0.16978834350278582,15470,0.5311387548921928,2686,0.6475347677663962,5036,0.652042336853449,4379,0.2978443970512785,10136,0.11562306187575355,17746,0.2566684349844114,15678
5985750.0,1753550.0,1,0.9999999999844607,214,0.8987124556661419,178,0.7475174367464619,50,0.637196353302297,157,0.48641027662879005,565,0.6194190749327224,66,0.9692893607846739,307,0.9475846123144268,117,0.8289548244215693,43,0.8052379238320824,109,0.9681160016914537,6
5989550.0,1757150.0,1,0.9999999999984672,91,0.892308350988742,600,0.7451833286531973,65,0.6371951770167862,158,0.4052094338079401,1857,0.5691870338354141,583,0.9683143560759209,359,0.9257988358471867,407,0.7338086542154987,161,0.5125926573700341,3436,0.7201673838144096,1375
5987050.0,1754550.0,1,0.9999999999975389,111,0.8920947157385191,613,0.7402790742872198,122,0.6371687577862396,159,0.4616027082819926,836,0.6041535533273611,180,0.9638475571618145,570,0.9327491659856028,265,0.868161316980905,13,0.6926951395276718,604,0.8918387404713067,66
5923150.0,1714450.0,0,1.894553479240017e-08,15683,0.3602890695266986,19202,0.3699610940263285,20110,0.6371662041333045,160,0.1744099934836799,15229,0.5171621838124308,4525,0.32345381638709547,19631,0.3249571243490036,20465,0.22751125405272643,15376,0.10521786647160702,18053,0.1932060778974677,18604
6036850.0,1710350.0,0,1.0944409908852801e-11,18889,0.42210634402090225,16141,0.4457570277040079,15177,0.6370204512536551,161,0.41722045282295844,1592,0.57349491389644,500,0.41382187671572,15623,0.4621980627993435,14060,0.46827580657685475,2254,0.5991833265775235,1638,0.45086857356108956,9896
5996250.0,1749050.0,0,3.220616646510352e-08,15399,0.6905559053455967,2929,0.6003317323747331,2836,0.6369096369784962,162,0.5028518380858438,414,0.6104024296350239,123,0.6827300239602239,3499,0.6695346870593554,3736,0.5622558039892245,760,0.7168455389530302,453,0.7128198241819962,1501
6005950.0,1726750.0,0,4.236780932612985e-05,10623,0.6214172430663274,6313,0.5775849910830598,4021,0.6368444220033529,163,0.13923221289520352,16921,0.5265047552107004,3220,0.6095013720518183,6766,0.626668110524842,5395,0.28520527993233746,11042,0.09842189625178244,18289,0.24038552791153367,16391
5908650.0,1740450.0,1,0.9999960930291096,1165,0.8833354149107899,1121,0.6891976422117212,1070,0.6367877951005769,164,0.14633643370414992,16626,0.5278341540021649,3056,0.9540075721004135,1076,0.917255730014342,644,0.3895693093055387,4962,0.18096946717272755,15558,0.3988778895204754,11446
5928650.0,1713650.0,0,2.9833091005959578e-05,10951,0.4500668711987218,14756,0.49196312082734805,10979,0.6367646439619635,165,0.1365623052845118,17052,0.5251838531830029,3390,0.43999945407024876,14471,0.4753654874853992,13288,0.2785514627992901,11501,0.09127194810130623,18677,0.22651219901029807,17005
5977150.0,1741450.0,0,7.805975438410208e-05,10017,0.5951245437177792,7591,0.5556563080346674,5473,0.636744220026509,166,0.1695517395024031,15491,0.5284768718405451,2980,0.5757862352787491,8316,0.5865687505338812,7153,0.2590467492834383,12939,0.09244879541645856,18601,0.20101120185338728,18254
5990750.0,1749650.0,0,0.0018976534009356042,6628,0.41514148139857504,16501,0.48919740095935293,11229,0.636640265924412,167,0.3937343584941132,2122,0.5624495951614177,753,0.4291978216944068,14954,0.4962334839184339,12061,0.6019223513172229,517,0.5979810463792792,1652,0.5315709659299314,7300
5929350.0,1716150.0,0,2.1561958950228966e-05,11250,0.7125719698797806,2179,0.6203946070077625,2132,0.6365349357242602,168,0.13934054325086634,16915,0.5270942662986453,3166,0.7165738779789501,2359,0.7194486034877051,2369,0.2893198681664022,10745,0.095976280191296,18400,0.23696743834591305,16546
5935050.0,1696650.0,0,0.0004899617179931781,8069,0.6529433642330046,4705,0.6003223210257057,2837,0.6365224393396456,169,0.14047422630503895,16878,0.528119844048141,3014,0.671405956906196,3958,0.69135592758812,3067,0.31149521654347023,9169,0.10684595990687085,18013,0.26398207836243626,15377
5977750.0,1742550.0,1,0.0004802855508230653,8086,0.44992843660844,14761,0.5022161730434509,10017,0.6365046633554525,170,0.2282001010363702,11161,0.5644693315927828,699,0.43121588480082407,14856,0.47452892143462344,13343,0.306393864626203,9507,0.2050429467318644,14462,0.5128487667453283,7937
5978750.0,1743150.0,0,1.425603749889762e-06,13244,0.5636552659532952,9243,0.5312149059802571,7424,0.6364983904883184,171,0.17048225435114675,15421,0.5280825782047109,3016,0.5485397612899,9584,0.5615198398948322,8385,0.2628961180063286,12688,0.09052315588572646,18724,0.20033832123463968,18282
5985150.0,1752750.0,1,0.9999993078926465,1051,0.8993039087024308,141,0.745716699614368,61,0.6363363019494747,172,0.5691405480443917,64,0.614601793017675,95,0.9680864688460856,372,0.9331558421073494,257,0.4110433603617266,4087,0.7957896632302525,129,0.5913358766559442,4918
5995150.0,1748950.0,0,0.000267952221180198,8677,0.667103264479482,3970,0.5851075088173211,3571,0.6362892080637853,173,0.2555384143794336,9236,0.5627178138840838,745,0.6867312896781707,3342,0.6965531245484763,2898,0.48751190570650493,1820,0.348551998283408,8490,0.6515403131762789,2855
5904750.0,1740050.0,0,3.6935223988183816e-08,15317,0.4205666644177317,16219,0.42234123816318725,17091,0.6361684951077452,174,0.42856565655032647,1376,0.5700583675576791,565,0.3881820920291307,16817,0.44004338986016356,15374,0.5706834188481916,697,0.5890813888860578,1791,0.5879864414206899,5064
6035050.0,1698650.0,0,0.0009469687560514768,7375,0.45202750381470463,14663,0.5079029703620235,9463,0.6361670978213184,175,0.39243894275085384,2162,0.5387504693606032,1969,0.4517003305680849,13923,0.5109568914390767,11165,0.33291443027178125,7816,0.4535986455360679,5213,0.2985479442408814,14070
5988050.0,1755950.0,1,0.9999999999994253,55,0.8926832979839588,588,0.748896417080479,36,0.6361344267947787,176,0.47708948875259816,657,0.608214256929602,144,0.9647470878969207,521,0.9386889551818681,181,0.9138746513517133,7,0.7143991460482753,464,0.9016589672948068,56
5862850.0,1781250.0,0,0.0002684830063948613,8673,0.6847180024728485,3153,0.5865062895185329,3491,0.6359838072815546,177,0.1699943085263376,15456,0.5269214953541743,3180,0.6963752780930847,2989,0.7053351300273367,2680,0.3056401584810935,9568,0.1095361564932712,17946,0.24967342094386336,15971
5997450.0,1748050.0,0,0.005885386220876183,5456,0.33418679053474726,20410,0.43050725899533576,16434,0.6359134209496774,178,0.4672144457396518,768,0.6047244245689691,178,0.31226433386662245,20079,0.3886351119244169,18105,0.5439634168436422,919,0.6504823255058514,991,0.7569921157942852,809
5933350.0,1690750.0,0,4.5466746824502425e-07,13945,0.44834346252486657,14845,0.48099054151016385,12015,0.6358298559722545,179,0.13314918912356735,17223,0.5215539356421922,3893,0.44260321415183845,14368,0.47974969711323634,13004,0.28679210991498083,10917,0.09325612998937294,18554,0.23650793464099706,16574
5866650.0,1781150.0,0,3.713274353732801e-08,15313,0.31380147643164863,21083,0.37143240830103397,20030,0.6358064388893122,180,0.17486397956753183,15194,0.5387157393558161,1970,0.3002904246525091,20503,0.3249633855069134,20463,0.2993114944325166,10026,0.13757572971432053,17103,0.2776918451031417,14851
6033150.0,1711050.0,0,7.059603982168087e-14,20464,0.5774894780157226,8521,0.519246873708662,8475,0.635789340880548,181,0.512071586623305,332,0.6017565578805404,194,0.5848024652538584,7886,0.5366538799318887,9702,0.3994530943691287,4542,0.7461782098728911,290,0.47693439177649743,9054
5987750.0,1752550.0,1,0.9999999975187439,549,0.8927349864270728,586,0.7436897162843403,75,0.6357481491213931,182,0.6680921630261939,1,0.6372717053376084,19,0.9620581285694179,654,0.927922499142862,358,0.7856856958192655,89,0.9687617185691988,2,0.839955594871222,171
5996950.0,1748950.0,0,1.0158071619561732e-05,11856,0.4267054188851704,15911,0.46342355009478187,13610,0.635744671841308,183,0.47800538928936237,646,0.5813333752884255,383,0.3975714758521012,16397,0.45244387081401294,14645,0.5574453228675367,790,0.6377461674187468,1120,0.7112527966999277,1534
5929550.0,1689450.0,0,2.3388433653841433e-07,14323,0.5591575751620691,9490,0.5343199423195336,7127,0.6357115258010729,184,0.13433877400212285,17165,0.5223310023745382,3774,0.5353173301735018,10177,0.5554528651860529,8687,0.27563165991220606,11688,0.09037475291806618,18734,0.22707937930745437,16983
5944650.0,1797150.0,1,0.9999999478283995,784,0.8966405538124292,347,0.7363336390342502,195,0.6357025232427562,185,0.3921764498901062,2168,0.5959736269541687,233,0.9768115867203421,100,0.9337342857254919,247,0.8006050872769437,71,0.6272124752622577,1261,0.8552755774482198,129
5976950.0,1741450.0,0,9.087061858938766e-10,17102,0.3554063911651637,19463,0.40309711039365737,18424,0.6356789530427777,186,0.1667493116608042,15626,0.5190344271910808,4242,0.3157390416663719,19938,0.34328965737520867,19907,0.2342886437683931,14822,0.07346333326711907,19860,0.16696037884082604,19749
5986450.0,1752150.0,1,0.9999999998135818,353,0.9000301867122176,117,0.7452280475562949,64,0.6356514295297095,187,0.5039148252899928,400,0.6059804750505685,166,0.9707402453769363,243,0.9393231738631584,173,0.8158356407458192,57,0.8039034207427694,112,0.8075940813488491,344
5983450.0,1750850.0,1,0.9999999682300714,732,0.8966043531148336,351,0.7323101703294004,264,0.6356028038460637,188,0.5382688749427735,169,0.6193299104159388,67,0.9669457220549266,414,0.9314112470635078,295,0.4271064849381262,3485,0.7088752483354533,494,0.6235735842420825,3690
5985050.0,1752050.0,1,0.9999999425862818,798,0.8993341673710981,137,0.7390764017928084,138,0.635451074172468,189,0.5108954746904146,342,0.6178476141823067,76,0.9685269832792789,352,0.9307468200686773,308,0.4283315818832544,3440,0.8114851852761118,94,0.6254385842420848,3620
5988750.0,1757050.0,1,0.9999999999757219,248,0.8909375469634566,682,0.7418094170874402,99,0.635239055763764,190,0.46059177872584384,853,0.6063947470824653,158,0.9684159115358976,356,0.9303782354830035,312,0.7643458908063746,114,0.7004417904639126,547,0.8948891750438621,61
6006850.0,1728350.0,0,1.5361458669088156e-09,16880,0.5179702266969455,11442,0.4913345580696407,11025,0.635165594208826,191,0.12832506858624876,17465,0.5158227188257206,4745,0.48921418355978186,12202,0.5065744856859066,11432,0.2658082901121497,12459,0.07976037234580569,19452,0.21060264781901183,17757
6034750.0,1718050.0,0,1.2921164279277573e-05,11677,0.6710344439517348,3777,0.6389853882528767,1748,0.6351207991878923,192,0.38290552129142924,2414,0.541478166070492,1767,0.710303311056662,2549,0.7245328275212539,2268,0.3609176746672432,6280,0.4340163208608341,5870,0.29640660026261656,14144
5986550.0,1751950.0,1,0.9999999995783055,422,0.8996924265462469,125,0.7446895558933575,68,0.6350628799467463,193,0.45412668693774755,959,0.5895079362155962,291,0.9705362813509492,250,0.9374427944482404,192,0.7959067839234861,78,0.7256167957154331,395,0.6896486253785868,1932
5996350.0,1747850.0,0,4.636948769277781e-11,18394,0.6616908163862666,4236,0.5606571434828127,5126,0.6349875905567431,194,0.30577681967713927,5842,0.5634322506904076,730,0.6483601078939202,5000,0.583068279072465,7334,0.46381535294041865,2379,0.522252209611969,3177,0.5813541136826866,5342
5987250.0,1751750.0,1,0.9999998633809555,874,0.8986227803492742,188,0.7288116102803839,327,0.6349324564776824,195,0.6060924741051916,20,0.6261157347211341,40,0.9696505751051935,288,0.9355506211880605,220,0.6000025336134049,525,0.8431215332164068,54,0.8202574198352355,270
5873250.0,1723750.0,0,4.771622599742082e-07,13907,0.3594761955270959,19250,0.4380172330594148,15811,0.6347289897088826,196,0.13308804528005852,17226,0.5206893155442301,3997,0.34586811581451193,18726,0.39452431354486905,17837,0.28076297942176054,11370,0.09231962688080686,18609,0.23257496975482206,16739
5990350.0,1749150.0,0,0.0021764035946334782,6477,0.634144483985818,5644,0.627949549290231,1944,0.6347200545839621,197,0.5710088656490645,59,0.6309510518122932,32,0.6487446888608794,4978,0.7050067108354549,2687,0.7849288154716599,91,0.7896352077301728,148,0.8118337592442555,320
5997850.0,1748950.0,0,0.0005046421780073763,8035,0.4311118716746446,15671,0.48515841337521637,11599,0.6347000089546391,198,0.5373965380987819,176,0.6181862410975624,73,0.4376599025816763,14575,0.49389736838313225,12197,0.5622154914499009,761,0.6876873930126477,648,0.7789124552949446,566
5995750.0,1748650.0,0,0.001625398091494973,6799,0.46673297999324675,13913,0.527389305757009,7765,0.6346710938014224,199,0.49019405420774,535,0.6193126220203465,68,0.4550233611191482,13762,0.5255838291437607,10321,0.6052164550241905,503,0.729129791132106,371,0.7832325211695654,520
6044350.0,1751550.0,0,3.789560817417525e-14,20596,0.6492797455941287,4888,0.5256088987626949,7928,0.6346484916744183,200,0.5077050919804097,371,0.5628560712492072,742,0.6332702027494854,5683,0.4868535605441888,12628,0.27039799934242037,12122,0.3453331924442322,8593,0.33283570563076936,13090
5986650.0,1750450.0,1,0.999999992905166,616,0.8966732416400172,342,0.7454046472960576,63,0.6345782103179782,201,0.5165669630838614,297,0.6339744831346058,22,0.9657292390428751,477,0.9377810073700287,188,0.5637518004717345,748,0.7474658671810926,285,0.8521145843577885,136
5916350.0,1707550.0,0,2.9120949505803137e-08,15448,0.49422004227066085,12588,0.48770373239527953,11379,0.63452577068915,202,0.1304154308205258,17363,0.51738144595716,4492,0.45863176013441365,13600,0.48070632107449174,12946,0.2602766260126599,12877,0.08214869629440669,19288,0.21022513120040953,17781
5925450.0,1714550.0,0,0.0029550206693292813,6154,0.6095450402316199,6876,0.5867494784756138,3481,0.6345024091338455,203,0.144426527681654,16721,0.5282852973298713,3000,0.6230806857949907,6173,0.64405570372455,4681,0.2890353258262628,10760,0.10363442276073598,18107,0.24530116881014485,16164
5987650.0,1754050.0,1,0.9999999999979707,104,0.8921870850815392,608,0.7311477027250899,287,0.6344900669763364,204,0.4284571067281688,1379,0.5641181130491593,706,0.9622865363041588,645,0.9214512503522125,529,0.8005990800051794,72,0.5419309411271748,2733,0.6702372429019476,2374
6006150.0,1725750.0,0,1.937591392622276e-06,13032,0.6619032910701524,4222,0.5826396250376339,3696,0.6344635428514458,205,0.13384649109408953,17184,0.5205113213542143,4024,0.6549414564190792,4719,0.6617650966608412,4021,0.28166273326348046,11294,0.0928289622429932,18584,0.23299501423890712,16713
5862650.0,1781350.0,0,0.0006008214211864351,7841,0.6166466898159115,6560,0.5806609293430962,3829,0.6344538188218452,206,0.17684840641663696,15083,0.5336929986808463,2430,0.603063386534693,7040,0.6273533921032004,5362,0.29066102390726,10640,0.11790627648657193,17670,0.25048092423851376,15940
6002950.0,1717850.0,0,6.180133167338875e-05,10247,0.5943462771004657,7621,0.5619676359697693,5034,0.6344388892883343,207,0.13652868284917083,17054,0.5227648516104808,3717,0.5998818862859656,7179,0.6208638873857617,5634,0.29165170781968675,10575,0.09955435103489563,18240,0.24573832195782952,16146
5997050.0,1749550.0,0,0.0005588240587154648,7913,0.4743699348900403,13547,0.48286320914579783,11830,0.6343215399490066,208,0.4536696700626774,961,0.5906908388739196,274,0.4448544833423538,14241,0.4798173624915081,12997,0.4876698779825457,1817,0.6450326785820917,1033,0.731634733543188,1171
5985650.0,1753550.0,1,0.9999999999858067,209,0.9003721918395652,110,0.7446036543590725,70,0.634286300653268,209,0.45466678228776525,947,0.5997830901289973,212,0.9741558522301447,140,0.9525849141930849,81,0.844662749675667,31,0.6873161644742345,653,0.8921174594919148,65
6002550.0,1716150.0,0,2.8076372315550243e-05,11006,0.5077621898427075,11932,0.5161323596226012,8755,0.6342759980968932,210,0.13643349771717847,17060,0.5219813719156908,3831,0.486252328355935,12331,0.5142543167521371,10965,0.2697533112712003,12167,0.09369046576950468,18522,0.22752749344692136,16958
6002550.0,1715450.0,0,0.00012012628382851059,9538,0.5626894274019377,9309,0.5462985278776348,6175,0.6342641476418327,211,0.13590621337805406,17080,0.5221705052305707,3800,0.5744117388355432,8387,0.5999794646766543,6533,0.29476019410983056,10355,0.10017629277613671,18220,0.24819332233218983,16025
5929550.0,1716250.0,0,1.4065799585580075e-06,13251,0.4237659523484647,16063,0.46364745086808673,13589,0.6342612100454944,212,0.133070701061561,17228,0.5196092603425805,4149,0.3868739524965086,16864,0.416604708968874,16723,0.2498290421402798,13670,0.080507370549731,19398,0.19976323726714518,18312
5989650.0,1757550.0,1,0.9999999576003489,761,0.892143599202247,611,0.7432214724681347,79,0.634257952875318,213,0.38670557148952067,2303,0.5675433998865214,626,0.962899271623709,618,0.9573068155926404,60,0.5196858789037517,1217,0.401488305109992,6852,0.7030626882155304,1680
5987150.0,1750950.0,0,6.012380432844944e-06,12252,0.5161925816886536,11522,0.5512638722148046,5793,0.634246475568677,214,0.599460910850545,24,0.6160793057783824,83,0.5337692260735234,10241,0.5855354019174306,7201,0.5731422980333053,682,0.8269419557348126,75,0.7802781570596642,549
6004050.0,1715850.0,0,4.019982334488053e-08,15263,0.35679904271281493,19396,0.42431151120189814,16931,0.6341631191100312,215,0.1298659195721317,17389,0.516587982220509,4622,0.3454187322475447,18746,0.3893284903427565,18073,0.27433752883739937,11787,0.0870553205804383,18991,0.22349375998927457,17139
5982150.0,1755650.0,0,0.6084938283157193,1755,0.6508448596200657,4823,0.5918153736979308,3215,0.6341426465658149,216,0.4286254453386867,1375,0.5904638478888928,277,0.6700462864990065,4021,0.7050889174968298,2685,0.685319969072254,231,0.6889027977175254,636,0.7766235924731167,598
5989950.0,1754850.0,0,7.48761764192696e-12,19025,0.40826517729366557,16857,0.4439833623727172,15332,0.6341049738411518,217,0.6369590552435174,4,0.6254056827413631,42,0.40810638881460204,15895,0.4896366256564457,12449,0.6083057562943481,486,0.9171336318763238,10,0.6393046848707677,3214
5985750.0,1751450.0,1,0.9999999987335102,509,0.8972340729821651,300,0.7467483319217688,55,0.6340642303257336,218,0.5274749462192219,218,0.6140570933479652,98,0.9702622921602957,262,0.9465043527205877,124,0.6809551077690943,239,0.7559158589852508,245,0.8105290387690745,330
6005450.0,1723550.0,0,2.1445526232112985e-08,15617,0.5959496129502831,7553,0.5359243909492442,7018,0.6340431743373055,219,0.1296507246090112,17396,0.5161824406212532,4684,0.5796654138589483,8117,0.5892653415455111,7016,0.2718468443122434,11988,0.08452964707445143,19143,0.21905978887201172,17343
5989750.0,1757350.0,1,0.9999999946529081,597,0.891881612748553,625,0.7513628308499164,29,0.6340411632790173,220,0.4105211419895997,1747,0.5771147107546579,438,0.9625872030869158,633,0.959629260613874,49,0.7595040778603274,123,0.5411397347917217,2743,0.7844556489519456,511
5977250.0,1741650.0,0,4.3301743927269326e-05,10600,0.4936031735821002,12623,0.5036011460505616,9879,0.6339729520846534,221,0.16465425679863063,15728,0.5225043444729138,3753,0.5016172848555506,11646,0.5274527935783879,10191,0.2719711100027934,11976,0.09336564056008467,18546,0.2108276232378129,17744
5986950.0,1754050.0,1,0.9999999999974636,114,0.8998510293351216,122,0.7479158904218643,46,0.6339622577690034,222,0.5381741861226488,170,0.6000023213444753,208,0.9685430999987562,351,0.9423265548270194,152,0.8516528161641825,28,0.7976169187330758,125,0.7976990276334353,410
6005150.0,1724450.0,0,4.306563935181671e-05,10605,0.3692558620740845,18756,0.45465174875558984,14379,0.6339368352770517,223,0.13693425662569664,17032,0.5228236340970905,3712,0.3573545464517647,18234,0.4090799462826422,17115,0.28288753474897255,11200,0.09844712658464949,18288,0.24030225807050054,16399
5977450.0,1742350.0,0,0.00044924409924891547,8149,0.5906523656232555,7830,0.5809103795005807,3816,0.6338569186702528,224,0.1448158817489027,16696,0.5291105096898977,2910,0.6158736778205834,6493,0.6363646910193574,5001,0.28274870970911725,11213,0.09653438742386777,18367,0.2324486477255373,16747
5976550.0,1741250.0,1,0.0001073964021606552,9655,0.4072359185789415,16905,0.47839316994736847,12271,0.6337440107678265,225,0.16686970882065258,15619,0.5253952386630162,3357,0.4023660823255696,16160,0.4443530737607456,15120,0.2658346709785079,12457,0.09810765597996962,18301,0.2130659062212812,17613
5985850.0,1753550.0,1,0.9999999999897247,186,0.8999275997528511,119,0.7480708736186382,43,0.633738591527939,226,0.4716133627867926,717,0.6090026397508616,139,0.97414510718036,141,0.9552790876832263,73,0.8327042668309722,38,0.7628978185290424,227,0.9399016107259898,26
5992450.0,1748150.0,0,0.0030023925023514955,6134,0.565946543509546,9118,0.5684103778767795,4612,0.6336978031968437,227,0.5486077199739171,134,0.6159034716815635,86,0.5721130017324852,8477,0.6268470859457419,5386,0.641593015621168,353,0.7198399291136208,428,0.7991583698429494,393
5978850.0,1745350.0,0,6.095859927051049e-05,10259,0.6162083814008351,6577,0.5859805725735684,3522,0.6336866271979671,228,0.14169032013665253,16828,0.5273732968200274,3119,0.6342640456831908,5634,0.6484546205781373,4532,0.2792700070085453,11459,0.09191431407951378,18635,0.22572179371748358,17042
5928550.0,1712950.0,0,5.606743932508085e-10,17318,0.48759891834329294,12924,0.469825040968217,13025,0.6336722610174347,229,0.12719083149419042,17525,0.5129742213602313,5218,0.4543986537465222,13789,0.4678140635598458,13722,0.24790320109351138,13814,0.07043950825074519,20037,0.18809498044984851,18829
6007850.0,1764250.0,0,0.03080099179127649,3776,0.34522688154518044,19956,0.4558315968157895,14259,0.6336014413209767,230,0.45701015536469913,914,0.5807324687216217,390,0.32099772077644073,19733,0.39641680645004396,17756,0.6657084865096168,280,0.5288489112417634,3014,0.6991279642230448,1761
6031750.0,1694850.0,0,7.35229706500241e-11,18224,0.6070627886655923,7007,0.5231409168949894,8120,0.6335638421272491,231,0.1260144690865744,17579,0.5108144904570475,5573,0.6045405597564539,6984,0.5778767144386688,7595,0.27517386616428063,11722,0.07788332705687684,19570,0.21390863340393418,17567
5997050.0,1747950.0,0,0.4768791209303099,1861,0.6360191986509907,5544,0.6119033055460146,2409,0.6335257248169222,232,0.197200752312533,13546,0.5261128509305867,3267,0.6637156245260201,4311,0.6964534615669868,2905,0.4049094198682037,4315,0.30474729662289546,9952,0.32969635422766597,13182
5987650.0,1755850.0,1,0.9999999999937139,165,0.8906005333715734,710,0.7463479273797445,56,0.6334819318931935,233,0.49258548868766283,510,0.6232554655763392,50,0.9636532912503752,591,0.9394710697054621,172,0.6433860067919863,348,0.7707467393349776,205,0.9567516436038872,9
5873750.0,1723750.0,0,2.201669485122019e-08,15603,0.4152774125251859,16490,0.4497073673309663,14811,0.6334413701692518,234,0.1300996349190001,17373,0.516335495589847,4655,0.38536289084952435,16958,0.4186033957032531,16623,0.26155298886029144,12791,0.08316367337340558,19228,0.21240944989691912,17644
5988950.0,1754150.0,1,0.9999999997599829,378,0.8917373343260611,637,0.7374677863084043,175,0.6333862314439898,235,0.6520238248130978,3,0.6436901205265088,10,0.9606641213550902,727,0.9237582910367155,470,0.8310750650808969,41,0.8814184997260847,24,0.8521972653462973,135
5864750.0,1780950.0,0,2.5737370535019327e-06,12848,0.47813714864541124,13354,0.4667830443366131,13313,0.6333669402753811,236,0.15854140262780297,16043,0.5134991692468269,5137,0.45526029014782865,13752,0.48080199462998896,12940,0.2712943942546475,12037,0.09062948553205152,18714,0.21407084861830028,17556
6033150.0,1719250.0,0,7.618150177087512e-13,19797,0.3677901594610333,18831,0.38783003801847893,19261,0.6333617000287168,237,0.4299311775229232,1344,0.5354972338897304,2255,0.3171849245022659,19882,0.3515691288581333,19634,0.27111449464969783,12049,0.46275243638514785,4911,0.3472972096675926,12720
6009250.0,1731750.0,0,0.006109786401888701,5419,0.4866342106025478,12962,0.5023630727639778,9997,0.6333525792958827,238,0.4021849839224041,1916,0.5804630529621818,394,0.4980078515534748,11810,0.5474097494797269,9136,0.5526784705384042,839,0.5855887272528708,1856,0.7607259454803623,775
5870050.0,1728050.0,0,4.127797576709892e-12,19251,0.4913380609229846,12731,0.4641250939676016,13546,0.633315689182099,239,0.12571986703921315,17595,0.51059388756651,5615,0.4654442309630359,13293,0.48172976715686766,12885,0.26278760193328665,12692,0.07386802230052703,19826,0.20314474521399206,18132
6004550.0,1713550.0,0,0.00398920577206493,5848,0.33817458912551596,20276,0.44140213646244114,15553,0.6332244779832781,240,0.1384347426906986,16966,0.5226777300094555,3733,0.30439927963736446,20375,0.3590113554119102,19372,0.26748194033047257,12332,0.09671814913003951,18351,0.22998976587315356,16844
5923350.0,1714750.0,0,0.0029439845844515997,6156,0.7005463762446177,2533,0.6255529056154737,1998,0.6331418410794122,241,0.14314702834384185,16771,0.526407002166553,3235,0.7266249699515389,2150,0.7401097057496828,2037,0.3037859358755256,9704,0.11049918499888678,17911,0.2637116829439352,15388
5933750.0,1691850.0,0,2.10884477718073e-11,18682,0.35023925479877843,19711,0.40194466678639335,18477,0.6330477033723579,242,0.12619067152772243,17575,0.5112450298077784,5496,0.32980516829009043,19403,0.3672942652946307,19042,0.2652855983540705,12502,0.07691219467551669,19633,0.20805148517684924,17883
5976850.0,1741150.0,0,2.4810879720364767e-12,19414,0.43633817678087744,15403,0.418143916786401,17389,0.6330167706965932,243,0.16650814955979953,15638,0.516595231134133,4619,0.4171592697611014,15496,0.4172212970040715,16691,0.2311508414062029,15074,0.07549889843563595,19722,0.1716291300012316,19550
5933550.0,1691950.0,0,1.1274840244959645e-12,19669,0.3366873400726262,20337,0.37711658056423314,19794,0.6330084137233859,244,0.11858927900024932,18005,0.4978258785713086,7993,0.2810699729902243,21012,0.31130802057128926,20773,0.23424755873328673,14824,0.06455309774832063,20437,0.17101804192391523,19570
6002650.0,1718450.0,0,0.00013009370948946746,9446,0.5417066573975711,10309,0.5436857377929193,6388,0.6329826533546339,245,0.1397087237694685,16900,0.5237231370138665,3577,0.5396167142341137,9983,0.5687162795623706,8011,0.2835501170924468,11146,0.10165121076760786,18173,0.2437830515846271,16238
5995150.0,1747950.0,0,9.572869877643067e-07,13474,0.37865045932894353,18318,0.4152710974539647,17600,0.6329616772990484,246,0.2613209245279939,8818,0.5387035871934818,1971,0.3531023200521777,18404,0.40175361310842517,17498,0.3751420342795294,5594,0.27318151603992924,11177,0.56997923933636,5798
5987250.0,1750850.0,0,0.0001954120806430401,9037,0.3945973600199718,17510,0.4973288575587298,10443,0.632942131044516,247,0.6167013241897493,15,0.626096208058793,41,0.38808324983528486,16819,0.47493831861254643,13312,0.664334447513335,285,0.8239470021411053,78,0.7981755137833121,402
5874250.0,1723450.0,0,0.0018756948521187426,6642,0.45388810934161655,14582,0.4795940910884196,12165,0.6329281964075123,248,0.1414947321999562,16834,0.528935654103508,2928,0.43344782850313823,14756,0.4602443008659838,14184,0.2854524375560574,11024,0.11762998540095482,17678,0.26035607675854655,15524
5994950.0,1740650.0,0,8.62576863725947e-08,14874,0.2835875413406852,21660,0.3463510941237283,20941,0.6328944563881584,249,0.22240865979023852,11582,0.5421572054648093,1731,0.24673581134812972,21546,0.28009964109171204,21337,0.27435570958992317,11785,0.19171862859885458,15071,0.5149957212629653,7876
5935150.0,1693950.0,0,0.0006755189446794978,7733,0.4942629723936683,12585,0.527689918844728,7737,0.632860009061246,250,0.14355157130202756,16751,0.5266643122919037,3205,0.47949447805634726,12664,0.5177046638595095,10770,0.2814559595800693,11310,0.10361255742728315,18109,0.24488141693698884,16182
6004950.0,1714150.0,0,3.198454808286726e-05,10886,0.4602758787116199,14265,0.4986563970444564,10324,0.6328289968581475,251,0.1377859679961526,16994,0.5223147725511229,3778,0.4458388143972931,14200,0.4833536807321184,12810,0.275628548745644,11690,0.09742093194569579,18325,0.23521525286523026,16628
5929650.0,1689750.0,0,3.801734656150925e-13,20026,0.30859620703439367,21207,0.3277742930610441,21335,0.6327704338024592,252,0.21520100774937823,12117,0.5431308380772996,1663,0.2780131662462132,21087,0.28689689243893457,21221,0.26866514974800826,12244,0.23232146260321196,13061,0.49126127862705704,8624
5880350.0,1782950.0,0,0.024991844630642735,3983,0.3833283768915887,18080,0.4623963649825376,13690,0.632768169730409,253,0.45431773128520225,954,0.5415897358808335,1759,0.38908153728904216,16775,0.45059319045562696,14746,0.36707203392645427,5978,0.30799068934055507,9842,0.4445290843351153,10111
6003050.0,1717750.0,0,2.289002858451454e-06,12912,0.3199460344945029,20900,0.41737621040881046,17449,0.6327656954368202,254,0.1325094939717088,17255,0.5178718372444167,4412,0.3060328722797123,20316,0.35852339239636855,19395,0.2732258457783908,11874,0.09189927728163072,18636,0.22828896073307337,16926
5984850.0,1752050.0,1,0.999999972666403,718,0.8988267064901748,167,0.7346397479871205,219,0.6327349293650617,255,0.42736615945320955,1395,0.6004308589158611,204,0.9678352447060348,381,0.9257550561458099,409,0.4182372868092932,3796,0.694493922600599,593,0.61468498935733,4009
5978550.0,1744850.0,1,0.00014405412386326682,9352,0.19838258608901077,21741,0.3679972756556821,20199,0.6327183773722365,256,0.16534026962248766,15700,0.5223256373729042,3776,0.12100934516472917,21740,0.18686135164984208,21736,0.2347569653709387,14790,0.08645695533231335,19027,0.18386675791756368,19003
5935050.0,1693950.0,0,2.707235928847594e-07,14242,0.5429685264717151,10252,0.5256697585220588,7920,0.6326083165488289,257,0.13348510593601393,17206,0.5192138297213772,4217,0.5301381340051602,10378,0.5525480279150359,8831,0.27653239689648956,11630,0.09174432026749879,18646,0.22972112366302455,16862
6037850.0,1716350.0,0,4.276059419630944e-06,12483,0.6094490521723933,6885,0.5510579262385087,5812,0.6325319746600825,258,0.38278304291268167,2419,0.5522999203124013,1114,0.6130095526978336,6615,0.6315690998587864,5187,0.4460692243462163,2885,0.3617102896406432,8090,0.46263259102971466,9510
6002750.0,1721550.0,0,8.49773847718001e-05,9913,0.32844723448857527,20618,0.42306621340405376,17027,0.632509922625049,259,0.13426390970443106,17169,0.5189575506028311,4256,0.28496172212737436,20931,0.3339186032458825,20218,0.25457292221760963,13313,0.08814561225506679,18890,0.21405507670132906,17559
5989750.0,1757150.0,0,0.0009795948562971273,7332,0.5175261071138375,11463,0.5543395507883359,5557,0.6325070856240673,260,0.4267968609382887,1405,0.5656200563690774,670,0.5144375700343446,11076,0.5851038303259555,7227,0.7338112318354295,160,0.5482185539292066,2565,0.6206909224379824,3788
5933950.0,1695150.0,0,2.7441669489489162e-12,19381,0.4285897696072301,15805,0.42730301459982534,16699,0.6324923850637763,261,0.1251363214035047,17630,0.5086223450239301,5987,0.3788597442151812,17274,0.3985700276877494,17639,0.24323811153986052,14130,0.06729774702756997,20242,0.18559930389270862,18933
6035150.0,1711250.0,0,2.5938194092533816e-07,14268,0.6287053890637453,5914,0.602840961760733,2730,0.63243178491704,262,0.44554116365312085,1073,0.5534466374824242,1072,0.6301809781104034,5805,0.6627386074438538,3984,0.4688710807344444,2242,0.5448699959948029,2659,0.35134599379073295,12620
5988050.0,1754950.0,1,0.9999999999995917,45,0.8919428756636709,622,0.744917063842695,66,0.6324247379794135,263,0.5583042130997952,98,0.61181520986807,114,0.9633310957170341,602,0.9350663873784917,224,0.833086583419318,37,0.8582121371247785,40,0.810722475389447,327
5984850.0,1753050.0,0,1.1836414595503105e-07,14700,0.6182164055709053,6472,0.5685768948586589,4604,0.6324194050019203,264,0.5774195089877375,52,0.6111872771645289,117,0.6174308539369766,6418,0.6517201637700283,4397,0.36027630325255877,6323,0.8361150700804885,60,0.5589357357002811,6237
5990850.0,1748950.0,0,0.000763632077195343,7596,0.5536076144540614,9771,0.5760724940513262,4104,0.6323926185079517,265,0.475586248123485,672,0.6152487793014877,92,0.5572930528358019,9183,0.6174797868445352,5759,0.6640321896722482,287,0.7331239096978982,346,0.8018665607012285,380
6037850.0,1695450.0,0,0.27883348834667776,2145,0.6183732627262023,6459,0.5681887050930844,4627,0.632343616403945,266,0.36875761232847043,2927,0.5664722935374028,645,0.6375425629881526,5495,0.67277022339691,3620,0.5779200901562765,652,0.4285910884556604,6030,0.6963820008692192,1805
6006850.0,1729550.0,0,5.42150233575272e-13,19911,0.5244580175124096,11142,0.478729017715468,12243,0.6323145430846702,267,0.125416690922422,17610,0.5090846695699853,5901,0.5138672414222378,11099,0.5263998843715669,10258,0.27157883544957206,12013,0.07520572813785487,19743,0.2095757114162231,17808
5998050.0,1749350.0,0,3.359940786100571e-05,10827,0.5898743961205194,7871,0.5345316754982806,7114,0.632304719737636,268,0.34945534903865105,3670,0.5326496183266731,2532,0.5779174699377794,8218,0.5863809627836272,7162,0.42673468005035553,3496,0.5109893139143736,3482,0.3367233461195194,12994
5903450.0,1752650.0,0,0.00016430190652152036,9226,0.435076263544726,15455,0.4576814502842213,14105,0.6322751523195075,269,0.3843243558390846,2371,0.5687561095098391,596,0.4164869422197859,15521,0.47690615990259877,13199,0.5173422960282801,1253,0.5713724428628713,2119,0.7487573978315768,931
6002750.0,1721450.0,0,1.1129108597289968e-10,18068,0.465606747477256,13977,0.4614611253274963,13768,0.6322433424764553,270,0.12688411680124714,17537,0.5112240455157196,5501,0.46261377060993836,13424,0.4873911662272814,12598,0.27514676337989663,11724,0.08182562025683027,19308,0.21862447202523416,17370
5996850.0,1747050.0,0,3.8784408439048804e-05,10705,0.5987513898554737,7426,0.5486747781875553,5993,0.6321609757171092,271,0.21593771374551207,12072,0.5275539280561029,3099,0.5934178814145864,7491,0.6154165368371086,5846,0.43551554681055615,3192,0.36757191258561317,7905,0.4779959663159381,9033
5862950.0,1781350.0,0,1.621495825861351e-07,14538,0.6565900357900981,4513,0.547420504089862,6089,0.6321391975614908,272,0.16854904488189934,15536,0.5222952090526554,3784,0.6483831275797038,4997,0.6213333071099421,5619,0.2668177236007909,12381,0.10156456568796524,18178,0.2244802289484733,17105
6004650.0,1712950.0,0,0.00014444390122393908,9346,0.5718092602404027,8816,0.5523694202337746,5707,0.6321117721843259,273,0.1425304977452171,16789,0.5263053365494809,3247,0.5842756835494797,7907,0.5963881327445584,6680,0.2794885373527449,11448,0.10843033442714889,17973,0.2526394002550614,15839
5988250.0,1752450.0,0,0.0014631294521196259,6912,0.7248343800739148,1885,0.6612675819444144,1314,0.6320498944229097,274,0.5220654554375166,261,0.6040807783716451,181,0.7276966247413655,2128,0.7438141044662261,1992,0.6424166324174563,351,0.7839197612459655,165,0.7635081070526921,743
5917150.0,1706750.0,0,0.0005043798187143192,8036,0.39143113454988243,17659,0.4853822236967266,11579,0.6320484729675175,275,0.145214354676483,16677,0.527720822634333,3074,0.38488858253894964,16985,0.4438944054274526,15142,0.2964753657840379,10223,0.11043114072761662,17915,0.26076638690715026,15509
5871450.0,1724150.0,0,2.7778058596878416e-14,20657,0.5380051658451422,10481,0.4734096136659459,12716,0.632040412270653,276,0.12445355340904647,17661,0.5055275000243126,6573,0.5102457159764052,11256,0.46907620397554306,13657,0.25326096963227385,13405,0.06621356164098635,20316,0.18982985942627417,18744
6004750.0,1714050.0,0,6.483239816313122e-11,18276,0.5725084580488319,8769,0.5058697481927301,9654,0.6319988675907123,277,0.1259048145824574,17585,0.5091705657388158,5890,0.5694686594499653,8595,0.5680081341817168,8047,0.2718004176843958,11991,0.07792940176161434,19566,0.21244756970959933,17641
5977050.0,1740750.0,0,1.1424354188454638e-09,17000,0.5935434422734316,7663,0.5074634876686042,9511,0.631957382209318,278,0.1616428219042747,15906,0.5112236482289951,5502,0.5668914017979824,8717,0.4904983996279,12399,0.23034065044501184,15152,0.06794090520230811,20197,0.16041430504667664,20020
6007750.0,1731750.0,0,0.011380719741565851,4805,0.5548388798706695,9708,0.5531970546689913,5656,0.6318664853366012,279,0.4097789287650943,1763,0.5912830380584652,268,0.5605313323198066,9031,0.6049098082865196,6331,0.4241943308198878,3582,0.5686344187228864,2163,0.7298396259597038,1198
5989850.0,1757050.0,0,0.0003227696165979199,8444,0.4405872807448627,15209,0.5330521075707534,7245,0.6318095557367899,280,0.45806596178681536,895,0.5861535381856267,326,0.43934421691881187,14502,0.5317459936147374,9946,0.7940076050057085,80,0.6404232942835404,1084,0.7201764006190464,1374
5865850.0,1780750.0,0,2.0114421812773486e-05,11320,0.42261742080120934,16122,0.4781118297781776,12295,0.6316889506486093,281,0.16338193573725393,15801,0.5213032291757999,3929,0.4136321619205551,15631,0.4612996629895708,14111,0.288577558870198,10788,0.10846914901059812,17972,0.24343435094061805,16256
5998650.0,1749750.0,0,0.0236985151521047,4031,0.7195777005059967,2018,0.621468191074936,2104,0.6316751989856769,282,0.38452032472311415,2362,0.5519799231311938,1129,0.714255528504477,2426,0.7037761142905729,2712,0.6063752486309968,494,0.5838243464598959,1882,0.48728467410999476,8747
6009250.0,1727550.0,0,2.111496834939444e-06,12964,0.5291755785315317,10895,0.5265147500781917,7845,0.631638160248085,283,0.13517167120579246,17118,0.5200181876140493,4090,0.5301917889263522,10373,0.5581036759637322,8544,0.28516268534345146,11044,0.09707485528512783,18339,0.2403194698417226,16397
5992250.0,1747850.0,0,6.019527504873403e-13,19876,0.5932680033096274,7680,0.5243006306167234,8025,0.6315755425044719,284,0.5274157232827911,219,0.5913476990757228,265,0.5825525542009197,7993,0.5577398666061278,8565,0.5387693079588043,963,0.6636702707659263,870,0.5597361392423383,6206
6002650.0,1716650.0,0,5.082480961461788e-08,15154,0.46011544195024495,14273,0.46849849682460804,13136,0.6315122416887249,285,0.13295799982378873,17233,0.5185703773974225,4311,0.46203968850556,13454,0.47924151757235744,13042,0.26596270340120975,12447,0.0950255879818932,18448,0.23144254094764471,16784
5986350.0,1750650.0,1,0.9999999909551524,628,0.8970946290378856,313,0.7419989573034033,97,0.6315049554570928,286,0.5560840937181786,104,0.6329906526577707,27,0.966435499864588,434,0.9392616125225269,175,0.6769792501639664,254,0.8022790696534879,116,0.8589813596837357,122
5993450.0,1749250.0,0,2.020841835531927e-05,11316,0.4009188413857369,17206,0.4779515497860117,12305,0.6314936897713869,287,0.5508739099080578,126,0.6248219459989099,43,0.4077907951414419,15904,0.4750683983696665,13306,0.6685567416057214,273,0.7479455339788561,279,0.8056712196904673,353
5874850.0,1723450.0,0,0.00038123723684614923,8292,0.4365361539267884,15390,0.49674994269520223,10496,0.6314756153314711,288,0.1417716124767993,16823,0.5246132481365241,3475,0.4180842402536532,15462,0.46299012640025694,14010,0.27781380269388745,11545,0.1018862690923823,18165,0.24145832928652522,16347
5933850.0,1691150.0,0,0.0001946032803449411,9044,0.3656656992060553,18929,0.46652315323118726,13342,0.6313793074262052,289,0.13648275457580414,17055,0.5223510603559719,3770,0.35479965168407634,18334,0.41413068225999816,16870,0.2899595250306334,10700,0.10437210071795322,18080,0.25223306628001896,15857
5986850.0,1750850.0,1,0.9999999991296358,482,0.8987753900180927,173,0.7440379270109249,73,0.6313428865325308,290,0.5407988751055232,158,0.6300304629756932,33,0.9712858952199847,225,0.9458847038415573,130,0.7312515711459818,168,0.8102528187024339,99,0.8544663385281859,132
5989950.0,1752150.0,1,0.9999999996130515,414,0.8967123362959178,339,0.7237579497028068,449,0.6313207478531926,291,0.3564343114935901,3383,0.5606784651498948,801,0.9710210151869278,233,0.905794400819968,960,0.5801443224637775,636,0.41063738719986964,6580,0.6869718398115812,2004
5986950.0,1754150.0,1,0.999999999998368,95,0.8991136600150381,147,0.7483689292397624,42,0.6313014113877016,292,0.4987531787544978,452,0.6084223183106567,141,0.968569359776622,349,0.9443118468848387,139,0.8613198557698167,17,0.8053032943784619,108,0.9207831818403542,39
5977250.0,1742350.0,0,9.425512271918824e-08,14831,0.36296707457415084,19064,0.42686924322107667,16727,0.6311967355951861,293,0.12994398010614022,17383,0.5147522072934619,4925,0.35036420347217234,18538,0.3815944847804935,18439,0.24099706353535688,14266,0.07067033995775596,20024,0.18309114994050635,19044
6034150.0,1711850.0,0,2.473957075033836e-12,19419,0.5198593801195323,11361,0.49600723933650553,10573,0.6311814212739172,294,0.3478466784662044,3749,0.5176162161750706,4450,0.5194976658942486,10845,0.5479557397112844,9102,0.41523019692092333,3920,0.2835166768115953,10751,0.30242064547024783,13942
5987850.0,1756350.0,1,0.9999999999987363,87,0.8958433983208939,406,0.7509568763937091,30,0.6311689553651991,295,0.46225381691799355,827,0.590155139741831,283,0.9762693221744351,103,0.9420337207450707,153,0.5250512711054232,1138,0.6761769757653775,756,0.6007739303338635,4546
5985450.0,1751950.0,1,0.9999999287150041,815,0.8985280564020992,195,0.7385258967784858,148,0.6311349177783909,296,0.5047268325794376,387,0.61600166333008,84,0.9680677266686919,373,0.9308459779389351,306,0.4243492282437388,3572,0.7755180386601228,186,0.6187503154650722,3858
6005750.0,1717150.0,0,6.844357647328348e-05,10154,0.4181674872751474,16343,0.4916631766010003,11000,0.6311212124443565,297,0.1423423391076595,16799,0.5256146166632127,3332,0.41174843258252913,15734,0.4629410381251231,14017,0.29089956600167244,10624,0.1058237925461647,18036,0.25299032152794865,15815
5985350.0,1751950.0,1,0.9999999350392639,807,0.8986677334147998,186,0.7384985729366874,149,0.6311126051717634,298,0.5005836193124672,438,0.6149067258076084,93,0.9681657957385857,370,0.9307510262232088,307,0.4254004884938596,3538,0.7866954068398273,157,0.6211490170114878,3774
5906350.0,1748550.0,0,0.00029582543924342553,8562,0.48983261083872515,12815,0.5152935833516844,8824,0.6310743074582874,299,0.25340088087067686,9364,0.5370522577631495,2102,0.48183244387545343,12554,0.550856116601188,8927,0.4170105024328805,3849,0.3661051881529197,7960,0.6707665011423155,2365
6031650.0,1697450.0,0,8.782034087275957e-10,17118,0.6036995262642726,7190,0.5339192360313,7157,0.6310523929290557,300,0.12887611470686683,17438,0.5133317712123289,5163,0.5755561838495633,8327,0.5805175959247542,7477,0.2593318545661373,12920,0.08012480103800068,19421,0.2081020444955286,17880
6033250.0,1711250.0,0,1.78224673702044e-09,16818,0.35047365013734805,19700,0.35976060482475325,20519,0.6309974324935675,301,0.45427403326634935,955,0.5827124081267192,362,0.31400637243629226,20008,0.32219540176289097,20536,0.26491108856160284,12538,0.4752770135038381,4537,0.4400132189202919,10254
6035350.0,1694350.0,0,3.727250216134425e-06,12576,0.4145138117966228,16539,0.43898758497323903,15745,0.6309207101934354,302,0.44388722931194796,1101,0.571832374966211,530,0.38426277738428927,17010,0.4396540266575296,15397,0.5703517897480745,705,0.6373354890271365,1131,0.6693400764495564,2395
6003950.0,1716650.0,0,6.518736838037774e-10,17264,0.38515173338867126,17989,0.42458344310664925,16916,0.6308962529520176,303,0.12756258619989025,17507,0.5112390764018047,5498,0.362602845129647,18001,0.39643117852363496,17754,0.2585937672446398,12977,0.07978604774133635,19448,0.20775999663750722,17898
5908750.0,1740550.0,0,9.43907301644823e-12,18946,0.6640381662383732,4116,0.543686500195527,6386,0.6308726968066308,304,0.13120231412204666,17331,0.5173780708130994,4493,0.6673802002267326,4142,0.5753989681010825,7712,0.32466017294817484,8328,0.14309805896827665,16927,0.5117578721330593,7976
6032750.0,1711350.0,0,1.2801559868864539e-14,20818,0.44460550445829405,15014,0.41112458082378184,17907,0.6306679892972525,305,0.4453981786940753,1074,0.5728778988859035,508,0.4305694697340856,14882,0.4329598735163622,15784,0.2949161262573634,10339,0.4922904240024979,4014,0.46265118177652986,9508
5903350.0,1752450.0,0,0.9704231988417534,1485,0.7236760600190546,1913,0.6497795661136326,1519,0.6306027766515039,306,0.42440079339985487,1443,0.6004075490908222,205,0.7546677038349615,1735,0.7986300002317183,1582,0.5744437823759744,675,0.6399702617077192,1092,0.8137085772477184,310
5988650.0,1754150.0,1,0.9999999998420159,343,0.8918185890884648,631,0.7379847306851991,163,0.6305776538070734,307,0.5338033572895862,191,0.6220905271163008,55,0.9603997710838307,743,0.9187226025598947,608,0.8176896242372216,54,0.8368107708852601,59,0.8329954934160613,205
5984050.0,1750650.0,0,3.395219115062454e-07,14096,0.3640871700115986,19004,0.41368889734148007,17731,0.6305544058886895,308,0.4450505275230794,1079,0.5696606225054317,573,0.3259823985933923,19546,0.3762276261114932,18671,0.30467863476813406,9648,0.6443122929018464,1042,0.4981940890199078,8415
6005250.0,1733550.0,1,0.9996616835666332,1248,0.7915585872426724,1311,0.6840837639447014,1128,0.630517832067935,309,0.5420347815552542,153,0.5969719813691191,226,0.8225941010999966,1318,0.8457862733260744,1261,0.5850990997810135,602,0.6609410115851903,889,0.7490758642135636,923
5986650.0,1750250.0,1,0.9999999626689035,753,0.8983665355163093,207,0.7321489182272926,270,0.6304990335821447,310,0.521359639383495,264,0.5890841937189764,294,0.9641175490782887,554,0.9206979867799736,543,0.4993491547934641,1569,0.7882960571596201,152,0.791981180576077,445
5880450.0,1781850.0,0,0.3413736599418481,2024,0.6400930288787628,5323,0.5995990535852184,2860,0.6304852834040738,311,0.3188517744660398,5111,0.5688039829414868,593,0.657240684651889,4603,0.7011208434460839,2782,0.45155951286004326,2715,0.3509460887223689,8413,0.669810507224597,2381
5920650.0,1713850.0,0,0.0005315191313421887,7970,0.3937915946716153,17545,0.46360018054325014,13594,0.6304599417338158,312,0.13710278233134782,17027,0.5192906893863101,4201,0.37051517252407584,17638,0.4140751160242606,16872,0.26112184307096276,12820,0.09528337058782455,18437,0.2252289526505804,17063
6004950.0,1713950.0,0,8.671708221987326e-06,11971,0.6497375710498438,4869,0.5730884868851599,4312,0.6304493860951758,313,0.1379505707296241,16986,0.5217598911802563,3865,0.6357983324244025,5567,0.6289102541563485,5291,0.2575797575611456,13057,0.09709052460074763,18338,0.2288605217485723,16897
5986550.0,1751850.0,1,0.9999999993449418,457,0.8998753501289629,121,0.741943291309681,98,0.6304451907975199,314,0.4995849083299987,446,0.5899715627080524,286,0.9706388055332845,245,0.9370861477797066,197,0.7897274340212941,83,0.7821207669909441,169,0.7255993921067942,1273
6005050.0,1712550.0,0,0.00023075137203443184,8847,0.62260084266375,6252,0.5752152464977841,4158,0.6304102461700879,315,0.14344295920426034,16756,0.5253731650941033,3363,0.6234591456043971,6155,0.6264351166103224,5406,0.26767691714419284,12317,0.10621740053167472,18026,0.243980148873582,16232
5982850.0,1752950.0,0,0.024463021450146425,4001,0.6890418829507555,2985,0.6156087427338247,2280,0.6303865039826126,316,0.4271915306081317,1400,0.5928993276812546,256,0.6862446479690801,3352,0.7035413760628275,2727,0.6603851581963863,295,0.6882527539433072,641,0.8029126154258323,374
5988650.0,1756450.0,1,0.9999999999999487,10,0.8922977754754363,601,0.7484347074393668,41,0.6303478359618394,317,0.5547054570395346,109,0.6184554970415918,72,0.9689836956744606,328,0.9332550829054297,254,0.927977391799244,6,0.887392313855677,20,0.9391685709517358,27
5988950.0,1756150.0,1,0.9999999999998921,21,0.8909543135208213,681,0.7413935534967656,105,0.6303459115390554,318,0.5152737322736936,309,0.621884697836807,57,0.9679360398360722,379,0.929586575776327,330,0.7889928424592876,85,0.829843275898372,66,0.9430780709466112,23
5997550.0,1748850.0,0,0.0638920627409016,3160,0.6879954302454625,3018,0.6287480791716267,1924,0.63027835422368,319,0.3153315013592978,5300,0.5449308691975115,1550,0.7099976442543546,2560,0.7222353855587664,2312,0.4797209004648758,1986,0.5163749128245594,3328,0.39787593628130435,11465
5905150.0,1740350.0,1,0.999999999976062,246,0.9173848606682746,14,0.7446401539234623,69,0.6302392353196239,320,0.46458132857918755,795,0.6093998830851478,135,0.9960719290226786,9,0.9815531655088577,7,0.7680313094838529,108,0.7365996929754728,325,0.8946934393640261,62
6031550.0,1694450.0,0,3.558420841405998e-11,18481,0.4037349877976029,17080,0.42247237439363206,17079,0.6302374676257515,321,0.12585751325991554,17588,0.5078472098962925,6141,0.37371590379784214,17499,0.40026342320327524,17557,0.24985129173990694,13668,0.07384094696837273,19828,0.19668250228421746,18460
6002850.0,1721050.0,0,0.0003375613870834668,8414,0.3667274988283699,18883,0.4616819875459469,13753,0.6302065864506892,322,0.1342576346895476,17170,0.5192750145193125,4206,0.3605626210762942,18094,0.41628617825499614,16742,0.28335548896653495,11165,0.10205573965438708,18158,0.24625270995852977,16123
5867150.0,1784150.0,0,0.020540725343594926,4170,0.49995370488135926,12290,0.49731250860588694,10446,0.6301987636764159,323,0.3265550916036317,4707,0.5567603021626479,940,0.503251091485025,11562,0.5478837923313835,9106,0.4877649212452132,1813,0.3611887564353332,8109,0.657017210208693,2682
5863150.0,1781050.0,0,2.6122013558947435e-08,15504,0.6718531158838508,3730,0.5465014757962623,6156,0.6301820694839527,324,0.1601675806335678,15982,0.5090810316136815,5903,0.6844325296266007,3419,0.5452005752744109,9243,0.274158268484201,11796,0.08725199644848558,18977,0.2114514177065714,17699
5873650.0,1723550.0,0,6.076204022764079e-14,20501,0.4731431408860936,13608,0.4325434997171807,16287,0.6301514355157908,325,0.1252653733213193,17624,0.5079451343277975,6126,0.44944796471409854,14021,0.44906075133381695,14832,0.2428552542313389,14154,0.07318308924165162,19878,0.1959163634715364,18497
5978950.0,1745950.0,0,7.356869708892955e-06,12095,0.35910405821194114,19268,0.4193466103837331,17312,0.6301418860242523,326,0.135031697247683,17122,0.5197217048652675,4128,0.3098940923596607,20177,0.32586952580129325,20435,0.20704007379776068,16960,0.0720027869450317,19936,0.16979169471197442,19630
6009350.0,1727350.0,0,0.0007412821074647118,7627,0.4426960279049759,15108,0.49942989457590314,10268,0.6299474708838617,327,0.14218943424321304,16806,0.5235146776359819,3609,0.4196959864157901,15383,0.4626109625338759,14037,0.2709059412471968,12078,0.10114976338984327,18189,0.23708970323854128,16540
6035650.0,1710450.0,0,3.8029244973581097e-07,14037,0.4124795115316455,16647,0.5000410711619387,10212,0.6299019536428999,328,0.5686528843520848,68,0.6187850132191567,70,0.42960459602429013,14929,0.5069863733533125,11404,0.5183817983867705,1239,0.829267241358119,70,0.5206717379378691,7688
5920450.0,1713650.0,0,5.284200938114966e-09,16325,0.47900603002535735,13310,0.4650835687765821,13475,0.6298948848221816,329,0.12686748741377865,17538,0.508727503321183,5971,0.4581712657165645,13617,0.47652295316860793,13219,0.2526510240710724,13462,0.0780823012593681,19553,0.20237940603319982,18174
5985850.0,1750750.0,1,0.9999999881492855,653,0.8968298707513953,331,0.7402875458617258,121,0.6298797039095024,330,0.5080736603822248,368,0.5962280009773206,230,0.9689937189734938,327,0.9394876459182918,171,0.6915117502733201,223,0.7359900056480329,331,0.704074045538267,1660
5977250.0,1742550.0,0,1.1882522537394763e-12,19652,0.4392510489622399,15263,0.43687437620639713,15923,0.629835695996167,331,0.1253526497786576,17617,0.5066847233114705,6364,0.42828347436626113,14993,0.4402777553737175,15355,0.23710236581460298,14593,0.058908877018235106,20791,0.16859749551156,19688
5988250.0,1751750.0,1,0.9999999999072411,311,0.8977337405862903,260,0.7404376886371128,119,0.6298010558581557,332,0.5429191394940832,149,0.6155678412643338,89,0.9750102157054849,122,0.9275947478977418,364,0.8081748003404433,65,0.846869590269772,49,0.8395308367801015,173
6002650.0,1718050.0,0,1.9477305688263598e-07,14437,0.661507475394536,4247,0.5611098752408199,5096,0.6297889531753217,333,0.1323308429655287,17265,0.5163475320861397,4652,0.6430190246722147,5248,0.6274684835180786,5361,0.2480195699905089,13808,0.08849816916478082,18864,0.21457206659048067,17533
5977150.0,1742550.0,1,7.047275352350047e-07,13670,0.35001082549031703,19723,0.41272971687110177,17796,0.6297509021462119,334,0.13260836161715908,17250,0.5166150536407984,4617,0.3119280942594812,20090,0.3320982773354062,20259,0.2124702125721598,16525,0.07036347999368231,20039,0.17004889243014754,19618
6034850.0,1711250.0,0,0.00040456055464089575,8236,0.47532391371084703,13494,0.5472504595633452,6098,0.6297351561684926,335,0.3648141345272543,3065,0.5505866271007915,1184,0.4870744159767436,12293,0.5501843786153944,8961,0.38657925884549704,5112,0.3058408059051052,9923,0.46395038979380554,9472
5867450.0,1780350.0,0,1.3476254811908154e-05,11642,0.3532639546864388,19555,0.43278431388527033,16266,0.629665653695476,336,0.15908039626612902,16023,0.5157974929074334,4751,0.3239477967696256,19615,0.3784784905120743,18565,0.27829451452745546,11510,0.10275862920726486,18137,0.235497599567146,16609
6007350.0,1722050.0,0,3.8858166168416265e-08,15281,0.6913798967750321,2890,0.5810994046978986,3806,0.629555974653459,337,0.129110350978563,17429,0.5135856548506872,5117,0.7105489074455846,2535,0.6923879620566193,3032,0.292692488317395,10501,0.08955954213613282,18798,0.23665672462344634,16565
5977350.0,1742150.0,0,7.239653208444398e-12,19042,0.5501071738236778,9931,0.49254338393571706,10918,0.6295138946127681,338,0.12567828534501596,17597,0.5072941863194411,6241,0.541706994108638,9895,0.5380689338099613,9635,0.23732459116632665,14570,0.06000801271809042,20726,0.16974285472750816,19636
6007550.0,1731850.0,0,0.00395700866707677,5854,0.5502531324813407,9924,0.5492196596506997,5957,0.6295123118779998,339,0.5025706417487678,418,0.5899464462290556,287,0.5519793866161831,9431,0.5997409541983931,6546,0.5229706413320683,1172,0.6330745971420941,1183,0.7447734912448998,978
5989350.0,1756950.0,0,4.239557697322937e-06,12496,0.47361549981402107,13583,0.48710268764039194,11436,0.6294561730926156,340,0.5032352595788977,406,0.6232011326098968,51,0.44862736151264704,14069,0.4870244857134144,12618,0.35169684935370116,6757,0.7917343058449868,138,0.8112600409112132,324
5985350.0,1751250.0,1,0.999999916470003,829,0.8971868571371745,305,0.7347471595685017,217,0.6294552201130673,341,0.43112696122652916,1321,0.5914474564981728,263,0.9670287988690047,408,0.9271705970130151,372,0.4076172426102559,4211,0.7133264093622005,473,0.5919767820629964,4889
5984950.0,1752150.0,1,0.9999999675729062,735,0.8996858851951356,126,0.7330077877221213,254,0.6293927799634415,342,0.37689125941255347,2628,0.5737745394703105,495,0.9677306717313545,384,0.92173160926095,524,0.4001799433701263,4519,0.5238477686686924,3139,0.5813318157612605,5346
5993650.0,1749050.0,1,0.9999999999546394,279,0.8893158526729436,803,0.7240423539127883,441,0.6293897218220936,343,0.4288008679387416,1369,0.5901798547447568,282,0.9624955381901836,636,0.9021896819854002,1026,0.6980210007311387,213,0.671243984214296,793,0.8023971733503523,377
5922050.0,1713750.0,0,0.0008242893202100068,7516,0.6738283333984686,3631,0.5925055892212304,3186,0.6291637841152234,344,0.1395755415356964,16909,0.5219247737235324,3841,0.6892498963572744,3241,0.68384823864051,3271,0.27301745507869535,11888,0.1054258203151539,18043,0.24596544155406674,16137
6032850.0,1711950.0,0,3.683723251360257e-05,10754,0.5158359943308628,11539,0.571517555165072,4412,0.6291153907143797,345,0.43986605507665794,1177,0.5623195861690272,759,0.517957827994151,10916,0.5789487030343407,7549,0.3913730265645545,4874,0.5461823455052647,2622,0.3106166795901315,13687
5931050.0,1694150.0,0,0.0001669805620236311,9212,0.4197526365450602,16267,0.48465965543426215,11654,0.6290539998740357,346,0.13983425960935247,16894,0.5212869863870332,3932,0.4060035549820984,15984,0.4512387570610972,14712,0.27365464476200607,11834,0.10073436454117546,18200,0.2383999948758062,16476
5863550.0,1780750.0,0,5.901950453691984e-07,13774,0.37866245132889037,18317,0.4242889110713963,16935,0.628957719444165,347,0.15857701558183004,16040,0.5105697959620173,5620,0.3719981995615097,17577,0.4133042537852809,16905,0.2743711035207297,11783,0.09513339057893544,18444,0.22163468179469326,17222
5989350.0,1750450.0,0,2.2945977350794225e-14,20709,0.4283329729732498,15819,0.4281435250088986,16626,0.6289567901385684,348,0.5377456318061671,171,0.5756196297267302,467,0.3940127363515802,16549,0.4392336861644275,15419,0.3851230045022862,5173,0.726319959940414,389,0.4615930160691296,9551
5937850.0,1694250.0,0,0.22706377547534382,2277,0.44451720919085264,15021,0.5037450158438351,9862,0.6289511669052075,349,0.3399607259892763,4086,0.5517030998853033,1142,0.45302980782543134,13854,0.5139185962347383,10992,0.36943676846986917,5866,0.28518128593356007,10687,0.6210584199210674,3776
6032650.0,1711250.0,0,2.5523389355218772e-08,15515,0.4427039841828581,15107,0.48297944057871267,11819,0.6289434235164633,350,0.4714548204580937,719,0.58761103564586,308,0.43801246170226116,14558,0.4939130834981409,12195,0.49925648249379884,1573,0.6189464265310888,1366,0.4975977266897189,8429
6004150.0,1715950.0,0,2.8519882658626473e-14,20649,0.2901130181590092,21573,0.35197783503039215,20769,0.6289265351080902,351,0.12400453545804666,17679,0.5010752992192108,7363,0.23122871231214603,21659,0.26259497857482517,21504,0.22633077520494727,15478,0.05914603940933405,20779,0.16847305770794407,19695
6007550.0,1736450.0,0,0.00018569654470818462,9098,0.6168157090542947,6550,0.5504341069797567,5856,0.6289068102614208,352,0.3656561852523089,3034,0.5617169539696464,769,0.635803803181742,5565,0.6612757073461988,4033,0.5095327184977754,1385,0.5565911155675093,2383,0.6729006815271736,2316
6007650.0,1731950.0,1,0.9933688757154091,1360,0.7905787220382332,1335,0.664180327060464,1289,0.6288757374520098,353,0.41033125991485947,1750,0.5799189278036624,401,0.8215127093778022,1322,0.834500787829925,1280,0.5257062445277663,1126,0.5912839645972208,1759,0.7505844396677969,904
5988350.0,1752150.0,1,0.9999999997060829,391,0.8917022774318085,641,0.7427870095147797,85,0.6288366972742608,354,0.5671528394255715,72,0.6083699012627422,142,0.9602508738583232,754,0.9207757891298635,541,0.7868879521507448,88,0.8286328017276161,72,0.7355861823942575,1116
5920250.0,1713650.0,0,1.369670921961498e-10,17965,0.36699283808820554,18867,0.4016944001354833,18489,0.6287745006508836,355,0.1253866030729177,17614,0.5052497178313088,6620,0.3362897847031123,19135,0.3650865600150307,19128,0.24112161505983365,14257,0.07215238584671058,19928,0.19013769427456617,18722
5900350.0,1770950.0,1,0.9705447267038819,1484,0.7464806142357255,1577,0.6379934770193207,1762,0.6287540780384367,356,0.38621929811241723,2316,0.5702773832425091,557,0.7798747123658764,1572,0.786283983644435,1616,0.5541616244921221,824,0.5822638704101353,1907,0.7814992554560134,535
6036850.0,1710250.0,0,8.6147022602367e-11,18161,0.4604940183313355,14252,0.4504657129326629,14735,0.6287177801361615,357,0.45898237275423065,878,0.5684955737041081,605,0.4207296154373297,15334,0.45414997560984094,14543,0.4487539988449898,2802,0.5817419232262235,1925,0.44560186006515756,10082
6033650.0,1710750.0,0,7.657693621025793e-09,16155,0.4967459246589215,12451,0.5077532083240824,9480,0.6287118179455274,358,0.38926856230573814,2236,0.5692623389299422,581,0.4714014221447901,13020,0.5140734944610978,10978,0.4675731691242452,2278,0.46651173319492967,4814,0.45954027883702553,9613
5924450.0,1714650.0,0,8.442346026988758e-09,16112,0.6672981089428865,3961,0.5500267106066776,5884,0.6286917565100957,359,0.1285893958789753,17452,0.5114430783550291,5463,0.657774301445606,4576,0.628392816460775,5323,0.24611351224040434,13940,0.08330896632640405,19220,0.20812958932772607,17879
5871650.0,1726850.0,0,5.206475342168278e-07,13854,0.41479593046334656,16524,0.43987628341325424,15671,0.628676424403825,360,0.16599577697750353,15666,0.5273671681732537,3121,0.38047085165433514,17202,0.38557799575557383,18267,0.23808501811658045,14513,0.11001520854311331,17929,0.22613202233178165,17020
5986850.0,1754150.0,0,0.0006107295819281903,7832,0.4427107473881294,15105,0.5328756475397781,7271,0.6286697564885226,361,0.477940327789317,647,0.6126757358065603,108,0.46934100220806996,13116,0.5661258971091897,8132,0.6739803639539483,258,0.7672422974581542,218,0.8898622222396546,68
5925150.0,1711550.0,0,0.5506783173442212,1796,0.6474907012153747,4983,0.6088870099760385,2528,0.6286071479008654,362,0.3084308661957281,5695,0.545141399609052,1537,0.6547349998722743,4726,0.689418077090225,3129,0.4728929903714545,2141,0.3462103087756043,8570,0.6470562949535854,2976
5925950.0,1714550.0,0,2.3158778596775005e-06,12901,0.429281897164491,15762,0.4554329047116889,14302,0.6286070199901244,363,0.13485830928277628,17134,0.5177082298794916,4436,0.40607137675262917,15982,0.4200899054292504,16546,0.23411334533574046,14833,0.08662147635796058,19016,0.20249493080048953,18166
5985150.0,1753450.0,1,0.9999999994291877,442,0.897949389032148,235,0.7457649319980927,60,0.628524802584993,364,0.5615020612906395,87,0.6313191031568439,30,0.9664624842233847,433,0.939978297631089,170,0.7567781959722255,128,0.829455542334562,68,0.8740930412959964,98
5929250.0,1716150.0,0,3.920150162577466e-10,17483,0.323364102388484,20794,0.3782036685559497,19736,0.6285040121673733,365,0.12867848021591038,17445,0.5121607427678185,5345,0.2991709552173477,20533,0.3206718903952569,20578,0.23104018859549913,15085,0.07680389545625754,19638,0.19075876407439285,18699
6008950.0,1727550.0,0,1.1893625839259003e-11,18867,0.463495753269429,14074,0.45804219576926564,14075,0.6284938695422624,366,0.12656163163751827,17550,0.5082579669648175,6064,0.45923055312169625,13569,0.4830742039123439,12824,0.269649364384833,12177,0.08073785881124895,19383,0.21521688097001368,17504
5985450.0,1752050.0,0,4.168406639521086e-11,18428,0.4019168655430632,17159,0.4131918832149275,17770,0.628478075363994,367,0.344342330431469,3897,0.5457586449469416,1496,0.3595287997963461,18132,0.39722704569340417,17699,0.30774263868814344,9420,0.3548724904831515,8288,0.4963624842487395,8449
5982750.0,1719650.0,0,4.0642420330402706e-11,18441,0.3539443373403374,19529,0.4010343925852262,18528,0.6284646656300626,368,0.12586654798249616,17587,0.5061412637023298,6454,0.33976501327967445,18981,0.37462368795103707,18725,0.2560653225958449,13179,0.077048857655176,19625,0.20384022385694522,18094
5997950.0,1749050.0,0,7.920940485235135e-08,14918,0.6699630088021583,3813,0.5722017127370299,4371,0.6284263050846753,369,0.3908635795498782,2200,0.5643422093200916,704,0.6700557425107994,4019,0.6220562051551077,5591,0.5815388301591089,627,0.613086139968783,1439,0.6070014947140541,4291
5864950.0,1782150.0,0,6.580021254978581e-12,19076,0.6084392472403959,6939,0.5056323317972772,9673,0.6283878429377936,370,0.35171779400528574,3568,0.5051335791112923,6637,0.609552393747128,6764,0.513748407297941,11004,0.35622393104701144,6517,0.22908821016793346,13233,0.42659097459672446,10652
5986750.0,1751650.0,1,0.9999999809728525,686,0.8973569732351409,291,0.7290283120939206,322,0.6283630965035707,371,0.4897836176685424,539,0.621115826849728,59,0.9701838841794975,268,0.9376423475609498,190,0.6121992491419265,460,0.7883885585901245,151,0.8460816127494538,149
5989150.0,1756850.0,0,0.0004940389411404422,8060,0.5653771945816144,9147,0.5824430332957347,3717,0.6283396445763049,372,0.5652955690919801,77,0.6200509179535783,65,0.5824139674068793,7999,0.6564764517722816,4224,0.7818659347768817,98,0.865749828220161,32,0.9217754010098675,38
5870650.0,1727750.0,0,6.934125995065617e-10,17232,0.41964364421997913,16272,0.4378744659269193,15821,0.6283282350361448,373,0.16540453813810962,15697,0.5252630049495982,3374,0.41814387202893344,15461,0.42507057661901204,16260,0.2598092086070264,12895,0.11357566982638101,17806,0.24147052829657456,16345
5900850.0,1774350.0,0,0.0959344254154122,2800,0.7323135460616805,1754,0.6709892748382046,1226,0.6282743986519442,374,0.30384764438310596,5967,0.570647270214335,549,0.7595385731162357,1689,0.7990883370488242,1581,0.6078736277341437,489,0.441646299744729,5632,0.7326621404301836,1156
5986850.0,1754650.0,0,2.599686487648939e-06,12839,0.4873245044376304,12935,0.509850104312768,9308,0.6282145307557836,375,0.434419016962882,1262,0.5868425048243465,315,0.4715541662070106,13015,0.5389550817180326,9586,0.6375523183646479,369,0.6896729639155521,630,0.7965387570932798,418
5997050.0,1747850.0,0,9.647843023637168e-12,18935,0.4238742853867291,16052,0.42653101407743643,16759,0.6282002837256543,376,0.3176652278150511,5179,0.5586332531036701,868,0.4000481545445912,16287,0.4431463830608089,15192,0.4658481700094578,2325,0.5452253997060399,2648,0.52537594309385,7540
5986650.0,1751050.0,1,0.9999999982194152,528,0.8987070868892424,179,0.742364860856608,90,0.6281548791252053,377,0.4656161162785219,783,0.6104388250683144,122,0.9715656217454857,222,0.9430163167817514,148,0.6846013706765899,234,0.7544920781770199,251,0.8378788066250203,181
5863550.0,1780450.0,0,0.00025048840423399517,8761,0.6109858341098829,6806,0.5940032375433711,3124,0.6280864874935261,378,0.17037912667165897,15432,0.5254159107040285,3351,0.6350037315604145,5608,0.6685980660981985,3777,0.3086676265114141,9360,0.1250327083092143,17454,0.27256765268162975,15043
5931450.0,1690850.0,0,9.019809502037059e-05,9850,0.5113854651736838,11744,0.49283449666153994,10893,0.6280446243942834,379,0.3369154580711507,4229,0.5580321340260822,888,0.4983204548987634,11785,0.5374289904882532,9668,0.42229443114888177,3657,0.5055390874841948,3645,0.7044396444483777,1656
5939650.0,1697250.0,0,6.5473571811343e-08,15032,0.5788953693081386,8442,0.5392287219280325,6739,0.6280134144942848,380,0.1334709132239053,17207,0.5156399775355586,4773,0.5518828294625667,9438,0.5655455738092742,8165,0.2582159030324248,13011,0.08809690411757043,18895,0.21646255166099793,17459
5986750.0,1750250.0,1,0.9999999979066823,537,0.8975780806770056,274,0.7389584132594819,139,0.6279959002277586,381,0.4788030362217324,641,0.6099793368585971,128,0.96502830294591,503,0.928929983520566,341,0.7320415039865231,165,0.7780749566018331,178,0.8323413727220057,208
5979950.0,1740350.0,0,7.421243574033624e-06,12084,0.6787345248258567,3407,0.5894035305679896,3337,0.6279914646012402,382,0.16529636780964596,15707,0.5196938271958985,4134,0.6687048813208185,4085,0.6659067685538926,3867,0.2529068134689628,13440,0.08984278848157423,18771,0.1972193400654092,18440
5985250.0,1751350.0,1,0.9999994710230402,1023,0.8967660762823918,335,0.7394250778475038,133,0.627948527773446,383,0.5342252433477205,187,0.6032880049529945,185,0.967026066520755,410,0.9329796897542892,259,0.4098606634370954,4130,0.7531309295193943,257,0.5901933967041422,4975
5931350.0,1694350.0,0,2.846868077241873e-10,17634,0.5272763284454304,11018,0.4886032510257989,11287,0.6278990255372963,384,0.12723049314526613,17521,0.5083772360141124,6034,0.4934742304308595,12012,0.504617726010345,11558,0.24618253942389012,13934,0.07607533923304732,19676,0.19724714594424786,18438
5876050.0,1723150.0,0,1.9513327172693252e-08,15667,0.5355118323302217,10606,0.5169439510924,8685,0.6278215436466453,385,0.1319143864492945,17288,0.5146605909263017,4944,0.5272314829676967,10529,0.5487724067981442,9049,0.2720050906402871,11971,0.09039810886514199,18732,0.22670590125342938,16999
5994950.0,1740750.0,0,4.067898024901677e-05,10664,0.6648152144868633,4075,0.5441761056316439,6341,0.6278194433617527,386,0.18662063071808077,14437,0.5354997964598338,2254,0.6405267561558537,5363,0.6051967629172592,6310,0.24549082849961124,13981,0.15858383799401032,16421,0.4912440078462652,8627
5986250.0,1751050.0,1,0.999999997092369,562,0.898818066070617,169,0.7428609973819198,83,0.6278024801274756,387,0.467955852299631,755,0.5799690085928464,400,0.9699998419126034,276,0.9366826878830938,200,0.6792369921636262,242,0.6968204737025165,576,0.5703915597627829,5788
6031250.0,1694450.0,0,7.951841405380198e-13,19785,0.567500547087263,9046,0.4901417521709087,11135,0.6277902915188219,388,0.11710367065087242,18142,0.4993171896794278,7691,0.5489931415115751,9563,0.49859335291568274,11908,0.2484458075935283,13770,0.0665883130281596,20288,0.1896201247147553,18754
5982550.0,1718950.0,0,3.843432593226506e-09,16456,0.5295250134160538,10877,0.4945250978984541,10720,0.6277750099337946,389,0.12794445405567353,17491,0.5089429096420607,5931,0.5050954582318424,11491,0.5180433394172677,10746,0.2508940070114014,13600,0.07966136773582777,19460,0.20358343177851657,18110
5925250.0,1714750.0,0,0.00012135610706120092,9524,0.33796664623927924,20287,0.4202896599451809,17231,0.627765244733457,390,0.13781812913725386,16992,0.5192357984793053,4213,0.3058429784306532,20322,0.336156465750151,20147,0.2327783441385607,14941,0.09076226596722037,18708,0.20637200955149204,17967
5984850.0,1751750.0,1,0.9999999421312882,800,0.8972197091966997,302,0.7293873385794446,313,0.6276217762464698,391,0.36099889271591507,3223,0.5815387770098479,380,0.9621242051153278,650,0.9123532658785953,801,0.4046148277732273,4332,0.5751608677180065,2050,0.5939658104857826,4792
5978450.0,1743050.0,0,7.349578705782508e-06,12096,0.663022102697972,4166,0.5644674976969614,4868,0.6275759631437376,392,0.18946517319879572,14216,0.5328355304882213,2513,0.6486051619604365,4988,0.6373247445127144,4964,0.2690231361555957,12218,0.14753992910104485,16790,0.44930494509618635,9957
6005550.0,1717250.0,0,4.268960194234727e-10,17430,0.6744414355333189,3598,0.5674399344014481,4680,0.6275022590141484,393,0.1311775737474771,17334,0.5154398413938385,4806,0.6840130635515855,3440,0.6714039177325992,3670,0.27286638367969396,11894,0.09300313175530128,18572,0.23369457135663096,16692
5997350.0,1748550.0,0,3.8926836803549523e-07,14022,0.40219870613591296,17146,0.46185456262465524,13739,0.6274091766935215,394,0.4198355896688731,1537,0.56898158055895,591,0.4004187330547767,16265,0.4323896313591872,15812,0.30058965266142734,9949,0.5771113995275896,2016,0.444861617546917,10103
5995350.0,1749950.0,0,0.06580433183011006,3138,0.5697093125333744,8934,0.5656635087056864,4801,0.6274084795944119,395,0.3620680777697794,3184,0.5844844227409556,346,0.5843255225940568,7903,0.6317963652840186,5177,0.5042262423984138,1486,0.6484013442660794,1010,0.7708934576217117,661
5937850.0,1699950.0,0,0.5034392214559141,1834,0.6871350385258864,3051,0.6268989513480929,1961,0.6273661867412176,396,0.3150563426813612,5313,0.5695272991217499,574,0.7029831374724516,2762,0.7365027335955061,2088,0.5704703677329115,704,0.44748798915445964,5423,0.7314506913380413,1174
5988050.0,1754250.0,1,0.9999999999995841,46,0.8918195105158462,630,0.7397970568432217,127,0.6273490104274032,397,0.5944696670118166,32,0.6334790017953836,25,0.9645003790887235,534,0.9389595391721098,178,0.860934541077986,19,0.9182513765383922,8,0.9777873078016167,3
5998950.0,1747650.0,0,0.011193119425599111,4822,0.5067165316155597,11995,0.5465005889083718,6157,0.627318195972651,398,0.34005905603447073,4082,0.5439330689774307,1614,0.5282867496532087,10475,0.581230864414734,7431,0.49005596756572767,1763,0.48942775268829797,4094,0.4990355125373701,8387
6003750.0,1716650.0,0,6.034304226494287e-15,20981,0.47653003728698307,13428,0.43011884746528284,16476,0.6273039888105828,399,0.12484694353120514,17647,0.5040872352330308,6827,0.4574801380456698,13656,0.4545676983336866,14522,0.23888158730517062,14443,0.07174323763187407,19955,0.19272271529591412,18622
5996250.0,1748050.0,0,0.041111621333685,3520,0.3603479731565626,19200,0.4449810530460102,15244,0.6272104438693635,400,0.35730551842296576,3345,0.5804052894581297,395,0.33924628656931577,19004,0.4094939398060964,17098,0.5681964671297983,718,0.6119881146864783,1456,0.7581619661766238,795
5990950.0,1749250.0,0,0.10990509155466154,2711,0.5650989394857219,9162,0.569089808366046,4568,0.6272035480627304,401,0.31967477555072843,5056,0.5363782895022361,2161,0.5658056902610384,8782,0.6045100389173352,6346,0.3626153712036274,6188,0.27430082029565384,11139,0.5789018510748968,5451
6040150.0,1720650.0,0,9.030253653499657e-05,9848,0.5431998530131393,10241,0.5754482449144355,4141,0.6271955601301852,402,0.4145161177183005,1646,0.5610736128224805,794,0.5639574464633954,8862,0.5967243654436593,6665,0.27723666553411475,11585,0.5187467579918763,3259,0.29984221905125064,14020
6039250.0,1691850.0,0,0.8646186713687266,1603,0.6171780993790006,6532,0.5844371458076055,3612,0.6271279392014399,403,0.30754029598639826,5732,0.5505890831746783,1183,0.6438843281809002,5206,0.6847913666321621,3246,0.4500644499228561,2761,0.3288056434020754,9137,0.6546843504815303,2749
5988450.0,1752150.0,1,0.999999999242315,472,0.8923099701839654,599,0.7400306077111948,123,0.6271055751300046,404,0.5701018310847796,62,0.6030515851830325,187,0.9604774896011856,737,0.9185063025851005,614,0.8255751526272792,49,0.8670208170328204,31,0.7766685684357459,596
5985550.0,1750650.0,1,0.9999986106045424,1108,0.8967583837892255,337,0.7390991385744806,137,0.627103734313474,405,0.4998193179762492,443,0.5909456133754013,271,0.9664068864465696,438,0.9292233448667334,336,0.39801963074522406,4610,0.7199652423733548,427,0.5726733062539389,5705
6007550.0,1721750.0,0,2.3422289084314387e-07,14322,0.46090764327001615,14228,0.4893460103571009,11211,0.6270683901180222,406,0.13524015243205434,17112,0.5173284898061876,4499,0.4346545058872986,14705,0.4676096880126708,13727,0.2622535187744861,12734,0.09150840668815796,18663,0.22271779519582457,17181
5905050.0,1740250.0,1,0.9999999999472549,286,0.9187480506456867,8,0.7352856774720086,210,0.6270502199848171,407,0.38627870231205297,2315,0.5600638606412747,823,0.995234097781498,10,0.9691778102622013,21,0.7499690461783203,134,0.5531634070826439,2466,0.8044807874561051,361
5989550.0,1756850.0,0,0.009982199497322394,4931,0.7427658593890503,1615,0.6829267684202218,1136,0.6269971876404448,408,0.5376882482761919,172,0.6188401205969672,69,0.7618103260824025,1672,0.8136115255160662,1483,0.8125552768642152,61,0.8271984966389239,74,0.9178161295427972,43
5987450.0,1754650.0,0,0.09496215639150869,2807,0.6883316374135297,3009,0.6374107085922912,1769,0.6269862122476558,409,0.515960217064431,303,0.5971311091902419,224,0.6986391239475637,2905,0.7466990160452538,1947,0.7821301432749879,96,0.8110233642316207,95,0.7929267666195239,437
5923650.0,1712050.0,0,0.26895664564281097,2166,0.7298463684399482,1792,0.652427571482323,1451,0.6269520285880905,410,0.28895472782026255,6872,0.5542051195006887,1033,0.7395561768502804,1945,0.7558217172640258,1839,0.5280868854919138,1098,0.38231242301182866,7452,0.6776774778195542,2201
5908050.0,1748050.0,0,0.008644375342206745,5061,0.6212135002794816,6321,0.5593083534315729,5211,0.6269476396397702,411,0.3256570672557189,4744,0.5475860082659534,1364,0.602284453191318,7081,0.6218367285781665,5599,0.5155625785535298,1278,0.530770729388407,2984,0.6231951792312729,3708
5962550.0,1732350.0,0,2.1410436332378595e-14,20722,0.33458339351270117,20396,0.37320393297921317,19945,0.6269091843943305,412,0.12408170488995517,17676,0.5003511534560804,7513,0.2881754978163895,20853,0.3113835038721038,20770,0.22211573393264616,15778,0.05489556867965073,21040,0.15835334033147275,20104
5988650.0,1754050.0,1,0.9999999999480447,284,0.8909825248752811,680,0.7405225417672975,118,0.62690251479305,413,0.5963725636745064,29,0.6396799153426224,16,0.96030641160807,750,0.9250562169325547,431,0.8259813301090423,48,0.8761722064513269,28,0.8455268217670331,153
6037550.0,1693650.0,0,2.741945340126377e-05,11032,0.5410623672196965,10337,0.5274302377243145,7759,0.6268978703704196,414,0.41018037414278163,1752,0.5773146145127014,435,0.5349931646548478,10195,0.5808615852604865,7454,0.5620157835310916,763,0.6862823003382309,661,0.768309845183243,689
5872850.0,1723650.0,0,1.8605618564955367e-08,15690,0.4548329465702722,14539,0.45416986235200535,14414,0.6268565292099701,415,0.13787749888929798,16988,0.5238200943352134,3565,0.44039519945543426,14460,0.4356121394459992,15618,0.2393697354723755,14405,0.1120631487969117,17849,0.2269877415728565,16988
5988150.0,1754250.0,1,0.9999999999992786,63,0.8916882227933597,642,0.7374243695244619,176,0.6268560187067995,416,0.5473769972939908,137,0.622600091081912,53,0.9640450574996223,560,0.9352135392464829,223,0.8534381688329162,26,0.8882071779478111,19,0.9691401560365575,5
5978750.0,1743650.0,0,1.6286915976482048e-07,14535,0.5791196150715331,8426,0.5133872346177388,8979,0.6268395094197912,417,0.18772463704749906,14354,0.5301920731980206,2805,0.5558465807444869,9248,0.5583709306685583,8528,0.2615807883028438,12787,0.1455782136383399,16850,0.4427136658308012,10178
5986650.0,1753750.0,1,0.9999999999637745,271,0.8992058327373271,145,0.7393311028023717,134,0.6267991540502187,418,0.3666380966521689,3004,0.5638447603368977,719,0.9685434031313533,350,0.9379707462082996,187,0.6437816437778713,346,0.45489779958297516,5167,0.7411821527349512,1029
5977350.0,1742550.0,0,6.771920638520674e-15,20956,0.2980922642746819,21442,0.36061401846201496,20496,0.6267849387791193,419,0.12443418087203185,17664,0.5005507799686088,7467,0.2639651983483282,21335,0.2879303498603416,21206,0.21595039002273464,16270,0.049277534230133924,21321,0.14749853557174952,20469
6006150.0,1716550.0,0,3.0904952333223257e-14,20635,0.3809711600145648,18203,0.38858089114174144,19215,0.6266478410952819,420,0.1255753773190248,17603,0.5064716177530673,6408,0.3585082668919931,18181,0.3717027651065178,18861,0.23997178305023503,14355,0.07503749180519592,19753,0.19722195897531059,18439
5986650.0,1754050.0,1,0.9999999999832556,222,0.8988867891525576,161,0.742206561180942,94,0.6265683427834186,421,0.3707806589189838,2862,0.559730933256007,838,0.9677493090308786,382,0.936608822462358,201,0.7437266956978497,143,0.502562307151667,3722,0.6666827533953468,2454
5986750.0,1752150.0,1,0.9999999989373463,493,0.8989814429116245,156,0.7442595766539326,72,0.6265551586416275,422,0.454490784729473,951,0.5880265365952602,306,0.9699132431132458,281,0.9367379873374589,199,0.680903830736156,240,0.7217687274833311,417,0.7236476186066556,1300
5987650.0,1754150.0,1,0.9999999999999047,20,0.8917968185592781,632,0.7378205186490663,169,0.6265163867382959,423,0.5879112594530114,38,0.6049878787850428,176,0.9628039169284703,623,0.9315887222256974,290,0.8283909186893595,45,0.8356792218128042,61,0.7397434088890822,1046
5986250.0,1750950.0,1,0.9999999987428176,508,0.8989805610800168,157,0.7429228750300395,80,0.6264767674965268,424,0.47752859029528016,651,0.6000555749494764,207,0.9710445790274229,230,0.9411132971704853,160,0.7088120494250107,195,0.7481686989277835,278,0.8155207568787824,294
6030350.0,1710250.0,0,6.604413076135892e-16,21292,0.6376580513615165,5450,0.49450469712660455,10723,0.6264591551686346,425,0.4114513503446921,1726,0.5572677341863164,924,0.6248609227805579,6077,0.4515912355008761,14691,0.26747768112519377,12333,0.5152498104395327,3354,0.41004859438029584,11149
6003150.0,1760450.0,0,0.0009921734227568604,7318,0.5734471892023889,8730,0.5950651842069133,3063,0.6264577245677461,426,0.44199103846815546,1137,0.5919037962180318,259,0.5956948014852765,7404,0.6626691250661582,3989,0.762445855024896,118,0.6817433518548726,705,0.8680567010122864,108
6004850.0,1712550.0,0,0.007938849398546843,5142,0.3599624466014456,19218,0.46425382918745867,13536,0.6264522916964029,427,0.13439422142500682,17162,0.5164433690714724,4640,0.33824348922307257,19043,0.3956729547286988,17786,0.26932800435194404,12202,0.10232115813751086,18151,0.24011735215462549,16413
5941850.0,1792750.0,0,3.861093214544443e-07,14028,0.3923097725173279,17607,0.43492852732240633,16083,0.6264386222771159,428,0.3392953040394601,4118,0.564048382379743,707,0.3720748526497075,17575,0.4059349684276098,17262,0.3158235223062179,8895,0.5714242265473849,2118,0.517476377950979,7797
5998450.0,1743050.0,0,3.410161838381736e-08,15362,0.39638069011916777,17420,0.4004519120132663,18561,0.6264231649580929,429,0.42384233791042053,1454,0.5534722819461644,1070,0.38381952834234756,17028,0.4142924459141426,16858,0.4530688836395641,2672,0.4820402976124627,4329,0.6315366468561001,3441
5904850.0,1740850.0,1,0.9999999999999167,17,0.8896330775469063,780,0.7282401317226406,338,0.6264009833010933,430,0.4691503685354531,742,0.5944087594505076,244,0.9648721563515891,514,0.9159767547403916,688,0.7487707543575742,136,0.7390754151635506,320,0.8804562382369497,82
5875750.0,1723250.0,0,1.5542315174751095e-11,18787,0.6445270569575419,5112,0.5420331493322688,6507,0.6263949204613648,431,0.1226672982607822,17723,0.5048079364114912,6700,0.6387214124838075,5447,0.5927166432042854,6859,0.2614420732644107,12801,0.07649466270137673,19653,0.2068885449415998,17938
5993750.0,1748950.0,0,2.034989568495813e-06,12994,0.5522294437690006,9832,0.5275634952765333,7749,0.626382018448741,432,0.5032007031583244,407,0.5946674398206674,243,0.5385052659486156,10030,0.5812222933813683,7432,0.6061136644208904,496,0.6824905869428473,696,0.7359118142993891,1109
5987950.0,1756450.0,1,0.9999999999982951,96,0.895807822573654,408,0.7472930497319529,52,0.6263693745299242,433,0.4590321220389902,877,0.6125961074413159,111,0.9774122025583027,99,0.9457315208102691,132,0.5654431113812816,738,0.7358592309409937,332,0.9545711178069345,10
5999350.0,1748850.0,0,0.7312771412337375,1679,0.6949358711333581,2757,0.5954310312528059,3049,0.6263107248893329,434,0.20868526259253953,12600,0.520969857259584,3968,0.7034670980181812,2746,0.6984587765490538,2855,0.412368297559629,4037,0.2608091361113378,11733,0.5227472474439327,7626
5988350.0,1751750.0,1,0.99999999987913,322,0.8977683186588461,256,0.7389025901177325,141,0.6262606917651611,435,0.5458449412409874,140,0.6079938337603482,146,0.9746423453231781,130,0.9253774311837271,420,0.7519500706933882,133,0.8319072852400223,65,0.8281527923490936,226
5862250.0,1781150.0,0,3.0207229979384994e-06,12730,0.4544317650292451,14557,0.48223423701689866,11896,0.6262340315281779,436,0.16778083498407564,15578,0.5195120230084549,4168,0.4315051929364927,14849,0.4678325448732783,13720,0.2652208134112337,12510,0.1052102452242214,18054,0.22595933729565343,17029
5998350.0,1746750.0,0,0.05321569939423255,3305,0.5803332168974461,8380,0.5813553879301034,3788,0.6261360015505456,437,0.3357914800945924,4280,0.5461954481449723,1466,0.6092404630761069,6781,0.6523132184926845,4369,0.5307331101783888,1065,0.5403867809756375,2762,0.5273799998321259,7455
5988950.0,1757250.0,1,0.9999999996798732,396,0.920002650264294,6,0.7498462852103683,34,0.6260968610338719,438,0.3991061995950089,1989,0.5813467369519589,382,0.9989245148733201,4,0.9876583157775782,4,0.6083365585712988,484,0.4725352227749957,4624,0.7611914978767438,770
5928750.0,1713950.0,0,1.420820544827952e-10,17945,0.7155422342127106,2109,0.5588310659847873,5244,0.6259551336915631,439,0.1317586073577251,17293,0.5182105486057594,4358,0.7113579533588119,2508,0.6598306145096083,4078,0.2306031138769853,15131,0.08524454573986384,19107,0.2043957880266709,18070
5991450.0,1749750.0,0,0.0006928468126603125,7703,0.3851478883232597,17990,0.4937664616624476,10788,0.6259217220716325,440,0.5269475370387592,224,0.6101330298794755,125,0.3792703878540876,17252,0.46581250076263014,13829,0.7093831616610502,194,0.73009431098374,365,0.7783112979955651,571
5989250.0,1753950.0,1,0.9999999999948459,152,0.8959410331309744,398,0.7382405721841433,159,0.625859980970465,441,0.5004665839302759,439,0.6099428004947576,130,0.9721750767332524,205,0.9205468175199955,547,0.7782775078697803,102,0.7604667659051749,232,0.8126713713232148,316
5989650.0,1754350.0,0,0.07534908104407918,2987,0.6137462958928829,6677,0.6201386183547702,2139,0.6258348374874496,442,0.5662162818676526,74,0.6409668286346907,13,0.6384047656750965,5463,0.7004284166276491,2800,0.6898945374698564,225,0.8256983140440867,76,0.8270551000398719,233
5989550.0,1756250.0,0,2.8513271798354562e-11,18571,0.6472011793005578,5002,0.5564000499588537,5426,0.6258126409212765,443,0.5223768174200687,260,0.6031402746955054,186,0.6379959641805671,5479,0.5955000297903971,6723,0.6403947800473678,356,0.7932667372550177,134,0.646460861867088,2999
5939750.0,1697750.0,0,5.359953642787836e-16,21320,0.47267078851468297,13639,0.4402766838203912,15646,0.6258061691490013,444,0.12443611846648371,17663,0.5000211894389384,7577,0.4548005044292811,13773,0.4506225448164842,14744,0.25259455478662196,13471,0.06743623024791456,20234,0.1921289404359443,18652
5987150.0,1750250.0,0,0.002248918372023551,6442,0.4082849419274293,16853,0.491797736761042,10990,0.6257872432522305,445,0.4730829793475341,699,0.5880546933745449,305,0.4144532681032238,15601,0.48966645770756656,12447,0.7793585736067115,101,0.7264745919511477,387,0.7649607581400195,731
5996850.0,1749350.0,0,0.0030082469485049057,6128,0.4819306749553989,13192,0.5231781892324868,8117,0.6257691663846603,446,0.4196399012175054,1544,0.5825960759308209,364,0.4690429396688791,13129,0.5260186041952398,10291,0.5883827233615541,580,0.6427865421270109,1058,0.7552552430818866,827
5923650.0,1715050.0,0,4.726576268291431e-12,19196,0.5317963920498511,10752,0.4719531099454414,12845,0.6257040329077452,447,0.12459006535252985,17655,0.5008770435512317,7408,0.4950618820183844,11939,0.4796691098302923,13013,0.23046000959706703,15142,0.06645788285441956,20295,0.1784837406887677,19234
5882650.0,1781550.0,0,0.05493755772052025,3284,0.6649482797710415,4068,0.6293485059391805,1913,0.6256712417798405,448,0.3345459285657817,4353,0.5701051164532457,563,0.6953868482864934,3038,0.741253215294821,2024,0.503587923021727,1499,0.3871635066120528,7301,0.7002842687368833,1745
5934450.0,1695250.0,0,4.253592942775367e-09,16409,0.6250027491168545,6112,0.5220575907816238,8218,0.6256672544080272,449,0.13338366616532654,17210,0.5191118670286048,4225,0.6055101197826691,6936,0.5719015746911322,7857,0.231577836048537,15043,0.09157810307920233,18655,0.21496417987606953,17516
5994650.0,1749850.0,0,8.109641534758133e-07,13564,0.49546246337947925,12520,0.481613682240452,11951,0.6256509118789908,450,0.2831985903300445,7257,0.5396527730951928,1914,0.4940765385041024,11982,0.5312630685081343,9981,0.45199646151693296,2707,0.3295462539829842,9112,0.6104052416413709,4145
5986650.0,1750950.0,1,0.9999999991477786,480,0.8992399462830765,143,0.737699189963834,170,0.6256507456363554,451,0.44421190673424105,1093,0.5911694666788322,269,0.9704168681795489,254,0.9357703743664694,216,0.8139766378025288,60,0.7101878386239355,488,0.8138050407111864,307
5988250.0,1753950.0,1,0.9999999999453819,289,0.8908530678318699,690,0.7383272092321119,154,0.6256295259357106,452,0.5935271163418605,34,0.6388387011249826,17,0.9602714455416229,752,0.924637696900561,441,0.8289490868637355,44,0.8630822874629931,36,0.8513966435185029,138
5876450.0,1722850.0,0,1.2740383136007373e-06,13309,0.6615595088744733,4245,0.5934112883552629,3156,0.6256156152900688,453,0.1387945119299766,16956,0.5190375650562647,4241,0.650791504881449,4872,0.6601434062857089,4066,0.2709230609118076,12072,0.09763599772365328,18319,0.23372776302427356,16691
6003450.0,1722950.0,0,9.142732347957887e-09,16070,0.44275207847392817,15102,0.43502181712167,16074,0.6256071966889782,454,0.1624269867589475,15859,0.5196754861778442,4138,0.4202141086440495,15363,0.4162288080866525,16749,0.2357369795917703,14701,0.10411428778703702,18092,0.21895634748459814,17351
5999450.0,1749650.0,0,4.155130236720276e-05,10644,0.5630513216846914,9279,0.5037624223836416,9861,0.6255929354660069,455,0.46972088988505406,736,0.5994731167658423,214,0.5319627810289649,10311,0.5290591447039338,10099,0.3000789444458114,9979,0.6767512411683027,752,0.7403833624407068,1041
5986250.0,1750550.0,0,4.630617268881376e-09,16381,0.4118209102315595,16672,0.4584464049800136,14031,0.6255286385841655,456,0.5850268132303676,39,0.6127390045259619,107,0.412404072311779,15699,0.48425799649055823,12762,0.6745671854311794,256,0.8376124634362923,58,0.7204612531485308,1372
6032950.0,1711850.0,0,3.014435249698636e-09,16581,0.3411609292177832,20136,0.45026398985947474,14751,0.6255224465449019,457,0.43982593778048423,1178,0.5588017757921473,865,0.32761872077122023,19475,0.403439693650511,17424,0.3125386648050168,9107,0.5114695374265392,3465,0.2526605979220793,15835
6061150.0,1762650.0,0,0.002679543663492992,6265,0.6344530538542071,5627,0.614885136216934,2300,0.6254584825159427,458,0.338748479808027,4147,0.5414857406062058,1766,0.6489594180552197,4964,0.6936754625584316,2990,0.36179407959463616,6238,0.28407609454118643,10724,0.5874190647418379,5087
6034750.0,1717450.0,0,4.005241231854775e-16,21348,0.6742670819852313,3609,0.5392450035937242,6736,0.6254503260780683,459,0.584100101438719,40,0.5614443075554032,778,0.6603680131907717,4453,0.537689002531439,9657,0.24234455143433498,14188,0.6174351442911902,1386,0.3199699602454765,13435
5925550.0,1710650.0,0,1.35755093135788e-12,19613,0.41437496678825925,16551,0.42056178925635346,17208,0.625296680096109,460,0.12491700095187697,17643,0.501697696972575,7239,0.39356677724469535,16568,0.4159046894891243,16765,0.2456506714513349,13973,0.07206646542656137,19931,0.1932876768663574,18598
5990750.0,1748750.0,0,7.128843050762687e-08,14978,0.6802782574926839,3336,0.5919737365746479,3210,0.6252883483916497,461,0.5376566960946905,174,0.6058092263236836,171,0.6905461009088798,3189,0.6726083504741966,3629,0.6544386621927619,314,0.7365275268796667,327,0.6964502582460994,1803
6060950.0,1766750.0,0,2.796056160811753e-09,16609,0.5383994918270303,10466,0.5138993635109934,8930,0.6252609855893998,462,0.30551068834817013,5863,0.546780530333418,1420,0.5472603046482829,9654,0.5960365507176502,6692,0.3842498298064916,5206,0.2971319986208738,10212,0.6105946682432118,4139
5989850.0,1756850.0,1,0.9999999999914533,175,0.9202243094301403,5,0.7584020620620836,7,0.625249031177965,463,0.44783109679806243,1040,0.5882720389618066,303,0.9978514271128426,6,0.9863782482154285,5,0.826080604353961,47,0.6556370246049026,948,0.8603376402695675,120
5987750.0,1752450.0,1,0.9999999992453332,471,0.8917787331921025,634,0.7382589620356125,158,0.6252365843593788,464,0.5608185438883496,90,0.6134625027282984,104,0.9604814204362984,736,0.9200123827180191,568,0.73727688970418,154,0.8707279597866775,29,0.823577420212173,256
5863750.0,1781150.0,0,3.2280102451193586e-11,18525,0.32012146008340614,20891,0.3528978197162614,20749,0.6252216182562518,465,0.19486664743675977,13756,0.5324366717226966,2553,0.28984897106711105,20801,0.3157470145385931,20684,0.26667293809199677,12395,0.1719156860322033,15919,0.5137752219486967,7913
5990850.0,1748850.0,0,0.0019762504623447186,6582,0.3515556653717087,19641,0.4624133938960408,13686,0.6251757817662016,466,0.46496703689753877,788,0.605243915669389,174,0.34130943532477986,18914,0.4274074266229455,16109,0.6542919457056218,315,0.7194317443272256,431,0.7942279448430438,429
5983550.0,1750950.0,1,0.9999999737602641,715,0.8971611527358151,307,0.7222714074039807,483,0.6251482131666715,467,0.3583641576095686,3310,0.5678661485853767,619,0.9660949851234779,458,0.9182965666109506,621,0.3982343084557076,4601,0.5068636858726496,3610,0.5865388762764113,5126
5986150.0,1751050.0,1,0.9999999953720944,590,0.8978704403100228,243,0.7416656236508081,100,0.6251373860109588,468,0.4375439450735153,1216,0.6088177963407911,140,0.9712776396938605,226,0.9431884202834964,147,0.5524515816817965,845,0.7082441815619441,496,0.845552955241506,152
5986850.0,1751150.0,1,0.9999999987788621,503,0.8976079311807142,271,0.7412816444796849,106,0.6251306895330705,469,0.5154327333276376,306,0.6207487254709013,62,0.9666135758027365,424,0.9358948268131775,214,0.7146459867303625,185,0.7957947181788175,128,0.8514129341425541,137
6031850.0,1712450.0,0,1.2242839656263476e-08,15923,0.5328610272416893,10697,0.5319036841663022,7366,0.6251146991935331,470,0.5141806674111679,322,0.5724983604868786,516,0.5065844400513572,11434,0.5360955667252233,9740,0.3716409690059962,5748,0.5714414781823901,2117,0.29590042864759103,14163
5985850.0,1751950.0,1,0.9999999997786908,366,0.8993279035607672,138,0.7354496307581375,208,0.6250869253353842,471,0.5158827627275122,304,0.6111096557482734,120,0.9707596639167198,242,0.9383743423374878,183,0.7638927768362804,116,0.821929658984567,81,0.8395067041887692,174
5988150.0,1752150.0,1,0.9999999998748035,324,0.8978795594700305,242,0.7428475147989065,84,0.625055664158602,472,0.5040561620574129,397,0.5955214095906277,237,0.9744050604507187,135,0.9247870265718143,437,0.804559280366188,67,0.7529496560135669,258,0.8045019310188507,360
5927250.0,1711450.0,0,3.1958364801588534e-14,20627,0.3287239573632919,20607,0.37056806631521555,20075,0.6249430303642295,473,0.12420084521939098,17669,0.4991076143320525,7747,0.27944853634081324,21058,0.30201184562711214,20974,0.21645700144488478,16228,0.05653379073067066,20945,0.15790584078065573,20123
5939750.0,1697850.0,0,2.3414346809954015e-11,18635,0.37510307499928264,18495,0.41380333340165343,17726,0.6249418159664997,474,0.1209897675844941,17823,0.5027767288309171,7037,0.3604731829090406,18096,0.393627316286552,17878,0.25373391254722466,13372,0.07697127211701327,19630,0.20425660921839195,18077
6034050.0,1694350.0,0,2.7255703232764253e-12,19386,0.5217134918110188,11281,0.4499097450881972,14796,0.6249311154671372,475,0.33031882154648967,4533,0.517082752383189,4537,0.518804613900282,10877,0.514301133569327,10963,0.40952182825281624,4144,0.2884088374087601,10549,0.49265945323397176,8580
6007550.0,1764250.0,0,0.9113335060025176,1566,0.7060519757048479,2360,0.6485679487284418,1552,0.62492144444344,476,0.40240209410529026,1909,0.5673536202229476,633,0.739046437306867,1950,0.7652119422947985,1747,0.7119454237494809,190,0.5948477370830603,1700,0.733697559967579,1147
5922150.0,1713950.0,0,3.824649472170448e-13,20024,0.5314345577661191,10764,0.46458602603368804,13514,0.6248025378276232,477,0.12411051661293813,17675,0.4980379341220209,7944,0.49025117156156917,12149,0.43815792086791827,15482,0.22163381176814845,15817,0.061601236501879986,20629,0.16839331882340702,19697
5977550.0,1742050.0,0,2.1020087683726292e-09,16748,0.6472568229241263,4999,0.5530712795120779,5660,0.6247446045599102,478,0.1190117798132762,17977,0.5034351532560103,6928,0.6579758026177727,4561,0.6369866520823024,4975,0.24407293199876234,14082,0.06615185391343437,20320,0.18230656118371857,19087
6007450.0,1732250.0,0,0.00034355385784628605,8398,0.513455752989058,11652,0.5406662386540069,6621,0.624706933195944,479,0.38388963989354635,2385,0.5770053018853477,442,0.5160827161328931,11009,0.5571074048713762,8599,0.5704744137369917,703,0.61968402736252,1355,0.7518958344908366,886
5978950.0,1744350.0,0,2.5617439359256217e-05,11090,0.45674054596004254,14441,0.49399248132253915,10766,0.6246894453597226,480,0.16164818901035746,15905,0.5150729716042896,4861,0.44355912984384127,14320,0.47340499914683476,13412,0.2467094935423857,13895,0.09032364184704922,18735,0.19710107077683137,18449
5986350.0,1753750.0,1,0.9999999999814957,227,0.8992224713746619,144,0.7456455850541136,62,0.624680144812013,481,0.4033208843758042,1884,0.5875469467158871,309,0.973895383591677,153,0.9532140986485941,80,0.6742297031863389,257,0.6291175348082109,1238,0.8578931857915518,123
5908750.0,1758950.0,0,1.309747463540071e-12,19618,0.5170393170256047,11488,0.4681963173630263,13166,0.6246444411174124,482,0.5756795372789127,54,0.5913439925648478,266,0.48904253678835463,12207,0.4874977233804658,12591,0.3914519838938132,4869,0.7993088657353654,122,0.5124560765779309,7948
5876050.0,1723350.0,0,4.0355950787015527e-13,20008,0.3678501686719872,18826,0.39350046600762356,18951,0.6246292685898295,483,0.12456475009273227,17656,0.5013184219656369,7320,0.31681913858637634,19899,0.34123231607364146,19988,0.22715329736304224,15402,0.06513539408551239,20395,0.17606729692690126,19361
5947650.0,1761350.0,0,0.010534479101439273,4873,0.34017740610690433,20180,0.43964039216805345,15694,0.6245403703576246,484,0.31215399127790233,5473,0.5630283791601883,735,0.3191037533203347,19806,0.3927764313768084,17920,0.5116980670507056,1340,0.5088005585014578,3545,0.6440666306330739,3062
6032750.0,1710250.0,0,7.515917997558391e-08,14942,0.40314770873862227,17110,0.44719824140410136,15031,0.6245214816924545,485,0.3145797710162508,5342,0.5384770696063187,1993,0.38602099130189327,16911,0.4316675545555293,15858,0.43628371799504573,3163,0.47472932380839494,4550,0.4102367216530738,11144
6036750.0,1710450.0,0,5.73544789662929e-13,19892,0.2876398487433686,21611,0.36087654774093575,20484,0.6244847391771535,486,0.4175623305968087,1586,0.5064174739390317,6421,0.2587785142478063,21408,0.30643061594628684,20890,0.3026763829907839,9778,0.39952002088381466,6914,0.21226102553335968,17652
5962850.0,1736150.0,0,0.033889294265418486,3685,0.6404161202944774,5312,0.5756872077978843,4123,0.62443525124577,487,0.33764347700571795,4197,0.5505579278747808,1191,0.6238881932153859,6138,0.6445775692841583,4662,0.49788085161147433,1596,0.3891191818643872,7235,0.6399985966406696,3190
6038050.0,1710250.0,0,2.665421708523006e-10,17665,0.4847810735906337,13052,0.46279413166335337,13652,0.6244308124614564,488,0.38240000401318536,2439,0.5528749495891526,1091,0.45211450970860967,13901,0.4781820523294016,13117,0.44017144383930196,3045,0.5286893093096686,3017,0.43358709048563737,10441
5985050.0,1753150.0,0,0.005577835765651582,5522,0.6951357809089852,2746,0.6596070284788412,1329,0.6244272484241574,489,0.5144614702121212,317,0.612601477530495,110,0.7228045353735859,2222,0.7633112293863701,1760,0.38407393990167815,5217,0.7957231935838751,131,0.5917417254615258,4894
5913250.0,1705750.0,0,7.458632444505048e-10,17189,0.6043732261365895,7156,0.5171671758153645,8662,0.624331445835492,490,0.12844954458921345,17463,0.5080546949064078,6102,0.5830047891218233,7970,0.5685135890702305,8023,0.23300821142173178,14920,0.08146664292457406,19337,0.19997749224887718,18298
5989850.0,1755350.0,0,8.60445009089448e-12,18979,0.421015640590431,16199,0.4433443943890916,15386,0.6243263113506463,491,0.4876653890751419,555,0.5811240793813807,387,0.4185429045708151,15436,0.488891797169676,12510,0.5631773909201132,755,0.7661706085442708,221,0.5879236852554535,5066
6032850.0,1718250.0,0,0.00013466018541766442,9416,0.5243010797279636,11152,0.5456579050037275,6223,0.6243074047674189,492,0.3718369583456344,2826,0.5296357399343166,2863,0.5210444490891348,10772,0.5621175030788398,8349,0.30331028993271913,9736,0.40563134796712474,6717,0.2413016158970035,16352
5908250.0,1747450.0,0,0.06252117958673466,3179,0.6865302038960612,3078,0.620668650810084,2122,0.6242942147965512,493,0.284119604782602,7176,0.5660824075349775,658,0.6920502357129708,3143,0.7299552575040789,2191,0.5880211827112938,583,0.4746705742088969,4553,0.7568515531400362,811
6032850.0,1711850.0,0,6.6320787434758266e-15,20960,0.32551098258233335,20720,0.3982102452968715,18715,0.624204913102283,494,0.42462707124156956,1436,0.5749400191996185,475,0.3033205525156263,20414,0.3698151638221592,18932,0.41317838398220763,3999,0.6324356820312823,1195,0.4567678949754348,9696
5997550.0,1747350.0,0,0.04519527414546596,3445,0.6999137694138625,2551,0.6431078190951655,1669,0.6241965006883797,495,0.24087495792180938,10285,0.5571289079761659,932,0.717095071630273,2349,0.7454109982712891,1968,0.46338996598743065,2394,0.32452731551905933,9272,0.6502560123487201,2880
5989650.0,1754850.0,0,0.0047446979216092,5684,0.49660816509533895,12455,0.5198512978074978,8416,0.6241584656812584,496,0.4729516566967527,701,0.541896944882972,1747,0.49577627908559285,11908,0.5570603077562145,8604,0.4490361564254044,2790,0.5741262425058965,2069,0.3824061810263564,11867
5992350.0,1748650.0,0,8.615779769284992e-15,20904,0.5580022034662286,9540,0.4945942933064128,10713,0.6241416439813589,497,0.4030251786578223,1890,0.5563777467464208,953,0.5401409249454288,9966,0.5036647068507627,11619,0.3984193248721628,4586,0.6161319930381075,1400,0.468995524924645,9308
5898750.0,1752850.0,1,0.4607266945934769,1875,0.5611145462973329,9392,0.5727617683794998,4338,0.6241008593671823,498,0.1899632341434523,14171,0.5365904994346371,2152,0.6006739926774353,7146,0.659804010371196,4081,0.40213137051192005,4440,0.23989786771601285,12707,0.6360813896387976,3302
6005350.0,1712350.0,0,6.432839371568479e-14,20489,0.3962972105011613,17427,0.3982611789027679,18711,0.6240423133883147,499,0.12396848452779496,17681,0.497464450126563,8057,0.33585361044147444,19148,0.3509002189969983,19672,0.21372525606041826,16431,0.05923096771341396,20772,0.16226088849179265,19958
6009550.0,1732050.0,0,0.008364450514458454,5092,0.6008237444479531,7327,0.5817892661292023,3754,0.6240408679127617,500,0.5535514076102885,112,0.6164428649850556,80,0.6193119243704464,6331,0.6676861987447164,3805,0.5891262233751993,577,0.720717409791014,423,0.8090907602731515,339
6000050.0,1734650.0,0,0.04768425007003817,3390,0.6072946013012723,6994,0.552577216813248,5695,0.6240262569286437,501,0.3616175250451445,3203,0.5573901363971728,918,0.5989451821780546,7228,0.6102817252296531,6069,0.45421436080907074,2646,0.4677646130346913,4771,0.691481599418199,1896
5980550.0,1719550.0,0,9.737834618694334e-10,17067,0.30301955036168676,21338,0.3595704392255466,20531,0.6239304632115107,502,0.1276638653475296,17505,0.5063072737688171,6433,0.263822163410641,21337,0.2863554484132156,21234,0.2144448651085279,16362,0.0771632932838584,19619,0.18575000351957283,18925
6048750.0,1750350.0,1,0.0164179518560171,4426,0.6624861595716238,4195,0.6147219487760892,2304,0.6238976424965288,503,0.47883832097701734,640,0.523403938967247,3626,0.6885830112467386,3265,0.6954680418742298,2941,0.2773069246330889,11581,0.4481494094564946,5392,0.2562308694364942,15698
5985050.0,1752750.0,1,0.9999998681397871,870,0.8990303292227517,154,0.7399317583038507,125,0.6238836936484385,504,0.45686447625482873,916,0.5833797534182101,356,0.967270109770134,396,0.9250327304792606,432,0.392093918107972,4838,0.726834261905825,383,0.5706098442712233,5777
6034950.0,1711450.0,0,1.8400143550357917e-09,16808,0.6669997455930524,3975,0.6005920925129021,2817,0.6238622093754624,505,0.5250151439065947,238,0.5530880545192609,1084,0.6548117427173427,4724,0.6725220652781019,3632,0.4184496249716866,3786,0.5745489363750286,2061,0.30682466792214935,13808
5987450.0,1757450.0,0,3.9330260964868094e-05,10699,0.34969954523761754,19740,0.43514264691387844,16065,0.6238261782269495,506,0.4293836112927637,1355,0.5854556423124845,331,0.3244607993655604,19591,0.40991741445410357,17069,0.6424458852847343,350,0.6502452027349251,995,0.8040784790421824,364
6008650.0,1726750.0,0,5.394578503176885e-05,10372,0.329023941941834,20598,0.4053561520664472,18262,0.6237585217434934,507,0.21000782006587762,12493,0.5323438189434374,2561,0.28789732267927814,20859,0.3367929680642042,20128,0.27313813451740043,11880,0.18538741748008336,15373,0.5193407829841854,7728
5942350.0,1799850.0,0,0.00047404132715394247,8101,0.3987367780425644,17303,0.4925223322935241,10922,0.623734586661936,508,0.5309206666151449,200,0.620369107467365,64,0.40699283064589287,15939,0.49789291929694657,11963,0.6400349206715772,360,0.7707428837435581,206,0.8652243733399321,114
5929450.0,1716050.0,0,0.00013312154971204234,9426,0.3640292850243886,19006,0.42022710628340276,17236,0.6236118065886135,509,0.14107783519794645,16851,0.5228313117911647,3710,0.31757837414977175,19866,0.32052371594303386,20586,0.2074961436113032,16912,0.09282822343723651,18585,0.20065364869374225,18269
5996450.0,1748050.0,0,3.228253911837662e-07,14125,0.29303940445036997,21536,0.3214257417181966,21415,0.623598411728305,510,0.3136000177215781,5388,0.5524104411459407,1110,0.25137902562114867,21500,0.26828910054118293,21462,0.2633740398205924,12654,0.49340530790665393,3981,0.6162063604722579,3957
5985250.0,1750150.0,0,4.39596097234352e-05,10581,0.49457791615554747,12569,0.5499920953158005,5889,0.6235784836850847,511,0.5099457122766003,353,0.5724418037287441,518,0.5073020245584711,11393,0.5688363012151494,8004,0.3371718390913082,7561,0.5539615504954615,2446,0.3149104771460023,13576
5862550.0,1781550.0,0,9.66600728346703e-06,11887,0.546989499350713,10073,0.5268676960165958,7821,0.6235583425089086,512,0.1632258083845872,15807,0.5142608265421129,5018,0.5296225392116863,10410,0.553406169143041,8797,0.26528275115591904,12503,0.10344690613400898,18112,0.2258553122088618,17035
6033450.0,1711250.0,0,1.6782462558231192e-09,16845,0.5779542601769576,8493,0.4828633552678856,11829,0.6235401295777774,513,0.3948821856080129,2080,0.5501987565546418,1216,0.5447393037686665,9764,0.5176450332291191,10774,0.2520052928285085,13518,0.2673155165935893,11444,0.414804562923597,11001
5988950.0,1753150.0,1,0.9999999999126175,305,0.8911907760498925,666,0.7395739536082264,131,0.6235245605008573,514,0.5362785440056776,181,0.605894001527766,169,0.9590303647922891,819,0.9162564952255248,681,0.794342656463927,79,0.812786435046359,92,0.7760618497873892,602
6034550.0,1717650.0,0,1.0321315832724526e-05,11845,0.45190842411230353,14671,0.48082688617072794,12029,0.6234835814135168,515,0.3685689223588188,2933,0.5181918943474106,4360,0.42468872967278615,15153,0.463098426069003,14001,0.25938187336540997,12915,0.4184236987201173,6346,0.20156155051792757,18220
5984350.0,1750750.0,1,0.9999956506563497,1172,0.882769334108485,1126,0.7289052987418914,325,0.6234644419718957,516,0.5116908662086715,333,0.5777877027618215,427,0.9510145296873932,1129,0.9095972270425039,869,0.37655333191973184,5537,0.6376961963133316,1121,0.4537282818248508,9792
5900250.0,1770950.0,1,0.9730310021161205,1479,0.7462883557077368,1579,0.6364734990813419,1788,0.6234591438711811,517,0.3691775847145261,2914,0.5630138391573478,737,0.7791892426225089,1576,0.7838923717869409,1626,0.537920296318926,980,0.5740049414254778,2071,0.7712475390152695,655
5931450.0,1694350.0,0,8.220050086871603e-13,19773,0.3687226424685262,18784,0.3771753928219928,19790,0.6234456691882723,518,0.1253490157291629,17618,0.5028715986059754,7021,0.3259609130593193,19551,0.3354710529491771,20167,0.21431700172712043,16374,0.07032837562210159,20048,0.17859731313512306,19230
6032650.0,1712050.0,0,3.8900623704239664e-08,15280,0.5202103141118538,11339,0.5399728621066847,6679,0.623412919311759,519,0.371005064940221,2852,0.5681172798941522,613,0.503089709562698,11575,0.5516218016930118,8885,0.48344352759402054,1903,0.4417486856374073,5631,0.47112737137251814,9237
5993550.0,1748750.0,1,0.999999999655965,404,0.9153803049637765,30,0.7409745288517731,110,0.6233418334464984,520,0.514264548988195,320,0.6129987977903878,106,0.993114927725101,32,0.971633529754292,12,0.6100834124336857,475,0.7140286546673862,467,0.8391130101333677,176
5948050.0,1792150.0,0,5.820776466876202e-05,10303,0.6382769041893428,5419,0.6019339361743957,2762,0.6233295389960432,521,0.4030448508021255,1888,0.5875126697899368,310,0.639019604663531,5433,0.6842626917040318,3261,0.7586932017537407,124,0.6582522825831881,917,0.8051871644737525,356
5999450.0,1746550.0,0,0.0016380139632339802,6791,0.5710121774856661,8860,0.5411143751166428,6575,0.6232603714871583,522,0.34695153491609143,3800,0.5654371556396526,680,0.5791663408496706,8140,0.6157813630657732,5831,0.5300120869149096,1077,0.5666177124424187,2203,0.7431516029528346,999
5984950.0,1751450.0,1,0.9999999738210323,714,0.8986274285463478,187,0.7208854788265132,512,0.6232580162905201,523,0.31317292006927594,5411,0.5608876920332133,800,0.9671203681528737,404,0.9164301629579688,673,0.40181168875955753,4452,0.38555705465229306,7350,0.5931982995862146,4838
5977450.0,1741050.0,0,0.0002602395730294867,8717,0.39639396767319324,17417,0.48083798847528497,12027,0.6232406385643611,524,0.16834537632805652,15549,0.5196201926245672,4147,0.3598897943739183,18114,0.40257210665125553,17454,0.23509833519916778,14756,0.09658700866190817,18364,0.1971607244663398,18445
5989650.0,1757350.0,1,0.9999999703859055,728,0.8918635496013554,627,0.7474884440717727,51,0.6232213310484997,525,0.43789845179749254,1210,0.5685049619809635,604,0.9622506018055971,648,0.9574433937710249,59,0.8015893446496049,70,0.5741713434291587,2068,0.7768166852799563,593
5987350.0,1751450.0,1,0.9999999993545468,455,0.8983532691373354,209,0.7369428588360811,183,0.62315540800862,526,0.48965967503818786,540,0.5901432461033443,284,0.9645576909574436,532,0.9241241857602287,461,0.8227463405637296,52,0.7761739885662475,184,0.7971249415719304,413
5986150.0,1753550.0,0,6.531651825055303e-10,17263,0.4575796523581167,14400,0.4377835620713295,15834,0.6231466733512637,527,0.40682277137019135,1821,0.5674865775243157,628,0.4263432966205598,15072,0.43521072005688677,15645,0.2803893181450626,11394,0.5064354774851056,3620,0.668117117269246,2415
5977850.0,1742450.0,1,6.494479421812935e-05,10204,0.4498045110744446,14766,0.500313256372312,10185,0.6231068104142088,528,0.16452461274914199,15734,0.5167526703871584,4592,0.4283094899173019,14992,0.4616906315971687,14090,0.24181517475961645,14213,0.09357161878536857,18532,0.1981607637600339,18393
5984350.0,1750850.0,1,0.9999953741680734,1176,0.8828131020833441,1125,0.72906607932816,319,0.6230808919190597,529,0.5047420996639846,386,0.5723348969865071,521,0.9509196718434364,1130,0.9089256079455575,885,0.372769305954434,5703,0.5836640221745784,1888,0.38008257649700294,11936
5870350.0,1724350.0,0,1.3462014888035316e-10,17976,0.6571057059725689,4481,0.5196475183782081,8432,0.6230761564818978,530,0.12902813867770108,17432,0.5119665257177268,5384,0.6303977254713294,5795,0.582888164588937,7342,0.21195218390921666,16569,0.08157880249384841,19327,0.1939076105190336,18573
5995050.0,1741150.0,0,2.1172157501635252e-05,11276,0.4623187311481586,14133,0.4545458505261244,14389,0.6229058234711862,531,0.48164543763202683,614,0.5783011846642162,420,0.427825397706479,15008,0.45639722536260496,14409,0.41608173570017026,3875,0.6017782471545552,1597,0.6958890306992596,1816
5946850.0,1793950.0,1,0.9999995889001874,1000,0.8893931293970441,795,0.7207210307230937,518,0.6227688298057605,532,0.27072125331166613,8137,0.5604247294476044,811,0.961300141116814,694,0.9169977516687432,650,0.5052080353688329,1462,0.3501283644631119,8441,0.7061011869301173,1622
5916650.0,1708650.0,0,0.16113045256112044,2469,0.530577941052785,10816,0.5564661875866033,5419,0.6227533703203862,533,0.2816544545232314,7356,0.5236807356395651,3583,0.5312571493600802,10334,0.5818790664249649,7393,0.4668419988499657,2299,0.3071690771125576,9867,0.5440255730094159,6831
5986950.0,1751150.0,0,3.5188879626865385e-06,12610,0.598907555378538,7414,0.5653292088861128,4821,0.6227083684486296,534,0.5296959946409541,204,0.6101227010360588,126,0.6144904104103088,6554,0.6647607591383315,3913,0.6835424386775693,236,0.7893833539119279,149,0.7597984052637203,779
5988050.0,1753550.0,0,3.908198858305923e-10,17485,0.6892286081095375,2979,0.5956521016957185,3041,0.6226556939123649,535,0.5880374250537357,36,0.5855807495563605,329,0.6977275557057863,2938,0.6397925268775648,4880,0.6607114718959157,294,0.7447270442483318,297,0.5366643940934537,7124
6042150.0,1751350.0,0,0.000750147703032192,7611,0.5569044960396816,9590,0.542842773023228,6439,0.6226187013840979,536,0.32531488842466405,4764,0.5572529962185235,926,0.5554538277407897,9271,0.5813089045556836,7425,0.2958010044034769,10266,0.2695527937175246,11346,0.3768390636205945,12013
5985450.0,1750650.0,1,0.9999989227763955,1090,0.896444821372096,367,0.7384953027715591,151,0.6226110930262762,537,0.5215395993286042,263,0.5971138402511814,225,0.9665394345294425,429,0.9315839691054627,291,0.4032643672119156,4383,0.7212247594896509,420,0.5818830487455453,5326
5907750.0,1771450.0,0,6.061244126255395e-10,17287,0.5127490735672956,11684,0.4891289617693486,11237,0.6224722979191007,538,0.44274914358951056,1122,0.5730425328698854,506,0.4877730954073244,12255,0.538863627395336,9590,0.6281463963191389,408,0.6826192723547,695,0.6063638004185135,4321
5922350.0,1710650.0,0,0.15187321731983885,2504,0.6775987871617667,3447,0.6397937713635876,1727,0.6224707642501297,539,0.2802584027885359,7460,0.552276684074406,1116,0.7146698910596699,2409,0.755951873845159,1837,0.4521239617721575,2701,0.3328820799956529,9017,0.6678067360085901,2424
5936450.0,1699850.0,0,5.763236424117237e-12,19122,0.3142769912809464,21065,0.3505714154715565,20817,0.6224609204935784,540,0.1494832567015978,16493,0.5141653895544916,5033,0.2942269437313936,20693,0.30044074756054717,21014,0.23242095398526597,14981,0.094460870627606,18491,0.21100270162585322,17733
5992350.0,1748750.0,0,1.349129210849295e-09,16933,0.4228091975427922,16112,0.4416955890115753,15530,0.6224246713860844,541,0.4572258564467454,910,0.5697438753333862,570,0.4050795461797365,16030,0.4575835323202081,14335,0.6403902797296419,357,0.7100899069844667,489,0.5872924251226284,5095
5971350.0,1772250.0,0,0.0029591509255921275,6151,0.6278334000741898,5962,0.6274969507166022,1951,0.62241945706975,542,0.39321545484725157,2135,0.5701891301359417,559,0.660897903617599,4424,0.7137291088994211,2488,0.6666465243300821,277,0.6543121184266123,955,0.6610491340916369,2593
5987250.0,1751050.0,1,0.9999999996577453,403,0.9000391386380655,115,0.7331105871827478,252,0.6224080457018638,543,0.4587950826589367,884,0.5782823475714101,421,0.9693416691104728,304,0.9288414779720471,342,0.7595728743065062,122,0.6628971135161139,876,0.7932192672828857,436
6063750.0,1765650.0,0,0.12092357958284292,2652,0.6568813904396584,4495,0.6324969832041286,1856,0.6223858159138104,544,0.3324999840947617,4440,0.5466747345337859,1429,0.6956135745118013,3025,0.7407808667684337,2033,0.43754385222220815,3130,0.31460474278872974,9624,0.60836794435088,4235
5977450.0,1741350.0,0,9.032054534215369e-08,14854,0.5316951255565026,10756,0.493891962296998,10776,0.6223577306693242,545,0.15658912832987112,16139,0.5050334684248471,6660,0.4955964351808273,11914,0.49974606401695554,11827,0.2178933475309337,16116,0.07198830075162288,19938,0.16168798834600207,19973
5925350.0,1719450.0,0,2.6720554340658546e-09,16634,0.4565905378816696,14450,0.44222299670326876,15492,0.6223558538047935,546,0.12899841911288573,17433,0.5070514837996353,6284,0.4211131698152957,15314,0.42020449833894846,16543,0.20859989284417835,16812,0.07429238300786878,19796,0.1764095428382093,19349
5989550.0,1756550.0,1,0.9999999999997959,30,0.8908599666954516,688,0.7423453003934473,91,0.6223524327598993,547,0.5599819857418685,94,0.6236851788664288,48,0.968212806135375,367,0.9328440348168437,264,0.7563919863432877,129,0.8379262227140754,57,0.9420386452832402,24
5931550.0,1690850.0,0,0.03822389953613205,3575,0.6436119556563676,5162,0.6157710260178875,2275,0.6223068376387991,548,0.32388447183132085,4831,0.575446546103222,469,0.6749347404160065,3813,0.7197928380736854,2364,0.48261319430338934,1920,0.5236296157732148,3145,0.7719492462583043,641
5998950.0,1747850.0,0,0.08299595693482119,2907,0.7237357744305322,1911,0.6555254085006356,1407,0.6223064367614859,549,0.26377489530222076,8657,0.5503366360346735,1206,0.7407941234010574,1923,0.7642070696236424,1755,0.47140604160926214,2186,0.4610131303334257,4962,0.68800772132746,1974
6008350.0,1721550.0,0,6.191418510849349e-11,18288,0.358893944437406,19281,0.37724692902130263,19786,0.6223019133491123,550,0.13711918805637696,17022,0.505349754605752,6598,0.338598513750221,19026,0.34027088127716654,20012,0.21996333841744165,15946,0.09549753738212041,18424,0.19753961036843648,18424
5986350.0,1752250.0,1,0.9999999995793167,421,0.8987430823413005,174,0.7378240388196179,168,0.6222912937638502,551,0.41324876574456737,1681,0.5630242628189195,736,0.9686862653198235,343,0.9292895960729444,334,0.6929209118870578,220,0.6687603474148912,816,0.551696023008759,6532
6001950.0,1738350.0,0,0.005125415922052642,5605,0.6270907706179064,5997,0.6272060736693936,1955,0.6222316661097103,552,0.5269250211273266,225,0.61598895721421,85,0.671759382814314,3948,0.730867610089983,2175,0.6110102508948507,467,0.7112499845721443,481,0.824416969123793,248
5919450.0,1706850.0,0,3.97933144553946e-09,16442,0.4714914519482494,13698,0.4856145510508748,11556,0.6222180062802923,553,0.13151067475315995,17312,0.5111033281956122,5524,0.4740899673558816,12914,0.5047756164278291,11544,0.27240697133623115,11930,0.092159291146794,18620,0.22982072815755705,16857
5988250.0,1751650.0,1,0.9999999999858917,208,0.8965748681480942,355,0.7378854523662262,166,0.6221743208219795,554,0.43488543273690744,1250,0.5974357748780199,223,0.9739820555363788,149,0.9239293379039748,466,0.7692876192651585,107,0.7202506185480229,425,0.8266195310430926,236
5985350.0,1753550.0,1,0.9999999999873155,199,0.8983745267038696,205,0.7447702714843762,67,0.6221462315785925,555,0.4615277133878776,840,0.6083176735006872,143,0.9734323827615253,162,0.9549072458407966,76,0.6371144428112183,371,0.7521789905900765,262,0.9668944096283932,7
6003950.0,1710950.0,0,0.0009785993035431012,7333,0.3571679741936421,19373,0.45368895088619643,14455,0.6221307252964831,556,0.12831978009794417,17467,0.5094553222743323,5842,0.3525738969829455,18437,0.4060271469656207,17258,0.265906497445075,12451,0.09917173145482361,18253,0.2358447603893522,16597
5991150.0,1748850.0,0,2.1915037703707131e-07,14363,0.5568889843083467,9595,0.530378650531431,7496,0.6221191184689635,557,0.5528636402424895,116,0.6074153744537559,151,0.5675734747622907,8684,0.5817810560093184,7400,0.3363640634973082,7616,0.696814495826865,577,0.7671059781233804,705
5986650.0,1752650.0,1,0.999999999615415,412,0.8996479692840726,128,0.7362837397192886,196,0.6220268390787766,558,0.3807922196622587,2500,0.5748644683508957,480,0.9699835645347175,278,0.9319540818251324,284,0.76559715547095,110,0.5381904795531216,2806,0.7716725353053471,648
6008750.0,1736750.0,0,0.003972706264993908,5850,0.49008852258782337,12796,0.524986067694522,7972,0.622018004838154,559,0.4898358543868273,538,0.6027047928702789,190,0.5042902517868482,11524,0.5644329741097236,8222,0.5763165883932226,664,0.7249135770515611,400,0.7984415008823,400
5905550.0,1759850.0,0,0.00032693629946367413,8431,0.37655629064904,18428,0.4865357053650572,11485,0.6219928685619479,560,0.48915233623875554,543,0.6094382880785517,134,0.35963429201019426,18128,0.4548029373492892,14508,0.693400646783533,219,0.7911919790088928,141,0.8697248221256522,104
6032250.0,1711550.0,0,5.3858336082469056e-05,10374,0.3662690538271344,18903,0.4845811295553625,11662,0.6219621090147224,561,0.3974511192660798,2026,0.5780407618318362,422,0.3698177309191021,17666,0.45153522891617515,14697,0.5084070998163082,1408,0.5018732625759972,3744,0.5134782451998978,7923
5973550.0,1773050.0,0,0.437735237821044,1897,0.7479693246200733,1570,0.6783298298089218,1176,0.6219266518910691,562,0.31001583071262706,5592,0.5755165137449914,468,0.7794041689963593,1574,0.8139181998485492,1477,0.5233074546090563,1167,0.48807688524730963,4129,0.7541415962981778,851
5925250.0,1710450.0,0,0.0006113373717937236,7831,0.44353030680650696,15074,0.5046708839002697,9775,0.6219077703796858,563,0.1355118244118311,17097,0.5142877634497102,5013,0.44940111402911254,14023,0.49473661348336684,12145,0.2746998287412059,11756,0.1052200753342909,18052,0.24648231917515218,16111
6039450.0,1712450.0,0,0.0007277387360474297,7647,0.39085934967610564,17689,0.46295501581392506,13647,0.6218953985506487,564,0.31979308793907524,5047,0.5664515308964009,649,0.39484582611235153,16512,0.45090591568366,14731,0.47521969111142326,2081,0.4304211312275611,5980,0.486705758017173,8768
5864150.0,1780950.0,0,7.629719893735535e-06,12066,0.5864347486734313,8033,0.5098524370394147,9306,0.6218013124281069,565,0.2181821211189941,11902,0.5505817537121034,1187,0.5788178417510659,8156,0.5623153821715592,8336,0.28183244404850283,11280,0.21300034093236175,14029,0.5619270344219655,6116
5985850.0,1750650.0,1,0.9999976004999647,1137,0.8975457666502987,277,0.7365423341168896,191,0.6217516621861398,566,0.5431725882788795,148,0.5933195647704445,249,0.9670329894915983,407,0.9297548872286481,325,0.40311383414348967,4391,0.7966677804917226,127,0.584187411598112,5214
6031150.0,1713150.0,0,0.0011410981604561361,7162,0.5452441465894018,10143,0.5689141359695016,4581,0.6217485451738972,567,0.31586121993874267,5267,0.5115953313510203,5441,0.5665530026764278,8737,0.6055155397656959,6298,0.32419880198446294,8367,0.2250858977554726,13433,0.25351696549526126,15800
6035850.0,1710450.0,0,1.705161882846977e-10,17855,0.6268239041370258,6002,0.5631644121212672,4959,0.621713747089604,568,0.3796549909415695,2527,0.5545931291552165,1015,0.6365567802805876,5537,0.6338172504862105,5094,0.47753824186066574,2023,0.4531023616825606,5230,0.45932975224239336,9620
5988350.0,1751650.0,1,0.9999999999810092,230,0.8968220717651224,332,0.7386146801801503,146,0.6216684738787416,569,0.48684539414886313,560,0.5997863474192052,211,0.9737846741991326,154,0.9238024944449698,469,0.8311946342333336,40,0.801857712623678,119,0.8195635436393616,272
5998750.0,1747250.0,0,0.00090001668331145,7431,0.3107536931903516,21161,0.39930374919220807,18631,0.6216105925932541,570,0.399945845506247,1966,0.5704281138503076,552,0.29854347109225066,20557,0.3684823533064425,18996,0.5675623068006772,723,0.6285969425257745,1245,0.7320253150018209,1161
5988750.0,1761150.0,0,0.0007501963399829567,7610,0.5235526658073382,11200,0.5494661449839261,5929,0.6215851176761229,571,0.44269887524384594,1123,0.5824344310004043,367,0.5162847505411257,10993,0.583147923872096,7328,0.6779314004703414,250,0.6063430216119872,1532,0.7847139872602258,508
5988650.0,1756750.0,0,1.4841488481882492e-09,16895,0.3238298199619264,20778,0.39881818878294817,18678,0.6215508511781186,572,0.5373933392044286,177,0.5995467107169893,213,0.31655237196477826,19905,0.3941932438021176,17849,0.6837016592592472,235,0.8065736719426736,103,0.7497786867036751,914
6034850.0,1717050.0,0,3.165645292601711e-05,10897,0.5947180835186792,7611,0.5725505883283403,4352,0.6215127098961004,573,0.3815975873454414,2465,0.57698736200322,443,0.6057078196352469,6927,0.6280569850237153,5337,0.4625592605143507,2411,0.4042663978246239,6763,0.5020116818716985,8291
5990850.0,1748750.0,0,3.0728082826259184e-09,16572,0.571631641993651,8828,0.5286266178340822,7649,0.6214990198373388,574,0.554114217980845,111,0.6062443742544741,160,0.5699391612626544,8566,0.5991234931811971,6566,0.6647438894655378,282,0.7403818039696517,309,0.7562635062413399,817
5986750.0,1751050.0,1,0.9999999960668995,575,0.8974285496279141,285,0.7361618379216917,199,0.6214787942853041,575,0.4705642360188055,729,0.6053770749494136,173,0.966197988894632,450,0.9312104616730893,301,0.7187193426832758,178,0.7758635356303013,185,0.8418942030919692,167
5986850.0,1750650.0,1,0.9999999947870555,595,0.8968707583676008,328,0.7416489379197363,101,0.6213653659402947,576,0.5277859146657434,216,0.5890904499691951,293,0.9638331943625728,575,0.9286272380216709,345,0.5988736100248282,527,0.7079030875639165,499,0.5513774623476114,6544
6005950.0,1716250.0,0,9.325650646682236e-11,18126,0.38935813114472717,17762,0.3828953134310003,19515,0.6212737781045267,577,0.12865681361887044,17447,0.5105408174116621,5627,0.3382085896402347,19046,0.3248705101353828,20468,0.19516557491443387,17866,0.07766324415237802,19582,0.18146066519214388,19119
5908150.0,1747450.0,0,2.2650313423250582e-10,17725,0.5753602715899457,8642,0.49443720494854776,10732,0.6212714059052693,578,0.3278837165213785,4649,0.5499260727045558,1232,0.5430829155143756,9826,0.5421608617248084,9398,0.4836227503046382,1895,0.5582358813689814,2350,0.5908378758942159,4951
5984450.0,1750850.0,1,0.9999967270999879,1157,0.882600088266692,1129,0.729177230785267,318,0.6211793829200571,579,0.5000800307154937,440,0.5800518967903889,398,0.9512111814091975,1128,0.9106274012766947,845,0.3800361394056886,5401,0.66033672848678,894,0.4929147648859932,8568
5983350.0,1750750.0,1,0.9999998379503666,895,0.8945330271238373,510,0.7286407784954116,331,0.6211379800086386,580,0.4633583339761086,812,0.5910981370937555,270,0.9649658965890564,507,0.9248963934845109,433,0.39657029632111707,4678,0.6381724644629176,1111,0.5829801610499366,5281
5985150.0,1750650.0,0,2.9133008181580874e-16,21392,0.3663481666028957,18898,0.3955732547142448,18848,0.6211012760962201,581,0.5603312698026272,93,0.5801106633107026,397,0.31060811515015607,20146,0.35932182842929783,19363,0.3057839784785773,9557,0.7360737098515775,330,0.43436655781857403,10421
5987650.0,1753050.0,1,0.9999999994871431,434,0.8900815994660836,742,0.7415526801088481,102,0.6210962609485258,582,0.4602035854817583,858,0.5826038285565984,363,0.9590690689882225,814,0.9169532528181734,653,0.5258019385566164,1125,0.6652235641297044,854,0.5660161351056682,5964
5942550.0,1793050.0,0,0.0005311526626200401,7972,0.4454739466461051,14978,0.5117517977250984,9128,0.6209734098999419,583,0.3081762368106654,5704,0.5764142437816501,453,0.47112794107850964,13034,0.5494820336887403,9001,0.5286707848878394,1093,0.5067250690477118,3612,0.7805907530317185,546
5990750.0,1748850.0,0,2.0880545091761422e-08,15637,0.5295519386992947,10874,0.5106610912569152,9226,0.6209401581916172,584,0.5250869145800411,237,0.6092987818095924,137,0.5219742840921112,10744,0.5589782140135324,8503,0.5362687899809352,1005,0.7419399725165998,303,0.7795270180334242,558
5992250.0,1748350.0,0,0.0008388777524922468,7497,0.3822453439430796,18140,0.46154831113766753,13763,0.6209223662065588,585,0.4934210310555034,502,0.5966165412045323,228,0.3799902781917057,17219,0.454410076188686,14533,0.7360159414988678,156,0.7350891206250123,334,0.7807837712520407,545
5997350.0,1747850.0,0,0.585855028958192,1773,0.7324121607687732,1753,0.66205238027817,1310,0.6208953715663574,586,0.44639533101216206,1060,0.601535696399553,196,0.7550533565593999,1731,0.7891749873832858,1609,0.5308345216955928,1062,0.6356266057314985,1157,0.7778965730368681,574
5983450.0,1751250.0,0,8.943406535085976e-11,18139,0.3164984262525545,21000,0.37569048578035524,19849,0.6208863188599857,587,0.4173936083366836,1590,0.5603843596986915,815,0.2826751770095711,20977,0.3355199340364903,20164,0.30375106628925486,9706,0.6392020251377752,1103,0.5001700720470833,8346
5997450.0,1742250.0,0,7.76687032629092e-08,14926,0.43545219441544253,15441,0.46585748706891955,13401,0.620885308755452,588,0.29248117137099455,6639,0.5233058630141944,3651,0.4305004274420732,14885,0.46584756069240396,13827,0.2866664295997712,10928,0.3755645353357524,7659,0.5103112132871457,8028
5915250.0,1709450.0,0,0.06545839388011085,3143,0.6867948076385939,3067,0.6195397459764774,2157,0.6208817275283496,589,0.2869457741483814,7007,0.5647186276077453,693,0.7199176437039784,2286,0.7392862738166005,2048,0.5070365765944562,1424,0.37499206911896144,7678,0.6961000841508008,1813
5988150.0,1752050.0,1,0.9999999999433051,291,0.8976133236132201,269,0.7436028544011969,76,0.6208583541487559,590,0.633140708365553,8,0.6292916730302015,36,0.9753341131134207,115,0.9342475527625643,238,0.7481306106370982,137,0.9296852690446162,4,0.8493546023206695,141
5986850.0,1751050.0,1,0.9999999985757602,513,0.8973513442450373,293,0.7392159814752635,135,0.6208464107868337,591,0.5606084985630212,92,0.6239579684237854,46,0.9664886211969038,430,0.9373440741624426,196,0.7218442243522571,175,0.8188086906616345,84,0.8549292167439945,130
5928050.0,1712050.0,0,5.064612767476218e-13,19933,0.3200516703681311,20894,0.34669451021619974,20932,0.6208318248078865,592,0.1204316889212754,17871,0.4979167658984373,7972,0.26139865435164955,21375,0.26831362556740435,21461,0.188101929845791,18395,0.057975893357719244,20854,0.14931216207516207,20407
6032850.0,1693350.0,0,1.2412301763956788e-09,16969,0.5906883727269145,7827,0.5231073526183818,8124,0.6208213705679745,593,0.11582339076444197,18254,0.49831783191446755,7896,0.5698206043763214,8577,0.5730889075320682,7811,0.2428962220296591,14151,0.07565342146092602,19709,0.19835284716284263,18387
5988350.0,1753050.0,1,0.9999999997162914,388,0.8916635323326163,643,0.7385705748129068,147,0.6208185191343503,594,0.5264208746398692,230,0.598578889558246,219,0.9598325257001101,776,0.9167322164049618,661,0.7972211758393237,76,0.8279768670104063,73,0.7980511215276095,404
5864150.0,1780750.0,0,7.891265889311015e-07,13588,0.42843055660493073,15810,0.4305411249878492,16431,0.6208034958085454,595,0.16278503732709199,15835,0.5162579101486126,4670,0.3909670692731685,16687,0.38613618133788097,18241,0.21413303204967082,16390,0.10219486776894593,18154,0.20662455545093406,17957
5984650.0,1752850.0,0,0.061616452192977324,3193,0.7163252433321874,2094,0.6763715445245125,1183,0.6207980267058194,596,0.5145057206829596,316,0.6099361021558006,131,0.7555537369005739,1726,0.796457714729701,1587,0.39225363246923506,4828,0.7903143068029526,143,0.6025289529900232,4459
6035850.0,1691850.0,0,6.471519703403432e-09,16240,0.3971504628261358,17382,0.442624091435551,15450,0.6207478416027378,597,0.1305752732232363,17358,0.5080975420771879,6094,0.3771311971702126,17352,0.41215749095934995,16963,0.24862705912179872,13761,0.08597351807844023,19068,0.21049499663669158,17762
6041850.0,1751250.0,0,0.09173813914308047,2832,0.6225337919814254,6257,0.5949436779438729,3069,0.6207185882733051,598,0.3639683298280236,3100,0.5638825499477123,716,0.6340338878659046,5643,0.6586618698688984,4137,0.31920847620533876,8676,0.30658450131040693,9896,0.40179637756827524,11368
5986650.0,1750550.0,0,4.262837727035371e-12,19237,0.4106071745717124,16731,0.4365440917661604,15953,0.6206913983443229,599,0.48014894216205056,630,0.5636502166734596,725,0.3927801464044839,16610,0.4497290722796101,14789,0.5551202254148255,811,0.6724945556327543,780,0.5307102036495908,7331
5986550.0,1753250.0,1,0.999999999037251,488,0.8997119015966221,124,0.7386502575789421,145,0.6206288662664783,600,0.3765237074284636,2649,0.5794246108308907,406,0.9705465398863063,248,0.9349237112103695,226,0.6870568782442029,229,0.5078673741929507,3579,0.7573911869252076,807
5998650.0,1747150.0,0,2.5541619709910385e-19,21720,0.3526285109670441,19591,0.33617926134360104,21185,0.6205930608323177,601,0.36653386115448827,3008,0.5595412947863467,845,0.32643177715688143,19527,0.3335036437654896,20227,0.2836385206848475,11139,0.5931191513861035,1728,0.44731397648277804,10012
5942650.0,1760050.0,0,3.531088469522755e-05,10782,0.3024064836137483,21354,0.3918364599559541,19043,0.6205773436665669,602,0.49526234673463415,485,0.6011623890114223,197,0.27014799492074115,21231,0.34637448209437494,19812,0.5706723380235325,698,0.7299880860518069,366,0.7018016766522501,1716
5989550.0,1755450.0,0,0.033539409583330224,3698,0.6868849969280634,3061,0.6294582317859041,1910,0.6205311204617694,603,0.49591566834795137,477,0.5480085390360658,1333,0.7126156401740295,2481,0.7518960230652139,1881,0.4290412282911016,3409,0.6307558611743103,1222,0.45229679221211505,9845
5985350.0,1752850.0,1,0.9999989821987779,1084,0.8988700166431024,164,0.7423348832411222,92,0.6205101057077407,604,0.5340250672951776,189,0.5789166542562773,413,0.9668195698457234,419,0.9268377928326432,381,0.38182932036924266,5316,0.6213384579297972,1336,0.4107244742277333,11124
5985850.0,1751550.0,0,1.6666466562277276e-11,18761,0.6015288228708375,7298,0.5492721667580421,5954,0.6205016698165008,605,0.49778189192577693,459,0.5531676007781889,1082,0.5916692180659147,7570,0.6217611377289292,5601,0.4217063342954388,3680,0.5659489562271669,2213,0.33643631983764966,13002
5928850.0,1688450.0,0,1.8991565892004532e-06,13046,0.6877631484934088,3027,0.6055405695544757,2621,0.6204712861577907,606,0.12819044270716953,17475,0.5098116569618709,5769,0.6804419464895063,3591,0.6845471276047461,3256,0.2637905770248494,12626,0.0941342292482541,18506,0.22933991092901929,16872
5989950.0,1750550.0,0,0.26810410555239994,2167,0.6600366486706222,4320,0.5999866008127656,2846,0.6204703355418838,607,0.46553721986416174,785,0.5792230682648368,408,0.6836809057321476,3452,0.715856355911917,2438,0.7216261533977667,176,0.6947624504938865,591,0.7461046644304201,965
6008150.0,1732950.0,0,0.001057716109782105,7244,0.476782034647518,13416,0.5359114809689142,7019,0.6204536262106779,608,0.4115615927801018,1723,0.593276324733725,251,0.4791590060681499,12681,0.546916457715313,9157,0.5819074501332129,625,0.6595344303669477,903,0.7917271971428854,450
5985550.0,1752350.0,1,0.9999999986719765,511,0.89897291150939,159,0.7238688805406536,445,0.6204513486179938,609,0.2891559474265688,6858,0.5474167618733637,1371,0.9692276832443772,311,0.924464326710967,447,0.4189962428816091,3763,0.29896400972462867,10151,0.6365639365133853,3283
5994650.0,1749650.0,1,0.9999999998557116,334,0.9183453546499745,9,0.7425046577801387,89,0.6204434667760083,610,0.48412176088235304,587,0.5800193297279533,399,0.992650200554246,39,0.9627579471957981,39,0.7319937791520654,166,0.6891225210240141,635,0.7338772910493097,1140
5931350.0,1691350.0,0,0.018728140077523915,4267,0.5941631885204056,7629,0.5485045627456698,6008,0.6204310897974726,611,0.27788624111815363,7636,0.5412960556758796,1780,0.5819178089843159,8024,0.6111546038474227,6016,0.4751301574468082,2085,0.3978557386504862,6966,0.6703539646423036,2371
5863750.0,1780650.0,0,5.384337969822634e-06,12317,0.6514256135987068,4789,0.5427878879143253,6447,0.6204149770736551,612,0.15459731338998184,16253,0.5038410907880072,6873,0.6609822447746359,4422,0.6290341118701733,5286,0.26061880582050145,12852,0.09572546508057789,18413,0.2209347038778664,17256
6034250.0,1694450.0,0,0.0011919537222965697,7121,0.34962734972316145,19743,0.3970818188940236,18769,0.6203969026697397,613,0.33587709444696423,4271,0.5457683988091635,1495,0.31994452250767735,19770,0.3734048796883098,18784,0.4495472549232292,2776,0.40063206070350654,6877,0.6565084516833081,2693
5915750.0,1709650.0,0,0.5008644628785336,1839,0.5306793297748023,10813,0.5485035264871913,6009,0.6203362394337999,614,0.2698560929821009,8214,0.5492944336761448,1266,0.5345877526812937,10213,0.5879536640556862,7086,0.4551253727466291,2625,0.330697699094866,9090,0.6542761849025831,2763
5869350.0,1782350.0,0,0.18390606805263435,2399,0.6601262786885219,4314,0.5796106573602938,3893,0.6202803314973232,615,0.3288431709928803,4593,0.5448578784206872,1554,0.6842418334939253,3428,0.7069316748323743,2636,0.5305073195576527,1068,0.3754728205235096,7660,0.6679732108054691,2418
6033950.0,1711850.0,0,1.1035897652675172e-09,17008,0.3891079984282427,17776,0.44554700128223623,15199,0.6202552609817391,616,0.35598823372379457,3396,0.511711892904287,5426,0.37042052531642744,17647,0.41807758127344696,16648,0.3031811120770489,9748,0.2939441407317578,10340,0.2211992547874574,17242
5965050.0,1736250.0,0,0.05059984638298205,3340,0.6995520895901318,2577,0.6525673697670974,1450,0.6201702001228934,617,0.3780000943030078,2591,0.5734836977508204,501,0.7253466335324322,2173,0.7599053557300544,1795,0.685147592600385,232,0.543506506183856,2697,0.7585486680322425,793
5986150.0,1752450.0,1,0.9999999998800002,321,0.8993462670578688,136,0.7379230541175901,164,0.6201687503242046,618,0.5047601471251293,385,0.6059941049440704,165,0.9705585341663789,247,0.9381546734798725,186,0.7815523831939104,99,0.8296710194942971,67,0.8358247330999667,192
5972250.0,1770950.0,0,1.6041290412285117e-09,16864,0.4773069658217826,13395,0.47386894703959953,12676,0.6201413570006391,619,0.5259897938994835,232,0.5865415415196347,318,0.4494724814157718,14018,0.4990733275367468,11866,0.6318661849662319,388,0.8016381060237762,120,0.6580076030137196,2659
6034450.0,1711050.0,0,3.095995175353606e-10,17599,0.6488016362011767,4918,0.5559156111499911,5457,0.6200971347239976,620,0.37738543095436755,2616,0.5536653168660981,1059,0.6672748882478634,4150,0.5969555757496802,6657,0.43439582384974906,3233,0.3590307081441374,8173,0.4698418747329135,9282
5986950.0,1754950.0,1,0.999999999991878,172,0.8908979430638193,685,0.7315536051086342,275,0.6200619093315739,621,0.3730285024564294,2779,0.577672536269225,428,0.9630186856386285,614,0.928366682829189,351,0.7419673954068493,145,0.5360644730352845,2865,0.8031554747360237,369
5901250.0,1776350.0,0,8.143952868080001e-07,13561,0.40496285298578655,17014,0.43281483577532187,16264,0.6200331870263098,622,0.1702156204496443,15442,0.502096108712011,7163,0.37603528188465063,17396,0.4143186437843005,16857,0.2529816607227703,13434,0.11040843525775768,17918,0.211778083191679,17677
6032350.0,1729750.0,0,0.00029655409738197394,8561,0.5483254330138828,10025,0.5620645809352458,5027,0.6200287355188105,623,0.3975781714843291,2023,0.5742658025480311,489,0.5516040411469509,9453,0.5937987114096681,6794,0.4874695887883562,1823,0.6093352592096025,1490,0.490680995361954,8643
5919450.0,1706950.0,0,5.871195329949838e-16,21307,0.6395698745683206,5359,0.5213954909758562,8277,0.620015166546734,624,0.12459976323794239,17654,0.4971043777958239,8118,0.6555276946766397,4689,0.5044765386394832,11570,0.2577566754325912,13047,0.06923682412769283,20116,0.19746232022905252,18427
5977550.0,1741350.0,0,2.9559876918906867e-05,10958,0.3812152248163327,18187,0.4734607126971136,12713,0.6199975687544859,625,0.1652976684920707,15706,0.5154830030000276,4802,0.3675971326820282,17768,0.4145186225467332,16845,0.24795238825180177,13812,0.09855165519939602,18281,0.20761941983803833,17905
5986650.0,1751150.0,0,4.9964798921987205e-05,10447,0.5259841549441387,11074,0.5430064313628503,6429,0.6199646233304394,626,0.4076147454080444,1804,0.5883263242565905,302,0.5122770332712223,11174,0.5691490032321644,7993,0.596342854464533,540,0.6604430418986595,893,0.7775786485920346,580
5908950.0,1770150.0,0,3.9645401375223526e-08,15271,0.6815933594878807,3281,0.5792056724382199,3922,0.6199381544487781,627,0.33991328476084753,4088,0.5408451120818341,1813,0.710569224219677,2534,0.6407550192137871,4828,0.5971738104714971,536,0.5508865507037944,2521,0.5813511139082916,5343
5948050.0,1767750.0,0,1.6053327725986609e-06,13174,0.3818831432260071,18155,0.41433120393384343,17687,0.6199349618707198,628,0.31813183201248935,5147,0.5526595572482031,1098,0.36637600508525714,17833,0.4176699877469532,16672,0.4454086670841936,2903,0.3959305550270047,7030,0.6336316354693465,3381
5990850.0,1749150.0,0,0.015825811138267046,4459,0.5708258626269631,8875,0.5782609705658581,3986,0.6199135555841386,629,0.32266325711753346,4905,0.5147613630639117,4924,0.5755169985309203,8329,0.6122294431198607,5968,0.33605313437211426,7627,0.23489568502588676,12954,0.4491211971044802,9961
6061950.0,1761650.0,0,1.8551867216560627e-10,17820,0.34776365380615554,19843,0.3980896992012731,18720,0.6199077797645306,630,0.3232341071950074,4865,0.5366935816233119,2140,0.32187042683980405,19695,0.3851729395702985,18281,0.3413396400246804,7335,0.2938884029146631,10344,0.5373026419327587,7103
5989950.0,1757550.0,1,0.9999999974051523,553,0.891031093315898,676,0.745863246191705,59,0.6198750666193866,631,0.3743025574952895,2730,0.5476952471489879,1353,0.9605423508150408,733,0.9512389459553096,95,0.7392023269484916,149,0.5024570147577536,3725,0.5880391254413906,5060
5983250.0,1750650.0,1,0.9999998025815074,919,0.89662727520811,350,0.7249222314904484,421,0.619824862096087,632,0.48689722409176084,558,0.5874535845427387,311,0.965112973191877,501,0.9192303635785394,592,0.3915466835205562,4862,0.6325212097042258,1193,0.5797768279405997,5414
5983450.0,1750950.0,1,0.9999999804248904,691,0.8967133693406057,338,0.7263334387372572,392,0.6198070791260519,633,0.49861224925539477,453,0.5931869667120203,252,0.9661675935695094,452,0.9242504602690643,457,0.4067697978810687,4251,0.6902810348165133,623,0.6024632040283137,4463
6004850.0,1713550.0,0,3.183565790990208e-09,16549,0.39243858400446013,17601,0.4014245164443819,18506,0.6197698708256819,634,0.1320341620785767,17282,0.5122723282905081,5317,0.35886728470985707,18168,0.3510497403428542,19667,0.20330990474296295,17264,0.08728345784758595,18974,0.19631172726512314,18475
6006850.0,1736750.0,0,2.738316318016412e-06,12798,0.29981409451732427,21413,0.3819331831694119,19560,0.6197240657094449,635,0.38413933321839167,2378,0.568006609597116,614,0.2764254347220738,21124,0.3447751454215662,19862,0.6326352526181397,386,0.6381428076230624,1113,0.6617970710167439,2568
5987250.0,1751150.0,1,0.9999999986070358,512,0.9002547641337301,111,0.7262854344054401,395,0.6197184246719339,636,0.3722902479552459,2807,0.5582454625888494,880,0.9702219386655465,263,0.9271126804434914,375,0.5931891416293087,556,0.4274732461083167,6057,0.7051475123357496,1643
5984650.0,1752950.0,0,0.000279076622172669,8628,0.3825348795053019,18117,0.47071050689063615,12960,0.619673229673754,637,0.4850536642936878,575,0.5947990439224657,242,0.38898139001400933,16783,0.4615587377824485,14098,0.35485472659504014,6581,0.7735642001175588,194,0.5652852752784129,5990
5871850.0,1727750.0,0,0.24785842273664713,2220,0.6928019723452712,2835,0.6303052184497061,1892,0.6196519556146061,638,0.31081503929222815,5549,0.5662354058889537,654,0.7230766127478524,2217,0.7568839560970511,1823,0.5040572046567564,1489,0.47129202120851754,4669,0.7530749235471728,864
6034250.0,1711350.0,0,2.300832695819099e-13,20174,0.5852832984143677,8087,0.5323376933338176,7321,0.6196444609089412,639,0.4995801094157807,447,0.5656157893317777,671,0.5599540740323788,9061,0.5560855807933396,8649,0.42080806949336413,3710,0.6037451044285389,1571,0.3460574504746534,12743
5890350.0,1759450.0,1,0.9588191270840841,1512,0.7221628648912494,1957,0.656344539219807,1389,0.6196294938302763,640,0.23087376179177382,10974,0.525728443209915,3316,0.7657936651861554,1641,0.8146656804198249,1465,0.4313298832562422,3349,0.26076649688616294,11735,0.6404248301739128,3177
5974350.0,1740250.0,0,0.0013426191101321946,7003,0.55643371420135,9619,0.5747387597492298,4192,0.6195466288948557,641,0.34776383780952547,3752,0.5557714248715102,974,0.5646291334860232,8834,0.6052764692293445,6308,0.32059704769577535,8593,0.5557269566543737,2405,0.5204179827191029,7697
6035850.0,1693050.0,0,0.00012008699354477364,9539,0.6685712260608694,3879,0.569016024015258,4572,0.6195183101068618,642,0.3492298782308333,3681,0.544081740746663,1601,0.6784965398376817,3675,0.6666698901910706,3833,0.45596133698894903,2603,0.34985356009418256,8448,0.6365102220382305,3286
5869850.0,1783750.0,0,0.08673607802322267,2876,0.6077484969890479,6975,0.5757634239619703,4120,0.6194885627936827,643,0.4338724567752834,1274,0.5131257517779507,5196,0.6114685725604498,6687,0.6400589261844575,4865,0.3225634510388158,8462,0.24313406640079782,12563,0.30242162354316204,13941
6036650.0,1716950.0,0,0.007070801726680509,5254,0.6217032176512322,6297,0.603383749948299,2708,0.619438945226127,644,0.3926544915048484,2153,0.5360565514706724,2195,0.6231944572943168,6169,0.6507242807920415,4440,0.44532778137279627,2907,0.45843759405106055,5049,0.36574890203096544,12287
5985650.0,1753650.0,1,0.9999999999927045,170,0.8981451814953708,220,0.7414368471803048,103,0.6194137760374054,645,0.44081931476821173,1156,0.5863864133088896,323,0.9680203560745995,377,0.9407278995276357,166,0.7544140295732822,131,0.72003216512374,426,0.8866649303667924,72
6001850.0,1716350.0,0,0.00027666894898565594,8642,0.5779409656877136,8495,0.531036270673158,7438,0.619397249788505,646,0.45531878340206117,939,0.5796506516755199,404,0.5834473528561547,7957,0.6194656038875321,5690,0.5043442808511246,1481,0.6202315531811831,1348,0.7430515958360326,1001
5971650.0,1770950.0,0,7.464423224924532e-05,10060,0.3272175317790022,20659,0.4105065799479175,17946,0.6193921802888445,647,0.37828892024834976,2577,0.5565631798995828,951,0.32892636088140925,19434,0.40047441374714887,17550,0.6264592830518376,416,0.5400459237106241,2767,0.7357978162231962,1111
5874950.0,1723450.0,0,3.226753704238458e-11,18526,0.3907537039915826,17696,0.4055759142875849,18246,0.619344587658993,648,0.13225971335672082,17269,0.5132850724284052,5171,0.37888585668451535,17272,0.37623330405110356,18669,0.22383023164242077,15648,0.09253831126854228,18594,0.21342056259660824,17597
6035550.0,1728150.0,0,4.288292283957065e-09,16406,0.6639820451564945,4117,0.5673412075199225,4691,0.6192991264587354,649,0.2675749719992598,8380,0.5168812755927493,4567,0.6568012606776547,4628,0.595667995230643,6715,0.40880775514262346,4165,0.2863596235315107,10639,0.40199772151778,11362
6035650.0,1693050.0,0,0.15170939566948807,2505,0.5837239616964244,8186,0.5826106598171981,3699,0.6192862075225489,650,0.35912521324127306,3278,0.5615523216027289,774,0.6161111035778297,6481,0.6654733557455877,3886,0.4853518873904106,1860,0.3790601842141903,7556,0.6818873301159061,2108
5987150.0,1751650.0,1,0.9999998979700107,845,0.89844705626755,200,0.7221391755978182,486,0.6192828201250964,651,0.498552105354789,455,0.5883784951053742,301,0.9688342356744939,339,0.9269275933151706,380,0.5776048397354836,656,0.7416175366240815,307,0.7958707554548117,421
5973450.0,1773150.0,0,0.09796313768399616,2779,0.6376212789986119,5451,0.6010358730127205,2801,0.6191867648640743,652,0.2936947526480848,6561,0.5632696908499568,732,0.6482030098412831,5004,0.6733646872382756,3609,0.5206196072312961,1202,0.42130904541453873,6260,0.6910062257208126,1909
6033450.0,1716650.0,0,1.4288837487239624e-11,18815,0.6360989902954359,5541,0.5501904467133408,5872,0.6191475903174252,653,0.46750932201887474,766,0.5694957208306225,578,0.6480510294373248,5013,0.5640066345991753,8242,0.44629056245531584,2877,0.6439950243065214,1046,0.4664301397306976,9389
5996550.0,1747950.0,0,1.4528063325450506e-14,20796,0.6654563567070939,4043,0.5458769420892124,6212,0.6189874396114404,654,0.2528049636754157,9424,0.5305640804269923,2767,0.6682864967635134,4101,0.5278888621046912,10167,0.3641485815305838,6110,0.43214754820250334,5923,0.44223072623387316,10190
6005250.0,1712350.0,0,4.2613874831325856e-11,18418,0.634194016832108,5642,0.5162909492013279,8738,0.6189715272189521,655,0.1302733776931997,17370,0.5102588277910146,5675,0.6301895697036378,5803,0.5908955806168171,6946,0.2230153138716946,15721,0.0895286455519182,18801,0.209229333468687,17827
5921550.0,1714050.0,0,3.9301619865224554e-05,10700,0.6779079374807472,3436,0.5730010873357425,4319,0.6189544592314142,656,0.1449173533103006,16689,0.5212993821963547,3930,0.6737642194288781,3868,0.639949397379214,4871,0.2246748259199971,15586,0.10643593187475542,18022,0.22750651307723246,16961
5988250.0,1755750.0,0,0.0012643926195981235,7060,0.5784313423719146,8468,0.6053953541740315,2624,0.6188886893991322,657,0.5586195934005791,96,0.6293620939115321,35,0.5950024158295268,7430,0.6737127971506683,3595,0.6785210827564627,248,0.8239257258623149,79,0.9376713533226452,31
5968250.0,1730050.0,0,0.00046180806316677164,8125,0.6683377507063702,3893,0.6267163234084683,1971,0.6188729895952446,658,0.37350217623259646,2759,0.5748965242038876,478,0.682679532487695,3502,0.7084483179947018,2603,0.34139641029539836,7331,0.45916983625581564,5025,0.5608239238453145,6151
5909850.0,1770650.0,0,0.00020278575312931106,8998,0.408786576371453,16819,0.4669320756522277,13298,0.6188704504862962,659,0.49271922290750136,507,0.6173490867051503,79,0.4187978184589989,15419,0.4895287450184467,12457,0.63233883446112,387,0.7743256623195782,190,0.8202268007153813,271
6030550.0,1729950.0,0,0.0003715535839395253,8316,0.7338890543019617,1734,0.6503052335234187,1506,0.6188656697022398,660,0.31094081412549085,5535,0.5481860930511493,1319,0.7356925641273919,2001,0.7238063494065858,2279,0.4773864844977429,2029,0.3616363750655017,8092,0.47130270370074945,9234
5992650.0,1749350.0,0,2.4485465274466147e-08,15541,0.3473790613551326,19861,0.42180042311124355,17135,0.6188156048980498,661,0.4838141512099482,590,0.5601400289440382,822,0.3442079783464944,18798,0.4143451742983715,16854,0.3896360252618254,4955,0.5851017714741855,1863,0.3747546817120049,12058
5988050.0,1752050.0,1,0.9999999994923776,433,0.891857541387894,628,0.7382904718351797,156,0.6187750628698477,662,0.6340862295732583,7,0.6220707247671119,56,0.9611903682403281,703,0.9251044681217488,428,0.7852017133131738,90,0.9289504707984991,5,0.836427715464485,190
6031350.0,1713050.0,0,9.03722744813372e-08,14852,0.6232191211216268,6222,0.5498722342814149,5900,0.6187301754449076,663,0.3982119975562196,2013,0.4971942927186535,8108,0.6354668830317942,5578,0.623716933285872,5522,0.3260802788473376,8244,0.22772726501330298,13300,0.2579464092898951,15622
5984750.0,1752150.0,1,0.9999999697349475,731,0.8980015834805593,232,0.7273653242407443,364,0.6187283734793969,664,0.33178067936780387,4471,0.5686752051459524,600,0.9663482323933106,443,0.9178798702821807,629,0.3946129853863233,4744,0.499986776587809,3800,0.5911525346053753,4933
5868950.0,1781850.0,0,0.06389862594456777,3159,0.4746624710820379,13525,0.5163428106152941,8736,0.6187260448003854,665,0.273464623884508,7951,0.5583527777178027,877,0.49896947336711006,11753,0.559483855124183,8479,0.5060225880999466,1447,0.37720527567028395,7617,0.6979717291379969,1781
5987650.0,1752550.0,1,0.9999999971527955,558,0.8921985338128966,605,0.7267760514069593,382,0.6187156478745512,666,0.4589671296188341,880,0.5783827753725874,419,0.9605409726121015,734,0.9118854685047741,819,0.6546863795735824,312,0.5817295766900498,1926,0.7886621685003347,473
5922650.0,1714050.0,0,7.556941373400356e-10,17182,0.48195021531254517,13189,0.44376663985015397,15355,0.6187118214543519,667,0.13094922247290264,17343,0.5101759449137455,5688,0.4704626800652467,13066,0.45083131853618175,14736,0.21233585254961118,16533,0.08964636473782717,18791,0.203501747087796,18115
5984950.0,1751550.0,1,0.9999999642987368,747,0.898036154916046,231,0.7200722050597249,533,0.618711259892793,668,0.2771173841846955,7705,0.5486731387249544,1297,0.9663896205696155,440,0.9139495795366162,746,0.38898550922801145,4985,0.3321265487819277,9045,0.5765619759152794,5557
5986050.0,1750650.0,1,0.9999999723931864,720,0.8972249008666633,301,0.7382662789587013,157,0.6186440168987596,669,0.4789777673691651,638,0.5639933062696538,709,0.9636776028843018,589,0.923258309150108,481,0.5388381766391082,961,0.6042312410646146,1561,0.4296147539568841,10562
5999450.0,1747750.0,0,1.2959771806440476e-14,20816,0.5501137233541284,9929,0.4783387705944855,12277,0.61860805516053,670,0.3643283746731861,3084,0.5307633913547158,2741,0.5175413748844432,10936,0.4614725971890603,14101,0.32469401058813263,8327,0.5070989308082935,3602,0.41682683101056284,10937
5985950.0,1753750.0,1,0.9999999999950417,148,0.8979770014333716,234,0.7427597116584228,87,0.6186077208220091,671,0.4583735371523355,890,0.5863462623730916,324,0.9678460628098419,380,0.9410638755639175,161,0.7140840730997744,188,0.7523749131796106,261,0.8235679871595205,257
5909450.0,1740550.0,0,1.201751081308197e-14,20836,0.6209333898844643,6330,0.5120874069578919,9090,0.6185495161884744,672,0.18690540124198773,14416,0.4979146944168877,7974,0.6238252319932988,6142,0.5302976965669614,10034,0.29353287314689513,10450,0.2991791351980404,10144,0.25022975882920806,15945
5994050.0,1749450.0,0,1.5364708833887552e-09,16879,0.36046921229047757,19195,0.39014622506667335,19137,0.6185223696772889,673,0.27578781775089967,7792,0.5286342288260011,2964,0.30988204179384327,20178,0.35498332925533804,19511,0.4244516827291147,3568,0.3258178394360146,9221,0.5024950693121549,8271
6006950.0,1734750.0,1,0.9998059645783967,1240,0.7910473269801521,1315,0.6678111780548626,1249,0.6184909243449475,674,0.307434006605326,5739,0.5557087708540163,977,0.8218173800169405,1319,0.8339673780359895,1285,0.5036158610819239,1498,0.4331671589437407,5897,0.706496335149496,1614
5947450.0,1763450.0,0,0.0006924643816896048,7705,0.3566762549979187,19405,0.4473272599466633,15027,0.6184731335433331,675,0.5315419515547847,198,0.6008573366204196,200,0.3178036345566866,19857,0.38330182558226134,18355,0.43042384187756,3372,0.7044068138982708,523,0.5559683952010533,6349
5985050.0,1753450.0,1,0.9999999997763787,367,0.8985580302532906,191,0.7422731527821793,93,0.618469287277261,676,0.5346901965046792,184,0.6163070699160371,81,0.9708437789280733,238,0.9453036365010382,133,0.7043959663376071,199,0.7987134661088986,123,0.866651748363019,110
5994050.0,1749750.0,0,0.04305196503065108,3480,0.4871840743931318,12942,0.5351433297186966,7067,0.6184287910681021,677,0.25877905082122743,8998,0.5453627391515626,1523,0.48484128397525006,12394,0.5417582459157985,9424,0.38499207505633104,5179,0.29638932688663666,10248,0.6084688813094805,4230
6038650.0,1716350.0,0,0.0004460800265706297,8161,0.5658919711668167,9124,0.5756238455585182,4129,0.6183941546296914,678,0.3387692497789555,4146,0.52881489506933,2947,0.5962497850111186,7373,0.6286667670798103,5309,0.4458667351028818,2892,0.39474239367447495,7068,0.379132763194278,11963
5989850.0,1755850.0,1,0.9999999999996172,44,0.8908217490099952,693,0.7301166190977568,302,0.6183879313844081,679,0.3443877525067009,3894,0.5468463382705607,1415,0.9655033460886349,484,0.9122063986130566,809,0.679026066297996,244,0.46051042980246915,4976,0.6936786666891842,1856
6030450.0,1713150.0,0,0.0008854649515590277,7454,0.6195747154143976,6405,0.58441669752085,3616,0.6183594246106402,680,0.3121535226600045,5474,0.507974566679718,6123,0.6139690079316186,6572,0.6328821741639201,5133,0.34270435881626127,7247,0.258763386222279,11846,0.2557358558745818,15720
5979850.0,1746350.0,0,5.2919902434034706e-08,15133,0.7081334828336168,2301,0.5733225028203247,4295,0.6183306566687431,681,0.12629032127594306,17568,0.5123915548752563,5298,0.6999964794146815,2855,0.6483159431813905,4535,0.20161972043076215,17382,0.07890951820564585,19504,0.1834678768089496,19021
6036450.0,1695650.0,0,0.10833211246863755,2716,0.3406753462527896,20158,0.4310192954592063,16403,0.6183292657661437,682,0.3641892840384035,3091,0.5710734816718452,542,0.31852229120470277,19831,0.3937153014480208,17871,0.552947371175593,835,0.5076585839362031,3583,0.7345733654760962,1129
5987050.0,1753250.0,0,7.035660548682314e-05,10121,0.44490736787403035,15005,0.5374604005219137,6891,0.6183235839247362,683,0.45714781215185774,911,0.5681312242826273,612,0.46777565681087074,13183,0.5487075789083962,9054,0.462124330985744,2423,0.5928296412241747,1730,0.39376075310934566,11576
5998550.0,1748350.0,0,0.015188991829218795,4502,0.45191389358243883,14670,0.510191207693124,9278,0.6182848250553252,684,0.24685557315112802,9857,0.5544146693204641,1024,0.4417417671467485,14402,0.49628415079761756,12060,0.4918234213937952,1720,0.35801914984003824,8196,0.6522732626679679,2832
6038050.0,1727850.0,0,3.2329231731416505e-09,16544,0.6722147072278408,3716,0.5626497749770601,4994,0.618272746852567,685,0.3301064201327762,4544,0.5484656764548138,1306,0.6558454611342777,4676,0.5514148351790714,8895,0.2466195375050413,13904,0.49895219610772223,3823,0.30437773625579023,13884
5985350.0,1750450.0,0,2.720577430818605e-13,20125,0.5225681902737305,11247,0.4874353262465477,11407,0.6182577842774091,686,0.5122330325030702,331,0.5625256737407516,748,0.4870219213079109,12296,0.5147876126273272,10936,0.30250670280909975,9791,0.7149215582350203,461,0.48573218193932055,8798
5904850.0,1772650.0,0,0.006762039849869508,5303,0.5371420534804564,10527,0.5493559974810841,5941,0.6182575050971042,687,0.3989601767065191,1996,0.581209747029669,386,0.5220526884107297,10739,0.57928440014116,7535,0.5245626438466968,1148,0.6121223046684834,1452,0.7767516623451897,594
5913350.0,1709450.0,0,0.0012465931641561484,7074,0.48073328466222565,13242,0.47993584759564195,12134,0.6182170076047361,688,0.2979909473424985,6299,0.5447705317481094,1559,0.48341865508590187,12471,0.528714396149593,10122,0.5259479416274736,1123,0.37418240122832125,7707,0.6655331476478971,2483
5866950.0,1784050.0,0,7.923114859695714e-10,17161,0.5368944533785521,10543,0.48228314028276886,11890,0.6181710692473814,689,0.28366424033231163,7213,0.5342959630286721,2379,0.5356008736616997,10164,0.5616902718227881,8377,0.46892668800399107,2237,0.3318170870838153,9057,0.5739835696604358,5662
5985450.0,1750550.0,1,0.9999983085884128,1123,0.8964747958804128,364,0.7324292201507687,262,0.6181061155880552,690,0.45328545588478675,966,0.5616316590700507,772,0.965147338567117,499,0.9209438449809053,537,0.37332701465110196,5677,0.6330158537210397,1187,0.4803516043303858,8970
6036050.0,1719550.0,0,0.00026330957077245467,8698,0.5496489356032694,9950,0.5349480920922344,7078,0.6180767160528019,691,0.2673591760339509,8397,0.531951041901591,2603,0.5272849987827423,10525,0.5524621284449609,8835,0.34684461090761276,7017,0.2642028723884836,11570,0.43076973999275237,10531
5988050.0,1753450.0,1,0.9999999990798922,485,0.8920483940536339,615,0.7332032488244391,250,0.6179825283611312,692,0.4922875787871072,516,0.5500542554481034,1225,0.9584391028143047,855,0.9063652837554486,942,0.4424485617549615,2987,0.5711269985676605,2123,0.36932670084067964,12201
6035850.0,1692950.0,0,0.08964143516638651,2850,0.36243560838035277,19096,0.45533596830066203,14312,0.6179704821463805,693,0.34805245311547345,3734,0.5550224456530385,997,0.36618561109335523,17837,0.44005371927278514,15373,0.4598238749450809,2480,0.36080472749813197,8119,0.6611674509213661,2591
5945350.0,1795850.0,1,0.9999989321674695,1087,0.8898010175317619,765,0.7244953366502026,432,0.617774770097453,694,0.2850886919122414,7125,0.5361358092553151,2185,0.9603929507473778,744,0.9139469321882119,747,0.6061392082016459,495,0.4344455316963932,5850,0.5335715394768494,7232
5987250.0,1753450.0,1,0.9999999991096544,484,0.8911613602280819,668,0.7300647735886692,304,0.6176935479913577,695,0.3559021081707554,3404,0.5444165084739877,1576,0.958036382716411,872,0.904669519648625,986,0.7230097517291132,174,0.4777822830615883,4453,0.5407310770160809,6965
6061150.0,1761950.0,0,0.001061586426019525,7237,0.58349436926937,8200,0.5721854258465184,4372,0.6176855791714458,696,0.35004337960621146,3647,0.5567574264603259,941,0.5884504405989694,7702,0.6397780631795495,4882,0.38211151418227907,5298,0.33284733168633207,9018,0.6288410296118422,3532
5884550.0,1761650.0,0,0.0016702197461444758,6772,0.4579165617048407,14386,0.5183177993217641,8569,0.6176409670055042,697,0.39345015047084153,2127,0.5888599240531006,296,0.453598194870126,13827,0.5265496231143791,10249,0.503866304694516,1491,0.6134799962679727,1435,0.7779044869788483,573
5933350.0,1692550.0,0,1.0730892860534087e-08,15987,0.2997256293233087,21416,0.35078675938897197,20807,0.61762845937259,698,0.32465354088430987,4798,0.5425471600141231,1701,0.25180322170310065,21491,0.3041205963812106,20929,0.3932590256085351,4786,0.45780816958975024,5074,0.5255876065931556,7532
5983250.0,1750850.0,1,0.9999999165491383,828,0.8965712423419593,356,0.721223216827107,503,0.6176228839680373,699,0.47011256047045163,732,0.5691419068909851,586,0.9648898482740055,513,0.9165110415661893,671,0.3812504765565208,5353,0.6187522983022586,1367,0.5628624924628232,6091
5986750.0,1750350.0,1,0.9999999980673624,533,0.8969790868702306,320,0.7371009344939086,180,0.6176213412294417,700,0.529357309089686,207,0.6138991948055086,99,0.964930294857752,510,0.9313627301479508,296,0.6771649591748363,253,0.7834099330735875,166,0.8373927870691134,185
5988350.0,1753550.0,1,0.9999999998743216,325,0.8912438283605225,665,0.7361789925523085,198,0.6176086013339953,701,0.5825114943088503,42,0.5747375985521865,482,0.9582313522490365,864,0.9125438271819495,788,0.421362169100276,3692,0.6048585120074562,1551,0.3678360108010793,12227
5947250.0,1760850.0,0,7.189220136418986e-11,18229,0.6773838808939747,3458,0.5664833336191798,4742,0.6176035305182432,702,0.378025783250667,2590,0.5655627011475335,674,0.6715246243638084,3955,0.6063521224751612,6263,0.5309190713997353,1060,0.5812630538211532,1935,0.6092617189207863,4200
5984750.0,1751750.0,0,0.06966650189710949,3071,0.4453308508142594,14985,0.5000164677827654,10216,0.6176004827429035,703,0.2725473473990263,8001,0.5443170323432011,1586,0.45006112623150374,13984,0.5028121739110745,11661,0.33641490573754274,7615,0.272828855834201,11196,0.5390460312507037,7031
5987450.0,1755550.0,0,0.00020691921566016864,8966,0.5249401620841586,11124,0.49890320371723657,10303,0.6175613737954493,704,0.48485231321463446,578,0.6059012644473281,168,0.5061646617192895,11451,0.5304804244688909,10022,0.3431241274222334,7224,0.7387604242218637,321,0.8350529954521088,194
6042350.0,1720850.0,0,0.0011656069733396739,7141,0.3919947353530643,17625,0.4362571677704597,15974,0.6175340975277785,705,0.24771875154395961,9793,0.5284600097892801,2982,0.39119662065605276,16680,0.4185982456144959,16624,0.24948930033758088,13699,0.3268662331757112,9196,0.3006678835375767,13994
5998350.0,1749550.0,0,0.03113448915946844,3770,0.3986616843001647,17309,0.4812554517060022,11991,0.6175207721313546,706,0.23443892175213704,10728,0.5363440943530848,2163,0.4040299039410977,16091,0.4686085870476898,13674,0.4562207145665911,2594,0.3138139436834666,9654,0.6155096338449563,3990
5996850.0,1748150.0,0,0.00046969853117768306,8109,0.36220036997762317,19109,0.4147090744456725,17659,0.6175074083886783,707,0.21498408056041599,12130,0.5304498812461178,2781,0.35730371157446106,18237,0.4103397271264628,17048,0.333685211400243,7769,0.23007998821292786,13184,0.568653395123073,5853
5984550.0,1751850.0,1,0.9999999843653047,672,0.8982089558928174,217,0.7223495781488194,480,0.6174628974873885,708,0.28613971322866744,7069,0.5522881490492925,1115,0.9662712335740475,448,0.9146443775372298,733,0.3899835755118022,4935,0.34578471366229757,8587,0.582059918098956,5317
5965650.0,1735150.0,0,0.0001036231832668709,9698,0.5428561203835798,10257,0.5125124374360711,9055,0.6174545871051078,709,0.3528704149896829,3526,0.5513905608184891,1149,0.5484233843722878,9588,0.5842249125414676,7273,0.6357545770366972,376,0.4693721933613495,4729,0.6664470502639478,2459
6032550.0,1710350.0,0,5.1395250051405984e-08,15148,0.4687405467325087,13825,0.4793774449646578,12190,0.6173875501047078,710,0.5027790589866182,415,0.5845498969341388,344,0.4358422184799218,14652,0.4789506530904214,13064,0.4632476223475521,2397,0.7346275276440676,338,0.4641862791645244,9460
5989150.0,1754250.0,1,0.9999999999729308,251,0.8972157078954661,303,0.7305694610603819,298,0.617382041813742,711,0.39897899067866077,1993,0.5766259554399114,451,0.9730588835798227,173,0.9154720835892654,705,0.7333930800770463,163,0.5377225572150248,2817,0.7714418770830205,652
6006950.0,1734850.0,1,0.9998960164268238,1228,0.7910268270317775,1316,0.6687254760953292,1238,0.617338139029027,712,0.30592558758541755,5834,0.5559193136213404,972,0.8217025296753164,1320,0.8340507813222918,1283,0.5289744883942212,1089,0.44458936091257195,5534,0.71251765993953,1509
6031750.0,1729750.0,0,0.00040730124746733395,8230,0.30926542808961216,21197,0.3400418565838309,21096,0.6173378323674501,713,0.30459094880589865,5918,0.5306042801643798,2758,0.2571117449523701,21424,0.26372003859936965,21496,0.22845163916963984,15303,0.2813298631474931,10848,0.39981432915956727,11419
5972050.0,1774750.0,0,0.000265520142866789,8687,0.3839519126502279,18054,0.47153271138105773,12887,0.6173168060690742,714,0.5266313917629951,229,0.5994495124969301,215,0.38538617198535974,16956,0.4676737958602487,13725,0.6646654515284172,283,0.8435624505979262,52,0.8180202372775509,279
6062250.0,1761850.0,0,0.0688672742988122,3086,0.589692507854925,7877,0.6099044494808229,2494,0.6173040961560388,715,0.31050256789472036,5566,0.5529076800774637,1090,0.6327716220289443,5700,0.6959463183361729,2925,0.40638275943392754,4267,0.3154093043875795,9590,0.6427199146063474,3106
5865250.0,1780450.0,0,9.505723853973026e-09,16048,0.5544921915362574,9723,0.5037302434028667,9864,0.6172823340578285,716,0.1627783327659363,15837,0.5156711344727902,4765,0.5613653646497805,9004,0.5484321112681941,9072,0.24728866115741743,13853,0.11290800086537567,17823,0.23729121257227448,16529
6034450.0,1725050.0,0,0.0036786704789468364,5920,0.3823485586739308,18129,0.4621089599048789,13720,0.6172615190348045,717,0.2565408856349524,9164,0.5427633785640834,1683,0.3922848567702564,16638,0.4513163734623974,14707,0.4266113213843563,3498,0.3021363806364059,10040,0.4830587487389083,8881
5891650.0,1759950.0,0,2.6316489149791936e-07,14263,0.5829396147328,8225,0.5157700498015999,8778,0.6172043278761977,718,0.4311257819267792,1322,0.5822645984436662,369,0.5810910427823834,8068,0.6048625508666081,6332,0.4465582360894984,2867,0.5966635830686395,1678,0.7508572299815537,899
5988750.0,1753150.0,1,0.9999999999021367,316,0.8912692885480935,664,0.7375962642514214,174,0.6171835331141282,719,0.4961473842880861,475,0.5670311277270855,638,0.9581261807084901,868,0.9101041273043883,861,0.5476865157369804,883,0.6231196264547283,1308,0.4386309257814983,10291
5986050.0,1751550.0,0,1.688845949234782e-05,11462,0.5413965984910638,10320,0.5792641415462564,3917,0.6171487396391645,720,0.48666877230668826,562,0.6111156717525963,119,0.5503936545370469,9511,0.619086202544314,5707,0.5190671009436005,1226,0.7269691493902254,382,0.8134996906048124,311
6003950.0,1735450.0,0,9.39989181709324e-06,11916,0.3213022084371402,20858,0.3737633472700988,19922,0.6171257486277285,721,0.20943037970239056,12537,0.5116900045257677,5428,0.28204001018739633,20991,0.32766001842630654,20383,0.2906295180967635,10643,0.19466872499344356,14937,0.5119603477814202,7964
5988150.0,1750750.0,0,5.775988485287276e-09,16292,0.674497394640465,3594,0.5820560718471385,3737,0.6171107339156726,722,0.380260602527676,2514,0.5215182575980442,3897,0.6755083731401018,3786,0.638926207982021,4909,0.296496158870462,10221,0.46166237246618236,4947,0.248500210546732,16012
5986550.0,1750450.0,1,0.9999999985692358,514,0.8978029036896974,251,0.7311979787045678,286,0.6170945784047596,723,0.4163929921177741,1611,0.5724203051867143,520,0.9641613031312428,550,0.9203259200607496,556,0.733772510476052,162,0.6564143148158499,935,0.7918942723634184,447
6002650.0,1761850.0,0,0.004310156820671608,5768,0.5313529219260563,10771,0.5589690454018935,5233,0.6170521877234021,724,0.2723388062811076,8017,0.5439740096645362,1612,0.5550353329037259,9289,0.6182454192811788,5737,0.43352294263733093,3265,0.32320811112184344,9316,0.6532604989606817,2799
6032250.0,1729550.0,0,0.0003253216736519901,8436,0.45666257326258347,14447,0.5046927862337158,9773,0.6169929081581662,725,0.36797120088668117,2955,0.5625230369112768,749,0.4486018694533578,14071,0.4982645883444319,11934,0.47152387891685066,2184,0.5593309890139242,2338,0.4727228784067745,9181
5999050.0,1747950.0,0,0.0036307936846715094,5935,0.7010389093772116,2515,0.5916932975689337,3224,0.6169877395402896,726,0.2619366903078833,8780,0.5238542114398637,3562,0.6998191366447495,2858,0.6754227359002513,3539,0.4333954945945101,3270,0.2965960527371214,10234,0.5859814097446843,5150
6043950.0,1727750.0,0,0.06532599198210019,3144,0.6135496497617049,6688,0.5981176599573822,2929,0.6169494235293435,727,0.2457300435762326,9943,0.5420193513053219,1737,0.6174345120887667,6417,0.6299140697031725,5253,0.2777772831833508,11547,0.22467480632963766,13459,0.34675812357646796,12729
5978550.0,1743150.0,0,0.0002619119993881909,8710,0.7087077607645584,2284,0.6308892015882321,1881,0.6169450836458171,728,0.16408081760371507,15762,0.5135602849361002,5120,0.7398503574150256,1935,0.7469066145486143,1945,0.27664147907506875,11625,0.10363260168464872,18108,0.22967835243262025,16864
6006950.0,1736550.0,0,6.654509399535676e-13,19849,0.2884009009196035,21600,0.35569016796146397,20649,0.6168922143080757,729,0.4008879875454017,1945,0.5465577918428712,1439,0.2728787718018787,21178,0.33246920177031347,20247,0.4377438747154201,3125,0.6004612768382572,1615,0.5002049276996083,8345
5940650.0,1792550.0,1,0.04424703154210046,3457,0.8139955129818641,1299,0.7031278022831086,882,0.6168814317638923,730,0.28129390737499543,7382,0.5310888579070338,2693,0.8627761844682862,1273,0.8459679299078707,1260,0.5181405765276794,1242,0.3698074133808259,7838,0.6737906277906975,2289
5985050.0,1753550.0,0,2.7101096756097876e-06,12810,0.6467327412831947,5023,0.5905545042239005,3271,0.6168636929732959,731,0.49444420656371446,495,0.6030290648604283,188,0.6662668980674323,4192,0.6963494744225016,2910,0.5986177397099118,528,0.7509171922882348,269,0.8147430417928497,297
5988250.0,1752050.0,1,0.9999999999378513,295,0.8977559380294233,258,0.7438345979696419,74,0.6167377404002111,732,0.634575051559164,6,0.6209587225233203,60,0.975129719075849,119,0.9329085544614482,262,0.784216243575551,92,0.9230936538176123,6,0.8345042811270345,199
6007750.0,1721550.0,0,1.1212231723127165e-06,13383,0.6228897933071099,6237,0.5501574526662785,5875,0.6167330535501783,733,0.14438694812142638,16724,0.5218914251869924,3848,0.6191487427979663,6340,0.5961219031004703,6689,0.2363590900438468,14657,0.1071934701249424,18003,0.2356699795093049,16604
5978250.0,1742450.0,1,0.0010968855304686735,7199,0.23843042420508626,21726,0.3705479600888972,20076,0.6167272423662992,734,0.15874130157257277,16035,0.5077978796729522,6154,0.20262797404976518,21724,0.2586946849218369,21526,0.24953867531429297,13695,0.10043957999938136,18207,0.20502574326046208,18041
6001750.0,1735150.0,0,0.02252281211270336,4086,0.3397386463536259,20196,0.4420665851893561,15498,0.6167261688236303,735,0.32923118419541864,4583,0.5393217257450638,1932,0.30839822249623494,20227,0.3751903501393592,18703,0.3645343636458247,6098,0.4893928470132849,4095,0.5490486868980724,6638
5986550.0,1753350.0,1,0.9999999960366102,577,0.8996164778341341,130,0.736419683782501,192,0.6167020725687516,736,0.34909434300885567,3687,0.5656022952629509,673,0.9702106295457683,266,0.9325125671384084,276,0.5750653114872726,670,0.4263453414553391,6103,0.7040116647559007,1662
5988250.0,1755650.0,1,0.9999999999999716,7,0.8968931662253737,325,0.7414291896670996,104,0.6166963378148529,737,0.4885224623859181,549,0.588268226507681,304,0.9760192059822843,107,0.9362469905182409,208,0.8143195128986057,59,0.7916526451319549,139,0.8525228975183617,134
5987350.0,1752050.0,0,9.995837700892117e-05,9736,0.4971404661776792,12429,0.5397954445525063,6690,0.616679853876885,738,0.5472654913609891,138,0.6061965558753424,161,0.49083746654263816,12128,0.5559832104319767,8656,0.640168982286923,358,0.8523037374760067,45,0.7879543844615081,483
5909850.0,1758950.0,0,0.1592948535185185,2472,0.6869118866745824,3058,0.6154339754390928,2285,0.6166739617399403,739,0.5086109712522509,364,0.5922674268087491,257,0.6954294874125387,3035,0.7302246126215479,2187,0.5857595819382337,595,0.7391385678160932,319,0.84149268343167,168
6004850.0,1712750.0,0,2.734025833202653e-13,20122,0.280885347721689,21688,0.3017592196611368,21613,0.6166453396964489,740,0.1246414080024824,17652,0.4992468299159471,7714,0.21270610131755419,21714,0.20059364023079862,21727,0.1619976867162607,19869,0.06342104092292167,20511,0.14890257917548677,20422
5945450.0,1795850.0,1,0.999998409547284,1119,0.8896369579404212,779,0.7228518644124935,467,0.6166371278922756,741,0.26871934241798895,8301,0.5302533465376609,2798,0.9601050046675933,762,0.9122478674130111,806,0.5892253886210098,576,0.39806837708417053,6958,0.5071030929771704,8119
5929850.0,1712550.0,0,0.26308125788535375,2184,0.5900125309646788,7861,0.5655620489462956,4805,0.6166270890009351,742,0.25847499088806897,9017,0.5467935320048891,1417,0.5895346167403566,7659,0.6209629360466596,5632,0.3978523700990271,4616,0.30623396402897796,9911,0.6282006352435882,3546
6069950.0,1768350.0,0,0.02744802640753899,3895,0.5055364424625927,12046,0.5576395084910246,5337,0.6165327101754893,743,0.37983354988208173,2524,0.5825681980480937,366,0.5384992221971676,10031,0.614322431927747,5894,0.6334030530596872,385,0.5453844142565878,2645,0.7786762876202077,568
5973050.0,1772150.0,0,1.054250565510006e-13,20367,0.6555125624085876,4562,0.550298404813166,5861,0.6165023564900465,744,0.3355083780797365,4300,0.510500570932485,5630,0.6554474344807537,4695,0.5417917277214921,9423,0.33310265605640077,7804,0.4678161653493069,4768,0.26830548932842446,15212
5985250.0,1753550.0,0,1.8858006085786664e-14,20742,0.4492281991851544,14798,0.4497653235148791,14805,0.6163865582235212,745,0.5076300806543815,372,0.5784659322819585,415,0.42557364085880134,15113,0.48821446283002135,12548,0.5197414168234021,1216,0.7494616346940339,272,0.5662018804980412,5958
6068250.0,1769550.0,0,0.006635366847733121,5325,0.46485973957944204,14010,0.5180205075158393,8591,0.6163842701159488,746,0.31008946514767255,5585,0.5522739001366006,1117,0.4535079360613945,13833,0.5086535585284631,11304,0.3392067558180668,7443,0.3015466205838342,10060,0.5990781077792299,4609
5985150.0,1750450.0,0,1.98178983473834e-12,19489,0.3782191738522573,18346,0.41301151972081657,17781,0.6163537088542128,747,0.5242359412676753,244,0.5725271316989686,515,0.3729969427651365,17536,0.39646284679536725,17751,0.2774175947446156,11570,0.6089086780854187,1496,0.36442310879228,12322
5907850.0,1754850.0,0,0.0016160054683467834,6808,0.42043825681173397,16225,0.4686400481525686,13121,0.6163400293687135,748,0.4079908123391016,1797,0.5357349722741577,2232,0.40345044626083215,16116,0.45518977789757087,14483,0.3102489965622134,9256,0.5101596451269019,3507,0.3035491735865692,13910
5983050.0,1752650.0,0,0.006347261117967714,5381,0.5382553273852417,10472,0.5661978134354909,4767,0.6163228957430681,749,0.46415434380676573,801,0.5903008570083565,280,0.5658006309700023,8784,0.6189848523698807,5709,0.3698603718158546,5847,0.664930732670805,861,0.5838702603804792,5230
5906550.0,1742650.0,0,4.1056115641992685e-12,19254,0.5914629981503237,7785,0.5260617001913762,7889,0.6162934290924957,750,0.4434915013578031,1106,0.5627540545964386,744,0.5660046885109641,8777,0.5775627661416767,7606,0.502734896463096,1506,0.6665318967317686,842,0.6049616461050963,4370
5983450.0,1750750.0,1,0.9999999485555575,782,0.8945883936494031,504,0.7263600762612833,391,0.6162458037319597,751,0.4292199482644365,1361,0.5896417408237801,289,0.9652929429059564,495,0.9243794799847965,452,0.40231213680074296,4426,0.6404316427366676,1083,0.597222895720129,4676
5914750.0,1709350.0,0,7.945936538779031e-12,19004,0.3885208052944019,17808,0.39203288360937094,19028,0.6162291812572652,752,0.3099101072984978,5597,0.5291427687294877,2907,0.35854021250577406,18180,0.39823746468746934,17659,0.4115510778886162,4069,0.3281067808874276,9165,0.4877476228120803,8726
5943850.0,1796950.0,0,3.769957900528055e-05,10733,0.42073029263846295,16212,0.5026461168402417,9979,0.6162235772555018,753,0.3740989342532058,2736,0.5825943147804532,365,0.4410905912972797,14432,0.5250351894627306,10347,0.6708458964392419,268,0.6267908280563482,1269,0.826033047164997,242
5997250.0,1748450.0,0,0.00752949937286669,5189,0.45703873042649645,14429,0.516651806326682,8709,0.6162138322321215,754,0.3067960515133505,5778,0.5645146447104916,697,0.4619162207808536,13459,0.5242383950153842,10387,0.5001816987353208,1555,0.546890959993655,2601,0.7503591649637542,906
5944850.0,1764750.0,0,6.273084910572043e-06,12212,0.6980112134000475,2638,0.6140223332842379,2322,0.6161979917616166,755,0.37307459317088587,2776,0.5595394092713739,846,0.7166531939701294,2358,0.7278704308466273,2218,0.5049654289561409,1467,0.6147745167327537,1418,0.4999025468320192,8355
5979050.0,1744950.0,0,6.737161270847928e-12,19068,0.46424737105890435,14035,0.4483970246479694,14924,0.6161915952975296,756,0.10930008456180981,18867,0.4903608217468811,9428,0.4443274522745191,14275,0.4495083090904841,14806,0.20906797466870075,16771,0.05296437431689882,21140,0.15219204293516575,20317
5907150.0,1770450.0,0,3.1445170345724586e-06,12698,0.31300364497254585,21104,0.39839602206020347,18704,0.6161811448599368,757,0.4233475972973715,1463,0.5677632326998848,620,0.30238036405864344,20442,0.38457849327170734,18304,0.7105579148932847,192,0.6544837078435235,953,0.6913572137001197,1902
5984850.0,1752750.0,1,0.9999999450452784,793,0.8983260297656256,211,0.7352006893162076,211,0.6161730278981273,758,0.4277268527592377,1387,0.5841439463771774,350,0.9670039556589342,411,0.9235623777841656,473,0.3971329441004354,4653,0.7219347341739148,415,0.5912689556316154,4925
6060850.0,1762550.0,0,0.008431703087708768,5083,0.5229529709771689,11234,0.5643765724508947,4876,0.6161202842296032,759,0.3280488589166059,4638,0.5458775757485594,1485,0.5475554906016887,9640,0.6143800906427037,5893,0.3765595757110668,5536,0.30284304856800937,10016,0.6117770731144904,4108
5997950.0,1749450.0,0,9.44927893307468e-09,16051,0.6269206919029415,6000,0.5447341359165054,6295,0.6160601151520209,760,0.37014953741738454,2883,0.5150935272835638,4857,0.613752332348031,6582,0.5830215347286654,7337,0.30178114860141614,9843,0.457681348748455,5079,0.2466577537948993,16100
5936850.0,1697750.0,0,0.6851234374841705,1703,0.651782568724575,4768,0.5938799051082725,3132,0.6160291220873795,761,0.29433765666399,6510,0.5487645839617596,1288,0.6743755437554031,3840,0.7056994124619436,2671,0.501341219105664,1530,0.418818684555345,6335,0.709420241200527,1557
5984750.0,1753750.0,1,0.9999999997967304,358,0.8972818358873217,298,0.738744360935046,144,0.6160190514336817,762,0.4819706141374257,612,0.5862138801279398,325,0.9646796963328309,526,0.9290049361215231,339,0.6698079858408119,270,0.7328525025021406,349,0.7392217808143198,1053
5978150.0,1742450.0,1,0.02683192338558098,3913,0.24029407021539267,21725,0.3931809463390413,18967,0.6160182415255874,763,0.22315810200804048,11534,0.5089105971338991,5937,0.20923169123386387,21719,0.2856389250027529,21244,0.30107688001974364,9904,0.20991426670680657,14197,0.4807079803106019,8951
5918650.0,1708950.0,0,0.23294848158741419,2261,0.5811257525692732,8331,0.5874160803363053,3451,0.6159868903967392,764,0.27723632186922814,7694,0.5457326629113393,1500,0.5987602343050902,7240,0.6502186073318447,4464,0.49647040450937263,1632,0.35187502008473204,8383,0.6706559181357528,2367
5987650.0,1752150.0,1,0.9999999994495912,437,0.8914934397578067,650,0.7283089467868967,336,0.6159237203603085,765,0.5195145712536227,278,0.5913817467881849,264,0.9597570930627626,780,0.9129511755617158,770,0.6629255973669381,291,0.7928085479548209,136,0.8130493678049466,314
6060550.0,1761050.0,0,0.01073202698064919,4853,0.3869853244713924,17890,0.49298756199732713,10870,0.6158787949865615,766,0.3494612897107365,3669,0.5592288573273941,855,0.3682062849079111,17739,0.452215189543306,14660,0.35405161404207464,6631,0.3121054731954278,9715,0.6087833428289173,4217
6060450.0,1763750.0,0,3.02195592086282e-11,18553,0.32201052203716174,20838,0.39786372876306075,18732,0.6158779547794466,767,0.34002260252282196,4084,0.5033558346940344,6944,0.3115604898212383,20107,0.3775785167360943,18602,0.34572396933819993,7078,0.2641226456141603,11575,0.2784727496502878,14816
5989250.0,1751750.0,1,0.9999999999940696,162,0.8961621969710123,387,0.7355973743192457,207,0.615855502855491,768,0.5271578779364681,221,0.6099696442526003,129,0.9728073929656056,181,0.9228950536917149,491,0.8113879820145973,62,0.8103300546058557,98,0.8305726127895855,218
5985050.0,1751950.0,1,0.99999997842745,699,0.8980911813807159,224,0.7289025177447108,326,0.6158526679422575,769,0.38734581407023494,2290,0.5812580444580929,384,0.9671541820873555,403,0.9221156117352548,514,0.40619305780070825,4273,0.636504642303523,1144,0.6049377265060192,4371
5984550.0,1751750.0,1,0.9999999806931247,690,0.897852475223515,244,0.7226058174505794,472,0.6157949674536177,770,0.2808391597382944,7416,0.5511774192059922,1156,0.9658998625263568,470,0.9139083007138254,751,0.3855851815748008,5153,0.37448481010138,7695,0.5759813168849657,5578
6035450.0,1717050.0,0,1.7089578760126733e-05,11455,0.33736304747453777,20311,0.4324929337211595,16292,0.6157948708132656,771,0.3685905391377977,2932,0.565459174057818,679,0.34058428805813346,18949,0.40809591774625575,17150,0.4834812831604359,1900,0.41119572546886984,6569,0.49217680011454257,8594
5980450.0,1751950.0,0,0.004670144406476906,5699,0.37191365915236224,18644,0.47179014615321874,12861,0.6157625469118514,772,0.3694624077083043,2906,0.5578559508335346,896,0.37939882791546675,17249,0.4496848229669008,14794,0.3540886309010154,6628,0.4847708041931241,4246,0.5627505573981605,6095
5900450.0,1771050.0,0,0.044397102468028776,3454,0.6508198920199137,4824,0.5968161646114343,2986,0.6157441344288919,773,0.3558905035178089,3405,0.5519122955810946,1133,0.6467572052546754,5069,0.6797837441468355,3391,0.5680078341668949,720,0.5394134328410671,2781,0.7462208412983042,962
5986650.0,1753250.0,1,0.9999999987675126,504,0.899523195810096,131,0.7367243366705902,188,0.6156902874168596,774,0.35141826845216056,3587,0.5703594584241914,555,0.9704543514156895,252,0.9340284611919718,242,0.5971418783640605,538,0.4456994826374864,5480,0.7206967144255377,1368
5994550.0,1749750.0,1,0.9999999998172187,352,0.9178173098729315,12,0.7348280373401249,215,0.6156792513355965,775,0.2716731188472244,8075,0.5509834854042774,1164,0.9932206793474907,27,0.9590745255353273,50,0.5105139882828901,1366,0.3544320088721784,8302,0.6820918163198473,2101
6038650.0,1694750.0,0,0.05073282700975826,3333,0.48150543943779983,13207,0.5291165541424148,7604,0.6156366448755083,776,0.28118842548607076,7389,0.5550216501079053,998,0.4915324626214247,12090,0.5533539165490999,8799,0.42433303917147536,3573,0.31982418982257055,9427,0.6499522675165269,2892
5968150.0,1736550.0,0,0.0009724768735175694,7344,0.6258080636152349,6075,0.555741684498388,5470,0.6156350830690825,777,0.36884834584822196,2923,0.5521095902447755,1121,0.626988583334098,5967,0.638122817528549,4933,0.3198683834523296,8643,0.534378974845742,2908,0.5162749178927498,7836
5987250.0,1751650.0,1,0.9999998610318177,876,0.8978943105695808,240,0.7228584780320574,466,0.6155944840297765,778,0.5911088938370224,35,0.6071787461610842,152,0.9688265594977872,340,0.9318484715485862,286,0.5867086654942991,588,0.8403512359679697,55,0.8124106516662648,317
5985750.0,1751950.0,1,0.9999999992463562,470,0.899388756257495,135,0.7259949176868671,402,0.6155912411392545,779,0.435594511170982,1240,0.5779692971825768,425,0.9700601434405164,271,0.9297605964803725,324,0.6779687789402478,249,0.6331236479145385,1182,0.8207136317651471,269
5867750.0,1780250.0,0,6.7763474133339e-07,13698,0.6722609528393083,3714,0.5534749096569594,5629,0.6155871905826923,780,0.14527980450220543,16672,0.49574518746878515,8402,0.6648047206774912,4265,0.5974146610123958,6636,0.2699205648166956,12153,0.0885903428308139,18856,0.2193535220821915,17331
5992450.0,1749950.0,0,4.529360505842743e-10,17410,0.49024134932509955,12787,0.4813000422964221,11985,0.6155849023726345,781,0.37586839693742163,2674,0.5329306135602591,2503,0.4859038216897228,12344,0.526274320880449,10273,0.3616442348774469,6246,0.5428805068050415,2707,0.37167307911990677,12138
5862550.0,1781150.0,0,3.173851868473416e-09,16552,0.3687267145251084,18783,0.3919777875279782,19033,0.6155834281758324,782,0.16570180170442023,15683,0.5139703055198793,5058,0.3337934428510009,19238,0.333837504179469,20219,0.20584589478664217,17043,0.1021100938091899,18157,0.20162650066182097,18216
5985050.0,1752950.0,1,0.9999998894238142,854,0.8980581117252657,227,0.7284915516299649,332,0.6155600602367712,783,0.34862872366446956,3707,0.5662271522520831,656,0.9627140938186858,626,0.9115562526708401,824,0.39716868985664466,4649,0.47623343457293155,4502,0.5938205264353581,4802
6062050.0,1762250.0,0,1.0322612482186741e-06,13440,0.5553241863999048,9680,0.5209858252726584,8319,0.6155164725295271,784,0.32131719181780755,4964,0.5465169000415763,1442,0.5475431651628674,9641,0.578073315031971,7585,0.34757291505585675,6982,0.3082487951446189,9836,0.5988271843150963,4625
5984450.0,1751650.0,0,0.007260891807111231,5226,0.339143760568494,20232,0.4327373821660039,16272,0.6154531049745084,785,0.30710904361048763,5755,0.5559791545879732,968,0.34232773632916214,18883,0.4097985897450984,17082,0.3362188783769964,7621,0.4691583229483265,4736,0.5389017313976358,7037
6008450.0,1720550.0,0,2.1725469085136894e-08,15609,0.4180124047892836,16351,0.4634206443955767,13612,0.615432925972292,786,0.13411241977330596,17176,0.509898464749,5745,0.38582732700646405,16923,0.4210922734550646,16495,0.24452539578085086,14037,0.08882201727083072,18844,0.21192214704728718,17668
6035850.0,1726850.0,0,0.00010444124788238495,9685,0.6355273234175589,5571,0.581647911765861,3764,0.6154132261409393,787,0.3180058163252135,5157,0.5482769197978369,1313,0.6401922993459996,5383,0.6451546215478202,4637,0.42901736287872694,3410,0.34795721067313534,8505,0.4734979641836974,9151
6005850.0,1761150.0,0,3.758538714780705e-11,18468,0.6399326618218828,5337,0.5475423445708678,6080,0.6154108993725645,788,0.31068380512809207,5555,0.5419787175044829,1741,0.6266980058315581,5981,0.5835701492082138,7304,0.5552058542907845,810,0.43695387752747106,5785,0.5990849787003492,4608
5915950.0,1709450.0,0,0.05730542754410379,3249,0.6687811039220196,3865,0.5782134028396513,3989,0.6153660825750644,789,0.2658398550850597,8494,0.54301164927753,1666,0.6572781066552039,4601,0.6636794483959771,3950,0.47358743659086877,2121,0.3667780022680439,7937,0.6549457336347755,2743
5901550.0,1756650.0,1,0.3582624643988062,1995,0.42821315125283543,15826,0.46382294653361084,13576,0.6153196486563857,790,0.16457562793202501,15732,0.5217893019630908,3862,0.38984783042039384,16738,0.43344107951151645,15761,0.2956816518798735,10273,0.21838063036412447,13750,0.5646832845993721,6016
6035450.0,1728150.0,0,2.8097111181124242e-05,11005,0.5011388885544705,12242,0.5352956285775212,7056,0.6152774562587402,791,0.2848569658593867,7137,0.5311226206013128,2690,0.5083050754756222,11348,0.5516952425649042,8880,0.45223406638504327,2696,0.39039756416495286,7204,0.4330941322285444,10459
5996650.0,1747750.0,0,0.01691712332508192,4391,0.5937437034093869,7654,0.5388793559327106,6771,0.6152755050464079,792,0.26216895294507914,8762,0.5559673290311469,969,0.5910459689046393,7599,0.5860618515128903,7177,0.31016417021776577,9265,0.3802722101041348,7511,0.6547532283248461,2748
5986450.0,1754150.0,0,2.510171368399322e-08,15528,0.32104186413830804,20866,0.41828905094131213,17379,0.6152610654225619,793,0.48530265491959157,574,0.5789258111183231,412,0.31997288771746346,19769,0.4122604544535948,16958,0.5511672620338501,854,0.709637813651982,490,0.7047897412964967,1651
5985050.0,1753350.0,1,0.999999999706483,390,0.8967102246702174,340,0.7408017756541015,113,0.6151226766691904,794,0.5158388688099023,305,0.5941671816770453,248,0.9644829195503641,536,0.9318940011130048,285,0.5700757152949171,707,0.7141048697069677,466,0.7008466870872556,1737
6033650.0,1693850.0,0,3.041764086974301e-09,16578,0.30664875605416725,21243,0.35513138627733093,20667,0.6151155414043163,795,0.3698246832660571,2894,0.5219500428915007,3837,0.29143706803523783,20758,0.34121098480305356,19989,0.36866411734974347,5903,0.3021199640733412,10041,0.494155063285282,8530
5981150.0,1753350.0,0,5.474514586073746e-08,15120,0.5600130052393856,9447,0.5240410623967225,8049,0.6151099167580579,796,0.44469437595524586,1083,0.5466918045200503,1428,0.560299268159081,9044,0.596717113605869,6668,0.5764208673442486,661,0.6005123210867911,1614,0.5215575188433311,7651
6063850.0,1764950.0,0,1.6205224868692817e-09,16858,0.4949513802165817,12553,0.47439476564420535,12632,0.6151084586110669,797,0.31785989917389995,5169,0.5352088274202277,2291,0.5005860381693109,11686,0.5412433404967889,9461,0.3475046211996885,6986,0.28064881026251665,10870,0.5836872103697028,5240
6032150.0,1711550.0,0,2.2948687338181892e-11,18642,0.5620470034777393,9336,0.5031404974946828,9925,0.6150689260182255,798,0.37788750044200486,2596,0.5424400580389684,1707,0.5286105278386068,10458,0.532861808723133,9882,0.42925357212601045,3403,0.44654225817696147,5447,0.414589249681639,11005
5985950.0,1753050.0,1,0.9999999992709785,466,0.8990735868476888,151,0.7350353091742845,213,0.6150500774710559,799,0.34916684418188304,3684,0.5547006780691202,1009,0.9690731368934244,324,0.928246054124642,354,0.6992972671386639,210,0.5019285992163554,3742,0.7229077592101727,1312
5945350.0,1795750.0,1,0.9999996230296022,990,0.8896537058585825,776,0.7256154988611084,405,0.6150354013331276,800,0.3077536395697539,5722,0.5332891374834219,2468,0.9600282435206082,767,0.9134123542823182,764,0.5540041845872614,826,0.4859437982428021,4207,0.4462332754336784,10058
5989550.0,1757250.0,1,0.999999999872971,327,0.9204359621878065,4,0.7533936208874374,21,0.6150263667314866,801,0.39257354206755074,2155,0.5623241850484769,758,0.9981948022164778,5,0.9845005118526791,6,0.6537718392111296,317,0.486396718821674,4191,0.7575149059639088,805
5984250.0,1750950.0,0,2.6683107768374e-10,17664,0.6859553956759608,3095,0.5891656224630839,3354,0.615011419249235,802,0.5099966332286938,352,0.5747067660516503,483,0.6835140688937225,3456,0.6369957049837706,4974,0.3239187568182489,8386,0.682451247975845,698,0.5107907947287604,8012
5936150.0,1697150.0,0,0.006744697618695342,5306,0.39948683335576285,17273,0.4432954809319225,15389,0.6149982243892993,803,0.3700361918863687,2890,0.5642789901311249,705,0.39289541488479474,16599,0.45159713063809936,14690,0.47904704928873754,1994,0.581899430079627,1916,0.7396209513961493,1050
5988650.0,1751950.0,1,0.9999999961477521,573,0.8956471973100569,421,0.7254978505957416,408,0.6149827277654797,804,0.5087700938940196,362,0.585362508912451,333,0.9717599167398142,216,0.9146158228534875,734,0.5653663390959498,739,0.7746598377654953,189,0.6640152920144089,2518
5908650.0,1751150.0,0,1.0371663176453043e-13,20372,0.5551206856854008,9692,0.496449139420727,10526,0.614932010472017,805,0.3834022889675885,2397,0.5591535289306871,857,0.5450124723148759,9753,0.5471994260759971,9143,0.5146961665876164,1301,0.647105148063343,1019,0.5641215110749315,6044
5905250.0,1741850.0,0,0.03302279739894938,3709,0.6541798765989186,4639,0.6241871391296665,2027,0.6148844772369361,806,0.41372173459369377,1670,0.5569454405654706,935,0.6846335564560738,3411,0.7315764188154569,2159,0.65032841748391,324,0.6536928266796314,962,0.5424360134227642,6900
5985650.0,1752350.0,1,0.9999999988840562,495,0.8988715416805888,163,0.7237810638869705,447,0.614881736004599,807,0.28916607103186787,6857,0.5438550392602326,1619,0.9691659253238487,315,0.924446017886813,449,0.42599759331751896,3519,0.30453146380152274,9961,0.6380164205157409,3251
5917950.0,1709450.0,0,0.32633278090287327,2045,0.6266774847974801,6011,0.579295960904942,3914,0.6148629163453458,808,0.25399117559351303,9324,0.5407913507338882,1820,0.6247904264937422,6084,0.6450211211904207,4640,0.4549942711623237,2629,0.35754835683037567,8211,0.6584647918668373,2649
5895450.0,1752350.0,0,0.2394974596846744,2235,0.6363564858859301,5527,0.5749583770494597,4172,0.6148397907090953,809,0.26391905660258647,8642,0.48248047585734216,11004,0.648717710424895,4982,0.6695591820446785,3735,0.3218897837393563,8511,0.17055090273144324,15961,0.27802404745973264,14839
6000550.0,1734950.0,0,2.987287954034818e-10,17616,0.482683513429879,13158,0.4499249067955783,14795,0.6148245591627254,810,0.38433150679242317,2370,0.5545904378101856,1016,0.47876688909875253,12696,0.5004191344752179,11789,0.44810408726630824,2823,0.5772317748868311,2014,0.6173599035091224,3905
6002350.0,1718650.0,0,2.469120037773454e-18,21663,0.628767331950132,5912,0.4785298076649151,12263,0.6148191926512327,811,0.11679727502292969,18167,0.49256294091153124,9020,0.6146717376585071,6539,0.43304505406951144,15777,0.18792564259865108,18410,0.06354320996077611,20506,0.16432118884288327,19877
5986550.0,1750350.0,1,0.9999999980706991,532,0.8973919052828994,289,0.7331936103215037,251,0.6148191632872626,812,0.4863903572985172,566,0.5952003154750052,240,0.9643768669459348,540,0.9252493668905932,424,0.73713611074966,155,0.7863441156848495,158,0.820918354928768,267
6005250.0,1733650.0,1,0.9997020299584723,1246,0.7913789274845624,1312,0.6706711142568659,1227,0.6147787595268609,813,0.40713171662346087,1818,0.5426161878861191,1694,0.8206626782818527,1340,0.8294439111819232,1312,0.5382463292584989,973,0.5757761635023122,2036,0.6130468710308792,4067
6008650.0,1737950.0,0,6.811847969268538e-05,10158,0.4399782463494822,15233,0.4584753084837318,14027,0.6147766881461078,814,0.30867344665833946,5677,0.5487029712391613,1293,0.4101986033022892,15806,0.45641633810731075,14407,0.5420335756419251,938,0.4570823569993656,5106,0.6834177063965947,2070
5988950.0,1751550.0,1,0.9999999999988076,85,0.8958739599506068,404,0.73791147901172,165,0.6147428348777411,815,0.5609022347955611,89,0.6147894263445873,94,0.9733292711630462,165,0.9280877141836839,356,0.7348523345450111,157,0.8069352002946777,101,0.827552722554185,228
5978450.0,1744950.0,0,0.18912738210651234,2381,0.7109646411661908,2221,0.5983501581563411,2918,0.6147246999785348,816,0.1971246837230019,13553,0.5452426232399111,1529,0.7079244723373606,2607,0.695959524733698,2924,0.3062074505632295,9525,0.20133964700846096,14644,0.525566929302924,7533
5987650.0,1754650.0,0,3.505312221780937e-10,17534,0.626633300297998,6018,0.5422527587470872,6488,0.6146966717388017,817,0.4747255488636134,682,0.5448216447529322,1556,0.6316831411110003,5747,0.589535307834318,7002,0.5530189925345019,834,0.5886186900544695,1801,0.5649595670044572,6005
5904650.0,1749650.0,1,0.2888653236082608,2120,0.22524644843201824,21728,0.37305331508503853,19953,0.614674718095727,818,0.24648553275455132,9892,0.5465745846439379,1437,0.16450755718675847,21729,0.25895418121590574,21522,0.510529414118403,1365,0.36748159236858213,7910,0.6722392067510665,2330
6035950.0,1692050.0,0,5.98373413545737e-10,17293,0.4250148296346341,15986,0.44978157468618957,14804,0.6146380735396451,819,0.11775968566209141,18073,0.496318067050556,8287,0.4097512882923027,15822,0.4381173579159562,15486,0.23959527374733192,14387,0.08048639082548137,19399,0.20292579855088655,18146
5992650.0,1748750.0,0,2.481190398400226e-05,11120,0.3505877478359437,19695,0.4006105781657489,18553,0.6146268016436468,820,0.29208652689155046,6668,0.5296857841070177,2859,0.3211910370638721,19724,0.37285511054659926,18808,0.3452423865096168,7105,0.2799883622439996,10901,0.5629749348211357,6085
6005750.0,1761350.0,0,0.0009356921095974429,7389,0.33297340094528477,20456,0.43966805315076496,15691,0.6146108329178728,821,0.358116365163202,3318,0.5712050354780128,539,0.3413766209448301,18910,0.4350263592819801,15660,0.6618596114097037,292,0.5514161140433277,2508,0.7890265310138439,467
6038350.0,1699150.0,0,1.7834923277054876e-05,11416,0.4444690068200062,15025,0.4277047352618251,16674,0.6145939046107567,822,0.3093321432111502,5631,0.5381151746675276,2027,0.4103307992243683,15799,0.43365011772555717,15747,0.5012438799293856,1534,0.38574179345545556,7345,0.6292522147744353,3514
6002750.0,1724950.0,0,3.319922048264653e-08,15376,0.5786281617779591,8459,0.5047746553441151,9765,0.6145848367632629,823,0.3092040632182967,5644,0.5285984623059784,2967,0.5507249859337195,9494,0.5487351486678549,9051,0.38805975056479847,5029,0.36875311127971466,7868,0.5704438447760629,5786
5999250.0,1749550.0,0,4.89784518054611e-15,21016,0.3544964094115454,19515,0.34440522221782527,20996,0.6145838466623286,824,0.47509703394955355,678,0.5724840994616112,517,0.3282554974620737,19452,0.3403938623598177,20006,0.2829357607402222,11198,0.6628328508318799,877,0.543758768162653,6841
6060850.0,1767250.0,0,6.337167698022868e-05,10230,0.33374117697356975,20426,0.428538645005003,16590,0.6145833271649559,825,0.30326655718456225,5997,0.5459317576162646,1481,0.3127967568111374,20058,0.3918850367296829,17953,0.35449100273101497,6603,0.2965101301687878,10237,0.5981652200684727,4643
5977850.0,1741950.0,0,2.1544372639352784e-05,11251,0.5606515338491764,9423,0.5408838240197704,6597,0.6145735880258624,826,0.16443083096131283,15740,0.5117768528527217,5413,0.5378737436634711,10062,0.5373080396689108,9671,0.21362183653348654,16443,0.09318081209007922,18561,0.18793590903954827,18837
6038850.0,1691550.0,0,2.760737299131499e-07,14230,0.5963580155024799,7536,0.5203409280949893,8376,0.6145590966977217,827,0.26584307828605575,8493,0.5174480058780534,4479,0.6085472644952449,6814,0.5959949111220937,6694,0.39713939528083286,4652,0.27124270452444965,11263,0.5691121025292083,5834
6036650.0,1694550.0,0,1.6536722930321408e-15,21172,0.5641615614357746,9212,0.4968457332055655,10486,0.6145452646085822,828,0.3701858682235066,2879,0.5537234990438218,1055,0.538540639314097,10028,0.5099862830394123,11218,0.4462962516495642,2876,0.5956846617908521,1692,0.5136565241914577,7915
5976550.0,1741450.0,0,4.713610461863099e-10,17393,0.3399957798872287,20184,0.3647720620294052,20336,0.6145319876433716,829,0.1981446290343063,13467,0.5370290670041975,2104,0.32186604101932725,19696,0.31810949902336905,20634,0.22650809699560015,15463,0.16932455478352226,16015,0.45782906338522933,9664
6036050.0,1698650.0,0,0.03704908510106911,3603,0.34984262162062607,19733,0.45217534043778407,14591,0.6144979966951563,830,0.3165505445849773,5234,0.5522708435144974,1118,0.3444639403368168,18790,0.42236003156062096,16415,0.5431262896794544,927,0.44764457418771963,5415,0.702241961175537,1704
5986250.0,1751450.0,1,0.9999999988548021,498,0.8986985543807299,184,0.7378592385001363,167,0.6144904399079972,831,0.48848094034272205,550,0.5595058336473813,847,0.9691243108701086,318,0.9325510330192375,273,0.4727504703444847,2148,0.5824425716700217,1904,0.3933009298935001,11586
6060150.0,1762950.0,0,0.0033339120661730814,6030,0.4272310908451294,15877,0.5108177353058536,9211,0.6144691486924398,832,0.3507835324200677,3615,0.5559264328062302,971,0.42950372094828415,14934,0.5058961936161518,11476,0.3678376253198561,5946,0.31497742901467274,9610,0.6114724818512659,4113
5914650.0,1709450.0,0,3.624284167088388e-05,10765,0.520425739170287,11329,0.497226355005282,10457,0.61446096683579,833,0.29189538715433533,6680,0.5354294180436322,2263,0.5123723189310501,11164,0.5512889618378847,8901,0.4565543321456984,2584,0.3412378909069532,8741,0.6327755269411701,3408
6060450.0,1762050.0,0,0.0007264478190744983,7650,0.6051201214962669,7109,0.5678269950069853,4656,0.6144396160423483,834,0.36597463163478716,3027,0.5614921973917474,775,0.6106488372311014,6718,0.6392282722037382,4899,0.35243271555308175,6727,0.33221768035995414,9040,0.6172275636095761,3911
5944750.0,1796350.0,0,1.7486999513134034e-05,11433,0.39574503691794416,17449,0.4774038757784391,12354,0.6144309888610164,835,0.3568023747457157,3368,0.5725830156031047,514,0.39069587322553745,16695,0.4712462943707927,13528,0.6727824109813525,260,0.5417196982266658,2735,0.7775072933176563,584
5993350.0,1749850.0,0,1.542977580733016e-11,18792,0.45579609538061455,14483,0.4522011285084766,14588,0.6144176334916369,836,0.47076329700282654,726,0.5758751283486675,462,0.42432030216358974,15169,0.4699610241238198,13605,0.5852721086003809,600,0.7177626588275114,443,0.5837910647113905,5236
6042050.0,1736250.0,0,0.0024772843942434636,6345,0.731333411008752,1766,0.6139371385172221,2325,0.6144091977686723,837,0.3330906722132885,4413,0.5350207677910059,2313,0.7502511073661827,1798,0.7222777064330075,2311,0.27539277209561563,11706,0.24750427456875734,12362,0.34646957002931655,12734
5904850.0,1748850.0,0,0.028190657452516008,3872,0.3797815486014973,18253,0.45635972176802847,14215,0.6144055100902934,838,0.35241171852126474,3544,0.5723260489685736,523,0.3497333749605893,18563,0.4258473780575226,16206,0.5090940501405339,1393,0.6053446938787629,1541,0.7693783803346808,679
5986750.0,1753750.0,1,0.9999999999838014,218,0.8986801755931639,185,0.7366795809144143,190,0.6143951735731813,839,0.34904204737580913,3690,0.5502328255624261,1212,0.967586202703541,389,0.9345549000570895,234,0.6499551485992281,325,0.4495498817449133,5353,0.7337865059500221,1145
5986150.0,1751550.0,1,0.9999999987622852,505,0.8979061929747928,238,0.7369826855574166,182,0.6143646867435198,840,0.5094655870090289,356,0.6035427066450773,183,0.9704723173427006,251,0.9408576966940321,163,0.6421886347777215,352,0.7543656552205158,252,0.8310170909102237,215
5993750.0,1749050.0,1,0.9999999998445965,340,0.8888299650737576,831,0.7104730056507446,752,0.6143568216991175,841,0.2805502181227708,7436,0.5503965384078229,1200,0.961633985543404,675,0.8918702382145874,1113,0.6119701840891495,461,0.41126918312322847,6563,0.7113832151308033,1532
5947050.0,1768850.0,0,0.010416893961397973,4887,0.47786303298786686,13374,0.4755034255774497,12540,0.6143360396122659,842,0.2976851897267407,6319,0.5575308579751602,910,0.4552227844068647,13757,0.4849244731516489,12724,0.49683242392229165,1625,0.4063580592959628,6700,0.6552707687037063,2732
6006250.0,1728250.0,0,0.003221324344635216,6072,0.5370638293902988,10532,0.5169566501122417,8684,0.614325051030257,843,0.30645249860938945,5806,0.5422833982150994,1722,0.5387041383127946,10017,0.5793419936751,7530,0.4183820886004106,3788,0.45147877157794614,5276,0.7100468665568818,1550
5930250.0,1694350.0,0,7.451191800571437e-08,14948,0.4844105794178242,13068,0.4758967870323168,12502,0.6143146990790291,844,0.13969127431986417,16901,0.5156936714363451,4762,0.4796570230074728,12654,0.47087442298385973,13549,0.2240686563156824,15633,0.10318948057434219,18121,0.2253395012260071,17057
5988150.0,1751950.0,0,7.977792184468538e-10,17159,0.46685096711729923,13906,0.48118250012949504,11995,0.6142972775064445,845,0.6295549402050005,9,0.6039084008250584,182,0.43492250871448146,14694,0.49237050374185576,12296,0.5152951221478962,1284,0.8895479218887407,16,0.6824432368767479,2095
6005650.0,1735450.0,1,0.9986805610654781,1283,0.7905448426906042,1340,0.6630594457587488,1303,0.6142773286786625,846,0.2489741204447087,9709,0.5422170683742459,1726,0.8211611653854094,1329,0.83043629142027,1301,0.48155044407795133,1949,0.32730330357857607,9183,0.6487529174057645,2927
5904750.0,1740850.0,0,0.0029729438245135503,6149,0.5494073349804329,9966,0.5674101995785283,4684,0.6142747835062135,847,0.45571204547314065,933,0.5958783080912129,234,0.5724895095616458,8461,0.6404980516376619,4843,0.6026863864821635,516,0.7360814320175184,329,0.8783892156176416,87
6031750.0,1712450.0,0,0.0011933319650634018,7118,0.5543262795972377,9741,0.5833009026551517,3670,0.614203528408546,848,0.6068405755966839,19,0.5658645597095139,668,0.5485961051546323,9581,0.5983740801690732,6602,0.4155504840513845,3900,0.608760478289069,1501,0.32856932542652717,13212
6044050.0,1733550.0,0,2.6387227602475705e-05,11065,0.7030729245094115,2449,0.613538832204578,2338,0.6141956552184635,849,0.3874292877523931,2287,0.5614136117684391,779,0.6870589113031179,3323,0.6518985694587927,4385,0.2524855218816421,13479,0.5223704366518899,3173,0.3157607405836971,13555
5947450.0,1792050.0,0,0.00025186746004232625,8750,0.4137735815438759,16579,0.4901756295876696,11129,0.61409709514063,850,0.31231452425342277,5458,0.5677563005547233,621,0.4278927389202867,15007,0.5064115169411276,11444,0.601434105972222,519,0.4919476621200708,4031,0.7618547561109903,765
5985750.0,1750750.0,0,1.6034059105003103e-13,20271,0.6637749159954969,4126,0.5535215394916271,5625,0.6140665432178507,851,0.5513565801680409,124,0.5867955041149626,316,0.6718762703471619,3940,0.6568219316300756,4211,0.3081771982997642,9393,0.7742445745311552,191,0.5241762018857034,7588
5932450.0,1691050.0,0,0.0001007529438987824,9728,0.5618278409396842,9352,0.5110969183045024,9190,0.6140617357519914,852,0.28182216000713395,7343,0.5399745993444578,1888,0.5415786163615379,9902,0.5686003205229206,8022,0.48511366935396416,1864,0.3517974123870259,8386,0.6412246727121237,3151
5987750.0,1752950.0,1,0.9999999586854728,760,0.8900939960447433,741,0.7272558451042465,365,0.614046524640049,853,0.3087280228377186,5675,0.5581646994811539,882,0.9592654426316751,803,0.9102590937507578,859,0.5267607789364344,1112,0.37689767328384416,7627,0.6785701059466569,2183
6002750.0,1738550.0,0,0.24910511086703555,2215,0.5410087827157911,10341,0.5312910646019016,7418,0.6140198382094221,854,0.2699678294232818,8206,0.5478124399034608,1351,0.5291209377705608,10429,0.5640429583944905,8240,0.44831631998615185,2815,0.33129876678787107,9072,0.6285424711042461,3539
5861850.0,1781550.0,0,2.040761629306338e-06,12989,0.6714785506918877,3751,0.5805238507298859,3834,0.6139894229732603,855,0.17218349747162368,15333,0.5219189979076115,3842,0.7015030947242697,2811,0.681929564253432,3321,0.25873576979727075,12960,0.1288916718144517,17347,0.25996468591339617,15538
5988850.0,1754250.0,0,4.1787262263531225e-09,16420,0.6243178413625735,6163,0.5638895676089963,4909,0.6139842068484521,856,0.6160001223068666,17,0.6093235130389568,136,0.6064230460332041,6902,0.6356068680938485,5031,0.5605737163182285,769,0.8539564623062357,44,0.6820587369739378,2102
5997450.0,1747650.0,0,1.3104771036908912e-09,16946,0.5272493985901869,11019,0.4837120917779127,11750,0.6139288020394039,857,0.19159675280373978,14025,0.509028327470073,5911,0.5290574409513339,10430,0.552051660571262,8857,0.40481825759171564,4320,0.3115646508393799,9735,0.4927316643479931,8576
5984750.0,1751850.0,0,1.6055233005939966e-05,11515,0.4094060970502714,16790,0.44615445183954566,15147,0.6139152035494108,858,0.27764403972397117,7657,0.5329545088672176,2500,0.41059534430572286,15789,0.45682951599983845,14376,0.3242168742699454,8365,0.26244368357519376,11659,0.5210061020451728,7670
5986850.0,1750950.0,1,0.9999999994334767,440,0.8982979256335999,214,0.7380465049925755,162,0.6139066457214457,859,0.5397400849313765,162,0.6134937055067198,103,0.97067621919235,244,0.942680227176055,149,0.7071781676932337,198,0.8030178638595564,114,0.8473383460506291,146
5888350.0,1780050.0,0,0.9139269165049972,1564,0.7067879857583438,2340,0.6378063871011374,1764,0.6138600788491236,860,0.289996954192091,6795,0.5513970667693114,1148,0.7422547651794595,1900,0.7765984011025708,1666,0.62545575202325,421,0.4556613037806362,5144,0.7350820521120017,1121
5918550.0,1708650.0,0,0.0828105012456233,2912,0.5188445991355948,11416,0.5548325898542729,5523,0.6138551211098541,861,0.2591860552485581,8966,0.5441640980403165,1598,0.547541266480058,9643,0.6075279147892783,6201,0.437460233999759,3132,0.33594397202459547,8898,0.671791478748611,2339
5946350.0,1795050.0,1,0.999997392540993,1142,0.8894691181383587,793,0.7239973413093823,442,0.6138454661028633,862,0.33239259713319347,4447,0.5733930920961917,502,0.9620709999869352,652,0.9223241897533974,510,0.5936094189352694,552,0.5455222410875555,2642,0.82202373817002,263
5997850.0,1746150.0,0,0.30756725571792976,2085,0.7109942672021234,2219,0.6396309733826069,1731,0.6138351150231481,863,0.2010120197426719,13249,0.5216510301303422,3874,0.726078340962804,2158,0.7440835751928,1989,0.44854001934842025,2811,0.33580771794548336,8903,0.5178531725318156,7781
5945150.0,1797050.0,0,0.00012024372697876273,9536,0.7136762226062708,2152,0.6294952165800685,1907,0.6138083781565198,864,0.3185816705915163,5130,0.5546358614469883,1012,0.7428931715530149,1896,0.7758201875992607,1675,0.626502981954273,414,0.4453255890087253,5504,0.7264741119070948,1255
5993650.0,1748450.0,0,0.0010959161167474578,7201,0.3717409412980513,18653,0.4710811881573411,12924,0.6137693291347168,865,0.4330914401497808,1292,0.5639122114271629,715,0.3418748494365935,18899,0.4142122211962793,16863,0.5165844548653524,1266,0.5972990468834039,1664,0.6626357864717944,2546
5988250.0,1754550.0,1,0.9999999999940814,161,0.8921849767355439,609,0.7341665322368569,229,0.6137691802800721,866,0.6553958139972502,2,0.6186064678381666,71,0.9644388484079199,539,0.9362636782085235,207,0.6909629073469015,224,0.979804376423907,1,0.9322577927796318,33
5986350.0,1751950.0,0,1.4988948475630563e-11,18796,0.6367456425683485,5504,0.5518614424036901,5752,0.6137561776383773,867,0.4586094468082643,887,0.557427202883808,913,0.6542246616311501,4748,0.5919885394636465,6889,0.5143817846215233,1309,0.6843658559314068,683,0.5249649959637106,7557
5984450.0,1750750.0,1,0.9999970676883354,1152,0.8815571725285228,1132,0.7270750030623976,369,0.6137452176258282,868,0.49144760944235905,524,0.5999871284033239,210,0.9517108390072953,1124,0.9145257607948055,737,0.40164899949232913,4465,0.6646917127586938,864,0.5990457551492001,4612
5880850.0,1782050.0,0,4.18748513851471e-13,19999,0.3198153216186721,20902,0.3637571560515178,20376,0.6137315700575892,869,0.3319460794737838,4465,0.5303911864407012,2788,0.3029705691880853,20426,0.3618829103855119,19256,0.35531319567670283,6550,0.33177674876821805,9059,0.4731667020508643,9163
5924550.0,1711050.0,0,2.426440929211579e-08,15547,0.535892474723236,10588,0.47339522466447426,12723,0.6137233250790995,870,0.26017195996206144,8896,0.5108412874963537,5567,0.5338632511696187,10236,0.5443621747880076,9286,0.3188982495204432,8694,0.24210721526871715,12610,0.5536138287074945,6450
5918450.0,1783650.0,1,0.17881206484555626,2414,0.570848214298885,8869,0.5615353805967932,5063,0.6137118731036784,871,0.1919012385886518,14001,0.536249200730565,2170,0.5865561832877781,7809,0.6294516283915438,5270,0.35313058459461144,6689,0.2252733751435465,13424,0.5960058408347255,4735
5869850.0,1782150.0,0,1.641342977056737e-08,15752,0.5557991047233658,9649,0.4794951822467209,12175,0.6137085326694484,872,0.28621073232548033,7062,0.5381023103210735,2030,0.5381314209540119,10044,0.5458574031438297,9215,0.45023982886877634,2757,0.3416164020859961,8723,0.6177060533593702,3894
5918550.0,1785350.0,0,0.388905682050047,1952,0.6916101152773126,2877,0.6167672533887154,2243,0.6136951231774553,873,0.21748921802550708,11956,0.5257933643209574,3308,0.7014059061730459,2813,0.7263998837662395,2239,0.3806212075584756,5381,0.2588781760363309,11841,0.5723010264140794,5719
5987350.0,1751750.0,0,2.1633948160794375e-07,14373,0.5262831700929409,11069,0.503315321123641,9908,0.6136643232625485,874,0.3511129997226118,3605,0.5504509958174542,1194,0.5191502354016309,10865,0.553487611268855,8790,0.49925549488901033,1574,0.4700670061902854,4702,0.6874543013250763,1992
6041050.0,1750850.0,0,1.0084634910978073e-07,14791,0.30833160475189125,21213,0.39024967028850865,19131,0.6136564141769378,875,0.3059949112681368,5829,0.5145896813125681,4959,0.29887113673335863,20545,0.34484324409903655,19857,0.25712173687511064,13104,0.20636923989624312,14382,0.2951643902095433,14198
5987050.0,1752250.0,1,0.9999999532845907,773,0.898459290719396,198,0.7275258486784526,354,0.613643367643506,876,0.6164363485191553,16,0.621290556249475,58,0.9704407330468381,253,0.9392966186498015,174,0.604786192136553,505,0.9065161425048708,12,0.8384984384520637,178
5864650.0,1780650.0,0,1.28546586487041e-12,19625,0.34171653368685695,20108,0.3356413591524787,21198,0.6135678450019908,877,0.15357232226726833,16302,0.4965107969329407,8243,0.2744371599400518,21159,0.25972001284271995,21516,0.17291184491140754,19335,0.07390019785510171,19824,0.15607181232757839,20183
6060550.0,1763850.0,0,3.741242331375319e-10,17507,0.510734697558548,11768,0.5031319390447757,9928,0.6135188778811226,878,0.32228194230288065,4926,0.5018412480547615,7210,0.48001916771696274,12638,0.5188053881299367,10698,0.2982266833911472,10114,0.2179292432347022,13774,0.2785108087395777,14815
5944750.0,1797150.0,1,0.9999983539655464,1121,0.8900344505951766,746,0.7217047238532927,498,0.6135180997439172,879,0.3340877296943362,4375,0.5648661418002936,690,0.9617806174002571,668,0.919032962194909,595,0.7032370349259084,204,0.5108687019408981,3486,0.7918235220866571,448
5987750.0,1752850.0,1,0.9999999998367268,347,0.8898289584855493,761,0.7400151109661508,124,0.6134980547348173,880,0.5090175144741116,360,0.6116065155158931,115,0.9599173922992223,771,0.9227997023011598,495,0.5410468755670781,948,0.7321177432934785,353,0.824384361607478,249
5944850.0,1797150.0,1,0.9999973115312656,1144,0.8896441278965459,778,0.7227895544481159,469,0.613477098695136,881,0.30866877446724195,5680,0.5599947587377688,827,0.9615523272496653,680,0.9188810409232755,603,0.6104058233563274,471,0.47664792665134725,4488,0.7718558749252556,643
5988150.0,1752550.0,1,0.9999999988819379,496,0.8919478315078785,621,0.7343436447490769,224,0.6134741323538311,882,0.5177763763707601,290,0.5839161813588185,352,0.9601338901825638,761,0.9148236463927077,726,0.7151433866584105,184,0.7631407262892586,225,0.795760224611973,422
6006550.0,1731550.0,1,0.9896335439963069,1399,0.790194404831706,1390,0.6607545208294842,1319,0.6134686317408935,883,0.21865843165678298,11871,0.5349207822220096,2323,0.8209712906965803,1334,0.8292878625527316,1313,0.40677585670966643,4250,0.31183073401973194,9722,0.6416567637575049,3137
6034250.0,1710550.0,0,1.443325086618318e-14,20799,0.40964510509546953,16781,0.4354888559212797,16030,0.6134630125977835,884,0.5019225284597759,423,0.5961072230688801,231,0.41145998272396045,15747,0.4580269749642236,14307,0.44395238916994706,2949,0.7061387394188945,510,0.4981568916820087,8417
5867850.0,1782550.0,0,0.006990743437628851,5271,0.6751000908113036,3559,0.6109174725887299,2455,0.6134516182543938,885,0.2420363929496112,10204,0.5346458364644099,2347,0.7025661832258359,2771,0.7148550583223219,2463,0.479039296635293,1995,0.3162856594153365,9556,0.6391458733829967,3220
5880350.0,1782150.0,0,0.003982077903745659,5849,0.5053560891060742,12055,0.5195286854541645,8450,0.6134361132221611,886,0.308867185569096,5669,0.5480359940640532,1330,0.49388792896993716,11992,0.5491887064035816,9021,0.43537110771996046,3197,0.35148577027279515,8399,0.6450334221612635,3039
6034250.0,1724550.0,1,0.9998575906453724,1234,0.824811081600324,1249,0.7061848648289377,830,0.613359287232029,887,0.24655957997555913,9884,0.5319587611360719,2602,0.8637909955161487,1259,0.8837523422756891,1156,0.38585061374577756,5141,0.25330615272370227,12093,0.5044461114203513,8208
6008750.0,1726650.0,0,3.2516225063679814e-07,14122,0.35389325039382763,19531,0.38897494713275144,19190,0.6132847089448162,888,0.13436149444851705,17164,0.5100210441508154,5723,0.3001531976153944,20507,0.29717206540050123,21061,0.18534822589286415,18585,0.0870103905495081,18998,0.1873575888898935,18860
5944450.0,1796150.0,1,0.9999985434918213,1114,0.8902089972785081,733,0.7250123881512411,418,0.6132603177187256,889,0.2971041068616563,6344,0.5555737282771435,980,0.9619477160424813,659,0.9198198047844461,573,0.6175098914289439,439,0.42506347177258763,6147,0.7421136958593444,1009
5945450.0,1795750.0,1,0.9999995944607175,999,0.8892776212176928,806,0.7262879637395145,394,0.613248531360635,890,0.3304381642438117,4527,0.5420109878479622,1738,0.9600656662292513,765,0.9150793492248241,714,0.5424985734112291,933,0.5556077267415864,2411,0.5197448601846553,7718
5909650.0,1770550.0,0,3.9872371258599484e-07,14015,0.4940829625699995,12599,0.49916731002038783,10284,0.6132382036621508,891,0.4713129605837615,723,0.6023389966040481,191,0.4677164394179245,13187,0.5300598020013502,10048,0.4670615151434687,2293,0.7027887371760333,535,0.78795991292447,482
5988050.0,1753150.0,1,0.9999999916893131,624,0.8921968231759703,606,0.72754632333952,353,0.6132356788588714,892,0.43496658610786826,1249,0.5396146333283655,1916,0.9587026335180517,845,0.9038918972527613,993,0.6446417744419335,345,0.5065360625907673,3616,0.48715749464857905,8750
5998950.0,1748750.0,0,0.005409431014242777,5547,0.45971341906032687,14293,0.5080938724237591,9445,0.6132242342661747,893,0.4684149905706019,752,0.5864804389021365,320,0.461403669808901,13479,0.5220796700093817,10512,0.5302874519627565,1070,0.6441618824134693,1044,0.757984521001186,798
5986350.0,1753450.0,0,6.840200528326617e-14,20475,0.3551172159443962,19477,0.391892352595722,19039,0.6132222198220936,894,0.36301791310300413,3147,0.5352424918353724,2288,0.3077809172049162,20254,0.3592307498520859,19366,0.4159988350945526,3882,0.44545059174322743,5494,0.46071033998122324,9579
5932350.0,1691250.0,0,0.04835156928779642,3383,0.5505050121075061,9917,0.5619490544313186,5035,0.6132143219435269,895,0.27921571536558787,7530,0.5581264468356186,883,0.5558221363852522,9250,0.606344778241695,6264,0.5634797173845796,752,0.4019643292060868,6835,0.7002359462573985,1746
6061450.0,1761050.0,0,5.1465896077678386e-08,15147,0.7028823554211179,2455,0.6210114027906466,2115,0.6131246187694464,896,0.4925178467725534,513,0.571947743274685,529,0.6945289447061342,3065,0.6935801369857861,2996,0.5565760763963695,802,0.7283701204303348,374,0.6826285319127398,2090
6035350.0,1694150.0,0,2.3337378989207988e-06,12897,0.38166565596146357,18165,0.41224600135135175,17825,0.6131063587951265,897,0.3709209991107942,2857,0.5137003176080804,5100,0.354678447035226,18341,0.4026498353169128,17452,0.5057348511587525,1450,0.4602863847434475,4987,0.5270779905258034,7469
6031250.0,1718250.0,0,2.1659396732058614e-07,14371,0.469716685700841,13782,0.44699541716472835,15059,0.6130817681627442,898,0.30941211698027954,5625,0.5160125419894154,4711,0.470850359272313,13049,0.48057952793316294,12955,0.3534361507678787,6669,0.2612730310216851,11711,0.40478801158617084,11282
6036050.0,1729650.0,0,0.009610760546105193,4969,0.34811359746527176,19825,0.4369224978614106,15918,0.6130807203139387,899,0.2593457138841802,8960,0.5145210881657981,4974,0.3104454340872451,20153,0.35993724694071694,19332,0.40155689343980927,4471,0.28208715070166446,10816,0.39199707942551254,11625
5986850.0,1752250.0,1,0.9999999905850364,634,0.8966678279770505,343,0.7248499965202582,422,0.6130193274009967,900,0.4003183708453128,1958,0.5942114042959383,246,0.9693953660042768,299,0.9327197703479237,267,0.59520642926327,544,0.6688633935027766,815,0.8314446757741597,213
6009250.0,1727250.0,0,1.234885952031167e-16,21464,0.3766390294731729,18422,0.34953286159768443,20842,0.6130115337551346,901,0.12451516027954768,17660,0.4970203794503449,8140,0.32539060871467873,19564,0.3030932671568475,20958,0.17567012080976196,19177,0.06623896031305487,20314,0.16014466227119106,20033
5977650.0,1741350.0,0,1.0398163151834927e-07,14771,0.3861411069531665,17935,0.42623927222339225,16777,0.6129984057928649,902,0.1575829026644772,16086,0.5032063181785799,6968,0.35738999209858835,18231,0.37079203320978205,18899,0.19936470380346005,17537,0.08169302846234672,19316,0.168393157008069,19698
6005350.0,1715450.0,0,0.007792643312406509,5160,0.456087895575443,14472,0.514140540919859,8911,0.6129943836688381,903,0.25031067478514457,9605,0.5474060972141725,1373,0.4608835221430301,13502,0.5169420123120819,10828,0.333608143564772,7777,0.34163012586876174,8722,0.6331233257050964,3402
5986150.0,1750950.0,1,0.9999999980876615,531,0.8990416433357609,153,0.7306092507942007,295,0.6129829582842893,904,0.363633511030861,3119,0.5629865681526481,740,0.970287317458367,259,0.9314274592614856,294,0.7604101546022828,120,0.5528824048878251,2471,0.7872293485176522,489
5987150.0,1755150.0,1,0.9999999999870808,201,0.8909354415838998,683,0.7264245593152954,390,0.6129570947180472,905,0.3611339798424526,3216,0.5664183599050375,650,0.9628711227877089,620,0.9255267839517394,417,0.6459601194571258,342,0.47933782257316526,4408,0.7678191452444396,693
5990450.0,1748950.0,0,9.322881931400924e-05,9811,0.6433306739150928,5170,0.61173751853997,2417,0.612943481328865,906,0.49152781019965985,522,0.6059480348597036,167,0.6574077617244733,4594,0.6893416516285444,3132,0.5971597194327232,537,0.7492207045190189,273,0.8016369857952994,381
5986650.0,1754450.0,1,0.9999999999835716,220,0.8970101950271147,319,0.743532073742297,78,0.6129296098426452,907,0.45962155870586735,866,0.6061445083670226,162,0.9684129502219495,357,0.9463144905864639,126,0.5526533939216417,841,0.7316769652716346,357,0.9531094095195013,13
5995550.0,1741550.0,0,3.0498437099764307e-13,20094,0.5576165549229988,9557,0.49149171636698535,11009,0.6129065488022345,908,0.42987952787179806,1347,0.5538964752889048,1045,0.5385228262229956,10029,0.5091518366277121,11275,0.42920325814594484,3405,0.6129854773108973,1442,0.49428700310036444,8526
6031950.0,1696050.0,0,7.854063494143999e-09,16144,0.39771302440426415,17351,0.3785666939552705,19722,0.6128914308699321,909,0.34404399032932576,3913,0.5348854313980197,2327,0.3544512171098053,18345,0.3770317232048681,18630,0.4884713848185367,1795,0.39087247639733713,7188,0.5503406062066926,6588
5939550.0,1698450.0,0,0.04437282397627757,3455,0.48072582291837,13244,0.502980690084419,9940,0.6128860326975951,910,0.28234127279445836,7306,0.5273104073614552,3131,0.4602202814834502,13525,0.4984463188477859,11917,0.2983260545727361,10109,0.2309014386346614,13149,0.5471273976674544,6709
6039950.0,1691650.0,0,0.687753742053184,1702,0.6890356719463603,2987,0.6301478129626433,1893,0.6128772208267768,911,0.3159945713505067,5257,0.5448152065155022,1557,0.7104862925302272,2542,0.7422692332024046,2011,0.46677368487337445,2302,0.34587349359368424,8582,0.6607600562701657,2601
6039450.0,1720150.0,0,6.735683466216441e-08,15018,0.6229053548577277,6236,0.5584824758893319,5273,0.6128744544350082,912,0.35584016028011617,3406,0.5194970533293086,4171,0.617904962318444,6398,0.6145245474018579,5884,0.2317395131368527,15035,0.42432035600918705,6169,0.18055601494639695,19164
6035150.0,1693750.0,0,0.4084289024037955,1926,0.45829299358743136,14360,0.5131384658601055,9001,0.6128741692683547,913,0.3691588247713182,2915,0.5348454629203946,2332,0.4552424516504838,13755,0.5154121786791033,10902,0.5330230448945429,1034,0.4661606040891094,4825,0.626208636786161,3602
5987650.0,1753550.0,1,0.9999999996503128,405,0.8911084917418484,670,0.732041038149557,273,0.6128641199625874,914,0.5331163383297725,193,0.5578221971798372,898,0.9574794717143111,893,0.9067826284973356,931,0.3728879234900908,5698,0.5602422793705145,2322,0.33150780134375046,13131
6035150.0,1718050.0,0,7.506054627625071e-08,14943,0.4286163853570933,15802,0.4702047579972836,12999,0.6128524234459602,915,0.5395369397663156,163,0.5339381437387076,2409,0.411273304950475,15756,0.45529383868457285,14473,0.26792160042269786,12302,0.5138241541601398,3400,0.21684032173623635,17440
6039050.0,1692550.0,0,0.0015755544765351393,6835,0.4386888992987684,15291,0.517422758326911,8642,0.6128250572921453,916,0.420986273669857,1513,0.5849676840771486,339,0.4221576578373665,15266,0.49964610208753046,11837,0.5631418491082161,756,0.7016303875294402,540,0.7889270401394657,468
6006150.0,1731550.0,1,0.9878740509318056,1416,0.790664842906003,1328,0.6515864036326742,1470,0.6127830562491431,917,0.2752085177722118,7831,0.509580810266984,5821,0.8197817055988492,1378,0.8188066102949951,1410,0.3638175077659842,6125,0.217284351005808,13807,0.5051952533696336,8181
5987150.0,1751950.0,1,0.9999999641957573,748,0.8974992935654549,281,0.7158254558853002,634,0.6127754735595962,918,0.350262099877979,3636,0.5664713297878226,646,0.9682338129742007,364,0.9221295344001338,512,0.5719406303378413,690,0.494892983905036,3938,0.7523162474970821,875
5900850.0,1772450.0,0,0.0019882242394113057,6575,0.5800702226250063,8385,0.54769087344652,6072,0.6127704778595016,919,0.36713039964168553,2987,0.5535723440259198,1064,0.5900262977632309,7641,0.6304561583528611,5232,0.5136304691173098,1317,0.5842856119704611,1871,0.7539892676548414,854
5925050.0,1712050.0,0,0.3957819429987418,1943,0.658482764863835,4403,0.6109663334803308,2452,0.6127553549898339,920,0.22219134722589926,11599,0.5044997802123421,6750,0.6708659582547991,3985,0.6993909319923671,2826,0.4434738120482066,2964,0.26628035102548564,11492,0.4224517318538451,10770
5948050.0,1762150.0,0,0.009213487109399648,5008,0.46267213017016146,14113,0.5479104456056381,6050,0.612708747258948,921,0.25101131599992643,9559,0.5183797132383824,4337,0.44925259320446953,14034,0.5268780553569429,10227,0.34656836960317516,7033,0.24376514004074368,12533,0.5537161512356608,6448
6065250.0,1764050.0,0,0.05274029324822453,3310,0.6219384548762666,6289,0.6001853706309555,2840,0.612678298112795,922,0.2731864518604,7966,0.5499555105358669,1230,0.6324999985166204,5712,0.6772647549546972,3471,0.37012704319013345,5832,0.28082949801443347,10862,0.6181805643938845,3878
5986250.0,1751950.0,1,0.9999999993833377,450,0.8985437167301016,193,0.7347373261985038,218,0.6126585912068906,923,0.47993000020807053,633,0.5646760042889128,695,0.9686861916574679,344,0.9302494132199188,314,0.6937599951090284,218,0.688856595770811,637,0.5518450156944259,6526
5988650.0,1753150.0,1,0.9999999998961784,318,0.8905026890969299,712,0.7376667358122263,172,0.6126490581713744,924,0.4810675253723778,622,0.5645062291348044,698,0.957712097725035,885,0.9103874967616472,855,0.5017292059738856,1523,0.6012136172974997,1602,0.41200900578529276,11085
5999450.0,1744450.0,0,0.0030478304386109345,6115,0.5385360653540995,10458,0.5556271786993039,5474,0.6126400688632655,925,0.4593714401650236,870,0.5849757231062942,338,0.5296948559057051,10404,0.5811805688173881,7436,0.4876854226949746,1816,0.6268273446895839,1267,0.7490799675371222,922
6005750.0,1736650.0,0,6.259196798949931e-12,19090,0.3098992117312926,21182,0.3404246011051501,21088,0.6126286961156564,926,0.44935658164282966,1010,0.5601542273920872,821,0.2693478718149338,21242,0.3090812309856552,20829,0.5474205259510516,888,0.6417349991347652,1068,0.556276342371344,6337
5986950.0,1750650.0,1,0.9999999985304802,517,0.8976195833631905,267,0.7308746944505891,290,0.6126232110514509,927,0.42259261237871104,1484,0.5714991265806649,533,0.9638068152172479,578,0.9196161316975381,581,0.7403253308808752,147,0.6738148033455368,770,0.7884923305814993,474
6037650.0,1712150.0,0,0.017769238326205097,4325,0.6755078786418338,3542,0.6319781014725456,1865,0.6126103570601279,928,0.38019960445731904,2515,0.5695218586099697,575,0.7056652265279468,2679,0.7325304568838991,2141,0.4954059981744525,1655,0.4950932749754917,3935,0.5073426043653457,8112
5904750.0,1755150.0,0,0.004874535682770071,5654,0.6303141981676554,5826,0.5825564639698375,3706,0.6126031664984178,929,0.3813560829487173,2471,0.5552685996031338,992,0.6328379448448263,5695,0.6718808670076288,3655,0.6186058301769579,436,0.6202195244562929,1349,0.7825961710121946,524
5985950.0,1750950.0,0,7.948732169128229e-16,21276,0.4933572053826753,12636,0.4607538717307109,13829,0.6125869974592121,930,0.4066406936902796,1826,0.5367763327487959,2134,0.4874521726990956,12274,0.49856176347054904,11911,0.3687088498170985,5899,0.5791747656902779,1971,0.44857260993993875,9975
5931650.0,1690850.0,0,0.053779073919022174,3294,0.7084980858402531,2293,0.6356107093837611,1801,0.6125749922580901,931,0.29553089751151684,6449,0.5603762457561732,816,0.7214119095604172,2260,0.7368826063299804,2083,0.4647243175335831,2355,0.4255558370138882,6125,0.719494831692776,1387
5975250.0,1749450.0,0,0.7097181180026445,1689,0.712335041811843,2183,0.6252857187075784,2005,0.6125652485360064,932,0.30594979382772425,5832,0.5596406994528431,841,0.7315071217878977,2069,0.7480779873484849,1934,0.35589521991200324,6535,0.5041087127930499,3681,0.5574440788438738,6293
5905150.0,1740050.0,1,0.9999999999858931,207,0.8883572120464651,857,0.7122784903872967,717,0.6125388297749373,933,0.2963123326184771,6397,0.5572822763410121,922,0.9640636354237735,557,0.9060647997576192,953,0.6313337659960658,391,0.5080322542050739,3571,0.7994246621759891,390
5872150.0,1727650.0,1,0.9999999006012937,843,0.8948218414631127,489,0.7014812408395713,903,0.6125105641601541,934,0.2679174029879261,8353,0.5532445953576899,1077,0.9672068728306619,400,0.9194632942146151,587,0.5002771177855568,1553,0.4349537409129124,5840,0.7480620708108003,943
5984650.0,1751750.0,1,0.9999999707790588,727,0.8976052006362804,272,0.7199641629393504,535,0.6125013882409716,935,0.2767343623649011,7733,0.5504445827957458,1195,0.9660069480994443,460,0.9139070357067528,752,0.38855353760558176,5016,0.34304314691997173,8668,0.5833765671552537,5260
6038450.0,1699150.0,0,0.5066046682523943,1829,0.5487781831809656,10002,0.5394076907124928,6721,0.6124963115455444,936,0.33220051449318055,4452,0.5464433365557225,1451,0.545229591014658,9745,0.585659890926454,7198,0.5493323328401662,866,0.43989597714249407,5693,0.6905878568586531,1918
6007450.0,1734950.0,0,0.00041849405767722,8209,0.5372399423632084,10522,0.5467958217345594,6139,0.6124789513261184,937,0.36798640237166513,2953,0.574527705117658,486,0.5408194995919708,9941,0.5754068661261773,7711,0.5040205116890164,1490,0.6103284656567346,1479,0.7534167494228332,860
5988950.0,1754050.0,1,0.9999999998482045,338,0.8910596932383386,673,0.7301003840029412,303,0.6124695451845209,938,0.5673774060388853,70,0.609762738420554,132,0.9590631511529855,816,0.9140499961477043,742,0.7998948314631276,74,0.8165114607119597,86,0.825366787960065,246
6007550.0,1736850.0,0,5.958136838959817e-09,16279,0.3456899597290909,19927,0.39803171004367194,18724,0.6124607874002377,939,0.45833255625893576,892,0.5568205674313846,939,0.3181689274106272,19844,0.3755808834873504,18695,0.5813146830238368,630,0.6354514025224538,1160,0.5921540739030786,4881
5987250.0,1752950.0,1,0.9999999984613068,519,0.8904295335263437,719,0.7410493693252687,109,0.6123979826439054,940,0.5161385403521351,302,0.5738868153661569,493,0.9587257334358633,844,0.9171073753111256,646,0.5042632457187489,1482,0.620900501473417,1343,0.41637508019511105,10950
5943850.0,1797550.0,1,0.9999999599872762,757,0.8956214243342466,425,0.7231244541640743,462,0.6123957507597086,941,0.27260115647442335,7994,0.542022658766181,1735,0.9744541186643764,133,0.9200212078308988,567,0.5727344329757589,684,0.37636591282689114,7640,0.704912219892791,1647
6035650.0,1726650.0,0,0.009047244358606018,5023,0.3534142755606499,19547,0.4570407810109382,14165,0.6123953846822259,942,0.2812868478654298,7383,0.5352492007246009,2287,0.31911231058767475,19805,0.378588611049135,18562,0.4187227416495387,3773,0.3153325478564002,9595,0.44187557932330557,10201
6031250.0,1729450.0,0,0.0001951710089644103,9041,0.41437863529851354,16550,0.5023136823933964,10002,0.6123701041202095,943,0.3491128868455263,3686,0.5624084676866545,755,0.4237931891697877,15191,0.4895140522643048,12459,0.49595780921545507,1648,0.4818454647190896,4336,0.5076528880794375,8106
5936750.0,1697350.0,0,0.0011236273526071567,7178,0.597494542488801,7491,0.534024317444423,7147,0.61233165716119,944,0.28625677769446173,7058,0.5384217742122818,2002,0.5786743577800197,8165,0.6028512534046468,6406,0.4237754382386082,3595,0.4183939886581136,6349,0.68036249024138,2147
5987250.0,1751950.0,1,0.9999999895538539,641,0.8973272888736941,295,0.7222802331549542,481,0.6123211515947091,945,0.5526694518382359,117,0.6138383736463926,101,0.9690787587365206,323,0.9333339498143411,251,0.5977933439514699,534,0.8436325031408469,51,0.8377687164237269,182
5905050.0,1740350.0,1,0.9999999996618458,401,0.9172206816706492,15,0.7268920228044995,377,0.6123056896220256,946,0.2783683885149585,7603,0.5359784473937885,2204,0.9937395813062109,16,0.962317506878009,42,0.5922086460334459,560,0.38758844832609785,7291,0.7105316284771921,1543
5948350.0,1797250.0,0,1.164742478269991e-05,11760,0.34025763694632427,20176,0.4348548858219869,16092,0.6122970035208526,947,0.31071886806359006,5551,0.5575122434196231,911,0.3322821797295863,19300,0.4159055758139035,16764,0.5983615856685396,530,0.46949232389965423,4725,0.7301249512785732,1193
5968250.0,1730150.0,0,3.510309186476176e-05,10787,0.39714009258322447,17386,0.4485802103877193,14907,0.6122618011391776,948,0.37088981407304017,2858,0.5597811725489228,837,0.3829096420269953,17078,0.4310996003496079,15896,0.3059044571745785,9545,0.4647792164770874,4861,0.5219303040807632,7640
5985850.0,1752350.0,1,0.9999999991591009,478,0.8987423387980662,175,0.722048946166635,490,0.6122211449401221,949,0.3042740691742303,5944,0.5495878914857665,1252,0.9693492628107954,303,0.9252962553679973,422,0.43780362578979337,3121,0.3261763587355281,9213,0.6552172366263255,2734
5984650.0,1751850.0,1,0.9999999652178809,744,0.8978272973983419,247,0.7189226714175423,573,0.6121431632668907,950,0.27009174357140986,8197,0.5440475797967755,1603,0.9660042682635668,461,0.9127663552746141,780,0.38553135584250053,5158,0.28617757195113946,10647,0.5789774868759558,5443
6032550.0,1693350.0,0,8.668693115502033e-07,13524,0.44256357385975365,15112,0.4755473033301815,12534,0.6121375444986087,951,0.12075581016124097,17846,0.5000967909844236,7564,0.44990295027760563,13995,0.4721441485361324,13474,0.24550530101353418,13980,0.09597694775904686,18399,0.228413262036947,16920
5944450.0,1796250.0,1,0.9999981075656328,1129,0.8906917635768072,702,0.7246680069118023,425,0.6121328371469161,952,0.28194102567480855,7329,0.5411020245401844,1795,0.9616935693706029,673,0.9173224175739443,643,0.5479669360796899,876,0.3662451488931343,7956,0.6959321424585658,1815
5994150.0,1747250.0,0,0.016905548150446377,4393,0.396313574831998,17425,0.4798076990726965,12145,0.6121097983500656,953,0.30498459836227665,5891,0.5623816015525936,756,0.40822933259958605,15886,0.4808945016892956,12934,0.5313454908227362,1056,0.5158948591725743,3340,0.7627474380987138,751
5940950.0,1792750.0,0,3.418579250270129e-08,15360,0.6057838254951977,7072,0.5682113115479643,4626,0.6120973097469238,954,0.3063319912344834,5812,0.5476617782024943,1356,0.6275431217620485,5935,0.651087805402471,4428,0.3840746530786038,5216,0.3993390653547768,6918,0.6798125001972724,2164
5901250.0,1776150.0,0,7.2566057372075e-12,19040,0.45776946295652393,14390,0.42415738682565507,16944,0.6120648832999048,955,0.16792996372667757,15565,0.4921036460792502,9121,0.43943581665655485,14500,0.4480073144899799,14899,0.23471266005208213,14796,0.10418900965992384,18088,0.20071743691229227,18264
5919350.0,1706950.0,0,6.776034835799161e-11,18251,0.6621935733496349,4208,0.5273321351035474,7773,0.6120435138709996,956,0.1307621840601027,17352,0.5070581300134737,6283,0.6335155780927275,5672,0.5863126889270841,7164,0.2004071473554896,17468,0.08436224331054853,19152,0.1925136380065774,18630
5981150.0,1719250.0,0,0.004005772761053665,5841,0.39710856374199377,17388,0.43399496190642145,16162,0.6120082304986395,957,0.3454862940307473,3862,0.5440145876921779,1607,0.39526299951404753,16504,0.4477465003763088,14919,0.4165663666185695,3865,0.4919140704389766,4033,0.7032732143622411,1676
6062050.0,1766650.0,0,7.116361741032662e-05,10110,0.38966191983286147,17746,0.44788110341745274,14972,0.611994009147807,958,0.2953344613268357,6457,0.5502511942076497,1209,0.39274793626286897,16614,0.4602818738588208,14181,0.3665009146838949,6015,0.29204972788500194,10414,0.6158473848655047,3972
5988150.0,1752750.0,0,5.148057603370199e-06,12359,0.41593454123745416,16452,0.46926376425962796,13068,0.6119913076448921,959,0.4581872041962066,893,0.5900339145741983,285,0.4207809955561028,15332,0.4579705084997926,14312,0.3317998088331061,7885,0.6078190028968151,1512,0.767672257348325,696
5918650.0,1709350.0,0,0.003786218618890759,5891,0.5284013382515755,10940,0.5210142357625024,8317,0.6119729296113599,960,0.22165628809668977,11643,0.49614017700119595,8335,0.5379900577793499,10052,0.5747231639929591,7742,0.3781360459406313,5480,0.22490012842896556,13446,0.4906851002229048,8641
6037750.0,1728250.0,0,0.0007141012142166534,7670,0.5034433369969766,12135,0.5493132897240813,5950,0.6119622521988505,961,0.37080599282490734,2860,0.538109908400464,2029,0.48892349183773387,12214,0.5173889095519388,10793,0.22614669339401616,15490,0.4568838832056865,5113,0.2115937165971964,17690
5979850.0,1742050.0,0,2.1362334083682427e-05,11266,0.7471126307899577,1573,0.6402266391072025,1717,0.6119306949250345,962,0.16326715395349153,15806,0.5096579370305783,5804,0.7624064002308748,1669,0.7591293095619505,1799,0.25728806633319834,13092,0.09865165563485467,18276,0.21422281976967772,17546
5985550.0,1753550.0,1,0.9999999999962992,133,0.8990961276295696,149,0.7407196561958629,115,0.6119166379385739,963,0.45580410669348326,930,0.5791152058287072,410,0.9727090876714474,185,0.9487425934316074,111,0.7444552399452127,142,0.7577172573973561,242,0.8099246336653008,336
5979250.0,1743750.0,0,1.8203355018296153e-10,17824,0.46158814049666946,14180,0.4411041906240158,15578,0.6119081331748621,964,0.15121422590248848,16417,0.4905377452462098,9403,0.41839384939134217,15449,0.4233747162298822,16358,0.19708205056718686,17714,0.059973528032406964,20733,0.14047808670262052,20658
6038250.0,1724750.0,0,1.6595109817209948e-05,11480,0.4584068680991373,14356,0.4604081445669319,13856,0.6118997755135227,965,0.25387691466622847,9331,0.517499350014782,4469,0.45913872301072856,13575,0.4744665319479229,13346,0.2554672989235114,13230,0.22680482195762863,13349,0.3040287008365343,13897
5988150.0,1752650.0,1,0.9999999991385935,481,0.891825642064513,629,0.7300082025108287,306,0.6118757325666357,966,0.4017294526381356,1930,0.5624929169156037,750,0.9597536918780954,781,0.9103471236349299,856,0.7467600545997042,140,0.5312349995056164,2972,0.7538411358989887,857
6001750.0,1716450.0,0,0.003173716381052791,6085,0.35814989809789627,19310,0.46387425852655073,13571,0.6118623058038407,967,0.3415337464154681,4017,0.5710672347782506,543,0.35670433405043167,18265,0.4386363688687286,15451,0.5607788695019065,768,0.5749681934693331,2054,0.7813568742589484,538
5939450.0,1698350.0,0,0.004886756286303734,5652,0.4159008955915453,16453,0.4934161075840879,10816,0.6118384526613434,968,0.2996618621014426,6189,0.5419059657756938,1746,0.42131853840652256,15300,0.4835762768814158,12800,0.3349918673495702,7706,0.31521798966437886,9599,0.6241859038880886,3663
5986150.0,1751450.0,1,0.999999995865426,578,0.8982676873820247,215,0.7343941560773216,223,0.6118332847784924,969,0.4088705505216746,1780,0.5397891772450578,1905,0.968363984934798,358,0.9271724753283059,371,0.3909548270417186,4892,0.5174440346566238,3289,0.337385189406046,12970
5906050.0,1749550.0,0,0.8978353380106748,1580,0.7210066422916969,1979,0.6807027236037678,1161,0.611803327246683,970,0.23647335017970897,10583,0.5225333108052372,3747,0.7741709904946905,1599,0.8317643124756713,1295,0.4324897066664499,3307,0.2725062133434101,11206,0.6454417058144908,3025
5887150.0,1766550.0,0,1.8975827178547475e-14,20741,0.6599452684486122,4324,0.5374425503275294,6896,0.6117925760382712,971,0.40747242925498905,1809,0.5578607723087313,895,0.6722398474880731,3923,0.5473521553300931,9139,0.4251593627775744,3547,0.5628906913430953,2264,0.5231355202933282,7616
5987450.0,1752750.0,1,0.9999999999472948,285,0.8912731578071836,663,0.7387726032106909,143,0.6117764318078971,972,0.5531723971860617,113,0.6120371235651331,113,0.9609763675848815,716,0.9239106972717307,468,0.7980357207122658,75,0.8434270189241245,53,0.8384645684621628,179
5987350.0,1752950.0,1,0.9999999969622937,565,0.8898238123976233,762,0.7408647405751324,112,0.6117562764185919,973,0.4966799877166658,469,0.5720274766605663,528,0.9584180537149147,857,0.9165190314675777,670,0.5043985969883236,1478,0.6192972089065911,1360,0.4242218695528671,10700
5880750.0,1782150.0,0,0.024905302177685353,3986,0.4581878794561108,14366,0.5130125917416869,9013,0.6117385079936979,974,0.2710889490229939,8115,0.5463702941266005,1457,0.4749617328987301,12870,0.5432769269638039,9346,0.44714727463825554,2848,0.3270080356276489,9190,0.6488644715717408,2922
5987950.0,1764450.0,0,0.002641112215722595,6281,0.5661934044614638,9104,0.5554921117695865,5486,0.6117317597766445,975,0.3753159075762345,2696,0.563131625255626,733,0.572210766523624,8474,0.6288520237602155,5296,0.5125834500462677,1329,0.5039533319222786,3685,0.7319353798587468,1165
5987950.0,1754950.0,1,0.9999999999996707,41,0.8904722219108699,714,0.7389000969800517,142,0.611715400666595,976,0.49046285343265683,531,0.5966075293442386,229,0.9624899711676802,637,0.9323122555067302,279,0.6922721275389365,221,0.7698423792955185,209,0.9207830555466431,40
5983850.0,1750750.0,0,0.0009144036020239335,7411,0.4429683773910753,15094,0.4967996039804297,10490,0.6116667055338553,977,0.4192302312637378,1555,0.5613514854440976,782,0.45588093814037256,13725,0.5108125057976569,11171,0.341864232916971,7301,0.616342777123681,1396,0.5442445874744595,6827
5906050.0,1742450.0,1,0.9999999249659121,818,0.8873479113758815,905,0.7117396685327003,726,0.6116408042370286,978,0.5026422412112629,416,0.5991916543513267,217,0.958637045360007,849,0.944691484619516,137,0.6072531094876549,490,0.7478804321560275,280,0.889492893129797,69
5986750.0,1750950.0,1,0.9999999992752335,464,0.8982002289647579,218,0.7338642470256195,235,0.6116301513145042,979,0.42430415011986006,1446,0.5889416187924641,295,0.9701979710136586,267,0.935847003159261,215,0.6634090979179862,289,0.724652461441591,402,0.8300043210710417,221
5916550.0,1708950.0,0,4.686103723176901e-05,10504,0.33398212948276407,20416,0.3888222950165754,19200,0.6115996856944957,980,0.22684761715249102,11244,0.49356214852430197,8810,0.30445428649859896,20370,0.35749471023014623,19423,0.3773231214272894,5506,0.23695638554502196,12846,0.4816246938694735,8918
5987650.0,1755450.0,1,0.9999999999994842,52,0.8904097736957852,723,0.7372987244869127,178,0.6115960504631314,981,0.5113596238588709,338,0.6074380864376505,150,0.9627074876946219,627,0.9339594061111203,244,0.6991649144808687,211,0.7979786645901557,124,0.9467621682439937,21
6061850.0,1761850.0,0,2.3004773681891933e-07,14338,0.6890552525658628,2983,0.6083653495430096,2541,0.6115921973405155,982,0.30636138372475424,5811,0.5384874085677679,1991,0.6838208490738045,3447,0.6991109614195412,2838,0.3539861623741073,6635,0.2894792248825917,10517,0.5902302922533132,4974
6067350.0,1768950.0,0,0.0018594974166453058,6653,0.537741223056979,10495,0.5561388229227306,5443,0.6115902692632419,983,0.30926335163498414,5637,0.5458675429059524,1486,0.556494574675682,9217,0.6148557012032929,5872,0.37726228101824133,5507,0.3085918996552288,9824,0.6229006129413174,3721
6002850.0,1728050.0,0,0.02526505968725921,3972,0.39797664826490237,17336,0.4511386976021713,14686,0.6115849967096347,984,0.3250825269268851,4777,0.5505865578051599,1185,0.39996249198353406,16291,0.46288414418090196,14020,0.5283457281939224,1096,0.5512935618216894,2509,0.7408063083167425,1034
5908050.0,1742750.0,1,0.9999999823430655,681,0.8872695478229647,913,0.720296035570766,524,0.6115689475214204,985,0.4093894115934527,1769,0.5812240645324956,385,0.958941905843181,827,0.9465356404912364,123,0.6364487482902007,375,0.6629814937582827,875,0.8452839016645205,154
5971450.0,1772850.0,0,0.0027036892188709457,6253,0.5536597843832171,9768,0.5837708642243522,3646,0.6115429744440455,986,0.375156940829534,2702,0.5785538340547117,414,0.5864756778575925,7813,0.6504699202297702,4452,0.6255909007682784,420,0.6317047552374533,1205,0.8272656537388301,232
6005750.0,1736550.0,0,9.489351131751701e-17,21487,0.6741966308905722,3611,0.5275797278256337,7748,0.6115340118170023,987,0.49899069458150175,450,0.5798429385386172,402,0.6951036359507816,3050,0.5613769022725024,8400,0.32510063042873816,8310,0.6569371576661566,925,0.5642339038336681,6038
5932650.0,1691550.0,0,0.14455546785280407,2542,0.5993550729836964,7390,0.5654624767638061,4813,0.6115296209963419,988,0.24701231118612396,9844,0.5240058761081947,3542,0.6051313578265243,6956,0.6376351010133606,4954,0.44643886053127324,2872,0.2893971795936079,10519,0.6100268662554312,4164
5985150.0,1753650.0,1,0.9999999995622673,426,0.8974661869300883,284,0.739588246598699,130,0.6115148067100624,989,0.5095387104277218,355,0.5980325673181458,220,0.9654948609207514,485,0.9327286317413233,266,0.6947175726983539,216,0.7712063757959278,204,0.8426345024151234,161
5947450.0,1763550.0,0,5.773951595141348e-12,19120,0.5372330972043539,10523,0.48029524321532824,12098,0.6115047398928269,990,0.4184604897201824,1570,0.5576151512346756,907,0.5090050291125141,11311,0.523688249517767,10416,0.4021956734505867,4437,0.6124679783058642,1450,0.5268368674936914,7479
5985050.0,1752150.0,1,0.9999999630726963,752,0.8977694343776415,255,0.7269521418794143,375,0.611493966483347,991,0.31940965617261247,5071,0.5601810008035367,820,0.9665853639983357,427,0.9182834171025392,622,0.3903202312382228,4922,0.48894689875531216,4104,0.5834841414364169,5252
5898750.0,1752750.0,1,0.5082220628054204,1827,0.6207550989513068,6341,0.595236975800657,3056,0.6114626648588897,992,0.15782725959697394,16078,0.5112033654175331,5507,0.6398818350857055,5397,0.6818061161443505,3327,0.36032996042661714,6319,0.19782181229967566,14801,0.586433880491143,5132
5984850.0,1751150.0,1,0.999999893834095,848,0.8966438763648311,345,0.7269242055974428,376,0.6114590964913625,993,0.47543932489822527,674,0.5707221443296441,548,0.9652185096225311,497,0.9201146439780702,565,0.38116733650745804,5358,0.6973465314380771,571,0.563942518228161,6052
5886550.0,1761150.0,0,0.0003094869812726243,8493,0.38551368511079537,17971,0.44229301137728033,15485,0.6114557007944119,994,0.3917429107920636,2178,0.5698099267943385,569,0.393128776131362,16587,0.4629594993030022,14012,0.46587433294172054,2323,0.5818754717694097,1917,0.7529505793632698,866
5986750.0,1750450.0,1,0.999999994697151,596,0.8961169334871907,391,0.7359327674538165,201,0.6114145788131486,995,0.5333145817239021,192,0.6126310785110475,109,0.9646856734144458,525,0.9326409848260192,271,0.5714991874255462,694,0.7585946457392354,238,0.8423974750416565,162
5989650.0,1754150.0,1,0.9999999999708278,257,0.8968903960449153,326,0.7270664107027587,370,0.6113693033523145,996,0.34988717924326845,3655,0.5596282200001076,843,0.9721548680009175,207,0.9111300635210932,832,0.572485873972109,687,0.42802099844406616,6046,0.7023161663253437,1700
5979950.0,1740550.0,0,2.1707424522415624e-06,12950,0.3714870916271828,18668,0.46079323207955397,13827,0.6113648554585974,997,0.16130879340936152,15926,0.5065128354721578,6398,0.3581837088106139,18194,0.401969726833038,17484,0.23552758643923244,14720,0.09304083300279697,18570,0.19706142255401904,18451
6037850.0,1693350.0,0,0.0008509227721651423,7485,0.659494215236017,4348,0.6168446562127693,2240,0.611315615451507,998,0.43908778271994175,1193,0.5791613437259896,409,0.6789355028457971,3655,0.7071952265547872,2632,0.6804749954486129,241,0.7197275466224029,429,0.8334262383179603,204
6067450.0,1766750.0,0,0.00041821664805347786,8211,0.5660162662922309,9111,0.5506727325094194,5836,0.6113147084489405,999,0.2737883125410211,7927,0.5410440250786377,1798,0.5504550576224997,9505,0.5938004196004469,6793,0.3496504783541413,6863,0.26985234169963923,11334,0.5918712052872417,4893
5987350.0,1752850.0,1,0.9999999998384665,346,0.8897270856867338,771,0.7376678786141185,171,0.6113029224037264,1000,0.479841063874621,635,0.6049917906283405,175,0.9599641064185648,769,0.921364692007379,531,0.5308256895832874,1063,0.7207181310526156,422,0.8268202407965497,234
