Boylam,Enlem,YANGIN_DURUMU,score_probability_mlp,rank_probability_mlp,score_topsis_pi,rank_topsis_pi,score_topsis_shap,rank_topsis_shap,score_topsis_equal,rank_topsis_equal,score_topsis_entropy,rank_topsis_entropy,score_topsis_critic,rank_topsis_critic,score_vikor_pi,rank_vikor_pi,score_vikor_shap,rank_vikor_shap,score_vikor_equal,rank_vikor_equal,score_vikor_entropy,rank_vikor_entropy,score_vikor_critic,rank_vikor_critic
5988250.0,1754550.0,1,0.9999999999940814,161,0.8921849767355439,609,0.7341665322368569,229,0.6137691802800721,866,0.6553958139972502,2,0.6186064678381666,71,0.9644388484079199,539,0.9362636782085235,207,0.6909629073469015,224,0.979804376423907,1,0.9322577927796318,33
5987750.0,1752550.0,1,0.9999999975187439,549,0.8927349864270728,586,0.7436897162843403,75,0.6357481491213931,182,0.6680921630261939,1,0.6372717053376084,19,0.9620581285694179,654,0.927922499142862,358,0.7856856958192655,89,0.9687617185691988,2,0.839955594871222,171
5988950.0,1756250.0,1,0.9999999999999263,14,0.8926371204043374,591,0.7562913676992361,9,0.6561223937031734,21,0.6249490156787638,13,0.6562350272555404,3,0.9700204469056519,273,0.940850978991672,164,0.9632295233379009,4,0.9391424226008136,3,0.9626846717518,8
5988150.0,1752050.0,1,0.9999999999433051,291,0.8976133236132201,269,0.7436028544011969,76,0.6208583541487559,590,0.633140708365553,8,0.6292916730302015,36,0.9753341131134207,115,0.9342475527625643,238,0.7481306106370982,137,0.9296852690446162,4,0.8493546023206695,141
5988050.0,1752050.0,1,0.9999999994923776,433,0.891857541387894,628,0.7382904718351797,156,0.6187750628698477,662,0.6340862295732583,7,0.6220707247671119,56,0.9611903682403281,703,0.9251044681217488,428,0.7852017133131738,90,0.9289504707984991,5,0.836427715464485,190
5988250.0,1752050.0,1,0.9999999999378513,295,0.8977559380294233,258,0.7438345979696419,74,0.6167377404002111,732,0.634575051559164,6,0.6209587225233203,60,0.975129719075849,119,0.9329085544614482,262,0.784216243575551,92,0.9230936538176123,6,0.8345042811270345,199
5987750.0,1755550.0,0,0.07315087596698563,3020,0.6738910635225174,3626,0.6502537215931641,1510,0.6504209054656646,39,0.6028822299876586,21,0.6535410936693797,6,0.6891753795468467,3246,0.7530001531494146,1868,0.8233627074685999,51,0.9204364487949155,7,0.9452858272656645,22
5988050.0,1754250.0,1,0.9999999999995841,46,0.8918195105158462,630,0.7397970568432217,127,0.6273490104274032,397,0.5944696670118166,32,0.6334790017953836,25,0.9645003790887235,534,0.9389595391721098,178,0.860934541077986,19,0.9182513765383922,8,0.9777873078016167,3
5988050.0,1752650.0,1,0.999999998965956,490,0.8914120625699862,655,0.729046616289276,320,0.589762568289007,3446,0.6261239289466066,12,0.5902673861621534,281,0.9602438115017765,756,0.9187548215785034,607,0.5784430601002629,645,0.9173878368677535,9,0.8165937466621321,285
5989950.0,1754850.0,0,7.48761764192696e-12,19025,0.40826517729366557,16857,0.4439833623727172,15332,0.6341049738411518,217,0.6369590552435174,4,0.6254056827413631,42,0.40810638881460204,15895,0.4896366256564457,12449,0.6083057562943481,486,0.9171336318763238,10,0.6393046848707677,3214
5989850.0,1756450.0,1,0.9999999999996352,43,0.8920928085884342,614,0.752206289664048,25,0.6541676360844891,28,0.6073687962367293,18,0.6542912631824466,5,0.9694967039747981,295,0.9385526888064788,182,0.8687911254431295,12,0.9073955251319628,11,0.9501171332772702,17
5987050.0,1752250.0,1,0.9999999532845907,773,0.898459290719396,198,0.7275258486784526,354,0.613643367643506,876,0.6164363485191553,16,0.621290556249475,58,0.9704407330468381,253,0.9392966186498015,174,0.604786192136553,505,0.9065161425048708,12,0.8384984384520637,178
6000550.0,1768250.0,0,0.01334226632792835,4638,0.6976241505715267,2653,0.6216802497774585,2094,0.555132186535985,13245,0.5719066537914846,58,0.5674595017099423,629,0.7072428498172618,2628,0.7416252840110068,2020,0.43637166944768524,3160,0.8960548834601586,13,0.8490968710150307,144
6003550.0,1760750.0,0,1.333277431463629e-07,14631,0.6970887843792194,2668,0.6104291864815177,2473,0.5983051267658934,2099,0.6005650954869801,23,0.5906308716458165,275,0.6975158846025858,2946,0.7254630565955592,2253,0.5687648864858458,714,0.8960155924958467,14,0.8093840041783661,338
5989850.0,1756350.0,1,0.9999999999997238,34,0.8919508778695554,620,0.7484533532545063,39,0.6462171060849936,66,0.5691257924326881,65,0.6406918530610347,14,0.969114742266275,319,0.9349141981000549,227,0.8621278351006644,16,0.8904672983900271,15,0.9468744111424192,20
5988150.0,1751950.0,0,7.977792184468538e-10,17159,0.46685096711729923,13906,0.48118250012949504,11995,0.6142972775064445,845,0.6295549402050005,9,0.6039084008250584,182,0.43492250871448146,14694,0.49237050374185576,12296,0.5152951221478962,1284,0.8895479218887407,16,0.6824432368767479,2095
5989050.0,1756850.0,0,7.584717954485822e-12,19023,0.3334754112951424,20440,0.4028018190265491,18439,0.6378113927099743,146,0.5965210783905163,28,0.6045858006772253,179,0.31002839646588,20171,0.39623449817406087,17762,0.5300504312306693,1075,0.8892142851972114,17,0.5826206121039639,5297
5988350.0,1754450.0,1,0.9999999999990703,72,0.8919217809088458,624,0.733350612458772,246,0.6099569790971847,1069,0.5719131028681073,57,0.6065545157121208,157,0.9638440256437915,573,0.932897085634562,263,0.8111354890765097,63,0.888406581351367,18,0.9538245899470664,11
5988150.0,1754250.0,1,0.9999999999992786,63,0.8916882227933597,642,0.7374243695244619,176,0.6268560187067995,416,0.5473769972939908,137,0.622600091081912,53,0.9640450574996223,560,0.9352135392464829,223,0.8534381688329162,26,0.8882071779478111,19,0.9691401560365575,5
5988650.0,1756450.0,1,0.9999999999999487,10,0.8922977754754363,601,0.7484347074393668,41,0.6303478359618394,317,0.5547054570395346,109,0.6184554970415918,72,0.9689836956744606,328,0.9332550829054297,254,0.927977391799244,6,0.887392313855677,20,0.9391685709517358,27
6034050.0,1711050.0,0,0.006614192768405587,5332,0.7347200485327818,1728,0.6994829675922324,936,0.6591391874331508,15,0.5969189669231744,26,0.659381555663423,2,0.7735578002310526,1605,0.8224969920881602,1365,0.5760337221001953,666,0.8857999950608562,21,0.5728000020865377,5699
6000950.0,1768050.0,0,0.00011280675161904214,9603,0.44976326877120393,14770,0.4867321612230235,11465,0.5542020621965593,13726,0.6020115525663219,22,0.5822494928798677,370,0.43599182749843535,14644,0.49175193219362345,12329,0.38584481475338217,5142,0.8837481418988601,22,0.853436872462706,133
5987850.0,1752250.0,0,3.3778267660616545e-05,10823,0.5721723977789801,8790,0.5651878401263555,4828,0.5971220867900052,2261,0.5807609961411843,43,0.5913005298164604,267,0.556318519508944,9224,0.6049224953867188,6330,0.5025835806975592,1508,0.8825776102367592,23,0.7645329580311157,734
5988950.0,1754150.0,1,0.9999999997599829,378,0.8917373343260611,637,0.7374677863084043,175,0.6333862314439898,235,0.6520238248130978,3,0.6436901205265088,10,0.9606641213550902,727,0.9237582910367155,470,0.8310750650808969,41,0.8814184997260847,24,0.8521972653462973,135
5989050.0,1756250.0,1,0.9999999999999243,15,0.8918720163421121,626,0.7586919997514757,6,0.6537361904473389,31,0.599073787846806,25,0.6608714796149334,1,0.9700088621418286,274,0.9444329578274435,138,0.8005909935231479,73,0.8803586380798133,25,0.9703973091483503,4
5987950.0,1754150.0,0,0.00025711650438571635,8732,0.6649314792187382,4069,0.5589892540984761,5230,0.5988691379936555,2026,0.6287838816434717,10,0.601695615460309,195,0.646995839183985,5054,0.645022186294398,4639,0.3408771069452654,7352,0.8803493100861289,26,0.798774309677698,396
5988550.0,1756350.0,1,0.9999999999999478,12,0.8925943334987116,592,0.7535369527541135,19,0.6521946938340089,34,0.5518841753125467,119,0.6337269378316552,24,0.9691476409263512,316,0.9343590020374325,235,0.9611343574637266,5,0.8793341719765203,27,0.9389839836860587,28
5988650.0,1754050.0,1,0.9999999999480447,284,0.8909825248752811,680,0.7405225417672975,118,0.62690251479305,413,0.5963725636745064,29,0.6396799153426224,16,0.96030641160807,750,0.9250562169325547,431,0.8259813301090423,48,0.8761722064513269,28,0.8455268217670331,153
5987750.0,1752450.0,1,0.9999999992453332,471,0.8917787331921025,634,0.7382589620356125,158,0.6252365843593788,464,0.5608185438883496,90,0.6134625027282984,104,0.9604814204362984,736,0.9200123827180191,568,0.73727688970418,154,0.8707279597866775,29,0.823577420212173,256
5989050.0,1756150.0,1,0.9999999999999685,9,0.8920191142456805,616,0.7523191284468973,24,0.6424277950835484,94,0.555013269284893,108,0.6358189070904482,21,0.969183668016757,314,0.9361363888749672,210,0.8605541709377106,20,0.8696107392870654,30,0.9513711375910188,14
5988450.0,1752150.0,1,0.999999999242315,472,0.8923099701839654,599,0.7400306077111948,123,0.6271055751300046,404,0.5701018310847796,62,0.6030515851830325,187,0.9604774896011856,737,0.9185063025851005,614,0.8255751526272792,49,0.8670208170328204,31,0.7766685684357459,596
5989150.0,1756850.0,0,0.0004940389411404422,8060,0.5653771945816144,9147,0.5824430332957347,3717,0.6283396445763049,372,0.5652955690919801,77,0.6200509179535783,65,0.5824139674068793,7999,0.6564764517722816,4224,0.7818659347768817,98,0.865749828220161,32,0.9217754010098675,38
6003450.0,1760450.0,0,2.3214744098417552e-07,14329,0.4055590154310146,16996,0.41878566130078126,17350,0.5677660460758325,8787,0.5967043806624065,27,0.575835565526516,465,0.372907071828358,17541,0.4041972431006895,17378,0.30373195294039723,9707,0.8654932344135634,33,0.8029884108632461,372
6003250.0,1760450.0,0,4.953159564144466e-08,15166,0.5341738449438881,10656,0.511375179533663,9155,0.5974245449169768,2212,0.6346126230028507,5,0.5845370973317039,345,0.5104170846246893,11246,0.5636014115410972,8266,0.5387693689970408,962,0.8640428475798203,34,0.7409700795806096,1031
5986250.0,1753750.0,1,0.9999999999635192,272,0.8996283473093143,129,0.7592224587431342,4,0.6624959679078045,10,0.5407149323843643,159,0.6548621985880019,4,0.9710098163767256,235,0.9567542112271953,63,0.8758695978375657,9,0.8633154386244222,35,0.9847918401600918,2
5988250.0,1753950.0,1,0.9999999999453819,289,0.8908530678318699,690,0.7383272092321119,154,0.6256295259357106,452,0.5935271163418605,34,0.6388387011249826,17,0.9602714455416229,752,0.924637696900561,441,0.8289490868637355,44,0.8630822874629931,36,0.8513966435185029,138
5987950.0,1754550.0,1,0.9999999999965457,130,0.8913979280453685,656,0.7217401021485662,496,0.585325065200605,4325,0.5785078271188852,51,0.5775498472626628,430,0.9626747124690209,630,0.9255390871493231,415,0.5203611515130004,1211,0.8630018261147472,37,0.8711710329626694,103
5989450.0,1756550.0,1,0.9999999999995526,47,0.8914523831261113,651,0.7477971734298273,48,0.6434405853167244,84,0.5575346321046684,100,0.6397407196327837,15,0.9689602059659643,332,0.9354273493445914,222,0.8309640445544111,42,0.8604732330096113,38,0.9497433828839075,18
5988850.0,1755450.0,0,0.0009766723311580806,7338,0.46933216528736244,13798,0.5251010580902359,7964,0.5937705669315553,2748,0.5581222997605205,99,0.5836206738603397,353,0.4648980704031058,13325,0.5419842544662188,9408,0.43181338289214866,3331,0.8588364874065804,39,0.8165391415451682,286
5988050.0,1754950.0,1,0.9999999999995917,45,0.8919428756636709,622,0.744917063842695,66,0.6324247379794135,263,0.5583042130997952,98,0.61181520986807,114,0.9633310957170341,602,0.9350663873784917,224,0.833086583419318,37,0.8582121371247785,40,0.810722475389447,327
5988650.0,1754250.0,0,1.1513959324645944e-16,21473,0.4242959995434038,16029,0.4256644960495156,16827,0.5831126711329735,4794,0.5940988631731531,33,0.5742093290178003,490,0.40079959053532654,16240,0.4634101265061751,13974,0.39619317435592305,4688,0.8565659616054881,41,0.5306610345819406,7335
5987450.0,1753750.0,1,0.9999999993752633,451,0.8984364618777807,201,0.7389074985655428,140,0.6100008776488689,1066,0.5762515064944254,53,0.6033200010180979,184,0.964125384612473,553,0.9260531836463664,400,0.7419616274836924,146,0.8559582018897383,42,0.8061290944805871,351
6003850.0,1760350.0,0,6.536652889653355e-08,15034,0.4248146036051488,15996,0.4402604061613846,15647,0.5569439037773306,12371,0.5659645620057657,75,0.5604009298447798,814,0.4203246957096467,15356,0.45328808103455753,14605,0.3165292878162037,8858,0.8546018742355672,43,0.8233899545540937,258
5988850.0,1754250.0,0,4.1787262263531225e-09,16420,0.6243178413625735,6163,0.5638895676089963,4909,0.6139842068484521,856,0.6160001223068666,17,0.6093235130389568,136,0.6064230460332041,6902,0.6356068680938485,5031,0.5605737163182285,769,0.8539564623062357,44,0.6820587369739378,2102
5987350.0,1752050.0,0,9.995837700892117e-05,9736,0.4971404661776792,12429,0.5397954445525063,6690,0.616679853876885,738,0.5472654913609891,138,0.6061965558753424,161,0.49083746654263816,12128,0.5559832104319767,8656,0.640168982286923,358,0.8523037374760067,45,0.7879543844615081,483
5986550.0,1752650.0,1,0.9999999998063658,355,0.8989301996560058,160,0.7367033168361158,189,0.6010338589923014,1800,0.5832691055225669,41,0.6060869734817487,163,0.9703716023644451,255,0.9414083995313984,156,0.6692829394711324,272,0.8487994994929196,46,0.8362895917012486,191
5986150.0,1753750.0,1,0.9999999999759888,247,0.9009463870492225,104,0.7590228068889497,5,0.6611887195969792,11,0.5268531814730174,227,0.6497395292292069,7,0.9758394903993332,109,0.9642814315893062,34,0.875416716967911,10,0.8487136438936707,47,0.986393070080254,1
5988750.0,1756950.0,1,0.9999999999944329,154,0.8928863570044961,580,0.7521443017028367,26,0.6491277271144525,52,0.5639903807967326,79,0.6311611310443944,31,0.9703119651244057,258,0.937577309907473,191,0.8844854577293034,8,0.8485080321770416,48,0.9505750914391338,16
5988250.0,1751750.0,1,0.9999999999072411,311,0.8977337405862903,260,0.7404376886371128,119,0.6298010558581557,332,0.5429191394940832,149,0.6155678412643338,89,0.9750102157054849,122,0.9275947478977418,364,0.8081748003404433,65,0.846869590269772,49,0.8395308367801015,173
5985250.0,1753450.0,1,0.9999999999969236,124,0.8987830280860741,172,0.7398010803620302,126,0.6091931810174732,1115,0.5654056443912765,76,0.6109012881849618,121,0.9734929320382824,159,0.9561161016783847,65,0.7492525361729524,135,0.8467462550470177,50,0.9415514968401966,25
5987250.0,1751950.0,1,0.9999999895538539,641,0.8973272888736941,295,0.7222802331549542,481,0.6123211515947091,945,0.5526694518382359,117,0.6138383736463926,101,0.9690787587365206,323,0.9333339498143411,251,0.5977933439514699,534,0.8436325031408469,51,0.8377687164237269,182
5972050.0,1774750.0,0,0.000265520142866789,8687,0.3839519126502279,18054,0.47153271138105773,12887,0.6173168060690742,714,0.5266313917629951,229,0.5994495124969301,215,0.38538617198535974,16956,0.4676737958602487,13725,0.6646654515284172,283,0.8435624505979262,52,0.8180202372775509,279
5987450.0,1752750.0,1,0.9999999999472948,285,0.8912731578071836,663,0.7387726032106909,143,0.6117764318078971,972,0.5531723971860617,113,0.6120371235651331,113,0.9609763675848815,716,0.9239106972717307,468,0.7980357207122658,75,0.8434270189241245,53,0.8384645684621628,179
5987250.0,1751750.0,1,0.9999998633809555,874,0.8986227803492742,188,0.7288116102803839,327,0.6349324564776824,195,0.6060924741051916,20,0.6261157347211341,40,0.9696505751051935,288,0.9355506211880605,220,0.6000025336134049,525,0.8431215332164068,54,0.8202574198352355,270
5987250.0,1751650.0,1,0.9999998610318177,876,0.8978943105695808,240,0.7228584780320574,466,0.6155944840297765,778,0.5911088938370224,35,0.6071787461610842,152,0.9688265594977872,340,0.9318484715485862,286,0.5867086654942991,588,0.8403512359679697,55,0.8124106516662648,317
5987250.0,1751450.0,1,0.999999999171181,476,0.8991073136321303,148,0.7500712508111383,33,0.6539842847594779,29,0.5804944586659117,44,0.6375303493803725,18,0.9664251357017231,436,0.9365620205506577,202,0.8588295766897762,21,0.8390154955591926,56,0.8262866299601805,238
5989550.0,1756550.0,1,0.9999999999997959,30,0.8908599666954516,688,0.7423453003934473,91,0.6223524327598993,547,0.5599819857418685,94,0.6236851788664288,48,0.968212806135375,367,0.9328440348168437,264,0.7563919863432877,129,0.8379262227140754,57,0.9420386452832402,24
5986250.0,1750550.0,0,4.630617268881376e-09,16381,0.4118209102315595,16672,0.4584464049800136,14031,0.6255286385841655,456,0.5850268132303676,39,0.6127390045259619,107,0.412404072311779,15699,0.48425799649055823,12762,0.6745671854311794,256,0.8376124634362923,58,0.7204612531485308,1372
5988650.0,1754150.0,1,0.9999999998420159,343,0.8918185890884648,631,0.7379847306851991,163,0.6305776538070734,307,0.5338033572895862,191,0.6220905271163008,55,0.9603997710838307,743,0.9187226025598947,608,0.8176896242372216,54,0.8368107708852601,59,0.8329954934160613,205
5984850.0,1753050.0,0,1.1836414595503105e-07,14700,0.6182164055709053,6472,0.5685768948586589,4604,0.6324194050019203,264,0.5774195089877375,52,0.6111872771645289,117,0.6174308539369766,6418,0.6517201637700283,4397,0.36027630325255877,6323,0.8361150700804885,60,0.5589357357002811,6237
5987650.0,1754150.0,1,0.9999999999999047,20,0.8917968185592781,632,0.7378205186490663,169,0.6265163867382959,423,0.5879112594530114,38,0.6049878787850428,176,0.9628039169284703,623,0.9315887222256974,290,0.8283909186893595,45,0.8356792218128042,61,0.7397434088890822,1046
5989650.0,1756850.0,0,7.005999517195592e-07,13679,0.4442032901205347,15039,0.4794957861315103,12174,0.5946673741274044,2600,0.52719601488937,220,0.5845551670039577,343,0.4478999363744689,14106,0.5100372389294439,11215,0.6209736104563048,430,0.8345507401161736,62,0.8663558765481645,111
5982550.0,1757550.0,0,0.0020323810360685433,6557,0.6875030764514617,3041,0.6307656080699704,1883,0.55562473011452,12992,0.5191760022779423,284,0.5553315690205943,991,0.6893473933701584,3238,0.723424895073449,2288,0.4576713997477708,2538,0.8328344492647063,63,0.790533386457329,457
5987650.0,1752050.0,1,0.9999999998487012,337,0.8897976562830887,767,0.7227096316447084,471,0.5897456026972333,3452,0.5699343331805858,63,0.5898632851214268,288,0.9588425618766356,836,0.9153001596825686,709,0.5565981154749748,800,0.8327944143649637,64,0.8232325076633696,259
5988350.0,1751750.0,1,0.99999999987913,322,0.8977683186588461,256,0.7389025901177325,141,0.6262606917651611,435,0.5458449412409874,140,0.6079938337603482,146,0.9746423453231781,130,0.9253774311837271,420,0.7519500706933882,133,0.8319072852400223,65,0.8281527923490936,226
5988950.0,1756150.0,1,0.9999999999998921,21,0.8909543135208213,681,0.7413935534967656,105,0.6303459115390554,318,0.5152737322736936,309,0.621884697836807,57,0.9679360398360722,379,0.929586575776327,330,0.7889928424592876,85,0.829843275898372,66,0.9430780709466112,23
5986150.0,1752450.0,1,0.9999999998800002,321,0.8993462670578688,136,0.7379230541175901,164,0.6201687503242046,618,0.5047601471251293,385,0.6059941049440704,165,0.9705585341663789,247,0.9381546734798725,186,0.7815523831939104,99,0.8296710194942971,67,0.8358247330999667,192
5985150.0,1753450.0,1,0.9999999994291877,442,0.897949389032148,235,0.7457649319980927,60,0.628524802584993,364,0.5615020612906395,87,0.6313191031568439,30,0.9664624842233847,433,0.939978297631089,170,0.7567781959722255,128,0.829455542334562,68,0.8740930412959964,98
5985150.0,1757750.0,0,1.9586852883164945e-07,14434,0.5073509599705502,11949,0.48937850229444463,11208,0.5640656086079913,9815,0.5408535804421676,157,0.5562754623030844,958,0.48642582273184587,12317,0.5262012668075327,10281,0.49616497349465005,1643,0.8293876440157321,69,0.8094299134625633,337
6035650.0,1710450.0,0,3.8029244973581097e-07,14037,0.4124795115316455,16647,0.5000410711619387,10212,0.6299019536428999,328,0.5686528843520848,68,0.6187850132191567,70,0.42960459602429013,14929,0.5069863733533125,11404,0.5183817983867705,1239,0.829267241358119,70,0.5206717379378691,7688
5987650.0,1753950.0,0,3.396290132385451e-06,12641,0.43219539561374914,15610,0.4691487913647801,13078,0.6037205796987997,1514,0.5736631005643541,55,0.5851952609427757,336,0.4366119158763022,14624,0.4982911745448133,11932,0.6313231878021318,392,0.8292530659067806,71,0.7226407258736178,1321
5988350.0,1752150.0,1,0.9999999997060829,391,0.8917022774318085,641,0.7427870095147797,85,0.6288366972742608,354,0.5671528394255715,72,0.6083699012627422,142,0.9602508738583232,754,0.9207757891298635,541,0.7868879521507448,88,0.8286328017276161,72,0.7355861823942575,1116
5988350.0,1753050.0,1,0.9999999997162914,388,0.8916635323326163,643,0.7385705748129068,147,0.6208185191343503,594,0.5264208746398692,230,0.598578889558246,219,0.9598325257001101,776,0.9167322164049618,661,0.7972211758393237,76,0.8279768670104063,73,0.7980511215276095,404
5989550.0,1756850.0,0,0.009982199497322394,4931,0.7427658593890503,1615,0.6829267684202218,1136,0.6269971876404448,408,0.5376882482761919,172,0.6188401205969672,69,0.7618103260824025,1672,0.8136115255160662,1483,0.8125552768642152,61,0.8271984966389239,74,0.9178161295427972,43
5987150.0,1750950.0,0,6.012380432844944e-06,12252,0.5161925816886536,11522,0.5512638722148046,5793,0.634246475568677,214,0.599460910850545,24,0.6160793057783824,83,0.5337692260735234,10241,0.5855354019174306,7201,0.5731422980333053,682,0.8269419557348126,75,0.7802781570596642,549
5989650.0,1754350.0,0,0.07534908104407918,2987,0.6137462958928829,6677,0.6201386183547702,2139,0.6258348374874496,442,0.5662162818676526,74,0.6409668286346907,13,0.6384047656750965,5463,0.7004284166276491,2800,0.6898945374698564,225,0.8256983140440867,76,0.8270551000398719,233
5983650.0,1761950.0,0,7.313963850053699e-06,12099,0.4371366622155424,15370,0.48174617962318245,11938,0.5662437348234052,9205,0.5515005879660207,123,0.5770097973196099,440,0.44302105736895425,14348,0.5190039067368094,10689,0.6697915888220769,271,0.8250852082037353,77,0.8163839101031822,288
5987250.0,1750850.0,0,0.0001954120806430401,9037,0.3945973600199718,17510,0.4973288575587298,10443,0.632942131044516,247,0.6167013241897493,15,0.626096208058793,41,0.38808324983528486,16819,0.47493831861254643,13312,0.664334447513335,285,0.8239470021411053,78,0.7981755137833121,402
5988250.0,1755750.0,0,0.0012643926195981235,7060,0.5784313423719146,8468,0.6053953541740315,2624,0.6188886893991322,657,0.5586195934005791,96,0.6293620939115321,35,0.5950024158295268,7430,0.6737127971506683,3595,0.6785210827564627,248,0.8239257258623149,79,0.9376713533226452,31
5989450.0,1754550.0,1,0.9999999999999953,1,0.8965490996627834,359,0.7312716530181202,282,0.5840352794544468,4584,0.5228872567167191,255,0.5591619782830302,856,0.974968449302097,124,0.9298637268502773,322,0.7693329224803447,106,0.8220541044184337,80,0.7606681618596904,776
5985850.0,1751950.0,1,0.9999999997786908,366,0.8993279035607672,138,0.7354496307581375,208,0.6250869253353842,471,0.5158827627275122,304,0.6111096557482734,120,0.9707596639167198,242,0.9383743423374878,183,0.7638927768362804,116,0.821929658984567,81,0.8395067041887692,174
5986050.0,1752450.0,1,0.9999999996196554,408,0.8987051250302239,180,0.7339074775986587,233,0.6077934085741565,1204,0.5339422056922158,190,0.5976950765228551,222,0.9698173728548567,285,0.9363581198652566,204,0.6574864008405074,303,0.8218449569376334,82,0.8263440692119499,237
5985750.0,1751350.0,1,0.9999999995746587,423,0.8984097166148323,203,0.7489199471576603,35,0.6494256790859771,48,0.5260823694787978,231,0.631507516008465,29,0.9713808827944685,223,0.9482795284561083,114,0.8530905441415841,27,0.8216403504158414,83,0.8388163481056354,177
5986850.0,1751050.0,1,0.9999999985757602,513,0.8973513442450373,293,0.7392159814752635,135,0.6208464107868337,591,0.5606084985630212,92,0.6239579684237854,46,0.9664886211969038,430,0.9373440741624426,196,0.7218442243522571,175,0.8188086906616345,84,0.8549292167439945,130
5987250.0,1751550.0,1,0.9999998470295789,887,0.8963217642321929,381,0.7198212042825566,538,0.6112410642691355,1002,0.5701194516385584,61,0.5991622715761737,218,0.9633569236617233,599,0.9206631287329182,546,0.578685819286638,644,0.8170668749437161,85,0.8031359709729173,370
5988950.0,1754050.0,1,0.9999999998482045,338,0.8910596932383386,673,0.7301003840029412,303,0.6124695451845209,938,0.5673774060388853,70,0.609762738420554,132,0.9590631511529855,816,0.9140499961477043,742,0.7998948314631276,74,0.8165114607119597,86,0.825366787960065,246
5987950.0,1751850.0,0,1.496754323555883e-09,16891,0.44899683247079497,14811,0.4498892324886853,14797,0.6009081675003896,1811,0.5408723893540245,156,0.5737618327152938,498,0.44492170366836126,14235,0.4833773972712372,12808,0.5430858568028359,928,0.815713430059909,87,0.7037525674925449,1673
5987950.0,1751650.0,0,0.00023444684570863295,8830,0.6123555776101939,6737,0.5769141624841876,4058,0.5894351225045967,3496,0.5687241293095702,67,0.5835394544414115,354,0.6249486280030392,6071,0.6690476529769473,3760,0.5705249159385299,701,0.8140476108608721,88,0.7792866663200695,562
5988250.0,1752150.0,1,0.999999999988191,195,0.8964427235471784,368,0.7428663670222855,82,0.6108808889907051,1020,0.5734622876998089,56,0.6122348684802857,112,0.9741051677120863,143,0.9309123592485093,305,0.7164708133442397,180,0.8139467271651087,89,0.8262134456701243,239
5985950.0,1750650.0,1,0.999999998194959,529,0.8985742632088125,190,0.7470134142774958,54,0.6427282528814104,93,0.5573726040265836,101,0.6222160424148653,54,0.9661548341210083,455,0.9355310106058341,221,0.8370582713542809,34,0.8136803063501024,90,0.8173696413760174,281
5983450.0,1761450.0,0,2.4356854440972624e-10,17709,0.42620495923215024,15930,0.4348587654582281,16091,0.5693999697675252,8352,0.5880325125807966,37,0.557216668205135,930,0.3867563812732089,16876,0.431874011859102,15841,0.47786852001087154,2017,0.8133229052017497,91,0.5881568676361091,5058
5988950.0,1753150.0,1,0.9999999999126175,305,0.8911907760498925,666,0.7395739536082264,131,0.6235245605008573,514,0.5362785440056776,181,0.605894001527766,169,0.9590303647922891,819,0.9162564952255248,681,0.794342656463927,79,0.812786435046359,92,0.7760618497873892,602
5987150.0,1752250.0,1,0.9999999978033922,539,0.900389684688218,109,0.748603316420034,38,0.6510492771369174,35,0.5621855187466156,85,0.6270391134628875,38,0.9673731688098286,394,0.9343495870326851,236,0.8584522328397712,22,0.8123632103529086,93,0.8297833038989944,222
5985050.0,1752050.0,1,0.9999999425862818,798,0.8993341673710981,137,0.7390764017928084,138,0.635451074172468,189,0.5108954746904146,342,0.6178476141823067,76,0.9685269832792789,352,0.9307468200686773,308,0.4283315818832544,3440,0.8114851852761118,94,0.6254385842420848,3620
5987450.0,1754650.0,0,0.09496215639150869,2807,0.6883316374135297,3009,0.6374107085922912,1769,0.6269862122476558,409,0.515960217064431,303,0.5971311091902419,224,0.6986391239475637,2905,0.7466990160452538,1947,0.7821301432749879,96,0.8110233642316207,95,0.7929267666195239,437
5988650.0,1756350.0,1,0.999999999999948,11,0.8928088662099816,582,0.7524892208659355,23,0.6497476067974175,45,0.5290827074835343,209,0.6272902795727026,37,0.9694088355219495,298,0.9339402022628928,246,0.9764751175788511,2,0.810739671457599,96,0.9380601439168402,30
5984750.0,1753050.0,1,0.9999996678653162,972,0.8977237300317558,261,0.7322808153666154,266,0.6105984187495549,1034,0.5149388239808442,313,0.596850549134399,227,0.9624421009359787,639,0.9165456356967777,669,0.40295728465498093,4399,0.8105078408996345,97,0.6066447526584632,4304
5989250.0,1751750.0,1,0.9999999999940696,162,0.8961621969710123,387,0.7355973743192457,207,0.615855502855491,768,0.5271578779364681,221,0.6099696442526003,129,0.9728073929656056,181,0.9228950536917149,491,0.8113879820145973,62,0.8103300546058557,98,0.8305726127895855,218
5986850.0,1750850.0,1,0.9999999991296358,482,0.8987753900180927,173,0.7440379270109249,73,0.6313428865325308,290,0.5407988751055232,158,0.6300304629756932,33,0.9712858952199847,225,0.9458847038415573,130,0.7312515711459818,168,0.8102528187024339,99,0.8544663385281859,132
5945050.0,1790750.0,0,0.002815032825242191,6207,0.7179590061810719,2056,0.6537240166403337,1436,0.5883832342710982,3686,0.49726745546897977,464,0.578461489419681,416,0.7305045300560319,2086,0.7697788972305319,1707,0.6104312233220774,470,0.8089344190033154,100,0.8123065507382089,319
5988950.0,1751550.0,1,0.9999999999988076,85,0.8958739599506068,404,0.73791147901172,165,0.6147428348777411,815,0.5609022347955611,89,0.6147894263445873,94,0.9733292711630462,165,0.9280877141836839,356,0.7348523345450111,157,0.8069352002946777,101,0.827552722554185,228
5982650.0,1761750.0,0,4.632114627684206e-09,16380,0.44110301246589423,15183,0.44034797048328245,15641,0.5256950535364635,20309,0.5255740273880112,235,0.5317840393597815,2622,0.4298580956537912,14916,0.4637576180575331,13953,0.48273326078515555,1917,0.8066493903305992,102,0.7204616893466458,1371
5988650.0,1756750.0,0,1.4841488481882492e-09,16895,0.3238298199619264,20778,0.39881818878294817,18678,0.6215508511781186,572,0.5373933392044286,177,0.5995467107169893,213,0.31655237196477826,19905,0.3941932438021176,17849,0.6837016592592472,235,0.8065736719426736,103,0.7497786867036751,914
6034850.0,1713450.0,0,1.0815470680716464e-12,19678,0.6615964796658176,4244,0.5576339711195745,5340,0.5730370892970048,7327,0.543410861281925,147,0.547623468862456,1360,0.6680767226880036,4109,0.5785326723364357,7568,0.46148510745095594,2437,0.8065149299707759,104,0.4648235750834294,9444
5980250.0,1753150.0,0,4.01317899504451e-05,10678,0.5772762508126222,8535,0.5686288184934215,4600,0.5871276606571061,3941,0.5015224882054904,428,0.5780220411064468,424,0.5724491088405798,8466,0.6080627716667321,6176,0.5596464870135092,774,0.8060223208572561,105,0.7998428350417747,388
5986450.0,1763650.0,0,1.0904377142748102e-05,11802,0.5785300893687247,8464,0.554847138163393,5519,0.5436654710838477,17415,0.5090769821640811,357,0.5381888914144478,2018,0.5785952935250253,8170,0.6261099480398981,5420,0.4880010958788846,1805,0.8058163600873651,106,0.8171359844531709,284
5988350.0,1754050.0,1,0.9999999999608471,276,0.8897042070854321,774,0.7342619215547521,227,0.6104568363634074,1039,0.5573686616048729,102,0.6207771795648874,61,0.9590220813281359,820,0.9203461529454409,555,0.6792252796457586,243,0.8053780487827704,107,0.8367342004984155,188
5986950.0,1754150.0,1,0.999999999998368,95,0.8991136600150381,147,0.7483689292397624,42,0.6313014113877016,292,0.4987531787544978,452,0.6084223183106567,141,0.968569359776622,349,0.9443118468848387,139,0.8613198557698167,17,0.8053032943784619,108,0.9207831818403542,39
5985750.0,1753550.0,1,0.9999999999844607,214,0.8987124556661419,178,0.7475174367464619,50,0.637196353302297,157,0.48641027662879005,565,0.6194190749327224,66,0.9692893607846739,307,0.9475846123144268,117,0.8289548244215693,43,0.8052379238320824,109,0.9681160016914537,6
5984650.0,1757450.0,0,0.00010102037261713497,9722,0.34227223971646636,20078,0.4324793588978029,16296,0.5735128662813873,7178,0.549465649788062,131,0.5721684433584331,525,0.30904182062817953,20203,0.38247508076016523,18399,0.4737961249029048,2116,0.8050106173393231,110,0.8158404380422764,291
5989950.0,1756450.0,1,0.999999999998924,80,0.8894861192068979,792,0.7296516593867294,311,0.5814246139088275,5190,0.5651430034332987,78,0.5887640311850766,297,0.9666790999054745,423,0.9272473175509252,369,0.6274486201940135,413,0.8041134146409703,111,0.9098304084315972,50
5986450.0,1752150.0,1,0.9999999998135818,353,0.9000301867122176,117,0.7452280475562949,64,0.6356514295297095,187,0.5039148252899928,400,0.6059804750505685,166,0.9707402453769363,243,0.9393231738631584,173,0.8158356407458192,57,0.8039034207427694,112,0.8075940813488491,344
5989750.0,1754450.0,0,1.951354108617756e-05,11345,0.6096484678577646,6871,0.5799687169370368,3869,0.5941039191373337,2694,0.5689712645108996,66,0.605880507846309,170,0.5938313246973518,7477,0.6388501618257318,4911,0.5465135301975165,896,0.8030263643205079,113,0.7783513629712815,570
5986850.0,1750950.0,1,0.9999999994334767,440,0.8982979256335999,214,0.7380465049925755,162,0.6139066457214457,859,0.5397400849313765,162,0.6134937055067198,103,0.97067621919235,244,0.942680227176055,149,0.7071781676932337,198,0.8030178638595564,114,0.8473383460506291,146
6005650.0,1760850.0,0,9.956307311344162e-05,9742,0.35312776329616397,19564,0.4666920325612663,13320,0.6005697951489836,1847,0.5052294831307618,382,0.5854863114338126,330,0.3508680127260113,18510,0.44823993407562823,14883,0.6398449493416452,361,0.8024184596621489,115,0.8761214992789919,93
5986350.0,1750650.0,1,0.9999999909551524,628,0.8970946290378856,313,0.7419989573034033,97,0.6315049554570928,286,0.5560840937181786,104,0.6329906526577707,27,0.966435499864588,434,0.9392616125225269,175,0.6769792501639664,254,0.8022790696534879,116,0.8589813596837357,122
6000250.0,1767850.0,0,0.00017415581038426973,9166,0.3940149102745809,17534,0.47630093505540194,12468,0.5224442421750177,20516,0.525134262570241,236,0.5406411777181457,1832,0.36447737088911514,17917,0.4390882438979342,15427,0.359596772480528,6359,0.8022480188309056,117,0.7679586515295453,691
6036250.0,1713150.0,0,1.235027266431905e-10,18016,0.5795960508826196,8408,0.5317440738521341,7377,0.5889917203863717,3593,0.5304334610209438,203,0.5716220246585955,532,0.5752737043134388,8343,0.5901300634581055,6976,0.45230972761273647,2694,0.8022149056498149,118,0.4790569798924731,9010
5988350.0,1751650.0,1,0.9999999999810092,230,0.8968220717651224,332,0.7386146801801503,146,0.6216684738787416,569,0.48684539414886313,560,0.5997863474192052,211,0.9737846741991326,154,0.9238024944449698,469,0.8311946342333336,40,0.801857712623678,119,0.8195635436393616,272
5972250.0,1770950.0,0,1.6041290412285117e-09,16864,0.4773069658217826,13395,0.47386894703959953,12676,0.6201413570006391,619,0.5259897938994835,232,0.5865415415196347,318,0.4494724814157718,14018,0.4990733275367468,11866,0.6318661849662319,388,0.8016381060237762,120,0.6580076030137196,2659
5988450.0,1752250.0,1,0.9999999997845956,364,0.8915660538967909,646,0.7338528864079674,236,0.6065101906506707,1279,0.5164452356521677,299,0.5784323885778803,418,0.9594813268939555,793,0.9136452928478862,759,0.7898711092740205,82,0.8015651913017374,121,0.7523102447893664,877
5908750.0,1758950.0,0,1.309747463540071e-12,19618,0.5170393170256047,11488,0.4681963173630263,13166,0.6246444411174124,482,0.5756795372789127,54,0.5913439925648478,266,0.48904253678835463,12207,0.4874977233804658,12591,0.3914519838938132,4869,0.7993088657353654,122,0.5124560765779309,7948
5985050.0,1753450.0,1,0.9999999997763787,367,0.8985580302532906,191,0.7422731527821793,93,0.618469287277261,676,0.5346901965046792,184,0.6163070699160371,81,0.9708437789280733,238,0.9453036365010382,133,0.7043959663376071,199,0.7987134661088986,123,0.866651748363019,110
5987650.0,1755450.0,1,0.9999999999994842,52,0.8904097736957852,723,0.7372987244869127,178,0.6115960504631314,981,0.5113596238588709,338,0.6074380864376505,150,0.9627074876946219,627,0.9339594061111203,244,0.6991649144808687,211,0.7979786645901557,124,0.9467621682439937,21
5986950.0,1754050.0,1,0.9999999999974636,114,0.8998510293351216,122,0.7479158904218643,46,0.6339622577690034,222,0.5381741861226488,170,0.6000023213444753,208,0.9685430999987562,351,0.9423265548270194,152,0.8516528161641825,28,0.7976169187330758,125,0.7976990276334353,410
5986850.0,1753350.0,1,0.9999999990558344,487,0.8987007030485872,182,0.7538296638226952,18,0.6410066646823467,110,0.5194025125856339,280,0.6333460166471513,26,0.9660985683439112,457,0.9362755564526417,206,0.7285767852978144,169,0.7970976479979096,126,0.8334706962671627,203
5985850.0,1750650.0,1,0.9999976004999647,1137,0.8975457666502987,277,0.7365423341168896,191,0.6217516621861398,566,0.5431725882788795,148,0.5933195647704445,249,0.9670329894915983,407,0.9297548872286481,325,0.40311383414348967,4391,0.7966677804917226,127,0.584187411598112,5214
5986850.0,1751150.0,1,0.9999999987788621,503,0.8976079311807142,271,0.7412816444796849,106,0.6251306895330705,469,0.5154327333276376,306,0.6207487254709013,62,0.9666135758027365,424,0.9358948268131775,214,0.7146459867303625,185,0.7957947181788175,128,0.8514129341425541,137
5985150.0,1752750.0,1,0.9999993078926465,1051,0.8993039087024308,141,0.745716699614368,61,0.6363363019494747,172,0.5691405480443917,64,0.614601793017675,95,0.9680864688460856,372,0.9331558421073494,257,0.4110433603617266,4087,0.7957896632302525,129,0.5913358766559442,4918
5989750.0,1753750.0,1,0.9999999999913973,176,0.895589754357645,428,0.732083604550652,272,0.6038858073093192,1496,0.5792610192622178,49,0.6138691661720354,100,0.9718931694388077,213,0.9224119636989205,508,0.7737645276635315,104,0.7957808432967513,130,0.8338202752241878,202
5985050.0,1753150.0,0,0.005577835765651582,5522,0.6951357809089852,2746,0.6596070284788412,1329,0.6244272484241574,489,0.5144614702121212,317,0.612601477530495,110,0.7228045353735859,2222,0.7633112293863701,1760,0.38407393990167815,5217,0.7957231935838751,131,0.5917417254615258,4894
5987950.0,1755550.0,0,4.607048374333811e-11,18396,0.5739958645373948,8700,0.5078638561127319,9469,0.5609024841169229,10761,0.5606999937397968,91,0.5516291125389129,1143,0.5600455143165113,9059,0.5878930902596804,7091,0.4963439327597884,1636,0.79517597764329,132,0.6515040040921015,2856
5985650.0,1751350.0,1,0.9999998505948658,885,0.8980651240376165,226,0.7462591831489882,57,0.6429236916599446,89,0.5043574380573634,393,0.6238171404935878,47,0.9687195287051927,342,0.9374056064139658,195,0.4334636613713534,3268,0.7938753029577138,133,0.6208830280460484,3780
5989550.0,1756250.0,0,2.8513271798354562e-11,18571,0.6472011793005578,5002,0.5564000499588537,5426,0.6258126409212765,443,0.5223768174200687,260,0.6031402746955054,186,0.6379959641805671,5479,0.5955000297903971,6723,0.6403947800473678,356,0.7932667372550177,134,0.646460861867088,2999
5988550.0,1752950.0,0,7.11304584523121e-17,21507,0.5493162422828578,9974,0.4878869343436537,11362,0.5916268936928888,3107,0.5425720916122985,150,0.5686371001785674,601,0.5235700213409787,10682,0.4795964116883551,13018,0.3326161879383924,7838,0.7931636958670949,135,0.46361753084404056,9481
5987650.0,1752150.0,1,0.9999999994495912,437,0.8914934397578067,650,0.7283089467868967,336,0.6159237203603085,765,0.5195145712536227,278,0.5913817467881849,264,0.9597570930627626,780,0.9129511755617158,770,0.6629255973669381,291,0.7928085479548209,136,0.8130493678049466,314
5988750.0,1751450.0,0,0.0028891943056118296,6177,0.3967283598019727,17401,0.490601138982242,11083,0.5975153972949947,2195,0.5516993554254023,121,0.6060404559500818,164,0.3716794443156346,17591,0.4529110694501519,14624,0.5664029438449603,732,0.7920261827905757,137,0.7879220141209345,484
5989350.0,1756950.0,0,4.239557697322937e-06,12496,0.47361549981402107,13583,0.48710268764039194,11436,0.6294561730926156,340,0.5032352595788977,406,0.6232011326098968,51,0.44862736151264704,14069,0.4870244857134144,12618,0.35169684935370116,6757,0.7917343058449868,138,0.8112600409112132,324
5988250.0,1755650.0,1,0.9999999999999716,7,0.8968931662253737,325,0.7414291896670996,104,0.6166963378148529,737,0.4885224623859181,549,0.588268226507681,304,0.9760192059822843,107,0.9362469905182409,208,0.8143195128986057,59,0.7916526451319549,139,0.8525228975183617,134
5985250.0,1751250.0,1,0.9999998648448173,873,0.8976866973257784,263,0.7435542017204798,77,0.6497724039973162,44,0.5387784591874404,166,0.6337774115857584,23,0.968428053385032,355,0.9374314703840655,194,0.4383982666475722,3101,0.7915604884043583,140,0.6276395346744933,3568
5905550.0,1759850.0,0,0.00032693629946367413,8431,0.37655629064904,18428,0.4865357053650572,11485,0.6219928685619479,560,0.48915233623875554,543,0.6094382880785517,134,0.35963429201019426,18128,0.4548029373492892,14508,0.693400646783533,219,0.7911919790088928,141,0.8697248221256522,104
5988250.0,1754450.0,1,0.9999999999982265,98,0.892546397776822,595,0.7407488093319018,114,0.6392201394548482,128,0.5340817131531769,188,0.6243096073869863,44,0.964756861763797,520,0.936217184816087,209,0.8581837437136688,23,0.7903379555191257,142,0.9531566557777685,12
5984650.0,1752850.0,0,0.061616452192977324,3193,0.7163252433321874,2094,0.6763715445245125,1183,0.6207980267058194,596,0.5145057206829596,316,0.6099361021558006,131,0.7555537369005739,1726,0.796457714729701,1587,0.39225363246923506,4828,0.7903143068029526,143,0.6025289529900232,4459
5986650.0,1751950.0,1,0.9999999995364257,428,0.8999279343325758,118,0.748442047803493,40,0.6410978974582044,109,0.5166090891410908,296,0.6077676391924277,148,0.971022946292073,232,0.9414725540317502,155,0.8172174267930865,56,0.790276078170792,144,0.7231335754291331,1308
6034850.0,1713550.0,0,9.58132370624327e-09,16046,0.7091415187739666,2270,0.5956924438084094,3037,0.5633146490174403,10043,0.5232345075262609,252,0.5658948950991622,667,0.7220179598881875,2245,0.7059176217868698,2661,0.29464958379440265,10367,0.7900957210497714,145,0.5000336615854282,8351
5983750.0,1758050.0,0,1.1434302121157669e-05,11768,0.6341017680055228,5647,0.5865786861848856,3487,0.5544740730034986,13558,0.522477400565441,259,0.5535196458660843,1066,0.6361893299072263,5550,0.6734100043986296,3606,0.46995511709332694,2212,0.7898695590477232,146,0.7943648077335952,428
5984850.0,1753550.0,0,0.0004010806228143906,8242,0.5918558545242624,7757,0.5943730028137555,3105,0.5983948936759911,2092,0.5397850143251367,161,0.5903549888796873,279,0.6031820090562631,7036,0.6610815197752987,4039,0.6276158612440013,411,0.7896936054104329,147,0.811568192869812,322
5990350.0,1749150.0,0,0.0021764035946334782,6477,0.634144483985818,5644,0.627949549290231,1944,0.6347200545839621,197,0.5710088656490645,59,0.6309510518122932,32,0.6487446888608794,4978,0.7050067108354549,2687,0.7849288154716599,91,0.7896352077301728,148,0.8118337592442555,320
5986950.0,1751150.0,0,3.5188879626865385e-06,12610,0.598907555378538,7414,0.5653292088861128,4821,0.6227083684486296,534,0.5296959946409541,204,0.6101227010360588,126,0.6144904104103088,6554,0.6647607591383315,3913,0.6835424386775693,236,0.7893833539119279,149,0.7597984052637203,779
5944650.0,1790250.0,0,4.976366412165077e-10,17369,0.4081243274644205,16861,0.41198104782263034,17843,0.5561711454932461,12735,0.4957117160109082,479,0.5506988511555349,1176,0.37564341341611507,17410,0.39580942784518847,17780,0.28507141691420745,11051,0.7885708247180447,150,0.7543519789972244,847
5986750.0,1751650.0,1,0.9999999809728525,686,0.8973569732351409,291,0.7290283120939206,322,0.6283630965035707,371,0.4897836176685424,539,0.621115826849728,59,0.9701838841794975,268,0.9376423475609498,190,0.6121992491419265,460,0.7883885585901245,151,0.8460816127494538,149
5986650.0,1750250.0,1,0.9999999626689035,753,0.8983665355163093,207,0.7321489182272926,270,0.6304990335821447,310,0.521359639383495,264,0.5890841937189764,294,0.9641175490782887,554,0.9206979867799736,543,0.4993491547934641,1569,0.7882960571596201,152,0.791981180576077,445
5987650.0,1755750.0,1,0.9999999999963634,132,0.8922729888329417,603,0.7478923977229581,47,0.649476329534374,47,0.5111978992340798,340,0.6320390028503047,28,0.964785578943849,519,0.9403399249767004,169,0.8613119504135163,18,0.7880258499671866,153,0.9511554675623863,15
5988750.0,1754050.0,0,3.4122298209015695e-17,21554,0.5809569223356668,8337,0.4702435967542085,12995,0.6006805461661892,1838,0.5235986584726381,248,0.5819315506265366,374,0.5485932789644666,9582,0.4713522749971475,13522,0.28095051551541017,11353,0.7876679637596742,154,0.5115968660868017,7986
5988850.0,1751650.0,1,0.9999999994185429,444,0.8941021003380355,539,0.7117421428026883,725,0.5761912070992611,6442,0.5164717021546542,298,0.5635379218914146,729,0.9703704398673589,256,0.9088832762484328,886,0.5510884256274591,856,0.7875659346829927,155,0.7867273593854998,497
6009050.0,1763750.0,0,9.447915808098433e-15,20887,0.6477344162477263,4964,0.5351246767133793,7069,0.5830785789652317,4801,0.5591217717393888,95,0.5544147180247068,1023,0.6386258816700647,5452,0.498502005268908,11915,0.304879574415593,9630,0.786837252215992,156,0.4329634624788806,10463
5985350.0,1751950.0,1,0.9999999350392639,807,0.8986677334147998,186,0.7384985729366874,149,0.6311126051717634,298,0.5005836193124672,438,0.6149067258076084,93,0.9681657957385857,370,0.9307510262232088,307,0.4254004884938596,3538,0.7866954068398273,157,0.6211490170114878,3774
5986550.0,1750350.0,1,0.9999999980706991,532,0.8973919052828994,289,0.7331936103215037,251,0.6148191632872626,812,0.4863903572985172,566,0.5952003154750052,240,0.9643768669459348,540,0.9252493668905932,424,0.73713611074966,155,0.7863441156848495,158,0.820918354928768,267
6004950.0,1765650.0,0,7.609921301210236e-05,10043,0.6115148071725582,6781,0.5406604058316365,6623,0.5555749420789545,13023,0.5030263818904915,411,0.5521787003361252,1120,0.5988065351896555,7237,0.5998765868381755,6538,0.2869762936762916,10904,0.7860794862619825,159,0.7978042101774613,407
5972750.0,1775750.0,0,8.084495180173178e-13,19781,0.5763873993648158,8594,0.502499045152886,9988,0.5756144171905498,6614,0.5031064355322814,409,0.5441529172220544,1599,0.5650331094763514,8820,0.5780000956876905,7590,0.4634602018543852,2388,0.7855212441996605,160,0.6084886513297407,4228
5989950.0,1753450.0,1,0.9999999999782196,238,0.8964046675318523,374,0.7337939188590114,238,0.6107310717961826,1030,0.5959019052446075,30,0.610174884328827,124,0.9718385957481385,214,0.9201551233701183,564,0.7870517123729961,87,0.7855179118202085,161,0.8134161988591637,312
5984750.0,1753350.0,1,0.9999999997608626,376,0.8970265604238622,317,0.7320956997231091,271,0.5989348598073755,2016,0.5474714917871961,136,0.5820833075638329,373,0.9643356140321864,541,0.9285250686541221,346,0.6491205527023514,328,0.7852601017627892,162,0.7752853478099877,608
5972450.0,1770850.0,0,4.170203671929174e-05,10638,0.5329680933711834,10693,0.5414171907419314,6551,0.5994041847302644,1954,0.4765693814906393,663,0.5839324336046755,351,0.5195272446683303,10844,0.5591557041157993,8494,0.5418886356526016,940,0.7849816678788875,163,0.7843502177702395,512
6033350.0,1717550.0,0,2.1206153854459602e-15,21145,0.5987058435826392,7428,0.48892647624656665,11261,0.5598209281184398,11134,0.5569683350643925,103,0.5316871205810011,2633,0.5687182471681328,8637,0.5143151804257927,10962,0.21896979030626407,16024,0.7841520087731535,164,0.3990870035890971,11441
5988250.0,1752450.0,0,0.0014631294521196259,6912,0.7248343800739148,1885,0.6612675819444144,1314,0.6320498944229097,274,0.5220654554375166,261,0.6040807783716451,181,0.7276966247413655,2128,0.7438141044662261,1992,0.6424166324174563,351,0.7839197612459655,165,0.7635081070526921,743
5986750.0,1750350.0,1,0.9999999980673624,533,0.8969790868702306,320,0.7371009344939086,180,0.6176213412294417,700,0.529357309089686,207,0.6138991948055086,99,0.964930294857752,510,0.9313627301479508,296,0.6771649591748363,253,0.7834099330735875,166,0.8373927870691134,185
5987750.0,1754150.0,1,0.9999999999995046,51,0.8893721439570896,797,0.7169660773197715,613,0.5732914009828269,7245,0.45701816188263733,913,0.5587198442252382,866,0.9609685528619984,717,0.9202492981921959,561,0.5906874601419968,566,0.7829215443973611,167,0.8789182286197511,85
5993750.0,1749250.0,0,1.9135722403488943e-05,11368,0.4427208580881448,15103,0.48652545320596985,11487,0.650112936961447,42,0.5792689853660244,48,0.6432392647519066,11,0.42084405328396346,15326,0.47724218543462704,13181,0.6291274218225457,402,0.7824286924863613,168,0.79463291722241,427
5986550.0,1751850.0,1,0.9999999993449418,457,0.8998753501289629,121,0.741943291309681,98,0.6304451907975199,314,0.4995849083299987,446,0.5899715627080524,286,0.9706388055332845,245,0.9370861477797066,197,0.7897274340212941,83,0.7821207669909441,169,0.7255993921067942,1273
5986550.0,1754150.0,1,0.9999999999910094,180,0.8992526928059424,142,0.7542824659196513,14,0.644267484004239,79,0.4886414343118254,547,0.6179905409119785,75,0.9694178321336272,297,0.9487497285877571,110,0.8175247688069522,55,0.781899287031051,170,0.9107048302455922,48
5984750.0,1752050.0,1,0.999999903346984,840,0.8993233742579998,139,0.7420387023178603,96,0.6453359159791581,68,0.4856112933971713,571,0.616145970188249,82,0.9677313148460291,383,0.9283623537342385,352,0.41766385143370643,3825,0.7811110500454393,171,0.604740806809076,4383
5989450.0,1753750.0,1,0.9999999999458247,288,0.8901894229817469,736,0.7260631376339187,399,0.5995116243784134,1948,0.5499579741834055,128,0.6009858934748282,199,0.9583993877386562,858,0.9124210176608756,798,0.7896972857256264,84,0.7809240021678829,172,0.8230931832416495,260
5987950.0,1755050.0,1,0.9999999999999756,6,0.8963305797720194,380,0.7394293235838593,132,0.6041694732679256,1468,0.4751702051011589,677,0.5851450931032998,337,0.9761690924183928,105,0.9369900514780779,198,0.7378186120439452,151,0.7806871374860275,173,0.9268272784342403,34
5981950.0,1756350.0,0,5.0042555279892394e-06,12388,0.7085600671731886,2290,0.5996400265684572,2858,0.5511754606292445,15021,0.5355718632668613,183,0.5532130679401543,1078,0.7208609118203103,2270,0.7297599033226267,2195,0.47401114926394206,2110,0.7803911314417304,174,0.7950140942257558,424
5987250.0,1752250.0,1,0.9999999997592499,379,0.8981419055084549,221,0.7357076753563004,203,0.6037260112020246,1511,0.4925725111015886,511,0.5754116809082457,471,0.9645647466904951,531,0.9241809198457874,459,0.7392181190712694,148,0.7800894829209575,175,0.784521158062383,510
5989150.0,1751750.0,1,0.9999999999984164,94,0.8955298617196655,433,0.7307961629268299,291,0.5990692462185448,1997,0.484934263359692,577,0.5920405199726114,258,0.9722355516173056,203,0.9196453115981995,580,0.7152911428419493,183,0.7795638905721423,176,0.823742292202002,254
5984950.0,1752750.0,0,3.0391742290860933e-06,12724,0.7294742060053044,1800,0.6196495039924608,2152,0.5814566784053246,5181,0.49064944042964576,529,0.5701531643938144,560,0.7425656844629062,1899,0.725472041446583,2252,0.29646782320947596,10224,0.7792822026106139,177,0.5464845854043003,6732
5986750.0,1750250.0,1,0.9999999979066823,537,0.8975780806770056,274,0.7389584132594819,139,0.6279959002277586,381,0.4788030362217324,641,0.6099793368585971,128,0.96502830294591,503,0.928929983520566,341,0.7320415039865231,165,0.7780749566018331,178,0.8323413727220057,208
5908950.0,1758850.0,0,1.7464378314435159e-09,16827,0.5465376505504623,10087,0.49424553612909106,10746,0.6080839497011739,1191,0.5376630715671914,173,0.5806107775672606,393,0.5539920145251584,9341,0.5707546250771085,7916,0.5249258049465606,1142,0.7773422709151376,179,0.5867750798997615,5113
5971850.0,1775150.0,0,1.4215919603520609e-11,18818,0.604470178663777,7147,0.5208336059308195,8332,0.5695557914723339,8302,0.5013602626689082,431,0.5612317765330004,784,0.6141300518530151,6563,0.6143079884928934,5897,0.321938731751613,8504,0.7771294728284655,180,0.7884802947293696,476
5988850.0,1751550.0,1,0.9999999999975469,110,0.895378123224225,446,0.7299096685488565,307,0.5922886070970829,2991,0.5504633330958313,127,0.5831679509564834,358,0.9720661453817709,210,0.9209006839712325,538,0.6637890267005385,288,0.7769966671003812,181,0.7985049008815241,398
5972150.0,1774750.0,0,3.384872258652936e-10,17557,0.6333808075718524,5677,0.5516364754174455,5766,0.6000832147047171,1889,0.49037509269397545,532,0.5709091633267958,547,0.6185241635242834,6367,0.632138206719327,5165,0.5594183674802402,777,0.7769243173207132,182,0.7111452284068224,1537
5984750.0,1753250.0,1,0.999999999789356,361,0.8969473774064303,321,0.7317377997614466,274,0.596165892831264,2367,0.545996153294511,139,0.5768648548055815,448,0.9641263114089075,552,0.9278850580443743,362,0.6777986623222974,251,0.7767503102662172,183,0.723400261943584,1304
5987350.0,1751450.0,1,0.9999999993545468,455,0.8983532691373354,209,0.7369428588360811,183,0.62315540800862,526,0.48965967503818786,540,0.5901432461033443,284,0.9645576909574436,532,0.9241241857602287,461,0.8227463405637296,52,0.7761739885662475,184,0.7971249415719304,413
5986750.0,1751050.0,1,0.9999999960668995,575,0.8974285496279141,285,0.7361618379216917,199,0.6214787942853041,575,0.4705642360188055,729,0.6053770749494136,173,0.966197988894632,450,0.9312104616730893,301,0.7187193426832758,178,0.7758635356303013,185,0.8418942030919692,167
5985450.0,1751950.0,1,0.9999999287150041,815,0.8985280564020992,195,0.7385258967784858,148,0.6311349177783909,296,0.5047268325794376,387,0.61600166333008,84,0.9680677266686919,373,0.9308459779389351,306,0.4243492282437388,3572,0.7755180386601228,186,0.6187503154650722,3858
5986450.0,1756550.0,0,1.1741504734203112e-05,11753,0.3571315642429362,19378,0.4153160975827399,17596,0.5927643784896299,2920,0.5100116707530539,351,0.577869837646563,426,0.33361338322672096,19248,0.3997503377269045,17579,0.6201646084486626,432,0.7753093620908368,187,0.8319732949660034,210
5987450.0,1754850.0,1,0.9999999999994431,53,0.8906152797200197,708,0.7246425704745448,428,0.5903079391614406,3342,0.47332076212266777,696,0.5773001207862645,436,0.9624215734552269,640,0.9263643119112083,394,0.7330087831614123,164,0.7752992490051003,188,0.9256487084134417,36
5988650.0,1751950.0,1,0.9999999961477521,573,0.8956471973100569,421,0.7254978505957416,408,0.6149827277654797,804,0.5087700938940196,362,0.585362508912451,333,0.9717599167398142,216,0.9146158228534875,734,0.5653663390959498,739,0.7746598377654953,189,0.6640152920144089,2518
5909850.0,1770650.0,0,0.00020278575312931106,8998,0.408786576371453,16819,0.4669320756522277,13298,0.6188704504862962,659,0.49271922290750136,507,0.6173490867051503,79,0.4187978184589989,15419,0.4895287450184467,12457,0.63233883446112,387,0.7743256623195782,190,0.8202268007153813,271
5985750.0,1750750.0,0,1.6034059105003103e-13,20271,0.6637749159954969,4126,0.5535215394916271,5625,0.6140665432178507,851,0.5513565801680409,124,0.5867955041149626,316,0.6718762703471619,3940,0.6568219316300756,4211,0.3081771982997642,9393,0.7742445745311552,191,0.5241762018857034,7588
5988150.0,1755550.0,1,0.9999999999999809,4,0.8963110135262204,382,0.7371540790858132,179,0.6021582304672038,1657,0.4834464766062813,598,0.5761030393750531,458,0.9752010716468497,118,0.9332371412457211,255,0.7381083375157256,150,0.7742148211849906,192,0.8491298545288186,143
5994550.0,1749950.0,1,0.9999999999884619,193,0.8904696239118229,715,0.7407016887434235,116,0.6688543872717518,3,0.5060333385334524,379,0.6464812717310309,8,0.9646424577755482,527,0.9155877754568105,697,0.7836980708332193,94,0.7735933344372196,193,0.8450035481448098,156
5984650.0,1752950.0,0,0.000279076622172669,8628,0.3825348795053019,18117,0.47071050689063615,12960,0.619673229673754,637,0.4850536642936878,575,0.5947990439224657,242,0.38898139001400933,16783,0.4615587377824485,14098,0.35485472659504014,6581,0.7735642001175588,194,0.5652852752784129,5990
5908050.0,1759150.0,0,2.248151219436729e-07,14351,0.31877382220592126,20933,0.4016145749989972,18496,0.5982884120625281,2101,0.5116039620354008,336,0.5745048480288976,487,0.3073013379181242,20271,0.3884340652757572,18116,0.6595068650355383,297,0.7734255448257388,195,0.7276742506200254,1233
5986550.0,1752750.0,1,0.999999999588354,419,0.9000355715851437,116,0.7479455271304868,45,0.6385657592760932,136,0.48159177950958565,615,0.6141294954710231,97,0.9710395037760793,231,0.9409002814260061,162,0.8157341284897683,58,0.7730950831769151,196,0.8210607178740303,266
5988550.0,1754050.0,1,0.9999999999650095,270,0.8904276917019008,720,0.7323497350053821,263,0.6085932083875015,1155,0.47474314305112797,681,0.5903736230856779,278,0.9584791470281959,854,0.9119486771908534,816,0.7610000081273669,119,0.7728851714071417,197,0.79910435792633,394
5989450.0,1753650.0,1,0.9999999999082165,310,0.8903690124285089,725,0.7270426661861045,371,0.604598684307181,1425,0.561117986261892,88,0.6062824881817499,159,0.9583390009149801,860,0.9126557133849067,782,0.7651773291860673,111,0.7728826908414935,198,0.8219432952268513,265
5988250.0,1754050.0,1,0.9999999999617712,274,0.8902308091739942,730,0.7334686376203307,243,0.6103601194862098,1044,0.48098761346781904,623,0.6001852812450549,206,0.9587592383999002,842,0.9144165812684606,739,0.7233603122631136,173,0.7725647592830199,199,0.8129918724035925,315
5988750.0,1752050.0,0,9.263078855971153e-10,17091,0.5288990681107404,10908,0.4952983895961469,10658,0.576750358429266,6304,0.5530910719856518,114,0.5514216266138964,1146,0.5234399930162132,10687,0.5593018772523488,8489,0.480112975498557,1978,0.7725557862677696,200,0.5962929202268821,4716
5984450.0,1753450.0,0,3.375289330298757e-11,18503,0.5134292084245031,11653,0.4887360856014541,11278,0.5649982810343402,9577,0.5451682921620409,141,0.5318467655892718,2617,0.4882467729066109,12241,0.5265714384855128,10246,0.41345469571445614,3989,0.7718469842886563,201,0.6198966909416466,3818
5988750.0,1751950.0,1,0.9999999985602446,516,0.8944624929159167,515,0.7104939612479425,751,0.5699309299471345,8187,0.5151887779536461,310,0.5460190657507369,1475,0.9699833822260825,279,0.9055386344395343,968,0.5348067054200535,1020,0.7714984317561617,202,0.6512091545210662,2861
5983350.0,1752950.0,0,0.007015566247942618,5262,0.6024654823594378,7254,0.5997226101781592,2853,0.5751988610405375,6706,0.5451449854307205,142,0.5769229824266185,446,0.6404623186680254,5366,0.6986715428993996,2847,0.5112398456176697,1349,0.7712826774852435,203,0.8437674897628613,159
5985150.0,1753650.0,1,0.9999999995622673,426,0.8974661869300883,284,0.739588246598699,130,0.6115148067100624,989,0.5095387104277218,355,0.5980325673181458,220,0.9654948609207514,485,0.9327286317413233,266,0.6947175726983539,216,0.7712063757959278,204,0.8426345024151234,161
5987650.0,1755850.0,1,0.9999999999937139,165,0.8906005333715734,710,0.7463479273797445,56,0.6334819318931935,233,0.49258548868766283,510,0.6232554655763392,50,0.9636532912503752,591,0.9394710697054621,172,0.6433860067919863,348,0.7707467393349776,205,0.9567516436038872,9
5942350.0,1799850.0,0,0.00047404132715394247,8101,0.3987367780425644,17303,0.4925223322935241,10922,0.623734586661936,508,0.5309206666151449,200,0.620369107467365,64,0.40699283064589287,15939,0.49789291929694657,11963,0.6400349206715772,360,0.7707428837435581,206,0.8652243733399321,114
5983950.0,1757850.0,0,6.208361677488862e-18,21637,0.5541660863555206,9746,0.4438080640178926,15351,0.5561576607689417,12742,0.4935894230454447,499,0.5272636806975153,3137,0.5273435453415756,10524,0.45507442729153325,14491,0.24959757520890424,13688,0.770579120104915,207,0.4750655148593559,9114
5989150.0,1752950.0,0,3.8164227266832946e-05,10719,0.5953996251971192,7579,0.5684914210125233,4606,0.5602959600296658,10958,0.5404765013408974,160,0.5636226204507165,726,0.5841891543421767,7916,0.6195290409785292,5686,0.4532215813113438,2668,0.7699525090467807,208,0.7495315321332074,916
5987950.0,1754950.0,1,0.9999999999996707,41,0.8904722219108699,714,0.7389000969800517,142,0.611715400666595,976,0.49046285343265683,531,0.5966075293442386,229,0.9624899711676802,637,0.9323122555067302,279,0.6922721275389365,221,0.7698423792955185,209,0.9207830555466431,40
5986550.0,1754050.0,1,0.9999999999931226,169,0.899171233893971,146,0.7555221771807273,12,0.6430617843686897,87,0.48090073185246346,624,0.6047280821815112,177,0.9689641108736303,330,0.9472504332267146,119,0.7818825175484144,97,0.7687263867328897,210,0.7159043103850447,1447
5986950.0,1754650.0,1,0.9999999999975013,113,0.8917068673854074,639,0.7461271636107801,58,0.6436585451271464,83,0.4761309067891151,666,0.6156652959737164,88,0.963785033955405,582,0.9360080640915196,212,0.8264511654538051,46,0.7687051223071515,211,0.9389549742747425,29
5906950.0,1759550.0,0,4.619996122952918e-05,10521,0.6606138479256389,4291,0.6234747686980482,2044,0.5582223806931105,11790,0.4998501008092031,442,0.5576292962853974,906,0.6774498078758033,3715,0.7244090869040417,2270,0.52285956911086,1175,0.7681474574543109,212,0.8495245210542761,140
5989050.0,1754350.0,1,0.999999999999994,2,0.895633776106098,423,0.7383000361385804,155,0.6007061407469589,1837,0.5023155119194647,420,0.5941779817043407,247,0.9759267818413855,108,0.9383300595613286,184,0.672405203525106,262,0.7680897411919969,213,0.9346603241107648,32
5984350.0,1753150.0,0,7.844324437953197e-05,10012,0.47098477590514126,13723,0.5312083403553761,7425,0.5685582809267848,8587,0.4763365368390006,665,0.5542467970810626,1031,0.49890172385134923,11755,0.5703457107896024,7936,0.5123952043221719,1330,0.7679009314409765,214,0.810713389463834,328
5984650.0,1753750.0,1,0.9999999993362876,459,0.8961437201759488,390,0.719764157878757,539,0.5658397579193207,9325,0.5270203336598285,223,0.5546183075186022,1014,0.9637183372670693,586,0.9233649131250842,479,0.5500728348414933,860,0.7676610540883209,215,0.8192695016633997,276
5905650.0,1770850.0,0,1.7899099260448603e-14,20754,0.49837014803265867,12366,0.41430869298637035,17691,0.5615707960831144,10571,0.4900418349747671,537,0.5348643791641976,2329,0.4527686868956736,13862,0.4452393922809229,15072,0.25690636290359325,13128,0.7674754641330308,216,0.5213861432247925,7661
6006850.0,1764250.0,0,8.207824411419682e-05,9959,0.5983537557251596,7449,0.5861169128939974,3514,0.5569257542512177,12381,0.5423758590631735,151,0.5559992637405146,965,0.59177965539128,7565,0.6308194328439637,5219,0.44534071560772326,2906,0.7674670439468705,217,0.7455424870969998,968
5986850.0,1754150.0,0,0.0006107295819281903,7832,0.4427107473881294,15105,0.5328756475397781,7271,0.6286697564885226,361,0.477940327789317,647,0.6126757358065603,108,0.46934100220806996,13116,0.5661258971091897,8132,0.6739803639539483,258,0.7672422974581542,218,0.8898622222396546,68
5989450.0,1752250.0,1,0.9999999999969051,126,0.8946841360407608,498,0.7305795856924868,296,0.5899202581902311,3418,0.5206152276852425,273,0.5956616080237314,236,0.9716321075997276,219,0.9210291738901719,534,0.6098892713926752,477,0.7667868266572271,219,0.8274556358151333,229
5988850.0,1756950.0,1,0.9999999999961269,136,0.8922488656001598,604,0.7412165920213024,107,0.6380520227350579,142,0.5358110490095753,182,0.6153544030084873,91,0.9692913758424906,306,0.9310038227892165,303,0.8558087743416471,25,0.7661842845479594,220,0.9257895809318697,35
5989850.0,1755350.0,0,8.60445009089448e-12,18979,0.421015640590431,16199,0.4433443943890916,15386,0.6243263113506463,491,0.4876653890751419,555,0.5811240793813807,387,0.4185429045708151,15436,0.488891797169676,12510,0.5631773909201132,755,0.7661706085442708,221,0.5879236852554535,5066
6004150.0,1761750.0,0,1.3173376677061452e-05,11661,0.6605785826590256,4293,0.6139089395217937,2326,0.566168888637394,9227,0.4722015805534017,712,0.5407293277351451,1824,0.6657884707031009,4219,0.6956623978012838,2934,0.5097487713923656,1381,0.7661430515308281,222,0.7189682074461685,1398
5988150.0,1755650.0,1,0.9999999999999805,5,0.8956299385961096,424,0.7321859838946254,268,0.5824678651836404,4939,0.4948340983237017,490,0.5670574920534912,637,0.9749730131185904,123,0.932926387549753,261,0.6787674322161765,246,0.7659176445814695,223,0.8977860993951398,58
5982250.0,1756450.0,0,0.0061801307164473795,5409,0.7127055684099514,2176,0.6402750558529204,1716,0.5659959790343655,9276,0.4625991727818347,822,0.5508367608944156,1168,0.7217308370949815,2255,0.7509142355937442,1894,0.5413525077196248,944,0.7646713557283832,224,0.7986262831263125,397
5988150.0,1752550.0,1,0.9999999988819379,496,0.8919478315078785,621,0.7343436447490769,224,0.6134741323538311,882,0.5177763763707601,290,0.5839161813588185,352,0.9601338901825638,761,0.9148236463927077,726,0.7151433866584105,184,0.7631407262892586,225,0.795760224611973,422
5982650.0,1757450.0,0,1.705470307054124e-12,19539,0.653801846257915,4661,0.5536416526423614,5618,0.5533588120160662,14135,0.48337105298087235,600,0.525065604720931,3407,0.644424776665462,5185,0.5986067947394745,6591,0.4368081344856731,3148,0.7629762834912863,226,0.5938695044100982,4799
5985850.0,1753550.0,1,0.9999999999897247,186,0.8999275997528511,119,0.7480708736186382,43,0.633738591527939,226,0.4716133627867926,717,0.6090026397508616,139,0.97414510718036,141,0.9552790876832263,73,0.8327042668309722,38,0.7628978185290424,227,0.9399016107259898,26
6032550.0,1716550.0,0,5.620452096207164e-10,17317,0.507620726622921,11938,0.49113730717794435,11045,0.5794737156086528,5628,0.4946168445352369,491,0.5466342404367928,1431,0.5057454096961416,11469,0.5407855591303056,9481,0.45832381330151695,2516,0.7620073328510265,228,0.46211391449575845,9529
5985350.0,1753650.0,0,3.861441459536939e-09,16455,0.43225185992620296,15605,0.4532312063729276,14503,0.5701345798458596,8133,0.48011190604649845,631,0.5494923107337528,1260,0.41408407632460276,15610,0.47867274775031565,13081,0.5463989104803065,897,0.7619787493882726,229,0.72135661890343,1350
5987450.0,1754750.0,1,0.9999999999993292,61,0.8902236331267199,732,0.7234659449065122,453,0.5891378209716344,3569,0.45966973121057086,863,0.5704198228195885,553,0.961790383296281,667,0.9239496106988513,465,0.6720057665839999,265,0.7609998835353291,230,0.9019569968560246,55
5982450.0,1761150.0,0,0.0004526969835114217,8145,0.6143940540524176,6655,0.5697173981315983,4529,0.5254981710928023,20318,0.522574342401849,257,0.5356130836994168,2246,0.6284217456641652,5886,0.6632501836649775,3961,0.47097228692273296,2191,0.7607619624941713,231,0.7756219134507494,606
5989250.0,1753950.0,1,0.9999999999948459,152,0.8959410331309744,398,0.7382405721841433,159,0.625859980970465,441,0.5004665839302759,439,0.6099428004947576,130,0.9721750767332524,205,0.9205468175199955,547,0.7782775078697803,102,0.7604667659051749,232,0.8126713713232148,316
5989050.0,1751150.0,0,4.2651991404209045e-10,17431,0.3068452413302461,21242,0.33907971708858975,21124,0.5931902207091718,2837,0.5213483661983773,265,0.5790597412716725,411,0.2733754858254631,21173,0.2994193739326836,21031,0.2749361005976243,11738,0.7600700937575893,233,0.6845187139190635,2052
5989350.0,1753750.0,1,0.9999999999729767,250,0.8894251677644288,794,0.7214140193148477,502,0.5864989338217514,4063,0.5172803678818869,291,0.585768975376553,328,0.95753873773776,891,0.90870459249766,889,0.7428675097778298,144,0.7596399951020917,234,0.81370860166714,309
5993650.0,1748950.0,1,0.9999999997282192,387,0.8902717461180938,729,0.7325583498056875,259,0.6565760197006281,20,0.5799584359652317,47,0.6411128298945389,12,0.9646915508216415,523,0.9158756672030102,693,0.7315559248111523,167,0.7595965279954449,235,0.8491887638856375,142
5984250.0,1752750.0,0,1.929119185735535e-08,15673,0.6601969995730904,4308,0.560717874402368,5123,0.5708724352100879,7927,0.5671510154680911,73,0.5652550373396912,682,0.6535398293861852,4779,0.6361552272885336,5013,0.2752378680351474,11714,0.7594940639368277,236,0.5265046890017215,7488
5989450.0,1752050.0,0,3.7665678876691886e-07,14047,0.5659222245901457,9121,0.5166472672477328,8710,0.5972042490130018,2250,0.5414988960377916,154,0.5933100637655524,250,0.5722078728242473,8475,0.5783568780435571,7571,0.31011034658187475,9267,0.7589127816528651,237,0.7511491541623382,894
5986750.0,1750450.0,1,0.999999994697151,596,0.8961169334871907,391,0.7359327674538165,201,0.6114145788131486,995,0.5333145817239021,192,0.6126310785110475,109,0.9646856734144458,525,0.9326409848260192,271,0.5714991874255462,694,0.7585946457392354,238,0.8423974750416565,162
5983050.0,1754950.0,0,1.6717336597926223e-08,15744,0.6245220051028034,6149,0.5566395923365123,5406,0.568938671154879,8483,0.5619136654904645,86,0.5600053096957364,826,0.6147943006579355,6535,0.6454110798084587,4626,0.4818188021472488,1939,0.7585440699814109,239,0.726227831300365,1259
5905850.0,1759650.0,0,0.0001875208797525481,9089,0.5581426852789944,9532,0.5854460186738367,3553,0.5965364100558367,2318,0.44138395769150024,1144,0.5809999266952959,389,0.5898774589654663,7647,0.6578974640580358,4175,0.760029432730105,121,0.7579704690534539,240,0.8861761272698956,73
5988950.0,1752550.0,1,0.999999999452041,436,0.8934201942310775,568,0.7077804843742882,807,0.564887023506613,9608,0.47697775462041303,659,0.5536083094633354,1062,0.9690142892531469,326,0.9033219169703733,1008,0.5370265346948546,996,0.757953445259828,241,0.7829140341176352,521
5985550.0,1753550.0,1,0.9999999999962992,133,0.8990961276295696,149,0.7407196561958629,115,0.6119166379385739,963,0.45580410669348326,930,0.5791152058287072,410,0.9727090876714474,185,0.9487425934316074,111,0.7444552399452127,142,0.7577172573973561,242,0.8099246336653008,336
5987950.0,1754450.0,1,0.9999999999995464,48,0.8913026212510997,661,0.73129431322397,281,0.6022374694002611,1649,0.4917652230683575,519,0.5705993230713526,550,0.961931319223283,660,0.9247590323397705,438,0.7880253685107774,86,0.7564571657734163,243,0.8070110871064957,347
6001450.0,1769550.0,0,0.00010637702617691106,9664,0.5942585951882655,7625,0.5582649864044585,5295,0.5261482027236113,20276,0.5945595464133289,31,0.5045990252940715,6728,0.583333345312366,7960,0.618902741209503,5715,0.36039640534660566,6314,0.7561130948082133,244,0.5494354767131672,6624
5985750.0,1751450.0,1,0.9999999987335102,509,0.8972340729821651,300,0.7467483319217688,55,0.6340642303257336,218,0.5274749462192219,218,0.6140570933479652,98,0.9702622921602957,262,0.9465043527205877,124,0.6809551077690943,239,0.7559158589852508,245,0.8105290387690745,330
5945550.0,1768450.0,0,3.974124420391224e-09,16443,0.3871431950275574,17882,0.4172860681950753,17454,0.5710640494610023,7875,0.4955585124413531,480,0.5437483321270122,1623,0.35709020399560876,18246,0.41045044940450026,17043,0.42502584457137405,3553,0.7558041537345,246,0.6226440721610638,3729
6032150.0,1711350.0,0,2.8961461794342682e-12,19368,0.32688696910736015,20672,0.3875779829852837,19276,0.5854537055113971,4292,0.5113510089784048,339,0.5374223046704549,2078,0.3014943169888139,20465,0.3534612710889574,19561,0.3827569125866943,5269,0.755208075869976,247,0.4200583950565061,10851
5908550.0,1770850.0,0,9.666369187905373e-09,16034,0.6961705865271535,2705,0.5919785305284279,3208,0.6000718380984432,1891,0.47507119977749035,679,0.5609241683445634,799,0.7136515056970347,2445,0.6692530948101146,3751,0.5813732384958067,628,0.7551853925216004,248,0.6656156032393395,2481
6008350.0,1764150.0,0,3.1662346548641023e-15,21083,0.34769791694171653,19847,0.33776017632730054,21147,0.5425195444024347,17714,0.511157385158502,341,0.5319487039773391,2605,0.32624260960509255,19536,0.33461606681369704,20194,0.2358568951164326,14688,0.754987252129973,249,0.5464640717710727,6733
5944650.0,1792150.0,0,2.1113407104969302e-08,15628,0.5930011369602212,7699,0.5579557586517709,5317,0.5892114632055517,3551,0.46152883962940716,839,0.5647358257514913,692,0.5781785259635076,8195,0.6213875989075509,5614,0.5721958866099282,689,0.7548564344571558,250,0.7817898106474128,532
5986650.0,1751050.0,1,0.9999999982194152,528,0.8987070868892424,179,0.742364860856608,90,0.6281548791252053,377,0.4656161162785219,783,0.6104388250683144,122,0.9715656217454857,222,0.9430163167817514,148,0.6846013706765899,234,0.7544920781770199,251,0.8378788066250203,181
5986150.0,1751550.0,1,0.9999999987622852,505,0.8979061929747928,238,0.7369826855574166,182,0.6143646867435198,840,0.5094655870090289,356,0.6035427066450773,183,0.9704723173427006,251,0.9408576966940321,163,0.6421886347777215,352,0.7543656552205158,252,0.8310170909102237,215
5988350.0,1751250.0,0,1.7074352875019278e-18,21675,0.527367492075612,11012,0.45470136773965275,14374,0.589902632199009,3423,0.531145913247188,199,0.566463165594905,648,0.5108662207176471,11236,0.4767273067382082,13207,0.34987980790848017,6851,0.7541713591634756,253,0.4705805802789351,9262
6009350.0,1733750.0,0,0.00019618690816444807,9031,0.558253509776579,9526,0.5473438254467565,6092,0.5919647764717068,3047,0.5230338564496487,253,0.5896031913938586,290,0.5563614985544598,9223,0.603274526907809,6385,0.5511448294914564,855,0.7536629736720308,254,0.7838502547612571,516
5987350.0,1753750.0,1,0.9999999996654882,400,0.897805002648645,250,0.7353615635178649,209,0.6067588262272179,1266,0.4639300061322695,805,0.5877460721253606,307,0.9637166476971968,587,0.9217318423213774,523,0.7377427335301612,152,0.7532688505242107,255,0.8083098448752336,343
5992450.0,1748450.0,0,8.411184177902228e-06,11992,0.5809778325968596,8336,0.5589877533888514,5231,0.6381394040964642,141,0.5544187469615517,110,0.6206230140772874,63,0.5828896244319024,7974,0.632627497799398,5144,0.7242040507484242,171,0.7531809420268569,256,0.7775589072541917,581
5985250.0,1751350.0,1,0.9999994710230402,1023,0.8967660762823918,335,0.7394250778475038,133,0.627948527773446,383,0.5342252433477205,187,0.6032880049529945,185,0.967026066520755,410,0.9329796897542892,259,0.4098606634370954,4130,0.7531309295193943,257,0.5901933967041422,4975
5988150.0,1752150.0,1,0.9999999998748035,324,0.8978795594700305,242,0.7428475147989065,84,0.625055664158602,472,0.5040561620574129,397,0.5955214095906277,237,0.9744050604507187,135,0.9247870265718143,437,0.804559280366188,67,0.7529496560135669,258,0.8045019310188507,360
5905250.0,1742050.0,1,0.9999999997885491,362,0.8897411553938923,770,0.7383276511256446,153,0.65431061150143,27,0.5069135859103046,376,0.6298470269741197,34,0.9606481724924893,728,0.9560519865303942,66,0.7931817366981628,81,0.752670137113917,259,0.8950469505360332,60
6003150.0,1763650.0,0,0.0959399516652501,2799,0.7167380671913917,2084,0.6289531071240642,1922,0.5687317857481157,8545,0.4603169367693092,854,0.5494189517023398,1264,0.7451815725864415,1864,0.779657810956184,1644,0.6035520379634987,510,0.7526635007313093,260,0.8349602462285192,196
5985950.0,1753750.0,1,0.9999999999950417,148,0.8979770014333716,234,0.7427597116584228,87,0.6186077208220091,671,0.4583735371523355,890,0.5863462623730916,324,0.9678460628098419,380,0.9410638755639175,161,0.7140840730997744,188,0.7523749131796106,261,0.8235679871595205,257
5985350.0,1753550.0,1,0.9999999999873155,199,0.8983745267038696,205,0.7447702714843762,67,0.6221462315785925,555,0.4615277133878776,840,0.6083176735006872,143,0.9734323827615253,162,0.9549072458407966,76,0.6371144428112183,371,0.7521789905900765,262,0.9668944096283932,7
5909050.0,1750250.0,0,3.01972190237262e-07,14172,0.702450394494587,2465,0.5911877027751224,3241,0.5722944696053535,7518,0.5136491636966245,324,0.5584280242961619,876,0.6907008434216633,3182,0.6671369028626467,3820,0.4996942706999782,1565,0.7521662845096497,263,0.7716711286505424,649
5989450.0,1751050.0,0,1.0653058082518063e-05,11817,0.5626841776284156,9311,0.532075978755784,7351,0.6019754250904982,1686,0.5327418754250526,194,0.5943475048994749,245,0.5365145404346696,10112,0.5621993539489579,8344,0.4668793311808397,2298,0.7519837384910466,264,0.7444825458925868,981
5905750.0,1759750.0,0,3.5020964879658706e-10,17535,0.4326098332605565,15587,0.44577211217396817,15176,0.567438429566211,8867,0.4907549599767437,526,0.5464058284409398,1455,0.43800075820655926,14560,0.49834556700329813,11923,0.5449294915208075,913,0.7517689278402971,265,0.6656521407283358,2479
5987950.0,1753550.0,1,0.9999999997304843,386,0.8914282578426387,654,0.7364127125248208,193,0.6111386370653035,1007,0.5530514804581931,115,0.5810377367854114,388,0.958853488273188,834,0.9137133418889541,757,0.7797209118387592,100,0.7517219306955385,266,0.5964685223125936,4707
5987950.0,1754850.0,1,0.9999999999996845,40,0.8907449559825031,698,0.7283393595256883,335,0.5841413017395205,4563,0.47668570406803673,662,0.54797367118736,1338,0.9612276012845251,701,0.9224392243011832,507,0.7645588813356539,113,0.751305721893571,267,0.661520643020574,2581
5988750.0,1756150.0,0,0.00945483798794888,4983,0.7094967642931143,2257,0.5974401940703613,2955,0.609054336417313,1125,0.4967594274884727,467,0.5960503059341764,232,0.7229654754239982,2220,0.725069037728919,2258,0.36182188884699595,6237,0.7510945219490227,268,0.8779509245724626,89
5985050.0,1753550.0,0,2.7101096756097876e-06,12810,0.6467327412831947,5023,0.5905545042239005,3271,0.6168636929732959,731,0.49444420656371446,495,0.6030290648604283,188,0.6662668980674323,4192,0.6963494744225016,2910,0.5986177397099118,528,0.7509171922882348,269,0.8147430417928497,297
5989950.0,1753350.0,1,0.9999999999941076,160,0.895900432986692,402,0.7324903071951522,261,0.6045560807863004,1428,0.5672633063099454,71,0.5957021900243015,235,0.9710178824814552,234,0.9173834273883497,639,0.7547721400167124,130,0.7504650317414798,270,0.7933083020008761,435
5984250.0,1751050.0,0,5.6309210610107254e-05,10339,0.5558380431931497,9647,0.5437305953350388,6381,0.6376367492986886,148,0.5364445298104014,180,0.6175150369472742,78,0.5644026615095931,8850,0.6113565356172584,6004,0.37720283711482205,5511,0.7497345682872651,271,0.5778976091270678,5495
5985250.0,1753550.0,0,1.8858006085786664e-14,20742,0.4492281991851544,14798,0.4497653235148791,14805,0.6163865582235212,745,0.5076300806543815,372,0.5784659322819585,415,0.42557364085880134,15113,0.48821446283002135,12548,0.5197414168234021,1216,0.7494616346940339,272,0.5662018804980412,5958
5990450.0,1748950.0,0,9.322881931400924e-05,9811,0.6433306739150928,5170,0.61173751853997,2417,0.612943481328865,906,0.49152781019965985,522,0.6059480348597036,167,0.6574077617244733,4594,0.6893416516285444,3132,0.5971597194327232,537,0.7492207045190189,273,0.8016369857952994,381
5906250.0,1758450.0,0,4.7911351803676925e-08,15184,0.4345690032591282,15485,0.4458323812919672,15169,0.5535257624791444,14066,0.481348727087373,618,0.550411585570907,1198,0.4425193401775589,14374,0.47017494157908357,13592,0.3084000269642696,9379,0.7491240690875349,274,0.8272689980481835,231
5986650.0,1751650.0,1,0.9999999954836276,585,0.8967788508627745,334,0.7191349257660249,559,0.5996604375284704,1935,0.44371489517503937,1104,0.58482488358075,341,0.9691005973838869,321,0.9301268129991682,317,0.5872519552363662,585,0.748783878693685,275,0.8223998691594151,262
5989150.0,1751350.0,0,0.001409094290261248,6955,0.44850258713210645,14834,0.5239576553846754,8062,0.5879196041929723,3764,0.5073832216088321,374,0.5758929352208304,461,0.4451200516720448,14228,0.516689997800785,10838,0.6280406548271479,409,0.7484897685763345,276,0.7577034100124115,801
6008550.0,1764150.0,0,0.000968580566444846,7348,0.7154168196724189,2112,0.6484151475640915,1554,0.5569865751420728,12346,0.4468559301356019,1049,0.5471546232979448,1396,0.7278484880755782,2126,0.7522493946041362,1876,0.44966790495869313,2775,0.7484241475527029,277,0.7802831296235354,548
5986250.0,1750950.0,1,0.9999999987428176,508,0.8989805610800168,157,0.7429228750300395,80,0.6264767674965268,424,0.47752859029528016,651,0.6000555749494764,207,0.9710445790274229,230,0.9411132971704853,160,0.7088120494250107,195,0.7481686989277835,278,0.8155207568787824,294
5993450.0,1749250.0,0,2.020841835531927e-05,11316,0.4009188413857369,17206,0.4779515497860117,12305,0.6314936897713869,287,0.5508739099080578,126,0.6248219459989099,43,0.4077907951414419,15904,0.4750683983696665,13306,0.6685567416057214,273,0.7479455339788561,279,0.8056712196904673,353
5906050.0,1742450.0,1,0.9999999249659121,818,0.8873479113758815,905,0.7117396685327003,726,0.6116408042370286,978,0.5026422412112629,416,0.5991916543513267,217,0.958637045360007,849,0.944691484619516,137,0.6072531094876549,490,0.7478804321560275,280,0.889492893129797,69
5986250.0,1754050.0,1,0.9999999999969178,125,0.8974004610125462,288,0.732513725441197,260,0.5798934718419777,5538,0.48413527696678765,586,0.5460834344730209,1471,0.9663257197890834,445,0.9341016124368562,240,0.6577996589742462,301,0.7476953827292606,281,0.634425831289319,3354
5985450.0,1754950.0,0,1.2706816409832865e-14,20822,0.5275327705509417,10997,0.48416634854246826,11700,0.5629823516394074,10139,0.5284896349805561,212,0.5199827425690058,4094,0.5081051726168925,11353,0.5503803596817395,8955,0.4592054277604397,2495,0.7476453354902448,282,0.5492688205238739,6629
6006450.0,1738950.0,0,1.8325807965191432e-08,15696,0.6795685466839056,3370,0.5795337716591943,3904,0.5663835556492721,9152,0.5279071987513559,215,0.5611688088660487,786,0.6767549651097745,3739,0.6846381890106803,3254,0.4507462704653792,2741,0.7476420083635363,283,0.7639676141511473,740
5989850.0,1753450.0,1,0.9999999999902409,183,0.8949925140668322,479,0.7276303865810989,351,0.5915949126470779,3112,0.5446990148887937,143,0.5884085368695924,299,0.9703227447955401,257,0.9149158064184677,721,0.7143969205581542,186,0.747484203853425,284,0.7984574007435556,399
5986650.0,1750450.0,1,0.999999992905166,616,0.8966732416400172,342,0.7454046472960576,63,0.6345782103179782,201,0.5165669630838614,297,0.6339744831346058,22,0.9657292390428751,477,0.9377810073700287,188,0.5637518004717345,748,0.7474658671810926,285,0.8521145843577885,136
5982650.0,1756650.0,0,0.001192658445265204,7119,0.36607683473215985,18912,0.4562102273793935,14231,0.5691118196108403,8433,0.43581559553136,1238,0.5507194351064647,1173,0.3523044663157866,18449,0.42665800658013864,16154,0.5075397655852707,1420,0.7470539879793181,286,0.789444964760992,464
5903050.0,1740350.0,1,0.9999999999877389,197,0.9159580419603609,21,0.7312680095286855,284,0.5842515399807919,4537,0.4424064594282322,1126,0.5668954447121034,639,0.9938308907211987,14,0.9704472095771871,15,0.6875640869546715,227,0.7470473792790254,287,0.8899679495035636,67
5985450.0,1751450.0,1,0.9999985144657874,1116,0.8974848565780289,283,0.7251336005571222,415,0.5918684344989802,3070,0.5423752109364142,152,0.5674246426672449,631,0.9659521904768914,467,0.9219021338047039,517,0.3787813098168251,5456,0.7467061535499813,288,0.5648419456035509,6009
5984650.0,1753350.0,1,0.9999999998724909,328,0.896512622003344,360,0.7313863892753251,279,0.5959770643759379,2390,0.5238008781330665,245,0.5780394463208006,423,0.9639978889694019,564,0.9276071148912679,363,0.6462767608873332,340,0.7462548551404068,289,0.7656948547068059,723
6033150.0,1711050.0,0,7.059603982168087e-14,20464,0.5774894780157226,8521,0.519246873708662,8475,0.635789340880548,181,0.512071586623305,332,0.6017565578805404,194,0.5848024652538584,7886,0.5366538799318887,9702,0.3994530943691287,4542,0.7461782098728911,290,0.47693439177649743,9054
5987650.0,1755350.0,1,0.9999999999989433,77,0.8900460751034622,745,0.7359009773356274,202,0.6088727804299043,1138,0.44569463009272464,1070,0.5954283652404203,239,0.9624208460608671,641,0.9315684624301495,293,0.6169104867591015,441,0.7458116978850793,291,0.9475400683617227,19
5983350.0,1753750.0,0,0.00020493834690173994,8979,0.7261283019946015,1850,0.59843412537166,2911,0.5619914234857634,10444,0.5043658044552544,392,0.551025543028724,1160,0.7222545646447276,2236,0.6853594554915892,3232,0.2919693059238544,10545,0.7458050133884555,292,0.7672287152333427,704
6006250.0,1760150.0,0,2.7020729275132644e-07,14244,0.6744175437935156,3601,0.5566162142184329,5407,0.5815648703646319,5159,0.4265581933732863,1407,0.5590801066231051,859,0.6897885911126351,3221,0.6849233884440977,3242,0.3417233983992659,7316,0.7455117715080606,293,0.8327336039835684,206
6005250.0,1765550.0,0,2.589630867178006e-10,17679,0.6657562087744152,4026,0.553873563223463,5604,0.5850157599767762,4386,0.5210037380442051,268,0.5490725124204242,1276,0.670724701929686,3990,0.5820086534015014,7387,0.5262443188529925,1120,0.7453293793157836,294,0.5792980699310112,5431
6006950.0,1764150.0,0,5.53885914120118e-06,12302,0.6696716616342269,3827,0.5867376828251448,3482,0.5503501889172127,15315,0.5207448823997509,272,0.5221288213774407,3807,0.6649376927352053,4256,0.6788571833366143,3423,0.40449157886163034,4340,0.7451034755569568,295,0.6324399238845394,3420
5948850.0,1794750.0,0,9.783121507768926e-13,19707,0.442411810496968,15123,0.4268512904048565,16731,0.5813643456449661,5207,0.4664170172741313,775,0.5675042561375394,627,0.42596050409330644,15090,0.4464684088336037,14988,0.3237328245552934,8397,0.7449536373618212,296,0.776538810093899,599
5988050.0,1753550.0,0,3.908198858305923e-10,17485,0.6892286081095375,2979,0.5956521016957185,3041,0.6226556939123649,535,0.5880374250537357,36,0.5855807495563605,329,0.6977275557057863,2938,0.6397925268775648,4880,0.6607114718959157,294,0.7447270442483318,297,0.5366643940934537,7124
5988750.0,1751850.0,1,0.9999999996175519,410,0.8940396027463259,543,0.7113104458709637,737,0.5724580190141023,7473,0.45204900202096626,980,0.5525245400514828,1106,0.9702180699004236,264,0.9066627823119868,937,0.545194255678616,910,0.7438060733425875,298,0.7813169842124107,540
6003050.0,1766050.0,0,2.3064948802843205e-06,12904,0.5268942931368585,11033,0.5003440350057617,10181,0.5053675283923672,21105,0.44820880622139336,1035,0.5064598650958493,6412,0.5438470430017821,9794,0.5566920738136052,8618,0.2651397369259847,12516,0.7436906748294098,299,0.7908573095294247,453
5909250.0,1754050.0,0,1.196908147421721e-11,18865,0.36084219082925767,19185,0.34190880915855953,21062,0.5494425368985432,15612,0.49532492879798956,482,0.5360492693974965,2196,0.318042466169949,19849,0.3322364802772826,20254,0.2573131048467593,13089,0.7436348642508012,300,0.6236272373413803,3688
5907650.0,1770250.0,0,0.0002171062950852931,8915,0.6939809509373076,2793,0.6252162149469409,2007,0.5786737718460294,5824,0.43837318266465153,1203,0.5649090439035415,689,0.7104367451440632,2545,0.7358671398740723,2099,0.5319475713828857,1047,0.7429275817737124,301,0.7972265198952311,412
6033350.0,1713850.0,0,0.00011829050431969467,9554,0.3666054394144327,18886,0.46907449207435625,13084,0.5984840383115835,2074,0.496489716521217,471,0.5772833027463902,437,0.34472115793231506,18777,0.4174238129115371,16682,0.4687514193674389,2243,0.7422145950575945,302,0.4801408548717787,8977
5990750.0,1748850.0,0,2.0880545091761422e-08,15637,0.5295519386992947,10874,0.5106610912569152,9226,0.6209401581916172,584,0.5250869145800411,237,0.6092987818095924,137,0.5219742840921112,10744,0.5589782140135324,8503,0.5362687899809352,1005,0.7419399725165998,303,0.7795270180334242,558
5983250.0,1753250.0,0,4.796622941769087e-05,10488,0.4821578536228888,13180,0.5376348162283906,6872,0.5608556075146947,10778,0.45042401398121984,996,0.5472361328114552,1387,0.5104136192043798,11247,0.5794634582121334,7524,0.504988139281996,1466,0.7418389893892057,304,0.8144839500426035,299
6007250.0,1736850.0,0,0.0011241203729740405,7177,0.3668430912513403,18875,0.4625566977148868,13669,0.5791145288445496,5713,0.5554922127264591,107,0.5761386875914033,456,0.34418634559382,18799,0.4213017917083699,16484,0.46706093070970556,2294,0.741838167690928,305,0.7772979649397461,587
5982750.0,1756350.0,0,0.0012111357771469938,7100,0.60403556685965,7177,0.5591724655481172,5221,0.5745252315735548,6904,0.5345784916964917,186,0.5455320827147513,1512,0.61498315280289,6529,0.6380824283052984,4935,0.49081734422225776,1742,0.741631017786722,306,0.6809339328748933,2125
5987150.0,1751650.0,1,0.9999998979700107,845,0.89844705626755,200,0.7221391755978182,486,0.6192828201250964,651,0.498552105354789,455,0.5883784951053742,301,0.9688342356744939,339,0.9269275933151706,380,0.5776048397354836,656,0.7416175366240815,307,0.7958707554548117,421
5988950.0,1753050.0,0,2.55972065378241e-16,21406,0.43741072658269226,15360,0.4087994914019714,18037,0.602034689502303,1677,0.47438937667087033,685,0.566012225003964,663,0.3955276237208192,16492,0.4212980737845391,16485,0.3800155316185898,5402,0.7405978011937754,308,0.47564097172213715,9098
5990850.0,1748750.0,0,3.0728082826259184e-09,16572,0.571631641993651,8828,0.5286266178340822,7649,0.6214990198373388,574,0.554114217980845,111,0.6062443742544741,160,0.5699391612626544,8566,0.5991234931811971,6566,0.6647438894655378,282,0.7403818039696517,309,0.7562635062413399,817
5971150.0,1777950.0,0,2.2419903246309602e-05,11208,0.5490020415610778,9993,0.5783576031057094,3983,0.5649847808827403,9584,0.5033763841855984,405,0.5400314096436768,1880,0.5809582919581342,8074,0.6415271972220147,4796,0.4623409686368639,2413,0.7403712486324348,310,0.6086995387855355,4219
5942850.0,1790850.0,0,2.0652288891059078e-10,17772,0.5354730368289679,10608,0.5039094178150487,9847,0.5757184963084457,6585,0.4389003904924702,1195,0.5527944431596723,1092,0.5309660543703859,10346,0.5634475053723057,8276,0.5275828865879825,1103,0.7403216025193484,311,0.7801517951269975,550
5983050.0,1757150.0,0,7.858543971837855e-05,10010,0.5834433103790125,8202,0.5858823902606503,3530,0.5480896757060748,16039,0.4541906941435208,957,0.5445747215318656,1570,0.595247674666144,7423,0.6458121962322445,4611,0.48946005585223595,1774,0.7401933892463742,312,0.8046356248288653,359
5902950.0,1740350.0,1,0.9999999999750235,249,0.9157145128763653,24,0.7292255995203604,317,0.580228114648392,5467,0.4244807927287817,1439,0.559992399330942,828,0.9935521959258506,20,0.9686181691011756,24,0.6713038666934353,267,0.7398108987128821,313,0.8866749775404226,71
5982250.0,1755950.0,0,1.1705609081985702e-08,15949,0.489690278546679,12821,0.48023736645592363,12107,0.5672543245521396,8916,0.5256334843548197,234,0.5479986785143682,1335,0.4854360502513264,12365,0.5322159423021628,9922,0.49819573770331615,1588,0.7396750646723171,314,0.6743358693312955,2274
5944050.0,1791350.0,0,5.767639087319029e-07,13791,0.7020580666143019,2479,0.6181536340723589,2197,0.569979858082605,8172,0.4918656787348102,518,0.5604018936745137,813,0.7151169650421075,2396,0.7483532038211134,1931,0.5462634228905748,899,0.7395630243432314,315,0.7965621385724806,417
5989150.0,1752050.0,1,0.9999999999972957,117,0.8947958260633442,492,0.7303000920718461,301,0.5902278378297706,3354,0.48018057698408884,629,0.5868883700778764,314,0.9716707731683273,217,0.9191464330406002,593,0.5934553587155602,553,0.739434549654336,316,0.8194611295382351,273
5988250.0,1752650.0,0,2.4257723156735616e-05,11134,0.4683783074852217,13848,0.5048219518705164,9758,0.6109890130065102,1016,0.49255483051673377,512,0.5828268677701854,360,0.4500384646179464,13986,0.5092368381085167,11270,0.6070991288464933,493,0.7394168635761704,317,0.7466468138671354,955
6006550.0,1765050.0,0,3.1688778346303445e-12,19343,0.5246566686324046,11132,0.4575651416117676,14112,0.5408289740380888,18139,0.46765214406557165,762,0.520701311886317,3993,0.49736863479889115,11845,0.5019298498633241,11705,0.4116601055792929,4064,0.7393418357293178,318,0.5377260831440036,7087
5909850.0,1758950.0,0,0.1592948535185185,2472,0.6869118866745824,3058,0.6154339754390928,2285,0.6166739617399403,739,0.5086109712522509,364,0.5922674268087491,257,0.6954294874125387,3035,0.7302246126215479,2187,0.5857595819382337,595,0.7391385678160932,319,0.84149268343167,168
5904850.0,1740850.0,1,0.9999999999999167,17,0.8896330775469063,780,0.7282401317226406,338,0.6264009833010933,430,0.4691503685354531,742,0.5944087594505076,244,0.9648721563515891,514,0.9159767547403916,688,0.7487707543575742,136,0.7390754151635506,320,0.8804562382369497,82
5987450.0,1755550.0,0,0.00020691921566016864,8966,0.5249401620841586,11124,0.49890320371723657,10303,0.6175613737954493,704,0.48485231321463446,578,0.6059012644473281,168,0.5061646617192895,11451,0.5304804244688909,10022,0.3431241274222334,7224,0.7387604242218637,321,0.8350529954521088,194
5908950.0,1770550.0,0,7.466634210193624e-06,12079,0.6231300508013615,6228,0.5881160245932648,3402,0.6015841110618801,1743,0.46942163289825845,739,0.5822796602432617,368,0.616151500385892,6479,0.6654506477653963,3887,0.6038574030997556,508,0.737373140819696,322,0.782684576878834,523
5986750.0,1753450.0,1,0.99999999961634,411,0.8987012027650365,181,0.7383420336126741,152,0.6038479686818863,1499,0.48448059440058494,582,0.581757393000495,376,0.9649033849962305,512,0.9253615107046909,421,0.7096793087367606,193,0.73704130102973,323,0.8027869622749032,375
5994150.0,1749250.0,0,0.00017946211435010146,9130,0.3582417617982099,19305,0.48820583663224765,11328,0.6656900286047918,6,0.5069387915402772,375,0.6454268605181123,9,0.3575057570030684,18226,0.45886649935931656,14257,0.7075610261514916,197,0.7366932746660241,324,0.82827334152998,225
5905150.0,1740350.0,1,0.999999999976062,246,0.9173848606682746,14,0.7446401539234623,69,0.6302392353196239,320,0.46458132857918755,795,0.6093998830851478,135,0.9960719290226786,9,0.9815531655088577,7,0.7680313094838529,108,0.7365996929754728,325,0.8946934393640261,62
6008650.0,1732150.0,0,0.004615218243262856,5712,0.6080468307386239,6964,0.5878491272931461,3423,0.5906852690271946,3276,0.5674591860437186,69,0.582993862973049,359,0.6185158805352385,6368,0.6641413266208708,3932,0.5088350199331967,1400,0.7365319114489921,326,0.7884865965213923,475
5990750.0,1748750.0,0,7.128843050762687e-08,14978,0.6802782574926839,3336,0.5919737365746479,3210,0.6252883483916497,461,0.5376566960946905,174,0.6058092263236836,171,0.6905461009088798,3189,0.6726083504741966,3629,0.6544386621927619,314,0.7365275268796667,327,0.6964502582460994,1803
5984650.0,1756250.0,0,6.451334986434076e-06,12186,0.36133542272037633,19153,0.42501505872755263,16881,0.5686332084635022,8574,0.4640059783290102,804,0.5458214822234952,1488,0.3328883026528149,19283,0.40531323662141716,17303,0.49457413057117305,1664,0.7360951628762803,328,0.790996892997089,452
5904750.0,1740850.0,0,0.0029729438245135503,6149,0.5494073349804329,9966,0.5674101995785283,4684,0.6142747835062135,847,0.45571204547314065,933,0.5958783080912129,234,0.5724895095616458,8461,0.6404980516376619,4843,0.6026863864821635,516,0.7360814320175184,329,0.8783892156176416,87
5985150.0,1750650.0,0,2.9133008181580874e-16,21392,0.3663481666028957,18898,0.3955732547142448,18848,0.6211012760962201,581,0.5603312698026272,93,0.5801106633107026,397,0.31060811515015607,20146,0.35932182842929783,19363,0.3057839784785773,9557,0.7360737098515775,330,0.43436655781857403,10421
5985850.0,1750750.0,1,0.9999999881492855,653,0.8968298707513953,331,0.7402875458617258,121,0.6298797039095024,330,0.5080736603822248,368,0.5962280009773206,230,0.9689937189734938,327,0.9394876459182918,171,0.6915117502733201,223,0.7359900056480329,331,0.704074045538267,1660
5987950.0,1756450.0,1,0.9999999999982951,96,0.895807822573654,408,0.7472930497319529,52,0.6263693745299242,433,0.4590321220389902,877,0.6125961074413159,111,0.9774122025583027,99,0.9457315208102691,132,0.5654431113812816,738,0.7358592309409937,332,0.9545711178069345,10
5985850.0,1753750.0,1,0.9999999999942657,156,0.8977994700669164,252,0.738497002792292,150,0.6062678565908913,1289,0.446436373690675,1059,0.582159819721854,371,0.9679380530543578,378,0.9405115024596243,167,0.7163676515535837,181,0.735249611446309,333,0.9155411531598597,46
5992250.0,1748350.0,0,0.0008388777524922468,7497,0.3822453439430796,18140,0.46154831113766753,13763,0.6209223662065588,585,0.4934210310555034,502,0.5966165412045323,228,0.3799902781917057,17219,0.454410076188686,14533,0.7360159414988678,156,0.7350891206250123,334,0.7807837712520407,545
6004150.0,1738350.0,0,3.1979343429397615e-21,21754,0.3822010601318329,18142,0.3426423421845637,21045,0.5636457904954254,9937,0.5236451380904831,246,0.5418547002458832,1750,0.32596150824951975,19550,0.3252045183926704,20457,0.24586353390414772,13955,0.7350339421098565,335,0.4360914687315004,10367
5907150.0,1745250.0,0,0.001686716305729419,6762,0.4930665560300847,12652,0.5325552637089597,7298,0.5902282194993635,3353,0.45459528367602575,949,0.5697014787716538,572,0.48492190448692096,12392,0.5545692096227732,8733,0.6108184847993426,468,0.7348452546841064,336,0.8228067353228732,261
5945450.0,1768350.0,0,0.007531126642600594,5188,0.46168552403048874,14172,0.511246447837806,9169,0.5816744804796418,5128,0.4617260915481988,833,0.5624739646378322,752,0.4483422948776852,14083,0.5086836615915173,11301,0.510478164177415,1367,0.7346572444133854,337,0.6957081192328369,1821
6032550.0,1710350.0,0,5.1395250051405984e-08,15148,0.4687405467325087,13825,0.4793774449646578,12190,0.6173875501047078,710,0.5027790589866182,415,0.5845498969341388,344,0.4358422184799218,14652,0.4789506530904214,13064,0.4632476223475521,2397,0.7346275276440676,338,0.4641862791645244,9460
5908850.0,1773750.0,0,0.0005388100050892167,7951,0.4433745638573808,15080,0.4373618858532222,15871,0.5759750204469654,6500,0.47270469081135874,706,0.5434371527294588,1645,0.40844551271729834,15876,0.42387696527053964,16331,0.25886005578334725,12951,0.7341499778408958,339,0.6529493343854756,2811
5944650.0,1768150.0,0,3.043835007209995e-08,15431,0.3985003798871859,17318,0.4135009162458724,17749,0.5639775055253978,9839,0.4602673730052561,855,0.5362292150691524,2174,0.3851034144973948,16972,0.4232141109294525,16369,0.4115901563127773,4068,0.7340403252327459,340,0.6744100530390728,2269
5947750.0,1761750.0,0,1.5975530976332992e-10,17881,0.33094861148879257,20531,0.4053789159869946,18259,0.5979172067788103,2143,0.5394543744105711,164,0.5745751690614148,485,0.31788415194867947,19854,0.37006812394366917,18927,0.3266428857077832,8216,0.7339783431804433,341,0.6871557768068961,1998
5999450.0,1749950.0,0,0.002857491631097682,6189,0.683899910152605,3181,0.6185551310504414,2184,0.6467958251461033,62,0.5085612234478165,365,0.6175550351901079,77,0.6752523617818301,3799,0.6969563740139716,2888,0.5801044155699372,637,0.7337454261798804,342,0.7738302451121808,624
5908250.0,1753050.0,0,4.119077673696058e-09,16430,0.35259758491466736,19593,0.3953738512504268,18861,0.5604162863893779,10916,0.4813664813553506,617,0.5504390419328858,1196,0.34917830320119125,18587,0.3882693853006344,18124,0.31227162093605576,9122,0.7334263158816394,343,0.81472553718909,298
5987650.0,1752950.0,1,0.9999999999041385,315,0.8901615934476359,738,0.7331025105725305,253,0.602152536639487,1659,0.44661386095357725,1055,0.5864468686841503,321,0.9595833682538549,789,0.9164452145017191,672,0.6132512969325163,455,0.7331940406585153,344,0.815133223255038,296
6008350.0,1762150.0,0,5.099323259269024e-09,16340,0.32552526510881036,20719,0.38365319242181306,19463,0.5750098565348071,6758,0.4838594327685744,589,0.5394781307782314,1921,0.3064252149059298,20308,0.3625107433892528,19234,0.4565710731416237,2583,0.73316910031191,345,0.5818349543523692,5328
5990850.0,1748950.0,0,0.000763632077195343,7596,0.5536076144540614,9771,0.5760724940513262,4104,0.6323926185079517,265,0.475586248123485,672,0.6152487793014877,92,0.5572930528358019,9183,0.6174797868445352,5759,0.6640321896722482,287,0.7331239096978982,346,0.8018665607012285,380
5988350.0,1752950.0,0,3.8116916224925677e-10,17497,0.6848837674179273,3140,0.5609412496940719,5109,0.5913792835572932,3157,0.5153218336924887,307,0.5630065280144915,738,0.6998061450712258,2859,0.6726338462829594,3627,0.30664377752803573,9494,0.732978970174641,347,0.7028092755209653,1687
6039050.0,1713750.0,0,1.0401453296271947e-09,17041,0.3823899553509358,18124,0.40022291664756604,18581,0.5852379755282942,4340,0.5008216127235415,434,0.5679996167558843,615,0.3552568050244782,18314,0.3672989857431824,19041,0.24700514885130742,13874,0.732931336399577,348,0.44698408479617935,10032
5984750.0,1753750.0,1,0.9999999997967304,358,0.8972818358873217,298,0.738744360935046,144,0.6160190514336817,762,0.4819706141374257,612,0.5862138801279398,325,0.9646796963328309,526,0.9290049361215231,339,0.6698079858408119,270,0.7328525025021406,349,0.7392217808143198,1053
5972550.0,1775850.0,0,1.9700472303279515e-06,13019,0.632199769149987,5734,0.5844366001026168,3613,0.5720535770228158,7588,0.49210008021719165,517,0.5588520124058755,862,0.6458760233357733,5113,0.6867929186954815,3198,0.4831381482735537,1909,0.7326142642721902,350,0.8023144707033013,378
5993650.0,1749550.0,0,0.6996526577267371,1694,0.7167986483635944,2081,0.6569701128985903,1376,0.6448390882080108,73,0.45939823884456205,869,0.6228859754279403,52,0.7407536736689552,1925,0.7804208360433154,1641,0.6123807049938096,459,0.7321685401220345,351,0.8141604680810538,301
5984950.0,1753550.0,0,4.0626771224234466e-20,21741,0.5849752361378328,8114,0.4769819492154412,12401,0.5771429570206473,6196,0.5145438380559455,315,0.553357559208561,1076,0.5870286592113211,7776,0.5140442362365211,10982,0.29521353172770814,10306,0.7321437670443427,352,0.5140122310244142,7904
5987750.0,1752850.0,1,0.9999999998367268,347,0.8898289584855493,761,0.7400151109661508,124,0.6134980547348173,880,0.5090175144741116,360,0.6116065155158931,115,0.9599173922992223,771,0.9227997023011598,495,0.5410468755670781,948,0.7321177432934785,353,0.824384361607478,249
5986550.0,1754250.0,1,0.999999999978068,240,0.8987864781467013,171,0.7535067407110536,20,0.6428114067986204,91,0.4514842154944442,987,0.6137652713754252,102,0.9693115755926767,305,0.9484597462872323,113,0.7268416981243456,170,0.7320767096941629,354,0.9184332261245998,41
5989950.0,1756150.0,1,0.9999999999990374,74,0.9225351860886706,2,0.7734877540472852,1,0.6488077369812689,54,0.4962874794231729,472,0.6235485580066344,49,1.0,1,0.995777296440813,1,0.9784981246617117,1,0.7317736784885088,355,0.9171325849697094,44
5989850.0,1752450.0,1,0.9999999999897153,188,0.8955057268272132,435,0.72744638718424,360,0.5908720499301929,3246,0.5497871096746318,130,0.5728416111064856,510,0.9699885189005802,277,0.9120993183937413,813,0.6946026831715445,217,0.7317728401678675,356,0.70446935573865,1655
5986650.0,1754450.0,1,0.9999999999835716,220,0.8970101950271147,319,0.743532073742297,78,0.6129296098426452,907,0.45962155870586735,866,0.6061445083670226,162,0.9684129502219495,357,0.9463144905864639,126,0.5526533939216417,841,0.7316769652716346,357,0.9531094095195013,13
5974450.0,1777050.0,0,6.256373572983214e-08,15052,0.434339442375051,15496,0.4536975718042476,14454,0.5585808224043104,11642,0.47261608359225055,708,0.5384497501069133,1998,0.4303995112427468,14891,0.48345021713532366,12805,0.4574518099195153,2548,0.7316523230664237,358,0.7001331657406513,1747
5909650.0,1774950.0,0,0.000993916588797885,7315,0.3674341626833977,18845,0.45812469569658404,14063,0.548001896295879,16060,0.45327753601005427,967,0.5177034120480276,4437,0.37726275819931676,17347,0.4551434764567852,14484,0.45524614061536206,2621,0.7315759058116469,359,0.7450063189485505,974
5940950.0,1769350.0,0,6.583797492403841e-19,21703,0.509732487230289,11825,0.42243486932695506,17085,0.5518544039023489,14762,0.5025598865321355,419,0.5330546861797295,2489,0.49036134220959404,12144,0.4580457993132008,14306,0.2588157767458954,12956,0.7315745140003234,360,0.4767696990482846,9063
5987050.0,1754650.0,1,0.999999999997391,115,0.8914954201664276,649,0.742786268951831,86,0.6374406838286844,152,0.45332525422864073,965,0.6079930498022319,147,0.9635280195541072,595,0.9339546878241013,245,0.8028292300407036,69,0.7310133803977898,361,0.9178699741944123,42
5909550.0,1753250.0,0,1.3067342658291818e-07,14648,0.7042598862098318,2413,0.557164103542513,5369,0.5768725400907017,6267,0.5207651154859665,271,0.5611542123400999,787,0.6899557784308935,3209,0.6435271114453609,4705,0.30632675104845686,9513,0.7304599124831332,362,0.7666249593655473,710
5988050.0,1755850.0,1,0.9999999999994051,56,0.8930065744938471,576,0.7506666456942157,31,0.6445839431565811,76,0.4952767256071023,484,0.6155142180379203,90,0.9649309903060127,509,0.9392373657637777,176,0.9704774873656279,3,0.7303127962146353,363,0.9103292418665236,49
5942750.0,1790950.0,0,1.3951644583911792e-05,11616,0.37989330033801505,18245,0.4671436896033403,13278,0.5730755868448014,7320,0.43005115782492537,1342,0.5525193947143024,1107,0.394129450172378,16542,0.47645339658999275,13223,0.5475010162481002,886,0.7301485403624064,364,0.8052560816026432,355
5991450.0,1749750.0,0,0.0006928468126603125,7703,0.3851478883232597,17990,0.4937664616624476,10788,0.6259217220716325,440,0.5269475370387592,224,0.6101330298794755,125,0.3792703878540876,17252,0.46581250076263014,13829,0.7093831616610502,194,0.73009431098374,365,0.7783112979955651,571
5942650.0,1760050.0,0,3.531088469522755e-05,10782,0.3024064836137483,21354,0.3918364599559541,19043,0.6205773436665669,602,0.49526234673463415,485,0.6011623890114223,197,0.27014799492074115,21231,0.34637448209437494,19812,0.5706723380235325,698,0.7299880860518069,366,0.7018016766522501,1716
5986750.0,1753950.0,1,0.9999999999962181,134,0.9014001855687226,99,0.7561105140145397,11,0.6530740273802375,33,0.49768860892385103,460,0.6111714027204906,118,0.974453894256528,134,0.9556162781268681,69,0.8665718676262995,14,0.7297290452609855,367,0.7857611526113896,502
5992450.0,1749050.0,0,3.227200561882988e-16,21374,0.5818650415773515,8288,0.5120485125982139,9098,0.6382589136659746,139,0.5492036529393474,133,0.5827165004753726,361,0.558668683671929,9125,0.4917764457035134,12328,0.3505798814025427,6816,0.7295245650302764,368,0.4352451081995218,10397
5988050.0,1752150.0,1,0.9999999987903156,501,0.8927754119251036,584,0.7425447145848529,88,0.6431366950093632,85,0.5125479456594868,329,0.6027132339044535,189,0.9610433918695663,711,0.9187190447331052,609,0.8344839153382662,35,0.729254547240857,369,0.7552050425428796,831
5986050.0,1753750.0,1,0.9999999999903693,182,0.9013611031676263,100,0.7552987257764068,13,0.6599822613002294,14,0.49621306536904436,474,0.6262994747910564,39,0.975213145049396,117,0.9585183508886818,53,0.8574063608431279,24,0.7292353321159464,370,0.9146205517786099,47
5995750.0,1748650.0,0,0.001625398091494973,6799,0.46673297999324675,13913,0.527389305757009,7765,0.6346710938014224,199,0.49019405420774,535,0.6193126220203465,68,0.4550233611191482,13762,0.5255838291437607,10321,0.6052164550241905,503,0.729129791132106,371,0.7832325211695654,520
5989850.0,1753350.0,1,0.9999999999945295,153,0.8950221140966266,476,0.7251358925780774,414,0.5848873115053668,4412,0.5435616079070545,146,0.5775324088233407,431,0.9700035864658576,275,0.9125445176359602,787,0.703180259555178,205,0.7290832439191863,372,0.7867622593294088,496
5987350.0,1754750.0,1,0.9999999999995386,49,0.8895940079997298,785,0.7264811280995759,387,0.59160413612647,3110,0.42983489600213004,1348,0.5679261866420248,618,0.9613935274017342,686,0.9242756372399397,454,0.6344839378197749,378,0.7289932115265115,373,0.9048687013986669,51
6061450.0,1761050.0,0,5.1465896077678386e-08,15147,0.7028823554211179,2455,0.6210114027906466,2115,0.6131246187694464,896,0.4925178467725534,513,0.571947743274685,529,0.6945289447061342,3065,0.6935801369857861,2996,0.5565760763963695,802,0.7283701204303348,374,0.6826285319127398,2090
5970650.0,1778050.0,0,0.0005206969367745658,7993,0.6254077715642122,6091,0.6191573265166256,2170,0.5892648999741263,3536,0.4209161398186093,1516,0.5679283252052306,617,0.6556642313069576,4682,0.7075075470159309,2622,0.6018218902228702,518,0.7283523640699532,375,0.8193252604423368,275
5889350.0,1780750.0,0,0.0002875628946804336,8595,0.5683333945389343,8999,0.578426015277183,3980,0.5614620317249995,10615,0.4259629338068282,1416,0.5443912758169439,1578,0.5748204028590245,8366,0.6309619006271504,5210,0.46498345897858306,2345,0.7282785313656739,376,0.7738405422082497,623
5987550.0,1755850.0,1,0.9999999999989349,79,0.8897210692306506,772,0.7281643927935192,341,0.5827099798708846,4882,0.4803752631859176,628,0.5541340979028654,1036,0.9609393081414821,720,0.9245197421342335,444,0.6232048487905352,428,0.728065542864685,377,0.7199917544826283,1382
5909650.0,1771150.0,0,0.000830823671673301,7510,0.5894219060654572,7886,0.578434808634539,3978,0.608972749644381,1130,0.4606926445155872,849,0.5858888653970531,327,0.5841211086833465,7918,0.6396290537458937,4887,0.6154336624980837,445,0.7276923919009493,378,0.7706376080788345,662
6005150.0,1760250.0,0,8.72870830509639e-06,11967,0.5029718792979485,12151,0.4736269948062983,12689,0.5849646847328409,4397,0.44340337957980586,1107,0.5739880011754549,492,0.4844202176961381,12413,0.5041553306717036,11591,0.32136216095226877,8542,0.727347512456525,379,0.8440857854256649,157
6007050.0,1761550.0,0,1.0666231587320602e-08,15988,0.4076201227120694,16881,0.4254488628904757,16844,0.5698018629350883,8224,0.4727517060075182,703,0.5491129497868633,1273,0.38274091836532964,17086,0.4191847499397594,16597,0.4650851163327062,2340,0.7270714443993341,380,0.7088814104581058,1566
5987550.0,1754850.0,1,0.999999999999108,70,0.8910099756469209,677,0.7268580052909663,379,0.5954190134447402,2470,0.4651490532481953,787,0.5711431673159263,540,0.9622895556387969,644,0.925184408187032,427,0.7969473997659828,77,0.7270266049229851,381,0.9045353440167186,52
5986050.0,1751550.0,0,1.688845949234782e-05,11462,0.5413965984910638,10320,0.5792641415462564,3917,0.6171487396391645,720,0.48666877230668826,562,0.6111156717525963,119,0.5503936545370469,9511,0.619086202544314,5707,0.5190671009436005,1226,0.7269691493902254,382,0.8134996906048124,311
5985050.0,1752750.0,1,0.9999998681397871,870,0.8990303292227517,154,0.7399317583038507,125,0.6238836936484385,504,0.45686447625482873,916,0.5833797534182101,356,0.967270109770134,396,0.9250327304792606,432,0.392093918107972,4838,0.726834261905825,383,0.5706098442712233,5777
5986250.0,1753850.0,1,0.9999999999665534,268,0.8980718905268322,225,0.7540711421559343,15,0.639082175589255,130,0.47359394549423306,693,0.6076048914521458,149,0.9688980063167311,334,0.9486983660690129,112,0.6344353236958126,379,0.726675287099871,384,0.7280657265436441,1229
5989850.0,1751450.0,0,0.025521326534724723,3960,0.3711016338226418,18683,0.46061893468615,13839,0.6047749166291048,1413,0.4643756047406506,798,0.5918488342743349,260,0.3781212088231807,17304,0.455599953400478,14460,0.5704771522658338,702,0.7266430040322911,385,0.7788569499884912,567
5902950.0,1740050.0,1,0.9999999983449943,523,0.8879588294093894,879,0.7270750110969689,368,0.6080971628747163,1188,0.42919278326522003,1363,0.5803617086313944,396,0.9577644435175563,882,0.9439455173568275,141,0.6633810291250417,290,0.7265949331145034,386,0.8729563371525829,99
5987150.0,1750250.0,0,0.002248918372023551,6442,0.4082849419274293,16853,0.491797736761042,10990,0.6257872432522305,445,0.4730829793475341,699,0.5880546933745449,305,0.4144532681032238,15601,0.48966645770756656,12447,0.7793585736067115,101,0.7264745919511477,387,0.7649607581400195,731
5978950.0,1775250.0,0,7.626287994808215e-08,14936,0.6211047584327951,6325,0.5355517250603851,7043,0.603481464102793,1535,0.44652066067810864,1056,0.5537205975174047,1056,0.6261652321562933,6013,0.5768608653875573,7637,0.5190003712118954,1228,0.7264068806718393,388,0.5509472635845849,6561
5989350.0,1750450.0,0,2.2945977350794225e-14,20709,0.4283329729732498,15819,0.4281435250088986,16626,0.6289567901385684,348,0.5377456318061671,171,0.5756196297267302,467,0.3940127363515802,16549,0.4392336861644275,15419,0.3851230045022862,5173,0.726319959940414,389,0.4615930160691296,9551
5987850.0,1750450.0,0,0.00019400829890501954,9053,0.5095087303967701,11836,0.5157433742192655,8782,0.5975473654071846,2191,0.5803886701355537,46,0.5774008251320648,434,0.5032805068538981,11561,0.5534361231601339,8796,0.5836063645088004,612,0.7263157110877179,390,0.7508883330820433,897
5909950.0,1771350.0,0,2.2209385568323756e-15,21142,0.48247695503215593,13162,0.44952630469062216,14827,0.5982310221884444,2110,0.48274367117589345,607,0.5714458878656513,536,0.44312298515063653,14339,0.4714281097788565,13517,0.38868907073320746,5011,0.7262875499952506,391,0.5039371013230718,8225
5909550.0,1754350.0,0,0.00034312540196178705,8399,0.671558820702758,3747,0.5990245326391898,2888,0.5877798569171495,3789,0.48378606488774173,591,0.5764179037273832,452,0.6934059877359915,3108,0.7333114562601734,2126,0.5401222161769874,953,0.726101931990558,392,0.8315819899378831,211
5982450.0,1756050.0,0,1.503496274447559e-05,11563,0.3435350552620503,20022,0.39877565208525356,18681,0.5616523424151588,10539,0.44590845630901094,1066,0.5390175780574659,1951,0.3203005796410181,19756,0.37019553901293323,18920,0.46740013499110256,2282,0.7258955907520908,393,0.7604051508921894,777
5904350.0,1741950.0,1,0.9999999900021844,639,0.8868582315651656,931,0.7170469002256811,610,0.5880608193067678,3741,0.4466541236661463,1053,0.5710169601580253,544,0.9578779465566373,877,0.943738060816143,144,0.5892910094082626,574,0.725855229698315,394,0.884126762511782,75
5986550.0,1751950.0,1,0.9999999995783055,422,0.8996924265462469,125,0.7446895558933575,68,0.6350628799467463,193,0.45412668693774755,959,0.5895079362155962,291,0.9705362813509492,250,0.9374427944482404,192,0.7959067839234861,78,0.7256167957154331,395,0.6896486253785868,1932
5985850.0,1753650.0,1,0.9999999999871394,200,0.8998838563046727,120,0.7504066527796013,32,0.641270433144594,107,0.4485361152186195,1029,0.6081889382953654,145,0.9740208276777292,147,0.9550506185540081,75,0.783877734912226,93,0.7252501873067483,396,0.9168414854835697,45
5947350.0,1762750.0,0,4.5848339472103936e-05,10532,0.5736226802702358,8723,0.5540306123916587,5587,0.5658120845570364,9333,0.5212362137344898,266,0.5442702667950451,1589,0.5629909662387143,8909,0.601345087098925,6469,0.3923525128666241,4826,0.7251109547588028,397,0.6595682107633272,2627
5983850.0,1761450.0,0,1.3425009794596915e-08,15874,0.6745523433034587,3587,0.5964864744472482,2995,0.600439725459413,1852,0.5228834622906088,256,0.5692281511574777,582,0.6793808759715535,3634,0.7097677964925277,2564,0.3287836806007427,8071,0.725080527297551,398,0.582913902032858,5284
5989150.0,1750250.0,0,4.923568663076325e-05,10461,0.4693580595845084,13796,0.4878912874285781,11361,0.602058985465667,1672,0.5476281427348533,135,0.5853220467299651,335,0.44981144103771764,14000,0.49059919515786476,12392,0.6532001061004445,319,0.7250454371873324,399,0.7337007035027382,1146
6008750.0,1736750.0,0,0.003972706264993908,5850,0.49008852258782337,12796,0.524986067694522,7972,0.622018004838154,559,0.4898358543868273,538,0.6027047928702789,190,0.5042902517868482,11524,0.5644329741097236,8222,0.5763165883932226,664,0.7249135770515611,400,0.7984415008823,400
6034750.0,1715750.0,0,2.372613352334228e-07,14311,0.46300321942415235,14096,0.45805193273282885,14073,0.5634993518325598,9986,0.4943324285156947,497,0.5500731432201938,1223,0.4349640925764491,14691,0.43993842935129246,15376,0.24922056699816153,13716,0.7248993976731163,401,0.45679499436052984,9694
5986750.0,1750950.0,1,0.9999999992752335,464,0.8982002289647579,218,0.7338642470256195,235,0.6116301513145042,979,0.42430415011986006,1446,0.5889416187924641,295,0.9701979710136586,267,0.935847003159261,215,0.6634090979179862,289,0.724652461441591,402,0.8300043210710417,221
5985250.0,1751850.0,0,0.0001226246204505721,9513,0.4351561205450489,15452,0.49139431133610195,11016,0.590000895372239,3402,0.4655399230878456,784,0.5727732073071875,513,0.4498507100243324,13998,0.5114948041228953,11133,0.35327200850432927,6679,0.7246470496336717,403,0.573472307921337,5682
5986750.0,1750850.0,1,0.999999999295063,462,0.8974980521508455,282,0.7303694191868486,300,0.601750949568608,1723,0.4353365136593397,1244,0.583188326345028,357,0.9696270066727366,289,0.9342234719437548,239,0.6054517608396327,501,0.7240441845127341,404,0.8274403378541799,230
5989350.0,1754550.0,0,0.00015490516013224096,9279,0.4360156594029154,15412,0.5200856372491797,8401,0.5782768673475948,5907,0.4076222615431498,1803,0.5703283714418028,556,0.45702439802973593,13676,0.5460412834579248,9205,0.5858725116716489,593,0.723901778870046,405,0.9023667346323868,54
5982050.0,1755650.0,0,1.9427168088403694e-12,19497,0.5236698064714701,11196,0.4495374913209441,14824,0.5664819694772975,9122,0.5375843625771484,175,0.5567533176374502,942,0.4868432620456685,12306,0.4800712744900334,12986,0.2629978676607785,12679,0.7238052665740049,406,0.6551362488186612,2737
5986050.0,1753950.0,1,0.9999999999957785,139,0.8973090000180547,296,0.7244921093951773,433,0.5645288358398134,9699,0.4834798711845983,597,0.5287975034399839,2949,0.9659398307779994,468,0.9298577684094521,323,0.531411691990044,1055,0.723597867085857,407,0.5938220886507357,4801
6001450.0,1768850.0,0,0.0020374409855657967,6555,0.6633186422161558,4155,0.6082037803928811,2547,0.4973149110022803,21246,0.4397692459461753,1179,0.48445277570117506,10633,0.6653764138564254,4236,0.694997728034263,2952,0.3375661559552088,7534,0.7230230867813513,408,0.654029018724954,2781
5988050.0,1756450.0,0,9.430198920392267e-19,21693,0.30586330102115594,21262,0.32536540472158826,21367,0.5840012134090076,4590,0.4905850976524807,530,0.54569308622956,1502,0.28416090620956336,20943,0.3184746555355953,20624,0.2927312661684157,10499,0.7230132461945157,409,0.49695090344636017,8441
5941450.0,1795550.0,0,2.2787468678309345e-08,15575,0.378220332754266,18345,0.4368478408684091,15925,0.5754899526155034,6643,0.44649617922071183,1058,0.554252230248769,1030,0.3688670572334938,17707,0.4386902334043865,15449,0.5415541012587229,941,0.7228785057416868,410,0.7796106725664325,555
5906050.0,1754750.0,0,0.0030238758633207054,6123,0.39232864466130496,17605,0.4680170592598165,13186,0.583062169101038,4804,0.5167163763669004,294,0.5698991410416512,567,0.4000242027585563,16288,0.480575426947079,12956,0.6164169900992769,442,0.7227982993826151,411,0.8259976903593553,243
5908350.0,1752750.0,0,4.609979731308926e-12,19207,0.564408305184223,9199,0.5043409990457395,9804,0.5735062009256111,7181,0.5075378213807734,373,0.5449505622397319,1547,0.5689594677757147,8619,0.5895110145619313,7003,0.5161946029428282,1272,0.7226612927146676,412,0.6093505722733508,4192
5985950.0,1760650.0,0,2.500419242160333e-10,17694,0.5605133777937821,9426,0.49040775727748886,11101,0.5478616841007926,16090,0.47714775544541327,656,0.5006534807691334,7447,0.5495651482691543,9544,0.5660862356592405,8136,0.42452731776662,3565,0.7222267298663914,413,0.5676423557079322,5893
5985850.0,1750450.0,1,0.9999986836014761,1102,0.8975673463840209,275,0.7265848607084432,384,0.5958391270149959,2413,0.48531051640367345,573,0.56599711503568,664,0.9661649216938645,453,0.9207736933791738,542,0.3823821070203768,5287,0.722164825765644,414,0.56974321923413,5808
5984850.0,1752750.0,1,0.9999999450452784,793,0.8983260297656256,211,0.7352006893162076,211,0.6161730278981273,758,0.4277268527592377,1387,0.5841439463771774,350,0.9670039556589342,411,0.9235623777841656,473,0.3971329441004354,4653,0.7219347341739148,415,0.5912689556316154,4925
5908350.0,1752950.0,0,2.1157516101287538e-05,11277,0.5473865019695136,10058,0.5300922612314294,7521,0.5847057569168883,4457,0.4309688070292828,1326,0.5537992781981167,1049,0.5557499283763235,9255,0.6072940226005676,6215,0.5763194017558786,663,0.7218229315154391,416,0.8193865031451155,274
5986750.0,1752150.0,1,0.9999999989373463,493,0.8989814429116245,156,0.7442595766539326,72,0.6265551586416275,422,0.454490784729473,951,0.5880265365952602,306,0.9699132431132458,281,0.9367379873374589,199,0.680903830736156,240,0.7217687274833311,417,0.7236476186066556,1300
5980250.0,1760450.0,0,0.00036311131591461093,8336,0.7203986557539258,1994,0.6366788013428957,1783,0.5143078005441442,20852,0.532526343774965,196,0.5096488154408101,5808,0.7289453549471863,2111,0.7519048648651849,1880,0.3952113282091463,4725,0.7216066799816571,418,0.5280516881382344,7435
5981150.0,1761150.0,0,3.882355188801045e-06,12548,0.3474022454824466,19858,0.41915261717266156,17330,0.5560744574246688,12774,0.4621110846943693,829,0.5463856716463112,1456,0.31860088784075913,19827,0.38310658286837707,18364,0.5151631044834666,1290,0.721595008592096,419,0.752967879845239,865
5985450.0,1750650.0,1,0.9999989227763955,1090,0.896444821372096,367,0.7384953027715591,151,0.6226110930262762,537,0.5215395993286042,263,0.5971138402511814,225,0.9665394345294425,429,0.9315839691054627,291,0.4032643672119156,4383,0.7212247594896509,420,0.5818830487455453,5326
5903050.0,1740450.0,1,0.9999999999941991,158,0.9165282815086976,17,0.7363953283373714,194,0.596213299163562,2359,0.44142919238397677,1142,0.5640321634374399,708,0.9936154870662925,18,0.9699688674236133,16,0.7142617277512705,187,0.7209419815179094,421,0.8653679857690157,113
5987350.0,1752850.0,1,0.9999999998384665,346,0.8897270856867338,771,0.7376678786141185,171,0.6113029224037264,1000,0.479841063874621,635,0.6049917906283405,175,0.9599641064185648,769,0.921364692007379,531,0.5308256895832874,1063,0.7207181310526156,422,0.8268202407965497,234
6009550.0,1732050.0,0,0.008364450514458454,5092,0.6008237444479531,7327,0.5817892661292023,3754,0.6240408679127617,500,0.5535514076102885,112,0.6164428649850556,80,0.6193119243704464,6331,0.6676861987447164,3805,0.5891262233751993,577,0.720717409791014,423,0.8090907602731515,339
6004250.0,1767450.0,0,2.5896148304359953e-05,11079,0.6297694455761844,5862,0.5291206284263029,7602,0.5027007449564141,21161,0.4670471408456334,770,0.4799908076828558,11463,0.604672475129198,6976,0.5855966974349069,7199,0.20861734826506972,16810,0.7204236648909982,424,0.5617345275213897,6120
5988250.0,1751650.0,1,0.9999999999858917,208,0.8965748681480942,355,0.7378854523662262,166,0.6221743208219795,554,0.43488543273690744,1250,0.5974357748780199,223,0.9739820555363788,149,0.9239293379039748,466,0.7692876192651585,107,0.7202506185480229,425,0.8266195310430926,236
5985650.0,1753650.0,1,0.9999999999927045,170,0.8981451814953708,220,0.7414368471803048,103,0.6194137760374054,645,0.44081931476821173,1156,0.5863864133088896,323,0.9680203560745995,377,0.9407278995276357,166,0.7544140295732822,131,0.72003216512374,426,0.8866649303667924,72
5985550.0,1750650.0,1,0.9999986106045424,1108,0.8967583837892255,337,0.7390991385744806,137,0.627103734313474,405,0.4998193179762492,443,0.5909456133754013,271,0.9664068864465696,438,0.9292233448667334,336,0.39801963074522406,4610,0.7199652423733548,427,0.5726733062539389,5705
5992450.0,1748150.0,0,0.0030023925023514955,6134,0.565946543509546,9118,0.5684103778767795,4612,0.6336978031968437,227,0.5486077199739171,134,0.6159034716815635,86,0.5721130017324852,8477,0.6268470859457419,5386,0.641593015621168,353,0.7198399291136208,428,0.7991583698429494,393
6037850.0,1693350.0,0,0.0008509227721651423,7485,0.659494215236017,4348,0.6168446562127693,2240,0.611315615451507,998,0.43908778271994175,1193,0.5791613437259896,409,0.6789355028457971,3655,0.7071952265547872,2632,0.6804749954486129,241,0.7197275466224029,429,0.8334262383179603,204
6036350.0,1694050.0,0,0.00026260643391296147,8704,0.6762207691816957,3503,0.61741559956505,2228,0.569589155036508,8290,0.4260795890158369,1413,0.5498139505455377,1242,0.6804920854913354,3586,0.7155762220077317,2443,0.4893205631879253,1778,0.7195253438821201,430,0.8123888934120642,318
5990850.0,1748850.0,0,0.0019762504623447186,6582,0.3515556653717087,19641,0.4624133938960408,13686,0.6251757817662016,466,0.46496703689753877,788,0.605243915669389,174,0.34130943532477986,18914,0.4274074266229455,16109,0.6542919457056218,315,0.7194317443272256,431,0.7942279448430438,429
5907050.0,1744050.0,0,0.0006920938109790358,7706,0.5647807036016134,9176,0.5475082850593954,6083,0.5741870630492522,6990,0.4902311954972845,534,0.5547803887224869,1006,0.5781333619510286,8197,0.6314603495906825,5192,0.5239676923066032,1155,0.7194102264311066,432,0.8313567373595647,214
5989550.0,1754550.0,1,0.9999999999999836,3,0.896913310230599,323,0.7337394536028629,240,0.5996649288901411,1933,0.46620692058033214,778,0.5621477167549699,762,0.9752734737612823,116,0.9292315482181458,335,0.7648978890953743,112,0.7191799121455704,433,0.7990256519344251,395
5903650.0,1770450.0,0,6.562464805033159e-05,10194,0.6408276553694824,5286,0.6108170175485363,2459,0.5830188065360471,4816,0.4431200590303708,1115,0.5663138878838437,652,0.649460682102108,4939,0.694794597587409,2962,0.5408736281014848,949,0.7190714500059585,434,0.7897013296922849,461
5985850.0,1750350.0,0,1.1885435087587651e-06,13344,0.3491233627891225,19771,0.4360818197584094,15989,0.58409089945931,4571,0.5182874318675605,287,0.5727849349403041,512,0.3377544659823868,19064,0.40771582766631376,17169,0.3299977601870169,8001,0.7187515054278797,435,0.5488018274663937,6648
5902950.0,1740450.0,1,0.9999999999727396,253,0.9147437112244939,36,0.7264586233306771,389,0.5721999918588514,7548,0.41980218176199047,1539,0.5533920690232129,1075,0.9930120592317977,34,0.9670823837078723,26,0.589304987029969,573,0.7183471332459763,436,0.8776812892349362,91
5983650.0,1757150.0,0,8.001705221557303e-10,17157,0.5781835252491506,8479,0.5222962037504079,8196,0.5563895937120702,12632,0.49666442198189875,470,0.5192405098093335,4211,0.575738078519221,8318,0.6045537579348332,6343,0.4468770155838795,2858,0.7183257928324487,437,0.6101074161200792,4162
5987650.0,1756250.0,0,0.00014150558393828628,9376,0.47444127662356533,13541,0.5381004448685373,6827,0.588867454068175,3610,0.5169843964013835,293,0.5538017654465697,1048,0.484795128733261,12397,0.5638211479444646,8252,0.6205011863669664,431,0.7181697851918623,438,0.5459573582859597,6755
5940650.0,1769150.0,0,1.4902397807384735e-07,14582,0.6237715373050643,6189,0.5602967096304157,5145,0.5639338639282024,9853,0.4490346694819173,1021,0.5290627252778365,2917,0.6162887284111842,6464,0.6419758840583564,4772,0.433710304997871,3258,0.7180214940116143,439,0.6652293601106689,2489
6038350.0,1713150.0,0,1.5084402254620406e-15,21183,0.5982031674885562,7458,0.5028311761300157,9957,0.5635624768822581,9970,0.46271688547879525,821,0.5216950917934011,3871,0.5678194072663532,8676,0.4733193469483735,13416,0.3198561718672368,8645,0.7180015558644051,440,0.40837069348195043,11196
5904650.0,1756250.0,0,2.5933318925446027e-06,12845,0.6668773043223971,3980,0.581308728152523,3792,0.5510542517333709,15059,0.4528050364468564,971,0.54890799130003,1283,0.6958179539596795,3018,0.6997738864945113,2816,0.332222457790079,7863,0.7179153369522356,441,0.8346441832650418,198
5985050.0,1753750.0,1,0.9999999997404267,382,0.8972007238653341,304,0.7339125787084143,232,0.5960970737647656,2376,0.5103086080956785,348,0.5611498930853365,788,0.9639980370372246,563,0.9254001507753579,419,0.6776163045308313,252,0.7177788147028501,442,0.5714317764153694,5749
5993350.0,1749850.0,0,1.542977580733016e-11,18792,0.45579609538061455,14483,0.4522011285084766,14588,0.6144176334916369,836,0.47076329700282654,726,0.5758751283486675,462,0.42432030216358974,15169,0.4699610241238198,13605,0.5852721086003809,600,0.7177626588275114,443,0.5837910647113905,5236
5986650.0,1756650.0,0,4.535527215211524e-06,12450,0.48204502826971923,13186,0.5014517799966159,10078,0.5555678299509841,13028,0.4491682294669441,1015,0.510202352099706,5682,0.4922206301608001,12063,0.5515572810214759,8889,0.4475863056614018,2838,0.71773743574161,444,0.604971753937949,4369
5987850.0,1751150.0,0,8.136096291612578e-15,20915,0.5821350249474639,8281,0.5007705123092487,10136,0.5856669144193682,4246,0.505985132430095,380,0.5617774247842602,767,0.561605576372907,8993,0.5170108252961544,10824,0.44237236270575164,2989,0.7176161691958289,445,0.5150310055607363,7875
6041750.0,1736350.0,0,1.6040239379393088e-08,15766,0.4596747598966644,14296,0.4906809765146517,11072,0.594909812080623,2568,0.5373800955323851,178,0.5999887764146196,209,0.46114916576222165,13491,0.4694930345144752,13632,0.2632687468741516,12662,0.7173430506923557,446,0.3904673555304282,11663
6001250.0,1762050.0,0,8.230782289984244e-11,18183,0.6044567163906545,7150,0.5216303679178436,8261,0.5643931606219675,9731,0.4568427772071134,917,0.540189009203955,1869,0.608611690819415,6806,0.6237970544040528,5518,0.4687482530032071,2244,0.7172622614038846,447,0.6760731179494625,2236
5903650.0,1740150.0,0,0.017668386337495522,4331,0.7275252195653081,1830,0.6650527976190576,1275,0.6091020815668381,1123,0.4361428732997259,1231,0.5929767215101487,255,0.7455371198763486,1862,0.7893073211438884,1608,0.5527483845961697,838,0.717131522697653,448,0.8750239379619407,97
5987150.0,1753150.0,1,0.9999999996823001,395,0.8895927355068863,786,0.733632534343258,241,0.5978345356643525,2157,0.5090320217725155,359,0.5844069206966481,348,0.9585909344161354,852,0.9161969548684337,683,0.5521114579951694,848,0.7171131518615286,449,0.7937517030074335,432
5987150.0,1752650.0,0,2.6868963598681574e-16,21400,0.3721126178415777,18636,0.40322341840243503,18415,0.592633264539136,2942,0.46782156980352313,758,0.5579446671129706,893,0.3560413104137963,18287,0.41527881824180957,16807,0.37888363562081273,5450,0.7170865013191113,450,0.48695188587440397,8760
5967450.0,1738650.0,0,6.396608441686382e-05,10216,0.6332115464650206,5685,0.5990268891289862,2887,0.570135972452177,8132,0.4906828997764538,527,0.5614754879914667,777,0.6242912287005564,6110,0.6529452077293992,4347,0.30888178113847564,9346,0.7170051403311234,451,0.5483178877415817,6668
5909250.0,1750850.0,0,0.0003424155706981772,8402,0.46054435207123057,14250,0.5237330657896136,8081,0.5657226545263501,9358,0.49765095440882967,461,0.5439090717032932,1615,0.47513002241490754,12857,0.550553910614302,8945,0.49097252380097445,1737,0.7169662019650378,452,0.7676659370179527,697
5996250.0,1749050.0,0,3.220616646510352e-08,15399,0.6905559053455967,2929,0.6003317323747331,2836,0.6369096369784962,162,0.5028518380858438,414,0.6104024296350239,123,0.6827300239602239,3499,0.6695346870593554,3736,0.5622558039892245,760,0.7168455389530302,453,0.7128198241819962,1501
5984550.0,1761750.0,0,1.8520861754945196e-06,13066,0.45875137365893515,14338,0.4778759303364674,12314,0.5228640421571427,20499,0.4091609810666753,1774,0.5300427087322215,2824,0.46893117197837064,13132,0.49667978347675623,12034,0.28579971322580056,11001,0.7165215248508742,454,0.8279867729028619,227
5902750.0,1740050.0,1,0.9999999944099418,601,0.8866720566243769,940,0.7149548890214736,655,0.5753302102319083,6679,0.4290753951509864,1365,0.5580188957011278,890,0.956618905055948,938,0.9386931340353535,180,0.568613978387732,715,0.7162911062230788,455,0.8778792074225301,90
6001350.0,1761950.0,0,2.5033707935397843e-05,11113,0.5614688518802968,9372,0.5397022129784602,6698,0.5982582195110974,2104,0.4214904104465879,1501,0.5611438547251014,789,0.5829491835374567,7972,0.6361397603277411,5014,0.6453971997863639,344,0.7160832795500436,456,0.7871251021338017,491
5905750.0,1753150.0,0,2.8577361226418716e-07,14217,0.6364681318468998,5518,0.5691503214227842,4562,0.568956854512436,8477,0.47680273845317717,660,0.5451562020277274,1535,0.6415888753443741,5315,0.678431877776942,3434,0.51583253470567,1276,0.7159274265610103,457,0.7745303440570913,616
5987150.0,1751850.0,1,0.9999999873780724,655,0.8966670702058301,344,0.7158808077684402,631,0.5961638116941604,2368,0.43371718497490985,1277,0.5637007345797869,722,0.967236140859656,399,0.9216745179200222,525,0.5565932866319077,801,0.715797879166673,458,0.7784833195792562,569
6004950.0,1738950.0,0,7.687216760343773e-08,14932,0.6520103107382855,4758,0.5773398913879644,4035,0.5631698134292148,10072,0.5287343084848949,211,0.5342546124502671,2381,0.6468089813778221,5066,0.6701688230841096,3716,0.4167485736196923,3858,0.7153791618600566,459,0.656078396313676,2710
6036450.0,1727150.0,0,0.0002266130629873591,8867,0.5059194625351349,12028,0.5494608717961429,5931,0.5839719903026471,4594,0.5044537276505288,390,0.5665690661670876,642,0.5103621188185509,11249,0.5626883844074577,8310,0.41403959180934324,3967,0.7151019465645112,460,0.48248518277150376,8895
5985350.0,1750450.0,0,2.720577430818605e-13,20125,0.5225681902737305,11247,0.4874353262465477,11407,0.6182577842774091,686,0.5122330325030702,331,0.5625256737407516,748,0.4870219213079109,12296,0.5147876126273272,10936,0.30250670280909975,9791,0.7149215582350203,461,0.48573218193932055,8798
6006850.0,1765050.0,0,0.07015785371508594,3065,0.6205464323810663,6349,0.5847370891192734,3595,0.5889409860389646,3603,0.49269047164127755,509,0.5616404945021168,771,0.6275393560848368,5937,0.6589233595448543,4124,0.6677378472941573,275,0.7147625294969614,462,0.7494694731715297,917
5988950.0,1753650.0,1,0.9999999998471818,339,0.8920020521083166,617,0.7403926969864649,120,0.6398033542592279,123,0.6287653558142203,11,0.6069993290829946,154,0.959139698139174,813,0.9166179740941516,665,0.6523226466998302,322,0.7146652181319931,463,0.5090902875911689,8074
5988050.0,1755950.0,1,0.9999999999994253,55,0.8926832979839588,588,0.748896417080479,36,0.6361344267947787,176,0.47708948875259816,657,0.608214256929602,144,0.9647470878969207,521,0.9386889551818681,181,0.9138746513517133,7,0.7143991460482753,464,0.9016589672948068,56
5944650.0,1795750.0,0,2.075270060733006e-09,16757,0.4838834791433487,13095,0.47867539678911597,12248,0.5984832005022174,2075,0.41766144134792893,1584,0.5815865091204566,378,0.4920829409141092,12067,0.519455493624544,10664,0.35592223923519195,6531,0.7142083528939571,465,0.7995824626922284,389
5985050.0,1753350.0,1,0.999999999706483,390,0.8967102246702174,340,0.7408017756541015,113,0.6151226766691904,794,0.5158388688099023,305,0.5941671816770453,248,0.9644829195503641,536,0.9318940011130048,285,0.5700757152949171,707,0.7141048697069677,466,0.7008466870872556,1737
5993550.0,1748750.0,1,0.999999999655965,404,0.9153803049637765,30,0.7409745288517731,110,0.6233418334464984,520,0.514264548988195,320,0.6129987977903878,106,0.993114927725101,32,0.971633529754292,12,0.6100834124336857,475,0.7140286546673862,467,0.8391130101333677,176
5989650.0,1753450.0,0,2.8332576646248455e-09,16603,0.5324700218724534,10720,0.49368001355519603,10800,0.5738384311640232,7089,0.5191810489370453,283,0.5651465221564468,685,0.5149056264231845,11061,0.5500673154661966,8974,0.49607480680310634,1646,0.7139411361481537,468,0.584818812909823,5191
5909850.0,1751750.0,0,4.167327253535077e-05,10641,0.5962990118967215,7542,0.576231902786796,4095,0.5677300334387338,8801,0.48367105262535565,593,0.5502069865729302,1214,0.596952511063975,7345,0.6475435420697009,4565,0.49898139792693963,1578,0.7138311574858184,469,0.8114958824109971,323
5985550.0,1750550.0,1,0.9999972075307467,1148,0.8959605227750632,397,0.7338506805568168,237,0.6093026933936013,1103,0.5233323200380637,250,0.5844706978418928,347,0.9659771737978942,463,0.9290055612300022,338,0.3929892372468714,4799,0.713591843683951,470,0.5751963763850548,5621
5907450.0,1757350.0,0,6.68559432065598e-06,12159,0.6115780613060782,6777,0.5484223018435881,6013,0.5626741078379363,10244,0.4804147661328652,627,0.5576465872079909,904,0.6061442270704245,6909,0.6108688328815748,6036,0.3111298678286557,9193,0.713582234630128,471,0.8069544087904899,349
5983950.0,1753650.0,0,7.520952905777907e-07,13622,0.5730611798035445,8749,0.5279495376526309,7712,0.5500007639403608,15440,0.4522352637973047,976,0.5305916651420043,2761,0.581608391415132,8040,0.5845073594218674,7259,0.28168385770499527,11293,0.7135155615452087,472,0.7493928159654718,920
5985350.0,1751250.0,1,0.999999916470003,829,0.8971868571371745,305,0.7347471595685017,217,0.6294552201130673,341,0.43112696122652916,1321,0.5914474564981728,263,0.9670287988690047,408,0.9271705970130151,372,0.4076172426102559,4211,0.7133264093622005,473,0.5919767820629964,4889
5971250.0,1775750.0,0,1.270081694828154e-08,15904,0.561061734560054,9397,0.5377183116474984,6865,0.566430212428919,9138,0.45936022512934466,871,0.5381353430013098,2025,0.5519713923984648,9432,0.5949456078984512,6755,0.4802447290913451,1976,0.7131639238724458,474,0.7642877085849361,737
5993550.0,1748950.0,0,0.004085990024175717,5827,0.6108194541128993,6817,0.5773225451138949,4036,0.6389776433980574,132,0.5792502509853071,50,0.6112135815949788,116,0.6232442755811645,6165,0.6678646394015284,3800,0.6471618597230006,339,0.7131131817349085,475,0.7778918964895817,575
5998150.0,1740350.0,0,0.021166856295010552,4147,0.7081134858616334,2302,0.6136801579411172,2331,0.5764055590840335,6389,0.46441704930209315,796,0.5518468543461913,1135,0.7289855409552699,2110,0.7506994266690944,1897,0.5327187727260352,1037,0.7130955138997529,476,0.7705634299472117,664
5986150.0,1759050.0,0,2.146905857273139e-05,11256,0.3333738837694846,20442,0.4081400561187469,18076,0.6016296182970047,1734,0.493492117543339,501,0.5873211274262148,312,0.31147301567861096,20114,0.3652458436332209,19117,0.33190556895467305,7881,0.7126956179778461,477,0.8325586114922088,207
6035950.0,1711050.0,0,5.775133215814944e-16,21310,0.45768504581966385,14396,0.43319592505925597,16226,0.5683053709085395,8642,0.5208456191841216,270,0.5078013235511688,6152,0.4099319464396004,15814,0.4272348183527286,16116,0.27029299877142354,12127,0.7123642513866818,478,0.3487339794914541,12691
6038950.0,1713250.0,0,5.50913803566228e-12,19135,0.6934776939781157,2810,0.552612014726982,5692,0.5662581890773389,9195,0.469964857415725,734,0.5492202301359529,1267,0.6847061710586277,3409,0.6365638221440368,4991,0.24903389670285336,13728,0.7121819229244817,479,0.4515781819698156,9878
5986050.0,1753850.0,0,2.0922533758200544e-08,15635,0.38632077701190165,17928,0.43687825763792454,15922,0.5695082437062546,8319,0.457250728967098,909,0.5242065065799235,3518,0.3835100372968283,17044,0.4550506216342389,14494,0.5706069666547624,699,0.71202744822437,480,0.6361438392414898,3301
6001950.0,1738350.0,0,0.005125415922052642,5605,0.6270907706179064,5997,0.6272060736693936,1955,0.6222316661097103,552,0.5269250211273266,225,0.61598895721421,85,0.671759382814314,3948,0.730867610089983,2175,0.6110102508948507,467,0.7112499845721443,481,0.824416969123793,248
6035850.0,1693450.0,0,9.824180711694672e-06,11874,0.5419016354184745,10303,0.5181353550472185,8583,0.5541719581940698,13744,0.4237561426900393,1457,0.5370613173521827,2101,0.5419108507434296,9884,0.5514229679762318,8894,0.28778753034245175,10845,0.7111977149901534,482,0.7772364647599969,588
5971650.0,1774450.0,0,2.7013789816846584e-08,15481,0.711300393842019,2210,0.5723113647424402,4361,0.5690244356964383,8450,0.4609000860955181,846,0.5496076169261134,1251,0.6955232362137231,3030,0.6395027678328953,4894,0.29265760376137195,10505,0.7110496045322477,483,0.7471945506939607,952
5986650.0,1753850.0,1,0.9999999999938243,164,0.9006338750286852,108,0.7564231143561924,8,0.6489584799812564,53,0.4596674588265914,864,0.6023013101262675,192,0.9742131483755382,139,0.9557462772665924,68,0.8235395524321044,50,0.7109402051700603,484,0.7038828744618156,1665
5941550.0,1769050.0,0,1.1113337967919627e-09,17005,0.4045551349687029,17036,0.41579929943361266,17565,0.5580238246692972,11868,0.4868154980784101,561,0.5542413647362177,1032,0.40566950749161257,16003,0.4279666243773088,16078,0.28680512833717153,10916,0.7107886455059428,485,0.694539699607872,1842
6034950.0,1713150.0,0,8.068022732721852e-11,18191,0.6402298335016089,5320,0.5531973776667177,5655,0.5652241762605459,9511,0.4684603859561666,751,0.5321983872003954,2569,0.6513808949191497,4852,0.612810055034295,5947,0.4481560472022156,2821,0.7103812553035369,486,0.4569349888453893,9693
5906050.0,1758450.0,0,6.242261777371755e-06,12217,0.5763968295979864,8593,0.5535668131497925,5623,0.5582769796189944,11768,0.43832047729300816,1204,0.5357693360395298,2227,0.5675077995788893,8687,0.6115590344273082,5998,0.48342942202839945,1904,0.7103551839172504,487,0.803956587123881,365
5986650.0,1750950.0,1,0.9999999991477786,480,0.8992399462830765,143,0.737699189963834,170,0.6256507456363554,451,0.44421190673424105,1093,0.5911694666788322,269,0.9704168681795489,254,0.9357703743664694,216,0.8139766378025288,60,0.7101878386239355,488,0.8138050407111864,307
5992350.0,1748750.0,0,1.349129210849295e-09,16933,0.4228091975427922,16112,0.4416955890115753,15530,0.6224246713860844,541,0.4572258564467454,910,0.5697438753333862,570,0.4050795461797365,16030,0.4575835323202081,14335,0.6403902797296419,357,0.7100899069844667,489,0.5872924251226284,5095
5986450.0,1754150.0,0,2.510171368399322e-08,15528,0.32104186413830804,20866,0.41828905094131213,17379,0.6152610654225619,793,0.48530265491959157,574,0.5789258111183231,412,0.31997288771746346,19769,0.4122604544535948,16958,0.5511672620338501,854,0.709637813651982,490,0.7047897412964967,1651
5989850.0,1753750.0,1,0.9999999999874483,198,0.8943130171675048,520,0.7221177740139207,488,0.5711141593605412,7860,0.5317970006737407,197,0.5535111047252992,1067,0.9688973159325732,335,0.9086621181965814,890,0.6029784417849947,514,0.7094665644374529,491,0.5877962294437469,5073
5942150.0,1769550.0,0,0.001737044375817163,6727,0.36423337245965437,18996,0.43895157192427003,15751,0.5891102775144065,3574,0.4199509347296557,1533,0.5576659871668892,902,0.34772382078587816,18650,0.4041939176987255,17379,0.558213936283124,783,0.7090511823522718,492,0.6821519438992951,2098
5982950.0,1754850.0,0,4.553493192834969e-10,17409,0.6512048278850272,4803,0.5582401441581075,5298,0.5752264172943281,6698,0.5049382742877816,384,0.5491837677107546,1271,0.6427746669505912,5261,0.6280180296289795,5339,0.5086840073701393,1402,0.7088841411300062,493,0.6526973329691206,2820
5983450.0,1750850.0,1,0.9999999682300714,732,0.8966043531148336,351,0.7323101703294004,264,0.6356028038460637,188,0.5382688749427735,169,0.6193299104159388,67,0.9669457220549266,414,0.9314112470635078,295,0.4271064849381262,3485,0.7088752483354533,494,0.6235735842420825,3690
5986350.0,1753850.0,1,0.9999999999955853,141,0.8976816211590737,264,0.7396406163657481,129,0.5910206459828539,3218,0.4563076437794766,926,0.577524639991077,432,0.9729141266008748,178,0.952178989862261,85,0.5258067824164883,1124,0.7087119421681762,495,0.92505796408799,37
5986150.0,1751050.0,1,0.9999999953720944,590,0.8978704403100228,243,0.7416656236508081,100,0.6251373860109588,468,0.4375439450735153,1216,0.6088177963407911,140,0.9712776396938605,226,0.9431884202834964,147,0.5524515816817965,845,0.7082441815619441,496,0.845552955241506,152
6037650.0,1697550.0,0,1.1324384068104552e-05,11774,0.5717780096081535,8818,0.5328128481005554,7277,0.5760244759273767,6488,0.4412707825185356,1149,0.5319092641993988,2610,0.5853676276192852,7866,0.6228149553967248,5567,0.5159986647125533,1274,0.7082147799085279,497,0.7023336933115911,1699
5943750.0,1791550.0,0,7.314265359208445e-05,10078,0.5467446864642418,10081,0.5728663181774912,4328,0.5720406991553659,7596,0.4592435389573012,874,0.5709845508781403,546,0.5525575423849436,9402,0.618362033179118,5733,0.4594891467018555,2488,0.7079642084141137,498,0.8140261207359256,303
5986850.0,1750650.0,1,0.9999999947870555,595,0.8968707583676008,328,0.7416489379197363,101,0.6213653659402947,576,0.5277859146657434,216,0.5890904499691951,293,0.9638331943625728,575,0.9286272380216709,345,0.5988736100248282,527,0.7079030875639165,499,0.5513774623476114,6544
6034150.0,1715850.0,0,2.9485643041102205e-05,10959,0.46505135048692314,14002,0.5267611483940114,7826,0.5614025815629188,10627,0.4486316738317243,1027,0.5522416850959578,1119,0.48478704937337436,12398,0.5476127715338144,9125,0.4817493213755526,1941,0.7078146713259629,500,0.511736439936879,7978
5908750.0,1773950.0,0,4.267032392505983e-05,10615,0.5754959771654381,8635,0.5145901546323486,8868,0.5322252000650831,19628,0.43161627987711954,1318,0.5228670401132973,3709,0.556089433626391,9236,0.5549518666259019,8709,0.25916153586061086,12930,0.7074537095872748,501,0.7267361287821484,1249
5906550.0,1758450.0,0,7.695144945199761e-05,10035,0.4726587875238205,13640,0.5191408955884343,8488,0.5589100879420342,11499,0.46756285947632154,763,0.5423316906442048,1719,0.45892400291593294,13587,0.5237379761597999,10413,0.479932541542896,1982,0.7074348931495982,502,0.7796434113553372,554
5941550.0,1799750.0,0,9.578591011749246e-05,9786,0.6961131140275323,2706,0.5989831043067084,2890,0.6009357625943245,1808,0.5042318301472449,394,0.5885259606110127,298,0.7178421769762078,2335,0.7196813668149991,2366,0.33522998346377597,7683,0.7072844945583328,503,0.6195665310347913,3833
5985350.0,1751350.0,1,0.9999996218743006,992,0.8952690444218454,454,0.7232121139124316,459,0.5866359434852697,4030,0.5031113485126487,408,0.5649785936532155,687,0.9653072773917366,493,0.9234176040518749,477,0.3801965524749409,5394,0.706936505231323,504,0.5733830107128596,5683
5906450.0,1759750.0,0,5.04105335100612e-08,15156,0.38127599818181585,18186,0.4221817531503637,17100,0.5420530675308007,17844,0.4429206066184949,1118,0.5167793203152247,4585,0.36389134531625533,17940,0.4239082624438484,16330,0.4203998388621196,3721,0.7069210470690075,505,0.728946578133938,1217
5985750.0,1750450.0,1,0.9999998421498526,893,0.8970681369791839,314,0.7225035215155585,476,0.5900267313160884,3396,0.4292843290420835,1357,0.5664660604381393,647,0.9662918538737107,447,0.9197801502123698,574,0.39072680895289347,4907,0.706807852381863,506,0.5936728669176302,4811
5985950.0,1753850.0,0,1.9667482781695385e-06,13022,0.3632811107936339,19045,0.43026024304792126,16463,0.5603129050577395,10952,0.47028660210960016,730,0.5163732039411539,4647,0.3533727657308938,18391,0.42713871707758666,16124,0.4881767979898646,1802,0.7066966713071977,507,0.6112658022339416,4122
5905650.0,1759850.0,0,1.657138248884105e-05,11482,0.6114380402801034,6788,0.5687286779927111,4594,0.5870972418245989,3947,0.4546121978378686,948,0.5733845803067715,503,0.6077071629582642,6854,0.6394152239207352,4895,0.4679083281942342,2268,0.7064003209882567,508,0.8421135645518354,165
5988850.0,1752450.0,1,0.9999999996778508,398,0.8933379603128323,570,0.7052391729955985,846,0.5561278729946357,12753,0.4292273368943304,1359,0.5259419418293891,3290,0.968244464453207,363,0.8981866033158491,1068,0.5152949386124483,1285,0.7063979309238182,509,0.6884127641413793,1960
6034250.0,1710550.0,0,1.443325086618318e-14,20799,0.40964510509546953,16781,0.4354888559212797,16030,0.6134630125977835,884,0.5019225284597759,423,0.5961072230688801,231,0.41145998272396045,15747,0.4580269749642236,14307,0.44395238916994706,2949,0.7061387394188945,510,0.4981568916820087,8417
5986850.0,1750750.0,1,0.9999999966736244,570,0.8964994620620814,361,0.7344244146850778,222,0.6070014440289655,1250,0.4812605031468559,619,0.5821393857669831,372,0.9635956024281084,592,0.9243095487631793,453,0.5895819796391819,571,0.706012750162066,511,0.7920026884657119,443
5986750.0,1764150.0,0,0.00030620172788792564,8511,0.3631654753252656,19052,0.4754390277816584,12546,0.5801939002252408,5472,0.45424745189935567,956,0.5653692634572894,681,0.3366729541535156,19119,0.4286295128887795,16036,0.4662036051710582,2314,0.7059572471526917,512,0.8301678640662005,220
5989550.0,1754150.0,1,0.9999999999993545,59,0.8951490444478266,461,0.7236557246489106,452,0.5700768446778514,8143,0.4159821302421406,1618,0.5542613450323394,1029,0.9708017756476888,241,0.9106679235949429,844,0.6649523514842112,281,0.7059252587728567,513,0.7981329500819503,403
5909550.0,1754250.0,0,0.003297350505286565,6047,0.45232440914805283,14648,0.5101406938945137,9282,0.5701298755111389,8134,0.47364109920089165,691,0.5662337519660271,655,0.44547716808132476,14211,0.5188801013299171,10696,0.46715878216369333,2291,0.7057327101989214,514,0.850230898656458,139
5983950.0,1758050.0,0,1.8827802076894075e-10,17810,0.4058629229444696,16982,0.4250445407978461,16878,0.5585280969923081,11663,0.44964906851906034,1005,0.5226365135335764,3736,0.3657573887601493,17863,0.41243317772152555,16945,0.4345536534126432,3224,0.7055199808130878,515,0.6244058492357409,3653
6006050.0,1738950.0,0,9.894004731332398e-13,19700,0.3590440808246861,19273,0.3807082195076467,19630,0.5593407197540304,11327,0.5326172099027807,195,0.5254668665138829,3347,0.34939325560367007,18580,0.38717704764236327,18176,0.3747157400411131,5609,0.7054619790608528,516,0.5686556372438099,5852
5983250.0,1752750.0,0,3.4782321739083426e-06,12620,0.5115023941504963,11739,0.5166205748763404,8715,0.6047577171851809,1414,0.5628481235968245,84,0.5843169371026782,349,0.4954780305698324,11920,0.5379819491553495,9642,0.32894935626875654,8051,0.7051707771793756,517,0.542658448479535,6886
5983650.0,1757350.0,0,0.005649503899394897,5513,0.6325352866275682,5718,0.5733108489748053,4297,0.5525916357782835,14476,0.4255824334133572,1422,0.5222055776601974,3796,0.6522523920283219,4822,0.668329693230537,3785,0.4690518598913096,2233,0.7049718326279231,518,0.7609694160181846,774
5986150.0,1752550.0,1,0.999999999818461,351,0.8977975629194469,253,0.735657334160292,205,0.6073328081192655,1237,0.42487728796836527,1429,0.58533522069063,334,0.9693677541390873,301,0.9343459225491458,237,0.5776258272252186,655,0.7048614024828678,519,0.8159033536155453,290
5986050.0,1752050.0,0,0.0003234708190448832,8442,0.4088080065620839,16817,0.4865899087243498,11482,0.5855970734711256,4263,0.44888369431699826,1023,0.5544899534875211,1019,0.42051618786791356,15346,0.4920725615433601,12313,0.5527759899942313,837,0.7048463482085552,520,0.7660500481799246,718
5908550.0,1753150.0,0,4.693780468539681e-10,17395,0.562181530036369,9331,0.5077831436838657,9477,0.5645973715498941,9678,0.41896247549204496,1557,0.527127076702274,3161,0.5593537028208182,9091,0.5958043441898289,6707,0.48112184427657834,1959,0.7046572654296842,521,0.6552008329963408,2735
6032650.0,1714350.0,0,0.00032311849582595197,8443,0.3595305909038534,19245,0.4552290474293425,14323,0.5713259410000123,7796,0.5090535411277797,358,0.5340375045759692,2399,0.3265205869196566,19523,0.388339254578544,18120,0.42037829641493063,3723,0.7045065919941623,522,0.42394275861164377,10715
5947450.0,1763450.0,0,0.0006924643816896048,7705,0.3566762549979187,19405,0.4473272599466633,15027,0.6184731335433331,675,0.5315419515547847,198,0.6008573366204196,200,0.3178036345566866,19857,0.38330182558226134,18355,0.43042384187756,3372,0.7044068138982708,523,0.5559683952010533,6349
6036650.0,1726850.0,0,0.000578981266701137,7879,0.48850932683406106,12886,0.5341343628522188,7138,0.580598078991139,5383,0.515275671316519,308,0.566553940067355,643,0.4769371605794781,12778,0.528552926402122,10134,0.45514048530765705,2624,0.7043606843734981,524,0.4792374193987957,9003
6006650.0,1763850.0,0,0.0006811494346480449,7726,0.6379873049059587,5432,0.5761362089135632,4101,0.5399430105876645,18304,0.4833422780770558,601,0.5304775840493646,2776,0.6547333210626446,4727,0.681243295234121,3345,0.43532162251161033,3199,0.7040338108098134,525,0.7380575158558641,1074
5906750.0,1773450.0,0,3.770409906440704e-05,10732,0.5805683955926878,8363,0.5689603135552285,4576,0.5666386347366181,9070,0.44996892368598784,1002,0.5488413865869525,1286,0.5882001248887787,7712,0.6391288678591485,4902,0.5205781128153183,1203,0.7037875976070894,526,0.7643924770997288,736
5905150.0,1740250.0,1,0.9999999999703906,260,0.9156100801605775,26,0.7362637627713225,197,0.6079269403483881,1197,0.43920589981982994,1190,0.5814918198037858,381,0.9946597811505868,11,0.9752435398915364,10,0.6373288713676806,370,0.7034223081643163,527,0.8675723056929181,109
6009750.0,1733550.0,0,8.312337904717103e-06,12000,0.5275218978051462,10999,0.5044331745127855,9796,0.5727054016171926,7410,0.4609358946246073,845,0.5530719102600061,1086,0.5323765046334739,10292,0.5566805044128207,8620,0.43994298103990825,3053,0.7033329372938069,528,0.7541347804380099,852
5944750.0,1762850.0,0,0.03556672156032569,3642,0.43118913746410353,15665,0.48754316270757764,11397,0.5920078753608486,3042,0.42753644980200634,1391,0.574685167982992,484,0.4130216133394422,15659,0.47573716311178427,13261,0.5263492280954665,1116,0.7032534630936089,529,0.7091529797874613,1560
5971050.0,1772250.0,0,5.623243485023332e-05,10341,0.37222467885003035,18631,0.4436799351092102,15365,0.5810433742567753,5287,0.4441594551638487,1097,0.5548194964808398,1005,0.3432080938245139,18844,0.41173723798313133,16985,0.514470092675734,1308,0.7030919506941943,530,0.7625805309965819,755
5985350.0,1751450.0,1,0.9999998134482985,911,0.8970514625961533,316,0.7205685547527303,520,0.5816794429563662,5126,0.46240989839838414,826,0.5494418900141017,1263,0.9654098012777759,488,0.916391312549995,674,0.36899018482132484,5888,0.703069640314179,531,0.560105120817966,6187
5987550.0,1755350.0,1,0.9999999999982883,97,0.8899571079641059,750,0.7343225276109951,226,0.6053146066290385,1381,0.4137916292876295,1664,0.5854085179491457,332,0.9623093475223324,643,0.9301481988172501,316,0.594578527192152,549,0.7030169615642093,532,0.9029105199768426,53
5904750.0,1770150.0,0,6.995808169207527e-05,10129,0.6576879941008503,4446,0.61299485287639,2358,0.5597076237616281,11175,0.43358863258962216,1280,0.535401054216675,2267,0.6559429247647017,4671,0.6929758606194754,3014,0.45639209973795913,2590,0.7029603547836248,533,0.748848841956085,927
5986650.0,1750350.0,1,0.9999999866849947,657,0.898828628580477,166,0.7261305812699995,397,0.609695215338927,1085,0.5046415298483959,388,0.57243572119955,519,0.9647244567377854,522,0.9193927032567751,589,0.579274439345814,643,0.7029198580508857,534,0.7984163299550457,401
5909650.0,1770550.0,0,3.9872371258599484e-07,14015,0.4940829625699995,12599,0.49916731002038783,10284,0.6132382036621508,891,0.4713129605837615,723,0.6023389966040481,191,0.4677164394179245,13187,0.5300598020013502,10048,0.4670615151434687,2293,0.7027887371760333,535,0.78795991292447,482
5972450.0,1775850.0,0,1.3614108419402894e-21,21756,0.496930217513814,12439,0.4086542700734922,18047,0.559197174679226,11388,0.4866643860046212,563,0.5340420855250584,2397,0.441650420525889,14404,0.3869571713381832,18193,0.24705515414359702,13869,0.7025552292883496,536,0.4265973169055618,10651
5886350.0,1780250.0,0,4.125784732635319e-16,21343,0.3621753634677671,19111,0.32526770284716816,21369,0.558548808176849,11652,0.44422254333635053,1092,0.5077319523272946,6169,0.3052818021586291,20346,0.30929329732570754,20823,0.22630680049948448,15480,0.7023077928697664,537,0.42152719523154436,10798
5994150.0,1749750.0,1,0.9999999999966134,128,0.8911854453539445,667,0.7411325051195343,108,0.6670218240563669,5,0.4269250757605463,1404,0.6090365316024092,138,0.964203730815425,546,0.9091689972872129,878,0.8047820398401172,66,0.7022693914852944,538,0.7992721432219279,392
5973050.0,1772450.0,0,1.552228375312125e-13,20282,0.49551857462611903,12519,0.4665510504040729,13338,0.5857727702673617,4219,0.45450998256268504,950,0.5450974622820977,1539,0.47998054476186514,12639,0.5188886383143055,10694,0.5054427353859801,1456,0.7019708411235184,539,0.542018350325086,6918
6039050.0,1692550.0,0,0.0015755544765351393,6835,0.4386888992987684,15291,0.517422758326911,8642,0.6128250572921453,916,0.420986273669857,1513,0.5849676840771486,339,0.4221576578373665,15266,0.49964610208753046,11837,0.5631418491082161,756,0.7016303875294402,540,0.7889270401394657,468
5902950.0,1740850.0,1,0.9999999969321614,567,0.8874856995343607,900,0.7159336922841296,629,0.5794292382749184,5642,0.4210373513016263,1512,0.537290662354852,2085,0.9565360984298867,940,0.9357069372889644,217,0.5870421947341802,586,0.7013657716914958,541,0.722055542989444,1334
5980350.0,1754650.0,0,8.497673671249033e-11,18169,0.41484642398620836,16523,0.4181548311913155,17388,0.551959150461858,14712,0.4505923559137639,994,0.5152880390091492,4832,0.4072811473902731,15926,0.43993097591228003,15377,0.44630728217413096,2875,0.7012362460344798,542,0.6569614650563369,2683
5905350.0,1742150.0,0,3.1206997504126513e-10,17595,0.37397042110801615,18544,0.4103358815045177,17951,0.5900564588374969,3391,0.4687307789753296,749,0.5451464281500984,1536,0.3608854028035393,18077,0.42513728606138534,16250,0.612609782781226,457,0.7011566283769413,543,0.6166851460470677,3933
5985650.0,1751450.0,1,0.9999987841441204,1097,0.8971379386268195,309,0.7443651535813876,71,0.637509575456908,151,0.471316294216997,722,0.5954496748253075,238,0.9670575903590118,406,0.9313261459228396,298,0.40314145290540737,4389,0.7008052119314371,544,0.5735087360431446,5681
5906650.0,1752950.0,0,8.524762002257196e-10,17129,0.5174683575182466,11468,0.49055752280826354,11086,0.573396440635722,7214,0.4900647084734386,536,0.5452010112849164,1533,0.5069813777337343,11411,0.5542415150048334,8752,0.5090170393368961,1396,0.7005953324972317,545,0.6900303104843657,1926
5903050.0,1740050.0,1,0.9999999999918254,173,0.9150278612130374,33,0.732183376269184,269,0.5851632019817852,4351,0.40914875719700444,1775,0.5633651032533226,731,0.9931698255891312,30,0.9689943069156088,22,0.5646646770182677,743,0.7004991638087248,546,0.8752596432850209,95
5988750.0,1757050.0,1,0.9999999999757219,248,0.8909375469634566,682,0.7418094170874402,99,0.635239055763764,190,0.46059177872584384,853,0.6063947470824653,158,0.9684159115358976,356,0.9303782354830035,312,0.7643458908063746,114,0.7004417904639126,547,0.8948891750438621,61
5987750.0,1751650.0,0,0.021640374899261686,4120,0.7386846817270557,1667,0.6458522094864848,1616,0.5572607866147408,12225,0.42973578788795985,1349,0.5362741931076487,2167,0.7542931322276596,1740,0.7697017164078539,1708,0.4567361906685514,2576,0.7003821912028894,548,0.751612504128947,888
5903250.0,1740050.0,0,0.012313765055076835,4714,0.6101361827734815,6848,0.5926333765999036,3183,0.6086591281595115,1151,0.42489760790863157,1428,0.5760402263984558,460,0.6145737833983832,6546,0.6651559631489754,3898,0.6161443526942696,443,0.7003106113269177,549,0.8253172460710636,247
6040850.0,1735850.0,0,1.1486001732933597e-05,11765,0.32738003684496486,20653,0.43363737252931756,16192,0.5991253068243997,1991,0.5387517718904699,167,0.5864441043067109,322,0.3236300715303927,19623,0.3827830536214176,18384,0.2913215222802521,10597,0.7002941557736453,550,0.3755608887017161,12042
5986350.0,1754150.0,1,0.999999999998491,90,0.8976108343388594,270,0.7314744543119658,276,0.5792963214025504,5670,0.49173394923161085,521,0.5415056576309404,1764,0.966206344856422,449,0.9329434035066508,260,0.6036910032266188,509,0.7001784576089148,551,0.5559055231632537,6350
5988750.0,1751150.0,0,1.4218636482820964e-06,13246,0.49541175279947364,12525,0.4935675917845704,10809,0.585056419462988,4374,0.4657440064521946,782,0.5639197274480183,714,0.4803751573888493,12630,0.5262300665610015,10276,0.5110552743384871,1353,0.7001118265117181,552,0.71148995338039,1529
5972150.0,1774850.0,0,1.207587850324574e-08,15931,0.5865126567781606,8028,0.5377117045340467,6866,0.5607787598215517,10801,0.433424641899601,1284,0.528190894073235,3006,0.5922963642103749,7540,0.6270297780367713,5377,0.4441458793335915,2942,0.7000399343746513,553,0.6943174512829327,1846
5982950.0,1759950.0,0,4.243091449159797e-05,10621,0.5830168799870566,8222,0.5707574223308469,4458,0.5205321533517269,20611,0.44848253533133264,1030,0.5072268112847035,6257,0.5809180883290493,8078,0.6200830598216979,5663,0.4408900537405749,3024,0.6993630635942739,554,0.7225590392288118,1323
5904950.0,1740850.0,1,0.9999999999695699,263,0.9145511219430997,42,0.7275585944955559,352,0.5792361814072142,5685,0.41330011651055915,1679,0.5597041309199442,839,0.9935586819707838,19,0.9695522023057562,20,0.547443970117335,887,0.6993116480787935,555,0.8849104566434969,74
5941350.0,1761950.0,0,1.703553268132922e-08,15733,0.4346687407548937,15479,0.43927285880191663,15719,0.5515545795035085,14896,0.45833720386821875,891,0.531650535287658,2639,0.405880381184865,15992,0.4465769407245127,14984,0.43180207737155196,3332,0.6992555932296582,556,0.6563299999701917,2697
5983850.0,1757250.0,0,0.0020333506329676837,6556,0.5844888481657303,8151,0.5608926825923515,5115,0.5864447079148893,4079,0.43976450337138834,1180,0.5573586922286403,920,0.5877508946965457,7737,0.6292664710038915,5277,0.5880268148828861,582,0.6991050383222341,557,0.7907390797409397,454
5989350.0,1752650.0,1,0.999999998346139,522,0.8921949248134051,607,0.7043792704958987,868,0.552967479454291,14317,0.4911109595626558,525,0.537509329179682,2068,0.9673115699435945,395,0.8992717264453783,1059,0.5135854411610903,1318,0.6990023884473964,558,0.6846782711915929,2046
5971950.0,1773450.0,0,0.020812816766547747,4161,0.687258670836583,3048,0.6332875192241783,1835,0.5971557702286182,2255,0.40293492375100304,1896,0.5694746373994667,579,0.7080326743059222,2603,0.746188063109609,1955,0.572348347775971,688,0.699000107654572,559,0.8155627214405765,293
5981150.0,1758150.0,0,7.343865281127542e-09,16181,0.5295888055217794,10872,0.49657599858474616,10517,0.545952157595895,16733,0.43644893110961036,1227,0.535241191974133,2290,0.532731156154965,10277,0.5598013166261311,8466,0.4632716388997008,2396,0.6989074929935009,560,0.7316740309969006,1170
5972950.0,1772450.0,0,2.0768080970994112e-18,21666,0.6417233663621136,5239,0.5191724157426085,8484,0.5901970822557122,3359,0.4326117574120632,1299,0.5467255505274271,1423,0.6381488743694895,5473,0.49942865788317825,11849,0.34482744588681646,7134,0.6987277377300711,561,0.4716466503192491,9220
5982650.0,1754850.0,0,1.506618803827449e-10,17911,0.6828099044371333,3227,0.5748695860472408,4178,0.5829258958067332,4838,0.503603294814778,402,0.5555612310454465,983,0.6779779389977623,3692,0.631167395354363,5204,0.5171288428299681,1255,0.6986760193713895,562,0.646564475477873,2996
6007750.0,1738950.0,0,6.100487805428392e-21,21752,0.5141895051680824,11618,0.42122448045625754,17175,0.5636495702361609,9935,0.5009459060899261,433,0.5390642325033722,1948,0.4831943816454941,12482,0.4266886884022272,16153,0.25690857534617006,13127,0.698479901877529,563,0.4431818906282814,10161
5983350.0,1757850.0,0,2.4686392542475923e-13,20156,0.5305213241127833,10818,0.4780762370772428,12298,0.540028818564653,18287,0.42454428175062753,1437,0.5092748291053283,5872,0.5022020020029015,11623,0.527899449576265,10166,0.39355150125949523,4775,0.698425628976835,564,0.5550698161943783,6385
5905350.0,1754650.0,0,4.478047874633431e-06,12458,0.45740490003442896,14412,0.48237674253603985,11879,0.5613237275714963,10644,0.4606450816724498,851,0.5462251406414639,1463,0.45287980370197545,13860,0.5149155451069618,10933,0.5167570844719882,1260,0.6984243373083571,565,0.8072110807308345,346
5908050.0,1771750.0,0,1.0224785866233419e-05,11849,0.46856416285230845,13836,0.49452062986856193,10722,0.602085157248807,1665,0.43387280498731706,1273,0.5685436186976047,602,0.45385510283305364,13810,0.5174170552362236,10790,0.6645630028294375,284,0.6981026859959454,566,0.7665294594796508,712
5886350.0,1780550.0,0,4.978869604876542e-16,21326,0.5867814722939997,8015,0.4793685325581803,12192,0.552794969848275,14393,0.44605611079526364,1065,0.5128126161007975,5241,0.5614251611602032,9001,0.47040524463512523,13581,0.32130671282572254,8546,0.6980845232253483,567,0.46070391154631585,9580
6006250.0,1737450.0,0,0.00037250240251672864,8314,0.31490646555947,21047,0.407501002975331,18128,0.5918998258055934,3060,0.4311240415211146,1323,0.5549843946567468,1000,0.2870207094839202,20878,0.35672409395250093,19453,0.5372902875598532,992,0.6980311346343868,568,0.7416674614696308,1016
5909450.0,1754050.0,0,0.002013081573896334,6567,0.480233459375896,13264,0.5224364169422829,8187,0.5811151295749494,5266,0.4182576380245284,1573,0.566074682245427,659,0.4828142581629373,12499,0.5509796065225366,8919,0.5083620332336258,1409,0.6978756763171772,569,0.8559655030172052,126
5906350.0,1757150.0,0,0.00012063248591951154,9531,0.4279600248851415,15841,0.47490657329642755,12592,0.568118319412117,8690,0.4663808057342275,776,0.5498841003465615,1235,0.4072942055130159,15924,0.4727490151564735,13447,0.48504452567533074,1867,0.6977854849089691,570,0.799862425055833,387
5984850.0,1751150.0,1,0.999999893834095,848,0.8966438763648311,345,0.7269242055974428,376,0.6114590964913625,993,0.47543932489822527,674,0.5707221443296441,548,0.9652185096225311,497,0.9201146439780702,565,0.38116733650745804,5358,0.6973465314380771,571,0.563942518228161,6052
5981150.0,1753150.0,0,0.00010820827642051899,9644,0.56907998473844,8969,0.5492967471687107,5952,0.572813600534742,7377,0.514192627738783,321,0.5586010911046172,871,0.5617513042142682,8982,0.6051470299876363,6314,0.5117934118853269,1338,0.6971726464812674,572,0.7800157929183302,552
5944850.0,1791350.0,0,3.6176679536595887e-13,20038,0.6210566192387996,6327,0.5489807231669881,5974,0.5760772870458003,6474,0.4488954545320285,1022,0.5519594839521902,1131,0.6085306652876028,6817,0.6342828655623292,5072,0.4900920216138147,1761,0.6970782649618689,573,0.6924517159268577,1876
5945350.0,1768450.0,0,9.266169120484446e-16,21251,0.4832070329644274,13131,0.4493621528112093,14845,0.5793395323668361,5664,0.4752293933165145,676,0.544828959069285,1555,0.44526913588089,14221,0.4704587707402359,13575,0.3819697754657806,5306,0.6970154938727897,574,0.47618874497264496,9080
5989950.0,1752850.0,0,0.053776749412453966,3295,0.5157373896587446,11544,0.5358208960446805,7022,0.5794488727594801,5638,0.46408274257866633,802,0.5757272559881712,466,0.5296139707154681,10411,0.5850360401962464,7231,0.4907652607648889,1744,0.696864846561876,575,0.7750892822815799,610
5986250.0,1751050.0,1,0.999999997092369,562,0.898818066070617,169,0.7428609973819198,83,0.6278024801274756,387,0.467955852299631,755,0.5799690085928464,400,0.9699998419126034,276,0.9366826878830938,200,0.6792369921636262,242,0.6968204737025165,576,0.5703915597627829,5788
5991150.0,1748850.0,0,2.1915037703707131e-07,14363,0.5568889843083467,9595,0.530378650531431,7496,0.6221191184689635,557,0.5528636402424895,116,0.6074153744537559,151,0.5675734747622907,8684,0.5817810560093184,7400,0.3363640634973082,7616,0.696814495826865,577,0.7671059781233804,705
5909050.0,1752850.0,0,0.00043359069436286725,8187,0.48488242607609394,13051,0.5334122999784845,7209,0.5713441478000811,7790,0.44041655694791354,1164,0.5455909401309802,1511,0.5047445769645971,11506,0.575000611407808,7735,0.5442019390421131,917,0.6967051250943532,578,0.8260511526594527,241
5981250.0,1761150.0,0,2.0139761344644967e-15,21151,0.4505006705079844,14731,0.38353544874570833,19471,0.4760094453375,21443,0.44795829250492486,1038,0.47444012192722557,12520,0.4320492714388038,14822,0.41887351847592447,16614,0.18975106457865742,18264,0.6965436970693621,579,0.5372857396935159,7104
5983250.0,1753750.0,0,0.0462396364165052,3422,0.6848252517029109,3146,0.62078794902006,2119,0.5706940539402588,7984,0.4323107922198567,1306,0.5374213614674492,2079,0.7029094254750594,2766,0.7330312225611313,2131,0.4682432246577932,2256,0.6964422746660844,580,0.7777533643589674,576
5972150.0,1775650.0,0,1.6625851245332138e-05,11476,0.5716151253810836,8830,0.5586346404178536,5262,0.5705352222728944,8021,0.4244084224167778,1442,0.5330805828220211,2485,0.573364206690274,8430,0.6169890911782071,5779,0.4512265985348297,2724,0.6964070224073367,581,0.7594171420906982,786
5989350.0,1753650.0,1,0.9999999999913507,177,0.8941323793507007,537,0.7175672121194309,601,0.56657137426048,9087,0.40535835302748596,1852,0.5514687497134318,1144,0.9698185862797847,284,0.9068532570706825,929,0.6238322448778753,426,0.6963927514898168,582,0.7946618210012751,426
5983850.0,1754650.0,0,0.00012321676420934142,9509,0.35812194070187875,19314,0.4622215960316041,13708,0.5714898670753074,7742,0.4678708092700392,757,0.5354491697800827,2261,0.3532075646595825,18398,0.4310560193387931,15901,0.48838828399347567,1800,0.6963572772750353,583,0.6781438567477389,2193
5903150.0,1740450.0,1,0.9999999999789662,234,0.9145647580849744,41,0.7290460947738587,321,0.5777729267725519,6028,0.4058689401921032,1843,0.558433261572151,875,0.9932180206938195,28,0.968679123857736,23,0.5388895587361858,960,0.6962877423208753,584,0.8840280661797048,76
5987850.0,1754050.0,1,0.9999999999988824,82,0.8893546552510687,801,0.726230464398213,396,0.5981469713666305,2120,0.38916213590207843,2244,0.5682269708965834,611,0.9612595886441594,696,0.9231825454485244,484,0.6258585526411723,418,0.6962333511802875,585,0.9004294627776137,57
5905550.0,1753250.0,0,1.4481632767688897e-05,11595,0.5064072234370054,12010,0.5064136508273801,9601,0.5713692614399292,7780,0.4923788396507325,514,0.5399543887138687,1891,0.4941568626567131,11979,0.5465468804430488,9177,0.5079314335624641,1416,0.6962139074924314,586,0.7882565274044186,479
5998750.0,1749450.0,0,0.005996894094592235,5441,0.5700453921601327,8915,0.5836642753305267,3656,0.6400251968541067,120,0.45010093613101193,1001,0.613452719330576,105,0.5751779182322627,8351,0.6293673027186087,5273,0.6556647951821986,307,0.6949900912237167,587,0.7939707005245913,430
5986650.0,1753450.0,1,0.9999999993486819,456,0.8983427556852546,210,0.7328989525113968,255,0.5900419868262125,3393,0.4695902964872419,738,0.5589378575630607,860,0.9641074878630898,556,0.9207886353053489,540,0.6186345927735889,435,0.6949553623646805,588,0.7810152216878613,543
5908350.0,1772850.0,0,1.844176573872543e-07,14459,0.709526793453881,2255,0.6050489820272771,2644,0.5764885863329438,6368,0.43883811119331706,1197,0.5475764142448178,1365,0.7083207619359554,2597,0.7192573080746826,2374,0.5180315793593298,1245,0.6949295504668436,589,0.7434871643088453,996
5980750.0,1753650.0,0,4.821754088255368e-19,21711,0.43018071968616123,15721,0.3834617721840911,19477,0.5816053244050242,5151,0.481168030441614,620,0.5472232134055071,1391,0.41731520546364664,15485,0.42128501821263087,16487,0.2838170627742952,11129,0.6948945204623533,590,0.5271222503037292,7468
5989950.0,1750550.0,0,0.26810410555239994,2167,0.6600366486706222,4320,0.5999866008127656,2846,0.6204703355418838,607,0.46553721986416174,785,0.5792230682648368,408,0.6836809057321476,3452,0.715856355911917,2438,0.7216261533977667,176,0.6947624504938865,591,0.7461046644304201,965
5943650.0,1791850.0,0,2.2054376607649964e-06,12937,0.5143681407736103,11613,0.5237898217236623,8079,0.571255299309188,7824,0.4139038943842071,1663,0.5473184439966783,1380,0.5207691509407718,10789,0.5772928628783783,7623,0.561811354241008,764,0.6945859939937752,592,0.7902956294107362,458
5984850.0,1752050.0,1,0.999999972666403,718,0.8988267064901748,167,0.7346397479871205,219,0.6327349293650617,255,0.42736615945320955,1395,0.6004308589158611,204,0.9678352447060348,381,0.9257550561458099,409,0.4182372868092932,3796,0.694493922600599,593,0.61468498935733,4009
5970850.0,1773950.0,0,2.728973668461783e-14,20666,0.32003388331318783,20895,0.36505041852369846,20327,0.5606548538122096,10848,0.4693076863887457,741,0.5362699911020476,2168,0.31355017225945847,20025,0.3666173247929949,19071,0.4263645770753297,3511,0.6941713083533201,594,0.6257240486860796,3615
5988050.0,1754350.0,1,0.9999999999988249,84,0.8913864567101768,659,0.729370168480826,314,0.6042559924872549,1458,0.4550084910050637,942,0.5848735492221381,340,0.9630369725228743,612,0.9279161861919308,360,0.8315906728242637,39,0.6941542935452287,595,0.8933839898310728,63
5902850.0,1740650.0,1,0.9999999999847458,213,0.9150552331346548,32,0.7237658029620876,448,0.5658431616320685,9323,0.42303564228998514,1472,0.5270532370323057,3171,0.9918636043256627,50,0.9610854713526946,44,0.5224184697451533,1180,0.6941249500747797,596,0.7257104357850451,1269
5994150.0,1740450.0,0,1.202007674413369e-05,11735,0.36936847150588137,18751,0.4264620665979673,16761,0.5546740582642957,13454,0.4778906041960602,649,0.5365898646809412,2153,0.3329881127508385,19275,0.38957723794338317,18061,0.4041465405741761,4360,0.694085209946726,597,0.7178414703762911,1419
6007150.0,1736950.0,0,4.359121801840446e-12,19233,0.42803228406037236,15838,0.42815958969735146,16622,0.5738641605520828,7087,0.46960557159031197,737,0.5314278279366786,2658,0.42097634347464763,15321,0.4634839549579901,13972,0.4230494968894045,3629,0.6935064172223291,598,0.5546818598849053,6414
5995850.0,1748850.0,0,3.973824959098042e-12,19260,0.48705091701606396,12947,0.44809646677864734,14952,0.641443673932943,104,0.419628619361547,1545,0.6010052330700187,198,0.4837429340959749,12454,0.4924387875511429,12292,0.32426828273400754,8361,0.6933238079311104,599,0.6743676888623178,2273
5903250.0,1740450.0,1,0.9999999999997511,32,0.8881886706547992,868,0.7192366236823539,556,0.5987757144927117,2039,0.40369516729686095,1879,0.5702153216966931,558,0.9634607922725097,596,0.9094538673645173,873,0.5578134682639597,784,0.6929395530376694,600,0.8792040950163703,84
6008450.0,1762250.0,0,6.031960138494604e-12,19104,0.39304144713973893,17583,0.3714797751090971,20028,0.5742388092597505,6974,0.478056607399129,645,0.5269030283203194,3182,0.37405728674148997,17479,0.37561449117029966,18693,0.2380215614778498,14517,0.6929348854439887,601,0.5694437033888465,5822
5986350.0,1764850.0,0,3.695730756163999e-10,17513,0.5326522360012582,10710,0.4850684418342907,11607,0.5376100516251522,18771,0.4594688798360046,867,0.5046384150608072,6721,0.4988013005888533,11762,0.520513139490136,10602,0.348557029167619,6927,0.6928523915498324,602,0.6525670464365755,2824
5987450.0,1756150.0,1,0.9999999999998541,23,0.8949539416354068,483,0.7250975709270558,416,0.5684633863408133,8608,0.44407057661229943,1099,0.5245597149778907,3480,0.9733837869765065,164,0.9240402976586388,462,0.5674565490473806,725,0.6927429582435032,603,0.5801545801102136,5401
5987050.0,1754550.0,1,0.9999999999975389,111,0.8920947157385191,613,0.7402790742872198,122,0.6371687577862396,159,0.4616027082819926,836,0.6041535533273611,180,0.9638475571618145,570,0.9327491659856028,265,0.868161316980905,13,0.6926951395276718,604,0.8918387404713067,66
5949550.0,1794950.0,0,1.0112424871925539e-19,21731,0.6398527781110768,5345,0.531160694006649,7428,0.6000335767816706,1895,0.4198168226551034,1538,0.5476218384459276,1361,0.6282018245249864,5899,0.5076938765143544,11353,0.3853965189492964,5165,0.6926533505620052,605,0.49499427555772446,8498
5985150.0,1753350.0,1,0.9999999997795841,365,0.8963551709294322,379,0.7356411551439627,206,0.5983492435237969,2097,0.472716448212597,704,0.5763056447447147,454,0.964112815777808,555,0.9280189251384023,357,0.5379603920960699,979,0.6925072070181714,606,0.7669252530619517,707
5973950.0,1772450.0,0,2.0612348426098145e-08,15645,0.40859243964403386,16832,0.4189354048459698,17343,0.5520139273686554,14699,0.4337057138651868,1278,0.5268646502703809,3191,0.37530605269377904,17424,0.4092685597670369,17107,0.4061734287208111,4275,0.6924774404600575,607,0.7350326921840652,1122
5988350.0,1755250.0,1,0.9999999999999709,8,0.895652145289961,420,0.7409388597160681,111,0.6060648198201545,1307,0.44505242212091045,1078,0.568695125527778,598,0.9753347467752354,114,0.9348162941811274,229,0.5847915773310498,605,0.6922539819518454,608,0.6576507196311712,2673
5905950.0,1771950.0,0,7.377295177155301e-14,20455,0.43009609125997394,15726,0.399645707279455,18606,0.5907651188231644,3261,0.4491673893176415,1016,0.5534846197012907,1069,0.39275018668146244,16613,0.4222810024639565,16420,0.44128370234204717,3017,0.6922203042292459,609,0.5214068283310397,7659
6032450.0,1711350.0,0,5.583593512286668e-07,13817,0.6488495300117235,4916,0.6010067909281017,2802,0.6604024073075389,13,0.5204224013459615,275,0.6365742694147906,20,0.6613220370215144,4412,0.6660371720659732,3861,0.3402410989779515,7388,0.6919650780135826,610,0.515441789266985,7859
6033350.0,1716550.0,0,2.1434322572473506e-09,16737,0.5360874461265844,10579,0.5029600030808796,9943,0.58586307925943,4203,0.4850430613969398,576,0.5580453154300384,886,0.5095473709720727,11285,0.5259548051708518,10297,0.42912797057644914,3407,0.6917322184258838,611,0.4529018620212293,9818
5903450.0,1741250.0,1,0.9999999542435826,766,0.8866350235655034,944,0.7173704465011169,607,0.6014192629332672,1760,0.3895945321126236,2231,0.5768711118811715,447,0.9577174555922449,884,0.9423971080382002,151,0.5574826935012815,789,0.691409151230474,612,0.8925979804878418,64
6040150.0,1736150.0,0,4.528283887865172e-05,10552,0.7008363021739904,2519,0.6415432828179656,1692,0.5827843529281963,4865,0.5100761318539543,349,0.5792897770955582,407,0.6981296564684596,2916,0.6921224509315739,3041,0.28583620437758306,10994,0.691408583460506,613,0.3785470132071598,11972
5977050.0,1771550.0,0,9.884686518175233e-14,20377,0.5270889448794016,11025,0.4599943969564657,13891,0.5821557249817447,5010,0.4377698475955942,1212,0.5402084567132994,1868,0.5236366484796805,10681,0.5151995072832237,10915,0.42570004566992226,3528,0.6912693076510552,614,0.5158139204055524,7849
5983550.0,1760150.0,0,9.160561010335571e-15,20893,0.4829429894022465,13143,0.40625169422623214,18203,0.527721737971871,20153,0.47485974193806546,680,0.5064690783954907,6409,0.4301948039774556,14898,0.4154191596907322,16797,0.20496172902432197,17130,0.6912443031065206,615,0.5322239417326854,7282
5986650.0,1753950.0,1,0.9999999999917528,174,0.9006510699680718,107,0.7539349253936469,17,0.6438357949008668,82,0.45197473502248986,981,0.6071502589987382,153,0.9745132574975538,132,0.9562028491050608,64,0.8479733597088146,30,0.6911899769822615,616,0.8800634847929725,83
5900650.0,1742550.0,0,3.2073017766239895e-08,15403,0.6248555764486597,6118,0.5612290976518151,5084,0.5670840532403755,8960,0.4321303953832484,1310,0.5375091086203917,2069,0.6225829351875514,6193,0.6584186261866146,4148,0.5045954444983946,1475,0.6911830985610268,617,0.7757096327677714,605
5989750.0,1752550.0,1,0.9999999999952116,146,0.8956535032634143,419,0.7273804101202762,363,0.5856087539736525,4258,0.5516991109153463,122,0.5585404137962388,872,0.9702164970165453,265,0.9120236896121445,815,0.6547638177683983,311,0.6911712796894421,618,0.5088777939924085,8079
5985750.0,1753650.0,1,0.9999999999953613,145,0.899093120521209,150,0.7368978198215514,184,0.6023516542239229,1637,0.4330861163830139,1293,0.5656139332347069,672,0.9724541285221117,193,0.9460117674469681,128,0.7568665573996893,127,0.6911220018944344,619,0.8241783052048368,252
5944350.0,1791750.0,0,7.304398408514939e-13,19815,0.38679758228148053,17900,0.41596156961463165,17550,0.5628046893087524,10202,0.44819859508614623,1036,0.523104304440299,3674,0.3577445148728202,18211,0.41402208834721455,16875,0.47678650986516036,2042,0.6910321001773719,620,0.6193365939488837,3836
5984650.0,1753950.0,0,2.5810436343144714e-05,11083,0.7012607762848303,2507,0.6459710684325767,1609,0.5604322703086184,10914,0.5007630052115573,435,0.5348052646358025,2335,0.7111537092809708,2513,0.7335640372215468,2122,0.4347736594369962,3216,0.6905996655080194,621,0.5146980827702816,7887
5987950.0,1753450.0,1,0.9999999997976599,357,0.8908561480484397,689,0.7306631343358425,294,0.5984987365573192,2069,0.48174704308440164,613,0.5534332345042084,1073,0.9578346185493832,880,0.9072623057832082,923,0.7153171571949339,182,0.6903830134237081,622,0.5395876676373876,7011
5983450.0,1750950.0,1,0.9999999804248904,691,0.8967133693406057,338,0.7263334387372572,392,0.6198070791260519,633,0.49861224925539477,453,0.5931869667120203,252,0.9661675935695094,452,0.9242504602690643,457,0.4067697978810687,4251,0.6902810348165133,623,0.6024632040283137,4463
5970450.0,1770650.0,0,4.654114875057013e-15,21029,0.4204048093521537,16230,0.41815684276391324,17387,0.5746635365726724,6859,0.42605147381486774,1415,0.5289983885184445,2923,0.3975371764429334,16398,0.442201413493871,15245,0.41183011988062157,4059,0.6900970524968251,624,0.4950417136928884,8494
6003850.0,1762750.0,0,1.4527694590704455e-05,11594,0.6005588597458416,7342,0.5705634666476264,4472,0.5581336576585085,11815,0.4188737074088823,1560,0.5185604098783404,4315,0.6085806560328292,6809,0.6537771444970796,4325,0.47937072469673847,1991,0.6900599360773096,625,0.7211402961693539,1356
6037250.0,1693550.0,0,0.093636475553581,2818,0.5824000299102786,8255,0.5981526172666978,2926,0.6413208675402315,106,0.4540826020209899,960,0.6007150633936955,202,0.5984969858897192,7252,0.6592898965898871,4110,0.7661719511830896,109,0.689873254595483,626,0.8461170105557756,148
6034950.0,1727950.0,0,3.11424269723288e-10,17596,0.37596956732271997,18451,0.41583340566329896,17561,0.5824244521513497,4949,0.5275475818650704,217,0.5397995860923793,1904,0.36429891480843934,17928,0.41017404061816165,17055,0.4080358463950552,4199,0.6897794370940349,627,0.4315385096423905,10510
5981150.0,1752650.0,0,8.665197163677753e-06,11973,0.3500099494129866,19724,0.41864320343355943,17360,0.594507729918803,2623,0.5437865741493497,145,0.5687684555438965,594,0.34548829517545054,18744,0.4153637340523644,16804,0.587987708999191,584,0.6897761320514137,628,0.7367639334575817,1095
5995750.0,1748750.0,0,2.2754465546990947e-12,19448,0.3297432043138982,20574,0.36427085755508815,20357,0.639871519438046,122,0.45687869822840615,915,0.6006793909990468,203,0.2913960873091781,20760,0.3390779808587646,20055,0.4937694212367614,1673,0.689697986752298,629,0.5649304042867921,6006
5986850.0,1754650.0,0,2.599686487648939e-06,12839,0.4873245044376304,12935,0.509850104312768,9308,0.6282145307557836,375,0.434419016962882,1262,0.5868425048243465,315,0.4715541662070106,13015,0.5389550817180326,9586,0.6375523183646479,369,0.6896729639155521,630,0.7965387570932798,418
5986050.0,1752550.0,1,0.9999999997981164,356,0.8981089410886361,223,0.7338999746419266,234,0.6090379400043191,1126,0.40621615134947875,1834,0.5797231302756115,403,0.969281274044827,308,0.9322929458844882,280,0.6282818897032685,407,0.6894494936736539,631,0.8102339550363338,333
5989950.0,1758450.0,0,6.253476563378991e-15,20970,0.2985975561901566,21435,0.3397190735279867,21104,0.5604611615430415,10902,0.4451536112431827,1076,0.5286446914948948,2962,0.28016289952809204,21045,0.33739520695815584,20106,0.42285396016798615,3637,0.6892767863925968,632,0.5323959697366211,7272
5905150.0,1740550.0,0,2.343738384333613e-07,14320,0.5669126233221281,9071,0.5322737105484275,7329,0.5925525061439969,2952,0.4403018826025992,1169,0.5646447240431562,696,0.5514475696450946,9461,0.5951880227350902,6741,0.5132605414304894,1322,0.6892225785263394,633,0.7856578392126148,503
5903450.0,1756450.0,0,7.116944694673313e-06,12120,0.4044704555896457,17041,0.47099187438952317,12931,0.5728589133313481,7366,0.4587746791834129,885,0.5578158738197705,899,0.3921970576274616,16642,0.4535945288600255,14577,0.5253727357452793,1133,0.6892221015725457,634,0.8026803362897934,376
5994650.0,1749650.0,1,0.9999999998557116,334,0.9183453546499745,9,0.7425046577801387,89,0.6204434667760083,610,0.48412176088235304,587,0.5800193297279533,399,0.992650200554246,39,0.9627579471957981,39,0.7319937791520654,166,0.6891225210240141,635,0.7338772910493097,1140
5982150.0,1755650.0,0,0.6084938283157193,1755,0.6508448596200657,4823,0.5918153736979308,3215,0.6341426465658149,216,0.4286254453386867,1375,0.5904638478888928,277,0.6700462864990065,4021,0.7050889174968298,2685,0.685319969072254,231,0.6889027977175254,636,0.7766235924731167,598
5986250.0,1751950.0,1,0.9999999993833377,450,0.8985437167301016,193,0.7347373261985038,218,0.6126585912068906,923,0.47993000020807053,633,0.5646760042889128,695,0.9686861916574679,344,0.9302494132199188,314,0.6937599951090284,218,0.688856595770811,637,0.5518450156944259,6526
5969350.0,1730750.0,0,3.023234343819514e-07,14171,0.5338602282683063,10665,0.5013964553112719,10084,0.5748657034592787,6805,0.4566574410913825,919,0.5505588731591977,1190,0.5198322787464493,10833,0.5147675053270921,10938,0.2568063526149682,13136,0.6884923870858819,638,0.5097206268330592,8048
6030750.0,1729150.0,0,7.909043466263687e-14,20433,0.5394032943527544,10416,0.4712216051504685,12913,0.5726879643798349,7414,0.48342350463189465,599,0.554727577288395,1008,0.534789664188323,10205,0.5240411632115778,10398,0.2640905158181158,12607,0.6884188834592049,639,0.4571949156785098,9685
5903150.0,1740350.0,1,0.999999999987055,202,0.9145408542008823,43,0.731451527976401,278,0.5819468922431604,5061,0.41299557148917737,1692,0.5624373256431554,754,0.9932355421404222,26,0.9697588248511746,18,0.5205194024010995,1206,0.6883239045593057,640,0.8786839021599175,86
5982850.0,1752950.0,0,0.024463021450146425,4001,0.6890418829507555,2985,0.6156087427338247,2280,0.6303865039826126,316,0.4271915306081317,1400,0.5928993276812546,256,0.6862446479690801,3352,0.7035413760628275,2727,0.6603851581963863,295,0.6882527539433072,641,0.8029126154258323,374
6041250.0,1736050.0,0,2.707811898871204e-13,20128,0.542196222516577,10288,0.4650602868050538,13476,0.5837064054792271,4658,0.5446919592903908,144,0.5721375960969813,526,0.5010165024943447,11672,0.47050716138766313,13572,0.21093479625460687,16640,0.6881206638486548,642,0.326073230537829,13284
5987950.0,1755450.0,1,0.9999999999989766,75,0.890623991033925,707,0.7299001493421171,308,0.6001194754600433,1883,0.4380699267189019,1208,0.5769285654775004,445,0.9620406048474367,656,0.9265547997739999,385,0.7642948223574493,115,0.6879735980902788,643,0.8832647170343505,77
5904750.0,1742450.0,1,0.9999999955089058,583,0.8866241094234668,946,0.7076815936707576,808,0.5659495845674161,9291,0.39169710814039116,2179,0.5339156011308122,2414,0.9566724880752223,935,0.9346310780507057,233,0.5147710821150654,1297,0.6879593011829447,644,0.8343460110486428,200
5904050.0,1770850.0,0,1.1993957460541818e-11,18862,0.432665686377136,15584,0.43203516911434037,16332,0.5780614234600977,5959,0.44824336732299885,1033,0.5367932316455717,2129,0.4301312110941159,14901,0.4812289619395955,12916,0.491882924943042,1717,0.687950762701361,645,0.5468182105446011,6718
6041950.0,1737350.0,0,6.359357418709727e-05,10222,0.5056934056941201,12039,0.540838016311873,6599,0.5832460157538688,4773,0.5367083899879567,179,0.5693370956279991,580,0.5026924158931716,11597,0.53828130635558,9620,0.273126301661646,11883,0.6878721064222565,646,0.35445633445755864,12554
6033850.0,1699950.0,0,0.12489916870055404,2623,0.6992283329523811,2590,0.6309315661154133,1880,0.5688280359804508,8516,0.4292813024604202,1358,0.5512336958805487,1154,0.7362452467463585,1989,0.77075161370363,1702,0.5147480462001723,1299,0.6878055049187811,647,0.8267959519822736,235
5997850.0,1748950.0,0,0.0005046421780073763,8035,0.4311118716746446,15671,0.48515841337521637,11599,0.6347000089546391,198,0.5373965380987819,176,0.6181862410975624,73,0.4376599025816763,14575,0.49389736838313225,12197,0.5622154914499009,761,0.6876873930126477,648,0.7789124552949446,566
6007350.0,1764250.0,0,3.0943351088064187e-09,16569,0.5473893517030807,10057,0.5043148148097326,9809,0.6040911617768351,1476,0.5804836575001232,45,0.5518232820411743,1136,0.5166816700344773,10975,0.5413647823880393,9451,0.5079575831549066,1415,0.6876276288474018,649,0.5345899144646764,7192
5906450.0,1752850.0,0,2.3450788271361625e-12,19435,0.30177917002544646,21366,0.35956263510313247,20532,0.577481018351813,6111,0.4931225380321127,505,0.5426047676741916,1695,0.2674363446413217,21284,0.3350269688260472,20181,0.4952600358249857,1658,0.6874906799488991,650,0.5559870716537151,6347
5984450.0,1758050.0,0,2.7797017384983037e-07,14229,0.6685249601831058,3881,0.5526931798990686,5685,0.5535480389666231,14051,0.47240651251754,710,0.4949994477073398,8534,0.6699528737041771,4024,0.6241263074879958,5505,0.42087711159720964,3706,0.6873658193710575,651,0.5238753312176446,7593
6008350.0,1739150.0,0,4.876286549300182e-07,13894,0.30043993598969376,21401,0.3866199452027463,19318,0.5658647545771439,9309,0.47260874572106665,709,0.5278195393971925,3058,0.2804833772636457,21032,0.3465574421922344,19806,0.4783442187390481,2007,0.6873344027895025,652,0.6710823208586992,2359
5985650.0,1753550.0,1,0.9999999999858067,209,0.9003721918395652,110,0.7446036543590725,70,0.634286300653268,209,0.45466678228776525,947,0.5997830901289973,212,0.9741558522301447,140,0.9525849141930849,81,0.844662749675667,31,0.6873161644742345,653,0.8921174594919148,65
5902950.0,1740550.0,1,0.9999999999895146,190,0.9148923676779899,34,0.7367794817153283,187,0.5904024933185941,3318,0.41804285499415705,1575,0.5737648075479644,497,0.993833804099828,13,0.9736158299524376,11,0.5012383389048323,1535,0.6872192869617638,654,0.8976550814085269,59
6034050.0,1710050.0,0,3.0058695018661974e-15,21090,0.45333982623644187,14601,0.4411763274972209,15571,0.5652578297631435,9503,0.4619238192681606,830,0.515560397766594,4785,0.4481554695112002,14093,0.4810767651023985,12925,0.33739770194818763,7545,0.68676707232822,655,0.40924226398299135,11176
5908350.0,1772050.0,0,0.000362282086402339,8339,0.7359629190206974,1709,0.6427413907270264,1676,0.5546859481843359,13446,0.40496283197733374,1861,0.535367409223273,2270,0.7607770719690747,1678,0.7922886808955207,1596,0.4892364664286888,1781,0.6867315183150069,656,0.7865832181018402,499
5903350.0,1740450.0,1,0.9999999999996654,42,0.8883276362319832,858,0.7185203648969984,581,0.600291746258611,1869,0.3746418109908832,2719,0.5660492760538469,661,0.9635323472920234,594,0.9084004478993565,896,0.5694000281324318,709,0.6865594476805257,657,0.8780335915897568,88
5904850.0,1742350.0,1,0.9999999978935379,538,0.8870112736578198,925,0.7193893526147317,552,0.5927868912400355,2914,0.42087300881039336,1518,0.5614800086278529,776,0.9574615813773849,894,0.9414003500037833,157,0.566956109947432,729,0.6865099161029078,658,0.8552935767478809,128
5905150.0,1741950.0,1,0.999999997498715,551,0.8877275779922997,891,0.7124656147779063,712,0.6007179701014072,1834,0.48055422038912615,626,0.5557065039714566,978,0.9570009063877416,914,0.9363735316296601,203,0.5013350226392834,1531,0.6864713045629122,659,0.6408542690205454,3164
5902350.0,1758850.0,0,0.00010157881910402111,9718,0.3577380943866369,19342,0.44238723415225306,15474,0.6019037015730629,1696,0.4699602417763702,735,0.577100486325426,439,0.3657834326332212,17862,0.4488772235837575,14847,0.6033506549337009,511,0.6864317639673887,660,0.8090269584143043,340
6037550.0,1693650.0,0,2.741945340126377e-05,11032,0.5410623672196965,10337,0.5274302377243145,7759,0.6268978703704196,414,0.41018037414278163,1752,0.5773146145127014,435,0.5349931646548478,10195,0.5808615852604865,7454,0.5620157835310916,763,0.6862823003382309,661,0.768309845183243,689
5903750.0,1756350.0,0,2.0335184333862394e-05,11312,0.47236141346971044,13654,0.5264805003223488,7849,0.5580179758044111,11874,0.4557583472294162,932,0.5446218355805394,1567,0.4812666454059962,12586,0.5521963799498506,8850,0.4805191292342843,1972,0.6861927279866964,662,0.8107245020945587,326
6033850.0,1713450.0,0,1.0196537511734814e-10,18107,0.5847856284078167,8129,0.5288831931512671,7619,0.568833396352318,8513,0.486218209039625,567,0.5201614879586022,4067,0.5618589804802401,8971,0.5784393492841728,7569,0.37812432453494327,5481,0.6861223652841419,663,0.41362601242824104,11035
5988950.0,1752750.0,0,2.7646832150109214e-15,21103,0.29891137779004445,21428,0.34471956691521266,20988,0.5545111892144423,13537,0.45326578651214283,968,0.5081960452200621,6078,0.26720853296817604,21286,0.31428808916924456,20715,0.3212329332932111,8552,0.6858852242002529,664,0.4264644914698331,10653
5988750.0,1752650.0,1,0.9999999777317812,701,0.8882738267576487,863,0.7022786518106758,892,0.5696291668891088,8275,0.4334969573268739,1283,0.5422647719734256,1723,0.9557332683464657,987,0.8943029303868397,1103,0.5319706697933504,1046,0.6858784315916324,665,0.7709600501867393,659
5978950.0,1774250.0,0,4.926067835737462e-09,16352,0.6278101483788757,5964,0.5129753790955494,9015,0.5712999997445186,7802,0.421489426121929,1502,0.5393855672479471,1927,0.6234011284915051,6159,0.6020833670087512,6436,0.27323231710352724,11873,0.6858200417417033,666,0.6972430069170765,1797
5972850.0,1774250.0,0,0.012676409279383351,4683,0.5612058036360598,9386,0.5680072809099631,4642,0.5954545427523757,2460,0.42846749116887173,1378,0.5652233475820704,683,0.5870051978418505,7780,0.6414066786824918,4806,0.5750190803744033,671,0.6857577674036675,667,0.8142093189551454,300
5982350.0,1756550.0,0,2.3217757291798526e-11,18637,0.6033319911537129,7207,0.5208739003802981,8329,0.5491941213835829,15699,0.4409965909318378,1152,0.5298526842808404,2847,0.5852205559879153,7870,0.593961189215147,6787,0.4461322081690109,2881,0.6857553377804877,668,0.6788200550179988,2177
5984750.0,1753650.0,1,0.9999999998574978,333,0.8969042486088888,324,0.7292429312514985,316,0.5934075557880211,2806,0.4266266130718035,1406,0.5446803598362795,1562,0.9633362160586376,601,0.9197785173695051,575,0.6552415129830593,309,0.6857342401707058,669,0.5679248884558283,5881
6035450.0,1727250.0,0,1.0801570556567023e-09,17019,0.5855032200081984,8075,0.5288145779426092,7627,0.5893512799368066,3521,0.49832508484652244,456,0.559464777015023,848,0.581385944805784,8051,0.6036217926874445,6377,0.4598884065609422,2478,0.6856047488137538,670,0.46582345714466955,9414
5987750.0,1754050.0,1,0.9999999999982201,99,0.8892493208077746,810,0.7186727991084032,577,0.5825530504097542,4916,0.3989762215961962,1994,0.5469833937725105,1403,0.9603312587298425,749,0.9170431090657506,649,0.6380276031974589,367,0.6855895597518025,671,0.8683507537395998,107
5886050.0,1780350.0,0,2.5829955562025476e-07,14270,0.5505942685716806,9912,0.532002907196718,7355,0.5839495116783939,4600,0.41073192855324875,1741,0.5560774528686069,962,0.5535471469047382,9366,0.6045993752547978,6340,0.490403456335625,1752,0.6854220585609523,672,0.7487775198634371,929
5988650.0,1758950.0,0,0.0010056479487515048,7302,0.6450253020469451,5094,0.6048142577600885,2655,0.5687033287513715,8553,0.43234668992619124,1303,0.5577858577386935,901,0.6558449529907595,4678,0.7051276952290091,2683,0.4090194359719941,4161,0.6853056486058697,673,0.8729530700352934,100
6005150.0,1765450.0,0,2.734239435777467e-06,12799,0.33104829107237,20527,0.3953479012092811,18863,0.5666945367188163,9057,0.4392280759804402,1188,0.5376735127295714,2062,0.29799381685947024,20581,0.36545548825754803,19108,0.5494502628338899,865,0.6852400893620152,674,0.7414189257631371,1025
5967650.0,1737750.0,0,0.004755755351706742,5681,0.6951322477389117,2747,0.6271018129737345,1956,0.5709618518428614,7903,0.4171157649867057,1595,0.5416007601251179,1757,0.7010880447281997,2826,0.7183327450438937,2390,0.31233018333183127,9119,0.6852080961589071,675,0.5386344346060283,7046
5889650.0,1780850.0,0,4.81209062424898e-06,12417,0.47964375173329205,13293,0.4904753984738268,11095,0.5789296345446646,5760,0.41492580472974316,1643,0.5458081711972533,1490,0.4633106544381951,13391,0.5172826144156876,10803,0.5120266400067253,1335,0.6850044979557215,676,0.7552163053156673,830
5973150.0,1772750.0,0,0.0003549752137446825,8360,0.6163007772295535,6572,0.5825287936260217,3710,0.57537479048794,6669,0.43961091093181537,1184,0.5361695694995323,2178,0.6311658569646974,5766,0.6549655590732056,4281,0.5062215066847123,1444,0.6849876421987519,677,0.6939755067897617,1852
6005250.0,1765750.0,0,5.775982471625614e-07,13789,0.504944042913559,12076,0.49628610593541483,10546,0.5219255989843018,20547,0.42183556237788034,1497,0.5173963320199912,4490,0.5149108741318615,11059,0.5320548681811827,9938,0.2705058022564152,12112,0.6848676961414402,678,0.7853838202389685,504
5947350.0,1793950.0,1,0.9999999994447413,439,0.8939405544696138,548,0.7182552696331864,589,0.5702848609888358,8092,0.3812263296606289,2479,0.5473117660578464,1381,0.9732296799493845,168,0.9199151962771814,571,0.5317272387288003,1051,0.6848495785286218,679,0.8307085734993145,217
5909150.0,1752750.0,0,0.00027566947952392874,8648,0.5141475263787498,11619,0.5454192641207605,6249,0.5713541173875911,7785,0.4483435402352304,1032,0.5464371565212689,1453,0.5328179522056744,10274,0.597533692368109,6632,0.4988441523570122,1580,0.684779637132543,680,0.8138219017379928,306
5907050.0,1745250.0,0,8.978494635954221e-05,9858,0.5766764717099904,8570,0.548164777904453,6029,0.5666693017747765,9063,0.3908480413255674,2201,0.5334879732143192,2449,0.5839835757087215,7930,0.6308520200238672,5218,0.5176539080639999,1247,0.6846810408895847,681,0.8207972881633723,268
5909650.0,1749050.0,0,5.841659803637468e-06,12275,0.4879140476983082,12908,0.4880469842734091,11349,0.5664115041564843,9145,0.45296513901346847,970,0.5360164653177528,2199,0.46754073810479646,13191,0.5185653925730774,10717,0.5129063976285709,1326,0.6845564364483506,682,0.7814091580258282,537
5986350.0,1751950.0,0,1.4988948475630563e-11,18796,0.6367456425683485,5504,0.5518614424036901,5752,0.6137561776383773,867,0.4586094468082643,887,0.557427202883808,913,0.6542246616311501,4748,0.5919885394636465,6889,0.5143817846215233,1309,0.6843658559314068,683,0.5249649959637106,7557
5989850.0,1756750.0,1,0.9999999999960616,137,0.9218159033628606,3,0.76351474750204,2,0.6415500442321369,101,0.49712902173956475,465,0.6007383790068178,201,0.9989740453912922,3,0.989658439119268,2,0.8394854915891818,32,0.6842489982262909,684,0.8104744507751277,331
5903350.0,1770450.0,0,1.4763180748908587e-08,15813,0.5095800830042941,11831,0.44538431378423005,15211,0.5712128117928779,7836,0.42932390498947726,1356,0.5309117546994988,2717,0.5017406709059298,11642,0.500832355861323,11768,0.2745089305130406,11771,0.6839023783222233,685,0.6725231477119804,2324
5909550.0,1770050.0,0,0.003795795695739255,5890,0.4074307373010176,16892,0.4894483080994677,11203,0.6037238102303586,1513,0.4247018743809047,1435,0.5737658035034778,496,0.4225038117724398,15246,0.5055321655911571,11502,0.6301436074271342,400,0.6837918324445087,686,0.8069905685141572,348
5908350.0,1772750.0,0,2.469181785164009e-06,12867,0.5626906282993219,9308,0.546893232440605,6133,0.5749048394364866,6792,0.41413704899671666,1657,0.5351812497909765,2295,0.5647946658406533,8830,0.6135990360169531,5927,0.5813718909898533,629,0.6837691820111592,687,0.7435605450895547,995
5989850.0,1752550.0,1,0.9999999999813558,228,0.8961509210823461,389,0.7274748907879376,355,0.5994483077937589,1952,0.45031425795245755,998,0.5555332751693843,986,0.9700375047438636,272,0.9071035098995829,925,0.7457499814746232,141,0.6837548057437742,688,0.6703127942997369,2372
5905350.0,1754150.0,0,0.00674441215207722,5307,0.6368562641209278,5493,0.5770407741182895,4046,0.6011467375991736,1791,0.5134553094487915,326,0.5749031914924106,476,0.65443101928215,4741,0.6964872633585666,2903,0.5848430638874842,604,0.6836455237011927,689,0.8035232144125642,368
5908250.0,1749550.0,0,0.8492425513634828,1616,0.7480807367380625,1569,0.6582709796128435,1360,0.5608106041519649,10792,0.4123379582171395,1707,0.5414509520094722,1768,0.7898292158770109,1557,0.8251344193050053,1342,0.483383922595344,1906,0.6835369809503017,690,0.8357015473057715,193
5970750.0,1773350.0,0,5.130803717208228e-19,21709,0.37789203628828755,18362,0.3503734428501415,20823,0.5864894392524351,4064,0.45443688184288983,952,0.5446893873394273,1561,0.3465930575284478,18703,0.35663747460291373,19458,0.28324473116914395,11176,0.683301499818199,691,0.49621050281042367,8456
5989250.0,1752750.0,1,0.9999999996096549,415,0.8928019256454126,583,0.7070799911167182,819,0.5603910912219298,10923,0.41600241553823863,1617,0.537739200783458,2056,0.9681455851448157,371,0.8998934831876402,1055,0.5229191314116599,1173,0.6829668777446352,692,0.7626947517301934,752
6009050.0,1733750.0,0,1.6109107402412389e-12,19559,0.6550479827651404,4582,0.5428267795422347,6441,0.5967284125415911,2301,0.5637600958224291,80,0.5605589634188898,804,0.6548190071660918,4723,0.5575123840022405,8578,0.4834754807808266,1901,0.6829276587747011,693,0.51844632011204,7757
5889950.0,1780950.0,0,1.6586020466272227e-10,17866,0.6294428247418322,5879,0.5457425329101538,6222,0.5961492868231975,2371,0.43313406292849005,1291,0.5513236380028351,1151,0.6247962964636182,6082,0.6092821226406891,6118,0.5967406813589351,539,0.6829202398343629,694,0.6299265061735201,3491
5907750.0,1771450.0,0,6.061244126255395e-10,17287,0.5127490735672956,11684,0.4891289617693486,11237,0.6224722979191007,538,0.44274914358951056,1122,0.5730425328698854,506,0.4877730954073244,12255,0.538863627395336,9590,0.6281463963191389,408,0.6826192723547,695,0.6063638004185135,4321
5993750.0,1748950.0,0,2.034989568495813e-06,12994,0.5522294437690006,9832,0.5275634952765333,7749,0.626382018448741,432,0.5032007031583244,407,0.5946674398206674,243,0.5385052659486156,10030,0.5812222933813683,7432,0.6061136644208904,496,0.6824905869428473,696,0.7359118142993891,1109
6005450.0,1737150.0,0,0.13597984595796464,2572,0.7169363480521375,2078,0.6455469337382774,1620,0.59297129607168,2876,0.42605626606396235,1414,0.557102128534376,933,0.7393029465949922,1947,0.7674879182243408,1727,0.6234432859549149,427,0.682469377829917,697,0.7676468180939695,698
5984250.0,1750950.0,0,2.6683107768374e-10,17664,0.6859553956759608,3095,0.5891656224630839,3354,0.615011419249235,802,0.5099966332286938,352,0.5747067660516503,483,0.6835140688937225,3456,0.6369957049837706,4974,0.3239187568182489,8386,0.682451247975845,698,0.5107907947287604,8012
5943950.0,1767950.0,0,5.11350123393444e-06,12366,0.7151405743624871,2119,0.5938709472510053,3133,0.5536033003116091,14021,0.39926814014651024,1981,0.5380188200753878,2038,0.7150106053115292,2398,0.6959690197697391,2923,0.2827898738807185,11211,0.6824091590264685,699,0.6895267781363639,1935
6008950.0,1762950.0,0,4.4272724937958387e-10,17417,0.6044466357623773,7152,0.5229906607499211,8136,0.6493840669514563,49,0.4760629777288181,668,0.583437746832398,355,0.600573685749666,7154,0.534467059161525,9799,0.4428760231123463,2979,0.6822163566720731,700,0.4988477653210559,8391
5980550.0,1761550.0,0,3.1632123615336776e-05,10899,0.4149962392174963,16515,0.47931576873129034,12197,0.5086474785026766,21036,0.40385533056599393,1876,0.4894155088042168,9588,0.42517048373837796,15127,0.48451411281791024,12749,0.41641038950006304,3868,0.6821587612754046,701,0.7071059442061463,1599
5994250.0,1740250.0,0,5.316381508181273e-15,21002,0.4196065923687392,16276,0.412962954080996,17784,0.558579134045943,11643,0.5150089909877386,311,0.5345143989463695,2359,0.3719363233597386,17580,0.41007939907089763,17060,0.4060862442344847,4280,0.6820750190976368,702,0.487594953958415,8735
5983350.0,1754950.0,0,2.1848341909602029e-07,14365,0.5596913189697158,9461,0.5133533722527007,8985,0.5702745713468002,8095,0.4296233130844424,1352,0.5301547824353877,2810,0.5598627166559512,9069,0.5904479533745174,6963,0.4564120124543556,2589,0.6819006377889051,703,0.6744339199216802,2267
6007350.0,1764050.0,0,1.3626801702584445e-10,17966,0.581495105313514,8311,0.5081597448223659,9436,0.5905285296846956,3304,0.5523660694999467,118,0.5394333296944773,1923,0.5810140809916216,8071,0.5264110985455391,10256,0.3240115259163694,8378,0.681779899681725,704,0.43540298146580314,10391
6003150.0,1760450.0,0,0.0009921734227568604,7318,0.5734471892023889,8730,0.5950651842069133,3063,0.6264577245677461,426,0.44199103846815546,1137,0.5919037962180318,259,0.5956948014852765,7404,0.6626691250661582,3989,0.762445855024896,118,0.6817433518548726,705,0.8680567010122864,108
5989250.0,1752650.0,1,0.9999999995663191,424,0.8929964167300443,577,0.7109817951817166,744,0.5701624866746062,8125,0.4512726510400629,989,0.5441647099248137,1597,0.9682152610464108,366,0.901957705667794,1033,0.5234489999316481,1165,0.6816718578474014,706,0.6325950906269444,3415
5905050.0,1759050.0,0,2.1352531269098925e-10,17758,0.564115077105089,9218,0.5091729303714472,9351,0.5803041906279004,5455,0.45577887993792027,931,0.5513029469325152,1152,0.5764358851889582,8285,0.6006347119275726,6495,0.4525094453053182,2690,0.6814982706924265,707,0.6137417720051956,4040
5986350.0,1752150.0,1,0.999999999398745,449,0.8994524297678814,133,0.7421212183713748,95,0.6377831078264059,147,0.42735835670108857,1397,0.5915338252484212,262,0.9699657614318519,280,0.9347906875462137,230,0.7834069076279925,95,0.6813539108059817,708,0.7913773573466236,451
5942450.0,1769850.0,0,6.06472722377244e-05,10267,0.3642101425800266,18998,0.4303395521932298,16454,0.5692946303786202,8375,0.4286654917581736,1371,0.535029279219348,2312,0.36368101975518163,17953,0.4276742121795154,16094,0.45046918325230434,2748,0.6812412374016314,709,0.6847368966352905,2043
5990850.0,1748450.0,0,2.7957126330893814e-15,21101,0.38508048975308196,17998,0.38548452379113435,19363,0.600572780576395,1846,0.5042177563174535,395,0.5714616605488629,534,0.33785932285062414,19058,0.37310185781339,18796,0.43627464978999075,3165,0.6811112009946091,710,0.5261864616795908,7508
5905650.0,1754350.0,0,0.0022514207580903605,6440,0.6684159451838173,3890,0.6045000506339205,2666,0.58860051552704,3653,0.513231330390305,327,0.5704632855381885,551,0.6678468784922212,4116,0.7059874668331458,2659,0.5593316836555446,778,0.6810537243741349,711,0.7933821238995471,434
5986150.0,1754050.0,1,0.9999999999941964,159,0.8971254228609865,310,0.7246499108449217,427,0.5650205705089906,9575,0.4594603581052091,868,0.5225473965439101,3743,0.9656346737398915,481,0.9284850271255487,348,0.5531061911515318,831,0.680993558517559,712,0.543285178631238,6863
5989150.0,1751550.0,0,2.177424411826521e-11,18664,0.6530775565779824,4694,0.5451044218091474,6271,0.5885265155371446,3669,0.4689699986184953,745,0.5251245089084288,3398,0.6623696457594372,4372,0.5923012408221572,6879,0.5615333302945973,767,0.6809903954628655,713,0.5102353204496948,8029
5973350.0,1777850.0,0,0.000982768567032854,7327,0.513229296449021,11660,0.5384456691562507,6803,0.5697608235395921,8239,0.4168503723394933,1602,0.5413121078126956,1778,0.5069473242496847,11414,0.5598515038340527,8463,0.4679603408954177,2267,0.68094714651521,714,0.7668484082211766,708
5984250.0,1761550.0,0,0.00011526248563161895,9588,0.49078013131865933,12760,0.5210038093704461,8318,0.5071140712745997,21060,0.45933317865030027,872,0.4754503117328053,12347,0.5093188026357475,11297,0.5647525756187827,8207,0.3619813044873095,6224,0.680929044795547,715,0.5092739308647943,8070
5983450.0,1756850.0,0,0.00011194547977225215,9611,0.4502759455549483,14742,0.5134977741733852,8969,0.5690368499419881,8444,0.4202761205766277,1528,0.5469879311993598,1402,0.44656103572197847,14159,0.511512680292526,11132,0.4810071809582903,1962,0.6806212773237033,716,0.7957561372550211,423
5907050.0,1759050.0,0,1.506762918020169e-05,11561,0.6714041330280511,3756,0.5797853768456642,3881,0.5524798732219599,14515,0.4667539562927178,772,0.5130551470474544,5207,0.6679711778561277,4111,0.6774403270781982,3466,0.47773221432401425,2020,0.6803535307225717,717,0.5311195684158903,7318
5907050.0,1773850.0,0,6.476374896617293e-14,20488,0.5985665372973809,7434,0.506375214017117,9609,0.5591151202073644,11408,0.43682013102352385,1224,0.5161171004074571,4693,0.6025529942202784,7067,0.5298954873230121,10055,0.3752532651951237,5587,0.6802601210629686,718,0.4933293162861714,8554
5984650.0,1754950.0,0,4.855161468878062e-19,21710,0.466107450409482,13944,0.4052464036595189,18271,0.5402561029625642,18249,0.5140742796382852,323,0.5234807125630403,3615,0.44889064590752026,14055,0.4482229199042784,14886,0.2570644616105824,13111,0.6800785074895527,719,0.5115380789874902,7991
5909550.0,1749650.0,0,8.278460030503543e-06,12005,0.38302485256530233,18096,0.43054718410357085,16430,0.564412946956538,9723,0.46276620894241216,820,0.5249794435362864,3424,0.3538685372211723,18364,0.41592263342643077,16762,0.4559253312407979,2605,0.6799277128696242,720,0.7215495407427461,1344
5904750.0,1758750.0,0,7.045875876531591e-07,13671,0.5524682426978171,9824,0.5307282993910364,7463,0.561605259580366,10557,0.44481948911388475,1081,0.5302616181681878,2797,0.5358870087361535,10148,0.5783250839325578,7573,0.4759323545804355,2063,0.6795268797312609,721,0.7702617599926733,668
6032150.0,1710350.0,0,1.0888085009048172e-14,20858,0.413250742790001,16609,0.40684178034133606,18165,0.5938493286746197,2735,0.4657923787141248,781,0.5581043837393455,884,0.3671787391817355,17789,0.3995248455628657,17594,0.3104927873803577,9236,0.6794460412472936,722,0.4148100738797338,11000
5907850.0,1757950.0,0,4.2041643455410003e-07,13988,0.6786922822008661,3409,0.5472189808295709,6104,0.558129758970689,11817,0.42732121845478865,1398,0.5355206829347638,2250,0.6754010241278477,3794,0.6579338226215501,4173,0.29596277381257907,10254,0.6793585087603387,723,0.7822611033305376,528
5980750.0,1753950.0,0,5.1628801447947694e-09,16334,0.6419546746212469,5227,0.5281060174341361,7695,0.5419933845265725,17857,0.46060632691622677,852,0.520657928874673,4004,0.6237920594919215,6143,0.6026315747733254,6418,0.25296253665897206,13435,0.679168018785859,724,0.7260755747042495,1263
5944150.0,1762750.0,0,4.238336284941632e-13,19997,0.6243208623791351,6162,0.5264754733639764,7850,0.585637593018864,4252,0.40704993154599806,1820,0.544023209982306,1606,0.6082279467897069,6831,0.5533431144243245,8800,0.5013441826835171,1529,0.679148334794153,725,0.5453605653061038,6782
6035550.0,1693150.0,0,3.086151488924824e-10,17603,0.33015020300731823,20563,0.3771652782207441,19792,0.6057436448377185,1334,0.417745495254242,1581,0.5586145461592715,869,0.2907527015082374,20779,0.34879494104888886,19744,0.5188825904861484,1229,0.6791057958381749,726,0.5662586828831214,5956
5984750.0,1752650.0,1,0.9999999822293487,682,0.8970115684551931,318,0.712122859204492,719,0.5629575957126735,10145,0.4158483570223543,1622,0.5267649236008718,3200,0.9646354542754257,529,0.9092267879700223,876,0.35034549286709693,6827,0.6787515843858427,727,0.5520495511736736,6513
5902550.0,1740350.0,1,0.9999999807135337,689,0.8863748118209455,961,0.7075111131514038,810,0.5650382251492851,9569,0.37125917548851,2844,0.5323591289620869,2560,0.9560379998581199,970,0.9323985835641038,278,0.5097449793972392,1382,0.6786065468179477,728,0.8349920860567509,195
5908350.0,1754750.0,0,3.00926314810649e-06,12733,0.4710823960260769,13713,0.49149019851585485,11010,0.5746067545707577,6877,0.4368937876978993,1223,0.542248414974637,1724,0.4675802128557227,13190,0.5282139462985656,10150,0.505507746184635,1455,0.6784054104489027,729,0.7921583803291036,441
5987750.0,1751150.0,0,1.80558785224308e-16,21434,0.43396335189301344,15505,0.413419152995956,17754,0.5661049556180896,9244,0.5086664018139417,363,0.5292637024283353,2898,0.39888524594145314,16344,0.4292364452617542,16005,0.30069196991102687,9937,0.6783162589255924,730,0.4229884303388599,10746
6030750.0,1729350.0,0,2.0528935627228878e-05,11305,0.42650284595480736,15919,0.48934311391479257,11212,0.5786575875765877,5826,0.4798292141070783,636,0.5470611784820433,1398,0.42124062413664465,15304,0.476107980020793,13242,0.4331496291261566,3279,0.6783096220027226,731,0.4514763066907366,9880
6034250.0,1713250.0,0,5.850158172568576e-06,12273,0.6823033124400959,3246,0.6296361765131481,1904,0.5616702440965503,10535,0.4365963325244693,1226,0.5481273045539496,1325,0.7007861783020167,2832,0.7157055358573985,2441,0.45630537475050037,2592,0.6782576454497662,732,0.48918604554942,8690
5983450.0,1757750.0,0,2.0552354256796777e-14,20727,0.6391569055135621,5378,0.533861547995775,7164,0.5698877682908035,8198,0.4492360483941155,1012,0.5230982215423406,3676,0.6200041967170826,6297,0.5316646385974059,9953,0.43612793964143826,3171,0.6782504101248145,733,0.5039456009284526,8224
5972950.0,1777650.0,0,0.0300371311356851,3812,0.5724119433066684,8774,0.5629437971427184,4972,0.6073444863671922,1236,0.4486619187103896,1026,0.5650753093557388,686,0.5914140545605989,7586,0.64012086779329,4860,0.6471688024412242,338,0.6781798424031671,734,0.7895928727115288,463
5941350.0,1768450.0,0,0.010174083423041725,4912,0.37649665687497497,18431,0.4576483667375899,14106,0.5539676164540501,13829,0.4054052698682885,1850,0.5190902764675774,4232,0.38190198577154066,17127,0.4482311734222725,14884,0.423487198969408,3610,0.6780383828732766,735,0.6705422783384354,2368
5981550.0,1757350.0,0,7.760925409367054e-13,19788,0.4781049860977986,13358,0.4583477112281553,14038,0.5416772783256582,17928,0.47570258224000833,671,0.4918974684469597,9157,0.4516396608078077,13925,0.48587190658204893,12677,0.38163594093799325,5335,0.677930403403796,736,0.48340298348520216,8864
5906450.0,1743050.0,0,0.00035036559895593834,8374,0.6621650016523936,4211,0.5699589649819912,4511,0.5853422775013686,4322,0.40313678945022985,1886,0.5609491571159203,797,0.6727286257282685,3908,0.6727321725006812,3623,0.3405032190094881,7371,0.677894881115128,737,0.8391692342600645,175
5989550.0,1754450.0,1,0.9999999999999454,13,0.8966404841723086,348,0.7333393593839184,247,0.6040066534389424,1486,0.42902671997209674,1366,0.5766713859311632,450,0.9758303732206354,110,0.931696574498933,288,0.8338553726874053,36,0.6778658487177486,738,0.8828843502623797,78
6033850.0,1728250.0,0,1.1091268664985703e-06,13391,0.3668431635083382,18874,0.39817832139584763,18717,0.5859373498748754,4189,0.4788977580195555,639,0.5537616954437615,1051,0.3290589131867304,19431,0.36027998074187506,19314,0.41429739733550786,3955,0.6778644791165683,739,0.44358325342438987,10144
5984750.0,1752450.0,0,2.0228370931894344e-09,16775,0.44145197063126895,15166,0.45661718839828985,14200,0.5605062886953444,10892,0.5267936613754696,228,0.5260165254868683,3282,0.4414568833149143,14414,0.48476420723848634,12733,0.284675894521925,11077,0.677796928824479,740,0.48188143476672907,8912
6008450.0,1736950.0,0,6.020147207985114e-16,21301,0.4770999421829342,13402,0.4250172965370127,16880,0.5538485496440978,13895,0.47271422136074004,705,0.5256459274658742,3327,0.44475854550165916,14250,0.4581815724745084,14298,0.38422973151853723,5208,0.6777767372591607,741,0.5166229004280176,7831
5987550.0,1754550.0,1,0.9999999999992497,65,0.8897584923192409,769,0.7207559027350822,516,0.5855231917452609,4279,0.4060730026557605,1841,0.5605497876582775,805,0.9610532027580598,710,0.9204767390937417,549,0.7206458956988336,177,0.6775339550953137,742,0.8826857478732066,79
5905150.0,1740850.0,1,0.9999999999852835,211,0.9140463259574306,51,0.7237281458593282,450,0.567888207690002,8757,0.42212276095632867,1494,0.5456524183202964,1507,0.9929030884049367,35,0.9668592482778534,27,0.5147531606585689,1298,0.677416758706592,743,0.8578224377538154,124
5983950.0,1750650.0,0,3.491930910179651e-11,18492,0.5890489806560889,7905,0.5148266169741187,8853,0.5946471241792411,2603,0.5105200842552648,346,0.5728290116444039,511,0.5974623810292519,7318,0.5884527586263539,7060,0.2933343918128859,10464,0.6773750370151845,744,0.5289401775424738,7410
5908150.0,1772350.0,0,8.973006092412906e-07,13508,0.3569857257426162,19386,0.41339078618480957,17757,0.5500334068668975,15431,0.41408354068084746,1658,0.5196094393353188,4148,0.33844531267038225,19033,0.37451950040352266,18729,0.2682582101300919,12277,0.6772554058854846,745,0.652694257654604,2821
5986850.0,1754550.0,0,0.0002117370494531444,8942,0.4319410721789182,15624,0.5001867186788139,10198,0.6400739030551569,119,0.4418425075526473,1138,0.6054261629130894,172,0.4375269845013522,14581,0.5103667040311386,11192,0.7538319033721776,132,0.677046745164526,746,0.8400103408294768,170
5988350.0,1753150.0,1,0.9999999999171423,303,0.8896165782666023,783,0.7271941584931944,366,0.5799561098961624,5522,0.4760663759022513,667,0.5459371761786747,1479,0.9571825174851394,903,0.9068766725789091,928,0.5913840485725214,562,0.676948358621027,747,0.5182515106270875,7766
5902950.0,1740650.0,1,0.9999999999900437,185,0.9146497382290776,39,0.734131836819043,230,0.5863336947654223,4100,0.4142241954529018,1653,0.5663219034263964,651,0.9933996465210861,24,0.9711857265675923,14,0.49074762051054577,1746,0.6769430967204663,748,0.8885482313373599,70
6006450.0,1736750.0,0,0.0001624046743139019,9237,0.5746158663839341,8672,0.5671007835151914,4708,0.5702205092903548,8110,0.48110641098397494,621,0.5544358286175435,1021,0.5665967446409136,8731,0.6100524129043449,6087,0.4572471046771057,2555,0.6768240716943823,749,0.7538824266430518,856
6032150.0,1715050.0,0,6.68525509588212e-10,17250,0.4931242573778805,12649,0.4785426077513719,12260,0.5597905808652681,11139,0.47918839583107187,637,0.5189842110648123,4249,0.46210040402629937,13449,0.48973562393958614,12446,0.379227316430795,5429,0.6768227445316404,750,0.4075899613243392,11220
5905750.0,1771050.0,0,5.094109716285011e-07,13871,0.4087227353423853,16821,0.41285364416696124,17790,0.5576217454541192,12070,0.4177131925732712,1583,0.5396857279446929,1911,0.3812645195239427,17155,0.40288601806983015,17444,0.27381732049274154,11821,0.6767703704602583,751,0.7337947226887809,1144
5999450.0,1749650.0,0,4.155130236720276e-05,10644,0.5630513216846914,9279,0.5037624223836416,9861,0.6255929354660069,455,0.46972088988505406,736,0.5994731167658423,214,0.5319627810289649,10311,0.5290591447039338,10099,0.3000789444458114,9979,0.6767512411683027,752,0.7403833624407068,1041
5980750.0,1755050.0,0,9.37026057198503e-16,21248,0.5081972518132871,11905,0.45567494273158504,14272,0.5413342913995365,18007,0.438515579507295,1201,0.5029027455410192,7019,0.5021703715257296,11627,0.48731827862691135,12604,0.2990074688519776,10058,0.6765934143779992,753,0.43705221087942403,10337
5940250.0,1768850.0,0,8.172704901095491e-12,18995,0.3481544789929146,19822,0.383904765570924,19457,0.5745570531171172,6896,0.44652021321805446,1057,0.5359587956195109,2205,0.3048406829163399,20358,0.3569006989078676,19446,0.45665410974516896,2580,0.6765116321951784,754,0.5285227518834552,7418
5903150.0,1740150.0,1,0.9999999999782145,239,0.9144066912676573,45,0.7345342845117221,220,0.5889681360410535,3597,0.3977784081063837,2020,0.5701530282943654,561,0.9933869726683221,25,0.9715000925738412,13,0.4849477630521499,1869,0.6762057608875306,755,0.8812695456352789,81
5987850.0,1756350.0,1,0.9999999999987363,87,0.8958433983208939,406,0.7509568763937091,30,0.6311689553651991,295,0.46225381691799355,827,0.590155139741831,283,0.9762693221744351,103,0.9420337207450707,153,0.5250512711054232,1138,0.6761769757653775,756,0.6007739303338635,4546
5988350.0,1754550.0,1,0.9999999999986187,89,0.8914464058271896,652,0.7255970018267737,406,0.5940309614632503,2706,0.46482044641636133,789,0.5700897246702614,564,0.9628048269899305,622,0.9251900105025432,426,0.7569688425701608,126,0.6760719920446042,757,0.8726219414958905,101
5906450.0,1772150.0,0,7.860959389229632e-14,20436,0.38361959869530077,18068,0.3636107405060329,20384,0.564489571597529,9706,0.4153095325449178,1632,0.5272527982913014,3139,0.3714839644988801,17596,0.38685745981941744,18207,0.27075748089759943,12094,0.6759298862197386,758,0.5801995652186469,5399
5904450.0,1742450.0,0,0.0021734203341515863,6479,0.36721766225220226,18857,0.46994445026169945,13012,0.5743795906773531,6942,0.3830321323014283,2407,0.5555346137333699,984,0.34654888358131064,18705,0.4319803405643051,15835,0.4752750007381007,2079,0.6757452485155073,759,0.8423962353013364,163
5884750.0,1780650.0,0,1.3491534146080224e-06,13278,0.31632847068813313,21006,0.3804975300568302,19636,0.5807440568760815,5353,0.4119341722483388,1718,0.5471587813513481,1395,0.3144033504334459,19994,0.3762265555795363,18672,0.5547576791992193,816,0.6754831056092735,760,0.737823054184556,1081
5988550.0,1752350.0,1,0.9999999972043003,557,0.8948103944904109,490,0.7128097401006286,706,0.5803678361739858,5443,0.44430718093574556,1090,0.5425570953024961,1700,0.9701668321164234,269,0.9041488461109706,991,0.5347485962754487,1021,0.6752195095431656,761,0.6499548652881253,2891
5987350.0,1754150.0,1,0.9999999999997986,29,0.8984585147094722,199,0.7348212610200973,216,0.5989383589358906,2014,0.5510572040049941,125,0.5586127559826191,870,0.9660860136152246,459,0.9326626134433967,268,0.6125542465045344,458,0.6749411730451977,762,0.5029300330292343,8250
5906150.0,1758850.0,0,4.724561081608193e-07,13918,0.5641152051553842,9217,0.5167278142963523,8700,0.5528943182735878,14353,0.4702456447498278,731,0.5083175348317397,6047,0.5486599946592259,9578,0.5688442075428178,8003,0.3993410081088644,4551,0.6744092508390253,763,0.510328172901407,8027
5998150.0,1740750.0,0,6.078550728513876e-17,21520,0.6605177823108976,4297,0.5390902730297951,6755,0.5558444006080225,12875,0.5038575558558543,401,0.515040758778218,4867,0.6474421044038343,5038,0.5102612233107923,11203,0.3539242372573489,6641,0.6743141586554922,764,0.4342448956701378,10426
5904850.0,1740750.0,1,0.9999999999992899,62,0.887282010264436,910,0.7010269397271144,910,0.5660992586021939,9248,0.3944345106849008,2097,0.5248958971283181,3434,0.961260281622029,695,0.8958881266567753,1089,0.5107854218614827,1358,0.6742642343921648,765,0.7887604964890934,469
5987150.0,1752150.0,1,0.9999999997897595,360,0.9010241794309121,103,0.7470254953120616,53,0.64934475481657,50,0.4602517927976537,857,0.6181242653499439,74,0.9723550273665724,198,0.9426108920261874,150,0.8644583679222124,15,0.67414857729551,766,0.842285542521305,164
5908550.0,1757450.0,0,3.943735665601689e-12,19264,0.5334193389768658,10678,0.47986921293149226,12140,0.5619081949087108,10472,0.44988073852097843,1003,0.5273525780372523,3124,0.5124789872781021,11159,0.5462612213452507,9197,0.512229692501573,1332,0.6740410130727419,767,0.5828818314232385,5286
6000550.0,1725850.0,0,0.050177431487908174,3347,0.6228007138680473,6245,0.5960677050561446,3013,0.5738844363202265,7079,0.49457338090378705,494,0.5588330389925917,864,0.6511922157900707,4860,0.697832923450884,2867,0.5369818494861156,999,0.6739798123674845,768,0.79198330385946,444
5972750.0,1774350.0,0,7.91906050992999e-05,9999,0.42494656078130266,15988,0.47582669039508596,12514,0.6029369033569064,1593,0.41587874768913674,1621,0.5635868095314894,727,0.4105882243256649,15790,0.4743073922478447,13362,0.6290351742224428,403,0.6738219128389626,769,0.7715374374930678,651
5986950.0,1750650.0,1,0.9999999985304802,517,0.8976195833631905,267,0.7308746944505891,290,0.6126232110514509,927,0.42259261237871104,1484,0.5714991265806649,533,0.9638068152172479,578,0.9196161316975381,581,0.7403253308808752,147,0.6738148033455368,770,0.7884923305814993,474
5905450.0,1758750.0,0,1.0005485601095198e-07,14797,0.33129674791344554,20514,0.37753432529778364,19765,0.5422244445401365,17802,0.4596377403378285,865,0.5080258861225018,6108,0.3084350462819947,20225,0.3376018521070312,20102,0.2433054919317328,14125,0.6736078856317402,771,0.544648296690514,6813
5907950.0,1771650.0,0,0.0008890400018169228,7448,0.34377312078818517,20011,0.4371483474801669,15899,0.584426175043944,4512,0.3978385485393148,2018,0.560429246754739,810,0.334418817201112,19210,0.41927302871205874,16591,0.43806933034323714,3113,0.6735443539679487,772,0.782324582344254,527
5995050.0,1741650.0,0,4.450912308327716e-05,10569,0.5791170028391134,8428,0.5523503730010115,5713,0.5969184945466427,2281,0.5210876687558476,267,0.5806315275593478,391,0.5691197830655031,8610,0.6103254198730264,6066,0.5436841937979181,921,0.6733724265984966,773,0.7558695182537132,823
5980450.0,1763850.0,0,6.204780182149306e-08,15055,0.5963253438467763,7538,0.5366239753922594,6967,0.5222245879236083,20525,0.41321004065851835,1683,0.5103571704459411,5658,0.5942391210170404,7464,0.6078308669812174,6192,0.41086396860381513,4095,0.6733173616474342,774,0.7498922522829021,911
6039950.0,1714550.0,0,6.274318048709385e-08,15051,0.45407042053049546,14577,0.45854299396883863,14018,0.5674331887566251,8868,0.49173515750739094,520,0.5284354562678745,2984,0.4131710123794847,15651,0.41696770840137154,16700,0.1857029626209813,18565,0.6732396200514124,775,0.2703664177654821,15118
5908750.0,1751350.0,0,0.0002714250512184397,8664,0.4300252644041042,15732,0.5059677470126477,9645,0.5617194562512302,10522,0.473696882088618,689,0.5302123177646444,2800,0.43428570318792326,14724,0.5106037274416715,11179,0.4503044721058027,2752,0.6728246550522881,776,0.6713458396679962,2350
5984650.0,1750550.0,1,0.9999998682598785,869,0.8806850291216441,1133,0.7055363878534244,843,0.5708470396906403,7937,0.4726303206763132,707,0.5588437416224762,863,0.9500198789623817,1133,0.901776882949225,1034,0.3705289739413432,5800,0.6726721313860453,777,0.5843081614918652,5211
5905250.0,1740550.0,0,0.004975582341904139,5633,0.41069655552262374,16727,0.4858846976020779,11529,0.6054466050614581,1365,0.37775943046812055,2598,0.5636563300066589,724,0.38996450659347714,16723,0.4652958413939826,13858,0.568145279697456,719,0.6725184380873479,778,0.7877271534531908,488
5984950.0,1750750.0,0,5.400732688102231e-16,21317,0.5799639620210538,8390,0.5077074387669706,9487,0.6110788774361904,1009,0.5230103286417433,254,0.5542695972532223,1028,0.5618841681570778,8969,0.49894791295612106,11881,0.29837620280820343,10104,0.6724974114225546,779,0.421321372655316,10812
5986650.0,1750550.0,0,4.262837727035371e-12,19237,0.4106071745717124,16731,0.4365440917661604,15953,0.6206913983443229,599,0.48014894216205056,630,0.5636502166734596,725,0.3927801464044839,16610,0.4497290722796101,14789,0.5551202254148255,811,0.6724945556327543,780,0.5307102036495908,7331
5907650.0,1770550.0,0,4.4928477898030847e-10,17413,0.6155262461568193,6608,0.5591893907840011,5218,0.5917148813340882,3097,0.4386926739172084,1199,0.5520241469584979,1126,0.6028261537495325,7052,0.6404743386402205,4845,0.4993122166724482,1570,0.6724809766530555,781,0.7142434003706629,1468
5904450.0,1740650.0,1,0.9999999999720153,255,0.9137724260795023,59,0.7209137893709505,511,0.5712545811956423,7825,0.414488002874176,1647,0.5420036997464426,1739,0.9919343593172995,49,0.9622346717926274,43,0.5471838849146002,892,0.6722650397090593,782,0.8341873043213566,201
5944550.0,1762850.0,0,0.0034397545564631917,5987,0.5740304277388512,8699,0.5809219316197086,3815,0.5829175773632053,4840,0.4076311472880246,1802,0.5614092659576818,780,0.6121273199029634,6661,0.6637593587758589,3947,0.5583578986155524,782,0.6721497841217722,783,0.73645602054178,1100
6033550.0,1717450.0,0,7.202591936144822e-12,19045,0.591660599928012,7770,0.5089916706684772,9367,0.5968934889041577,2282,0.5134577058445515,325,0.5687182309841776,597,0.5653413136281483,8810,0.5501599978859327,8965,0.23833861451251104,14493,0.672071825018008,784,0.4100244863013949,11150
5986550.0,1758450.0,0,0.017988522381425006,4315,0.6596065515148742,4341,0.6291975179473918,1916,0.6084128992336292,1170,0.4105597613613457,1745,0.5815611080887438,379,0.6777930548710085,3702,0.73331545689996,2125,0.5947104961287077,548,0.672071568609616,785,0.8570710904231302,125
5905250.0,1754450.0,0,2.4541237407719333e-08,15540,0.30875719376618294,21205,0.3621566507357029,20451,0.5754551830037764,6650,0.4624948917375474,824,0.5507111128016593,1174,0.2839047443934568,20949,0.34169443017143497,19975,0.5338335648465331,1026,0.6719214427507015,786,0.7296310971804938,1201
5900650.0,1742950.0,0,9.054034328620637e-15,20894,0.41047743246421564,16737,0.40984793078341764,17983,0.5630497664326941,10121,0.41987445391072187,1535,0.5001259678084392,7559,0.4016339144239738,16193,0.44989713807344345,14781,0.39235372871658947,4825,0.6718985977039768,787,0.4780419023709839,9031
5908050.0,1749850.0,0,7.256213301088126e-06,12104,0.6966248866581549,2682,0.5900063446415508,3308,0.5646801046382681,9663,0.46315246363836526,816,0.5341857952772514,2389,0.7203473879503532,2279,0.7100263650748649,2554,0.45734248508704045,2552,0.6718825934085493,788,0.7216666017697514,1341
5945950.0,1763350.0,0,0.0009947862306191697,7311,0.3709605014415796,18693,0.45790731854886857,14088,0.5644143626578043,9721,0.48901550271124455,545,0.5376587918006308,2063,0.3539223300769354,18361,0.4223546904643867,16417,0.41884325311730286,3769,0.6718436964772834,789,0.5689506807940528,5841
5949250.0,1795350.0,0,2.0557793746382052e-08,15647,0.39796615430317933,17337,0.4402547267410605,15648,0.5936280501556831,2772,0.4238880839377072,1453,0.5454226968262497,1519,0.3773540634266468,17341,0.43964969654990604,15398,0.5803555060222959,633,0.6718412274125922,790,0.7334037648598222,1148
5906750.0,1755950.0,0,0.00217404386875118,6478,0.4364434048191526,15398,0.48028083462525134,12101,0.5707257165171384,7974,0.46997792677446,733,0.547823089837536,1349,0.41237384366658825,15704,0.4751320056249968,13301,0.4892784787114849,1779,0.6718047318266869,791,0.7713204205356251,653
5908650.0,1759250.0,0,0.00017072554049671766,9188,0.673132953063673,3666,0.6205883355584311,2125,0.5716303876656749,7704,0.4675106139367804,765,0.537005315656787,2108,0.6778186437505708,3701,0.7155002569498876,2446,0.49325624568178195,1687,0.6716954828967825,792,0.5831027382238272,5275
5993650.0,1749050.0,1,0.9999999999546394,279,0.8893158526729436,803,0.7240423539127883,441,0.6293897218220936,343,0.4288008679387416,1369,0.5901798547447568,282,0.9624955381901836,636,0.9021896819854002,1026,0.6980210007311387,213,0.671243984214296,793,0.8023971733503523,377
6034950.0,1713350.0,0,3.056102253885507e-11,18551,0.48401198856082717,13088,0.47485413357414064,12596,0.5552645245584198,13179,0.4258773639075665,1418,0.527165082425261,3155,0.46818568272375827,13166,0.5029588567974497,11657,0.4367233968212352,3151,0.670977857481697,794,0.4555487603522729,9736
5972850.0,1776250.0,0,1.3172525444382852e-16,21460,0.6377861916673363,5438,0.5345877725285857,7109,0.5731017927088398,7310,0.44637323499704706,1061,0.5173114820320075,4502,0.6336726811288472,5660,0.5340268503767006,9815,0.3992243652985772,4558,0.6709632358054758,795,0.4655479274919393,9423
5947550.0,1793950.0,0,5.288659956487551e-11,18344,0.3991448435984012,17287,0.4087273786901374,18041,0.3572368679518605,21688,0.3996963919068358,1971,0.41229797356742354,21028,0.36057521127599035,18093,0.4111593521899869,17003,0.26509475815447225,12523,0.670728984917752,796,0.5397481203151159,7006
5902850.0,1740750.0,1,0.9999999999803133,232,0.9145788879016825,40,0.7222789061379797,482,0.5606577185894561,10844,0.4117377923188358,1721,0.5210018788271533,3965,0.9918244148863988,51,0.9607461528339625,46,0.5234181131985673,1166,0.6704392960122741,797,0.6872483084495316,1996
5904950.0,1770150.0,0,3.838923221084414e-05,10714,0.5549521043771286,9706,0.5489053115184965,5981,0.5613653873673214,10635,0.44316995923660396,1114,0.5235269603331381,3608,0.5419967976021026,9882,0.5874349653153481,7116,0.46515671038228,2337,0.6703882315661137,798,0.6347851483411422,3341
5986650.0,1754250.0,1,0.9999999999892799,191,0.8997332147309476,123,0.7527154625881421,22,0.6506824686852144,36,0.45150756865709624,986,0.6096948124142088,133,0.9694610185418875,296,0.9464812926693524,125,0.8690544858525451,11,0.6703191703318101,799,0.8759126698572047,94
5947650.0,1762250.0,0,6.214533199263356e-15,20974,0.6684426685550284,3889,0.5502263850362791,5870,0.5619454490730901,10461,0.5258463901374141,233,0.5260365001033054,3279,0.6644993231674712,4276,0.568826342688913,8005,0.38153382185788,5340,0.6702291410931966,800,0.4992951761614456,8375
5987550.0,1756150.0,1,0.9999999999996931,39,0.8958022600366535,409,0.7305723681221549,297,0.5796539640163447,5592,0.46594104832026856,780,0.5308122844425901,2735,0.9740791243660143,146,0.9269674704934083,379,0.6103014101275266,473,0.6700903044480211,801,0.5231535725137143,7615
5985750.0,1750650.0,0,6.600113345461581e-06,12167,0.5496754389837483,9949,0.5607733490125262,5121,0.5951665970699892,2515,0.5019577379590683,422,0.5691753714119389,584,0.5651505500258555,8815,0.6145087883108828,5887,0.3416448437040446,7322,0.6698561365845144,802,0.5396934760024501,7007
6007350.0,1762650.0,0,2.259570120240366e-05,11202,0.6317639598796287,5764,0.5888063455275082,3374,0.5680485132133722,8708,0.40574442055906357,1846,0.5344931030569956,2361,0.6333603380636661,5679,0.6617397627715451,4023,0.5099960878598007,1376,0.6697284605766732,803,0.7437083479078072,992
5987350.0,1752750.0,1,0.9999999999380123,294,0.8899757660231039,748,0.7281451619400667,343,0.5917850667755865,3084,0.4137704046415577,1667,0.5701269189407053,562,0.959427143027672,800,0.9138556380119356,755,0.6032143300262979,512,0.6696289309726227,804,0.8141292739204972,302
5980550.0,1754250.0,0,2.9431987782361496e-07,14193,0.5300428328587585,10840,0.5034426475344517,9894,0.5555776532960881,13022,0.4327670505252645,1296,0.5102774112073413,5668,0.5301516159715707,10375,0.5648582492293771,8199,0.4493347557430307,2780,0.6695393615932885,805,0.6787534814460959,2180
5908950.0,1753850.0,0,0.00010545481000963631,9671,0.4985822447509155,12354,0.5233095813710795,8108,0.5909174142728366,3242,0.3762725991361964,2660,0.5676023446836613,624,0.5192240151665839,10863,0.5708371263395435,7911,0.5566892023284032,799,0.6694502053315252,806,0.8614438035126767,118
6001150.0,1767550.0,0,6.12846152204863e-06,12231,0.4513097289065552,14696,0.4858003074837711,11539,0.5096091027797808,21004,0.4168909700859488,1600,0.4894342264633481,9585,0.45265957039204396,13870,0.5072060455286836,11383,0.3102081302898586,9259,0.6693575761129151,807,0.7625664144921565,756
5986250.0,1750650.0,0,3.218767234461224e-13,20075,0.6781605162825006,3427,0.5684799285879542,4607,0.6024524838663535,1632,0.4175835358605569,1585,0.5591036154134653,858,0.7025238709740763,2773,0.5953481760862172,6736,0.5120965579708479,1333,0.6693202132025889,808,0.5475326611141517,6694
6035550.0,1713350.0,0,1.352996817256952e-10,17972,0.6548410945796278,4594,0.5567963807780414,5397,0.6108613215787293,1023,0.4578633988841786,900,0.5699456099790763,566,0.6766429004458425,3742,0.6156231264936389,5838,0.4732568227532872,2131,0.6692624134741784,809,0.4790400209217396,9011
5985850.0,1756150.0,0,5.7080825866084955e-09,16298,0.3475539562156563,19855,0.38754610455295235,19277,0.5378673757283513,18727,0.3932813606519877,2130,0.5023790264814807,7122,0.3383562648558962,19036,0.3707453579392461,18902,0.27301060523677656,11890,0.669249960092323,810,0.6979618971425361,1782
5987950.0,1756350.0,1,0.999999999999698,38,0.894485120856363,513,0.7313264846340294,280,0.5811258133437702,5264,0.4226128794427063,1483,0.5543290707528616,1026,0.9749100412403542,126,0.9325338901514669,274,0.46370732523280345,2381,0.6691756256161795,811,0.8823351257761022,80
5909050.0,1774750.0,0,0.005314483417996766,5566,0.33965503031591504,20203,0.4324882396143451,16294,0.5412063522413713,18039,0.42253199254154394,1486,0.49351808607908826,8817,0.32342485913121743,19632,0.3935695043417663,17879,0.3050509094021835,9618,0.6690574591774656,812,0.5347396258532557,7186
5980650.0,1753750.0,0,3.457402620496423e-09,16516,0.545829247985811,10108,0.5014550393913552,10076,0.5750085113071411,6759,0.4185196183703242,1568,0.52496080572198,3427,0.5455816340526951,9724,0.5642501399264295,8234,0.5280235281391665,1100,0.669004355437689,813,0.6997339995141885,1753
6031850.0,1718050.0,0,2.3543408644376985e-05,11163,0.3205928995932547,20879,0.4078095988432746,18107,0.57286827075206,7363,0.473658033105177,690,0.5409805005695979,1800,0.3075683077040767,20262,0.3653841141761971,19112,0.41190815535357184,4054,0.6689638894934085,814,0.45564818100462723,9733
5986850.0,1752250.0,1,0.9999999905850364,634,0.8966678279770505,343,0.7248499965202582,422,0.6130193274009967,900,0.4003183708453128,1958,0.5942114042959383,246,0.9693953660042768,299,0.9327197703479237,267,0.59520642926327,544,0.6688633935027766,815,0.8314446757741597,213
5986350.0,1752250.0,1,0.9999999995793167,421,0.8987430823413005,174,0.7378240388196179,168,0.6222912937638502,551,0.41324876574456737,1681,0.5630242628189195,736,0.9686862653198235,343,0.9292895960729444,334,0.6929209118870578,220,0.6687603474148912,816,0.551696023008759,6532
6035050.0,1729450.0,0,7.567433747558076e-11,18215,0.5817342258251974,8295,0.5087701248628008,9385,0.56999957764817,8166,0.3957248446138449,2063,0.5428202899214002,1677,0.5845268934794053,7895,0.5680414203603826,8046,0.2588487454372218,12954,0.6686986882594355,817,0.46024960569470696,9600
5980950.0,1765250.0,0,0.17397811701955077,2425,0.549512666427987,9960,0.5339467349467623,7155,0.5730833212592256,7316,0.43295462096285375,1294,0.5310756905393292,2694,0.5664306734038023,8746,0.6093941405714491,6111,0.7000945449191248,209,0.6686597917538235,818,0.712933228651069,1497
5983850.0,1755050.0,0,5.3213905575385255e-08,15130,0.6733352663102891,3657,0.5768153729362437,4062,0.5748023519470601,6814,0.5006114828730414,437,0.5364346148218847,2160,0.6636186314224909,4317,0.6678599358784166,3801,0.43069621094984467,3366,0.6686283496233731,819,0.5292786442654801,7397
5971250.0,1777750.0,0,9.031509951099132e-05,9847,0.46167403615546954,14176,0.5063938378718593,9605,0.5976180288647813,2187,0.42655638073101165,1408,0.5720830654332372,527,0.4417721955155408,14401,0.491022315300058,12373,0.5170034683167206,1256,0.6685344059561376,820,0.7718529691786703,644
6032150.0,1714850.0,0,0.006495593933575824,5348,0.40325063214615287,17105,0.4839980560678874,11718,0.5772700977510508,6158,0.42848845759569404,1377,0.5490324185946296,1278,0.3740872612295696,17477,0.4332958937426532,15767,0.44730082597780085,2846,0.6685064722642794,821,0.4716983811255968,9218
5902850.0,1740850.0,1,0.9999999999837468,219,0.9145072302401779,44,0.7250810973874647,417,0.5682368973902437,8658,0.4101073062670198,1754,0.5325500567397349,2542,0.9922438619611116,44,0.9633751480089552,38,0.5476620419997216,884,0.6684275616800329,822,0.7769027294844846,592
5983350.0,1750850.0,1,0.9999999326434749,812,0.8950979713660839,470,0.7185986893867983,579,0.5976390322421611,2186,0.49530035139843437,483,0.5761379117873174,457,0.9648344387502321,516,0.9204823397669404,548,0.3888878517016864,4995,0.6682381950138975,823,0.5891298999226202,5018
5987450.0,1753850.0,0,5.839085727168672e-22,21757,0.5642143308427832,9210,0.4532899616884599,14494,0.5756018081332166,6620,0.4634892801448322,810,0.5287655130032616,2953,0.560380083614916,9040,0.4559887400088827,14440,0.26120731534407937,12816,0.6681404128773912,824,0.4197622553861644,10856
5905450.0,1740150.0,1,0.9999999999992486,66,0.887776017186598,888,0.7094762420239062,777,0.5899499652955263,3415,0.3848729209660331,2353,0.555533281299254,985,0.9632666017402188,604,0.9053686007435375,971,0.6103352976945587,472,0.6681373891569328,825,0.8440130890165023,158
6003550.0,1765650.0,0,0.0001252643370990857,9487,0.43543047762259757,15444,0.5013151860455458,10094,0.5861696471227699,4131,0.4632130462988931,814,0.5737583798796879,499,0.431992506588356,14827,0.49670590159223815,12030,0.6305004114754306,397,0.667895273660923,826,0.825756825800205,245
5984850.0,1752650.0,1,0.9999998063452058,915,0.8976186643417045,268,0.7247733445245403,423,0.5906380346345479,3284,0.4408834639284696,1154,0.5421754481535372,1729,0.9650272289483933,505,0.913880471641793,754,0.35606629625344666,6525,0.6678700144145018,827,0.5284097365280129,7422
5984450.0,1755050.0,0,7.770440377154451e-10,17167,0.38814060634243686,17830,0.42972929533288223,16505,0.5890036609847534,3591,0.5631082536477748,82,0.5383600710412648,2008,0.372714928355776,17548,0.43082087555940207,15919,0.40965283414658027,4141,0.6674883730050003,828,0.4467937497622738,10038
5989950.0,1751750.0,0,1.5296922643028542e-10,17906,0.39367040499455913,17548,0.3923455078153081,19012,0.6112012787024355,1005,0.5217770092315669,262,0.5537192512506699,1057,0.3506371903566988,18526,0.3784858464375801,18564,0.5090802288940934,1394,0.6674011596718884,829,0.5520367300425055,6515
5942950.0,1794550.0,0,1.5004333398498227e-17,21601,0.6182987736351835,6465,0.5217054893236021,8253,0.5728622289216396,7364,0.4014867499541017,1937,0.5277669278767209,3067,0.6176603849054065,6410,0.5374940659742802,9665,0.4236738902186228,3602,0.6673431640221753,830,0.5146685852736146,7888
6004650.0,1767050.0,0,3.2220711599682396e-16,21375,0.3795808389521309,18268,0.36631802790653273,20270,0.557623700647362,12068,0.45888174139591337,882,0.4896003515395843,9544,0.3472575316652837,18670,0.3730708943630774,18798,0.23511844618515998,14754,0.6672379960484175,831,0.4477679557381471,10001
5941950.0,1791750.0,0,0.08386516590612479,2899,0.7496011094923908,1562,0.6759139238221175,1193,0.5711687971630014,7848,0.4150858973188087,1638,0.5423274102826019,1721,0.7988292105718398,1544,0.8381698776003548,1271,0.523057170989319,1171,0.6670467263120157,832,0.7466415480617079,956
6033650.0,1699950.0,0,9.807130622638286e-05,9761,0.621679722914919,6300,0.5939510515012046,3128,0.570277037038062,8094,0.42226762299198434,1491,0.540556145159691,1840,0.6567518066440041,4633,0.6872440201783949,3192,0.4846410093196616,1876,0.6669285848852219,833,0.7975674159496288,411
5903450.0,1756550.0,0,0.0018830634862195223,6638,0.6348556628956764,5613,0.596183663904769,3007,0.6018334236616669,1710,0.4003687425305151,1955,0.5690976708437135,588,0.6392734687885788,5417,0.6837355913743416,3274,0.536752360726385,1002,0.6668942675380771,834,0.8100186304711869,335
5972350.0,1771450.0,0,2.2962161916099767e-14,20708,0.4599171054743886,14282,0.442606809640619,15451,0.5635725313170573,9966,0.44631738635846363,1062,0.5314546052389097,2655,0.4491118176038158,14041,0.4915741816391892,12343,0.4329271862789732,3290,0.6668254917734346,835,0.5228489899345226,7623
5987450.0,1754050.0,0,1.0734978481118135e-10,18084,0.6721953715434675,3717,0.534649578902535,7106,0.6036059591197943,1525,0.4827986328748135,606,0.5549723776802857,1002,0.6675372623532437,4138,0.5848222722252259,7242,0.30721934389208116,9463,0.6667744258008426,836,0.6155395524990344,3988
5982550.0,1755250.0,0,9.561389101540303e-06,11893,0.6347074913380504,5620,0.5702584824971817,4495,0.578290047089058,5904,0.38228229570601113,2442,0.5369367268356744,2115,0.6352941207355858,5590,0.6616612977142896,4026,0.5273660127308069,1108,0.6667241397758434,837,0.7482516526643826,939
5987550.0,1752950.0,0,1.0614619906026875e-09,17029,0.3570092902340401,19383,0.4144244165526848,17679,0.5689758683365588,8470,0.42870727705816336,1370,0.546785448727294,1419,0.35115861163761597,18501,0.4168401834960056,16708,0.40860640001736703,4173,0.6667217563560944,838,0.6541737579937981,2771
5906850.0,1742450.0,0,1.6984275064517462e-10,17857,0.40766052429925664,16879,0.4299872239435256,16489,0.6036139760213532,1521,0.41215733063293664,1713,0.5592610465966059,852,0.4019189565661454,16186,0.46553930363397567,13844,0.5549255633549034,812,0.6666663470405348,839,0.6469699837498254,2978
5904550.0,1753550.0,0,0.0002970852176747497,8555,0.6018467783267917,7281,0.5891807478460576,3353,0.5767421933108623,6306,0.46079057633982407,847,0.5639314538148104,713,0.608686270223711,6801,0.6623988030825119,4002,0.551679660106577,850,0.6666160024253962,840,0.8030418498509899,371
5970350.0,1773950.0,0,4.674681508634217e-11,18389,0.5616737594504071,9360,0.5277700076573599,7730,0.5725157916432808,7466,0.4310590636582623,1324,0.54665731281291,1430,0.5512191848378737,9472,0.5930162765836293,6841,0.4304897957454754,3370,0.6666085359961811,841,0.7150978244021241,1456
5906550.0,1742650.0,0,4.1056115641992685e-12,19254,0.5914629981503237,7785,0.5260617001913762,7889,0.6162934290924957,750,0.4434915013578031,1106,0.5627540545964386,744,0.5660046885109641,8777,0.5775627661416767,7606,0.502734896463096,1506,0.6665318967317686,842,0.6049616461050963,4370
5907050.0,1744750.0,0,0.0007207952304155971,7663,0.4106161796290104,16730,0.4913978124205293,11015,0.5669966287829215,8989,0.4230050887224974,1474,0.5427225659030153,1690,0.41350327595258296,15638,0.49164535171181456,12337,0.5106842578488116,1361,0.6665093833720148,843,0.7923663755650424,439
6035850.0,1727250.0,0,1.83296940674794e-08,15695,0.6537680346564121,4663,0.5738825551467844,4257,0.5573916309244831,12179,0.48819316781534056,552,0.5319445926230367,2607,0.6672197163359471,4151,0.6492106744625645,4504,0.24450401659304255,14047,0.6661322232152027,844,0.4335531308641083,10442
5989650.0,1752850.0,1,0.9999999999943174,155,0.8951482499851825,462,0.729707843854039,309,0.5961731823996761,2366,0.5042099630581426,396,0.5602838403450807,818,0.9698632740257804,282,0.9112378372009191,830,0.6475493563345225,335,0.666095436081801,845,0.5020227174755139,8290
5985450.0,1759150.0,0,0.0028271488560430405,6200,0.5821393086439081,8280,0.5740742296092441,4243,0.5637893386620693,9898,0.4231873384627292,1467,0.5425837681098902,1698,0.5975690198910555,7313,0.652275079444586,4370,0.6095033637708301,479,0.6659329735473686,846,0.8291122250435647,223
5963650.0,1737250.0,0,0.01781080512199817,4323,0.35095194877217983,19669,0.45649718920963755,14204,0.5572240529829926,12238,0.4194134658899753,1550,0.5479818380847812,1337,0.31590294097922755,19933,0.3903952580198158,18021,0.4065666326093207,4258,0.6657844452310174,847,0.7718497700674992,645
5987850.0,1754450.0,1,0.9999999999989371,78,0.8903780204615307,724,0.7158195704055133,635,0.5708912194237233,7919,0.4461420503905311,1063,0.5370735633098948,2100,0.9605966391644934,730,0.9156002884888202,696,0.5676784002654596,722,0.6657401131866771,848,0.8481367983473056,145
5901650.0,1758550.0,0,6.670652058906492e-05,10175,0.46191500923649254,14157,0.5178786376395351,8598,0.558234424936436,11785,0.4397620954866213,1181,0.5464424981177912,1452,0.4827238777563625,12504,0.555018373083982,8704,0.5213172260584908,1193,0.6654620995955355,849,0.8041745215489459,363
6041750.0,1736450.0,0,2.4158706070614596e-08,15549,0.50070925686631,12257,0.4883623658937167,11317,0.5862859736014678,4109,0.49068085694585145,528,0.5626971269972902,746,0.49214856600584567,12066,0.5127929580695956,11065,0.26460177918751937,12562,0.6653362476875696,850,0.34384318310290307,12793
5907550.0,1754250.0,0,1.60930376341138e-06,13173,0.49609651434458985,12487,0.4529851478292122,14525,0.5410843834186135,18070,0.4728642277858412,702,0.5031133703069502,6983,0.469047974774807,13128,0.47230435752142874,13468,0.2457251482648356,13963,0.6653177684486714,851,0.47930441928177514,9000
5902850.0,1770350.0,0,2.6817306133287244e-12,19387,0.5589527870362118,9501,0.4610387134932021,13807,0.5668445745033213,9025,0.4194926146802909,1548,0.5310097372515884,2704,0.5535903958783972,9361,0.5416419755670108,9434,0.274915589596323,11741,0.6652689761724748,852,0.6056081552015093,4350
5886650.0,1781750.0,0,0.00021225549920418364,8938,0.6966216033267165,2683,0.6363484956513635,1791,0.5677951445683854,8774,0.40076644220747726,1946,0.5500084475631543,1227,0.7052388183138916,2693,0.7442790512248381,1985,0.5481352747259207,874,0.6652499841761987,853,0.7657619750068105,721
5987650.0,1753050.0,1,0.9999999994871431,434,0.8900815994660836,742,0.7415526801088481,102,0.6210962609485258,582,0.4602035854817583,858,0.5826038285565984,363,0.9590690689882225,814,0.9169532528181734,653,0.5258019385566164,1125,0.6652235641297044,854,0.5660161351056682,5964
5905850.0,1754950.0,0,6.209257343436678e-05,10244,0.513287527748141,11657,0.49044767228777003,11096,0.5430182831968339,17584,0.45299203727743026,969,0.5144939241181182,4978,0.502986109020941,11578,0.5135841804565342,11020,0.26001782025633136,12889,0.6651496368184415,855,0.5340305127839909,7216
5949450.0,1794950.0,0,4.8236778346696974e-11,18378,0.38648816940904696,17918,0.4241422559586977,16946,0.5783876021248602,5888,0.38859493871555256,2260,0.5321354952028807,2576,0.3619787410802703,18031,0.4214549080163361,16477,0.4916863558365028,1724,0.6651464267010356,856,0.6900080401825963,1927
5908450.0,1754750.0,0,2.2187577774218886e-08,15599,0.6174782001647874,6518,0.5513986452515944,5781,0.5644848902782753,9707,0.40021979354554604,1962,0.508572181905409,5995,0.6106245564160572,6720,0.6403827456871207,4850,0.5262876661403996,1119,0.6651127427578656,857,0.6232229836943091,3706
5905350.0,1740850.0,0,8.62798266440375e-12,18978,0.6153981155954655,6612,0.5330859235491182,7241,0.584151389249735,4557,0.44417908449949667,1096,0.5322520800055774,2566,0.5986100789505766,7247,0.5881528036288417,7074,0.5520909145362796,849,0.665045389518237,858,0.5935973696114614,4815
5969750.0,1734550.0,0,1.3752851727033796e-08,15856,0.6890897503786163,2982,0.5421310167868876,6498,0.5877806701006543,3787,0.4255106366919381,1423,0.5572768915932031,923,0.6635182462738693,4325,0.5912853919423002,6922,0.25246027291784257,13483,0.6649987517855949,859,0.5046949674624039,8198
5992950.0,1748250.0,0,6.582372853988303e-07,13710,0.5854988914481867,8076,0.5342292692937494,7132,0.5698219129902039,8216,0.5179646061085975,289,0.5500772642471505,1222,0.5928324503564355,7514,0.6258410520160008,5434,0.49241419631334815,1704,0.6649962390057477,860,0.6961648424748775,1810
5983050.0,1752650.0,0,0.006347261117967714,5381,0.5382553273852417,10472,0.5661978134354909,4767,0.6163228957430681,749,0.46415434380676573,801,0.5903008570083565,280,0.5658006309700023,8784,0.6189848523698807,5709,0.3698603718158546,5847,0.664930732670805,861,0.5838702603804792,5230
5983950.0,1753750.0,0,1.2676761508325381e-14,20824,0.5693272271339406,8953,0.49971813238636004,10235,0.5511701562479424,15023,0.49458404605821527,492,0.5071180266095398,6276,0.5543360055707812,9314,0.5361407668667391,9737,0.3923579488879835,4824,0.664722610257502,862,0.4855230585931668,8805
5986550.0,1750750.0,0,6.355511453388895e-05,10225,0.674510894511853,3591,0.6238238114831621,2037,0.5941645592820828,2688,0.3852577406243333,2338,0.5671998051032847,634,0.6738728685303161,3864,0.7091840245880328,2583,0.480941040139372,1963,0.66470449961589,863,0.7763412170344384,601
5984450.0,1750750.0,1,0.9999970676883354,1152,0.8815571725285228,1132,0.7270750030623976,369,0.6137452176258282,868,0.49144760944235905,524,0.5999871284033239,210,0.9517108390072953,1124,0.9145257607948055,737,0.40164899949232913,4465,0.6646917127586938,864,0.5990457551492001,4612
6033850.0,1716450.0,0,4.79971010124143e-05,10487,0.438877491111083,15282,0.4840267409284915,11714,0.5825805357874275,4914,0.4844083126593035,583,0.5506257043174092,1180,0.41116522192269866,15760,0.46107724109534076,14133,0.4383878724157191,3104,0.6646709420183768,865,0.4505130352235157,9911
6032150.0,1718950.0,0,0.00024872215807738787,8770,0.5579093701346981,9544,0.5725663781897181,4351,0.576339255790807,6404,0.5147103400104474,314,0.5360240327554829,2198,0.5557479309115638,9256,0.5957608370862278,6709,0.41081507504520265,4097,0.6640408786265395,866,0.43346260429973693,10445
5909750.0,1749350.0,0,0.00482773456570775,5662,0.7095327985611342,2254,0.6363348567677832,1792,0.5578656430016119,11951,0.37663091295267437,2643,0.5287781701051764,2952,0.7168888410264702,2351,0.7298243499029862,2193,0.4721216594587042,2166,0.6639562572798002,867,0.7744172115874833,619
5907850.0,1757350.0,0,0.00022042490353314713,8898,0.4533602220637876,14599,0.5033915444962945,9898,0.5615747396047859,10570,0.4338210998494799,1276,0.5355068269957115,2253,0.43701873405491576,14603,0.5015576395226472,11727,0.4706829047622977,2198,0.663757348437777,868,0.7773307302942833,585
5977550.0,1772250.0,0,0.015085627423414601,4511,0.5511982770313273,9873,0.5465076429644805,6155,0.5656076458082816,9395,0.38239091036541084,2440,0.5397805201969293,1906,0.5630364460247884,8907,0.6070512283965231,6234,0.5042600879199322,1483,0.66367709759525,869,0.7810914226607097,541
5992250.0,1747850.0,0,6.019527504873403e-13,19876,0.5932680033096274,7680,0.5243006306167234,8025,0.6315755425044719,284,0.5274157232827911,219,0.5913476990757228,265,0.5825525542009197,7993,0.5577398666061278,8565,0.5387693079588043,963,0.6636702707659263,870,0.5597361392423383,6206
5985550.0,1752850.0,1,0.9999999997545765,381,0.8985339524636263,194,0.734131683735711,231,0.6013892733706389,1762,0.4433436074170461,1108,0.5510192918071875,1162,0.9686096837767955,346,0.9286519800123639,343,0.689864926748722,226,0.6635830735415006,871,0.5250679640850324,7552
5906550.0,1758650.0,0,3.4953404928015887e-10,17537,0.6050895578924081,7110,0.5299844567033174,7527,0.5623752850728003,10335,0.44260500330207303,1125,0.520168050724916,4066,0.5999596892136885,7176,0.6126588227436229,5955,0.4874580739892366,1824,0.6635754089703562,872,0.6152554456245656,3996
5987250.0,1754150.0,1,0.9999999999991849,69,0.8976029818390546,273,0.7397449828926953,128,0.6030830552577651,1581,0.4546678470184052,946,0.5567106235121422,944,0.9662931947044581,446,0.9349090408743921,228,0.6564240338065868,305,0.6634511061127502,873,0.5289077670435126,7411
5942250.0,1791850.0,0,1.287918121436549e-05,11681,0.4074388487929929,16890,0.48264101408594,11847,0.5664475129200417,9131,0.3903242682810218,2215,0.5389368673576234,1955,0.4030284319303712,16135,0.4773286097395063,13175,0.5108399881342574,1357,0.6633891882553342,874,0.7794064834696536,561
5908050.0,1742750.0,1,0.9999999823430655,681,0.8872695478229647,913,0.720296035570766,524,0.6115689475214204,985,0.4093894115934527,1769,0.5812240645324956,385,0.958941905843181,827,0.9465356404912364,123,0.6364487482902007,375,0.6629814937582827,875,0.8452839016645205,154
5987250.0,1751050.0,1,0.9999999996577453,403,0.9000391386380655,115,0.7331105871827478,252,0.6224080457018638,543,0.4587950826589367,884,0.5782823475714101,421,0.9693416691104728,304,0.9288414779720471,342,0.7595728743065062,122,0.6628971135161139,876,0.7932192672828857,436
5999250.0,1749550.0,0,4.89784518054611e-15,21016,0.3544964094115454,19515,0.34440522221782527,20996,0.6145838466623286,824,0.47509703394955355,678,0.5724840994616112,517,0.3282554974620737,19452,0.3403938623598177,20006,0.2829357607402222,11198,0.6628328508318799,877,0.543758768162653,6841
5904650.0,1741550.0,1,0.9999999529473809,775,0.8853979244554958,1019,0.7066802718863838,824,0.5750977870103622,6732,0.3882723232298278,2265,0.5544280383373685,1022,0.9564213491281918,945,0.936342185795615,205,0.4706149868071994,2200,0.6626311511299886,878,0.8767581461098395,92
5885350.0,1780150.0,0,1.9070489923985018e-07,14447,0.6781021482882055,3431,0.5704288644867025,4481,0.5815647868079726,5160,0.41634322666543416,1612,0.5404521333713319,1852,0.6706807599549461,3993,0.6659547091504704,3864,0.5062623176513539,1440,0.6625730691637373,879,0.7164387823946341,1441
5987250.0,1760050.0,0,0.00010541876414895535,9672,0.5124458914647684,11698,0.5313048021357545,7414,0.5681691754008673,8674,0.45490499925819694,943,0.5233220071264706,3648,0.5127278904733183,11146,0.5717292342672271,7871,0.5452308750968186,909,0.6623572752619327,880,0.6356644390929856,3317
5903850.0,1759850.0,0,5.026043980560718e-11,18360,0.3860070799132193,17944,0.39175926809129286,19045,0.5720985489236463,7577,0.4441420872948298,1098,0.5398360512054613,1902,0.37584982144571133,17402,0.4185903844128267,16625,0.49914053024071847,1576,0.6621942994617778,881,0.6521713896855279,2834
5906750.0,1773850.0,0,1.1980756634939841e-12,19650,0.4265449653825249,15917,0.4208170091834124,17198,0.5386159788386299,18578,0.4179445305376045,1578,0.5035822971674133,6903,0.3830264093713507,17071,0.42563299841606017,16222,0.4045376713795037,4336,0.6617004475485815,882,0.5583281022942846,6264
5965950.0,1735950.0,0,0.0028992152098747726,6173,0.43272461440505156,15582,0.5070319218148209,9547,0.5882632756319257,3710,0.39445134923104763,2095,0.5635570080327361,728,0.42490259048627665,15138,0.493069874098347,12255,0.4600609366071128,2472,0.6615885620130123,883,0.821984144312906,264
5944650.0,1762450.0,0,8.443386336157099e-05,9925,0.6807294569797059,3315,0.5996766697819723,2856,0.588576316943531,3660,0.39899734827643857,1991,0.5555687141192018,981,0.6793670844152999,3637,0.7007321462235367,2794,0.5263586538619796,1115,0.6615857050131866,884,0.6952761225463157,1828
5989950.0,1750650.0,0,6.200199802891797e-18,21638,0.28828952400755753,21601,0.307734932085481,21572,0.5973070393548232,2230,0.5025836986214416,417,0.5467307734663542,1422,0.2551123845733475,21452,0.27336837323281316,21415,0.24403150984526922,14084,0.6614860570987915,885,0.4577306469136797,9667
6006550.0,1737450.0,0,0.03029968321319057,3796,0.7449432800348855,1595,0.6606170044745554,1320,0.5566629359598602,12507,0.37413103862742564,2734,0.5317609519745972,2623,0.7815481452050872,1568,0.8063702525876518,1550,0.4664140616510132,2309,0.661466436605629,886,0.7766926782023525,595
5995450.0,1741650.0,0,4.862167613271151e-14,20534,0.44082676217415084,15196,0.4308670094719857,16414,0.5833746221039507,4737,0.5234105231577992,249,0.5470364635822715,1400,0.4346164195139065,14709,0.4766008752692077,13216,0.38316220075063046,5253,0.6610698758806945,887,0.4833598403083058,8868
6005250.0,1766150.0,0,2.5116044780114135e-13,20150,0.40939444865306174,16792,0.4152726495855435,17599,0.5801709776769338,5477,0.5703740347471573,60,0.5310590438508473,2698,0.3759925781502017,17397,0.4284712059432897,16042,0.37238014817917675,5718,0.661050824449589,888,0.42361372838129996,10723
6005250.0,1733550.0,1,0.9996616835666332,1248,0.7915585872426724,1311,0.6840837639447014,1128,0.630517832067935,309,0.5420347815552542,153,0.5969719813691191,226,0.8225941010999966,1318,0.8457862733260744,1261,0.5850990997810135,602,0.6609410115851903,889,0.7490758642135636,923
5906650.0,1756050.0,0,3.114577316549442e-06,12705,0.4602852533152952,14264,0.47991582537552363,12136,0.5575160436516676,12128,0.463665182817895,809,0.5325511737124147,2541,0.45571420487862,13731,0.5128593957418419,11059,0.4820819764314124,1931,0.6609176234891915,890,0.7709607950418337,658
5900050.0,1742550.0,0,0.0023872305591765793,6379,0.5807270464878542,8348,0.5691402017292454,4563,0.5525987725258515,14471,0.3887633897819869,2258,0.5310399056520333,2700,0.604424740037929,6988,0.6568133290191879,4212,0.4531886595862,2669,0.6606476716203213,891,0.8241560468344618,253
5904250.0,1741950.0,1,0.9999999462890279,789,0.8856440300172566,1007,0.7100298278383274,765,0.5871140927921706,3943,0.3849600716901329,2349,0.5613055793382249,783,0.9567054711666274,932,0.9376873042356297,189,0.4880349973922984,1804,0.6604725921157262,892,0.8689084584300626,106
5986650.0,1751150.0,0,4.9964798921987205e-05,10447,0.5259841549441387,11074,0.5430064313628503,6429,0.6199646233304394,626,0.4076147454080444,1804,0.5883263242565905,302,0.5122770332712223,11174,0.5691490032321644,7993,0.596342854464533,540,0.6604430418986595,893,0.7775786485920346,580
5984450.0,1750850.0,1,0.9999967270999879,1157,0.882600088266692,1129,0.729177230785267,318,0.6211793829200571,579,0.5000800307154937,440,0.5800518967903889,398,0.9512111814091975,1128,0.9106274012766947,845,0.3800361394056886,5401,0.66033672848678,894,0.4929147648859932,8568
5886050.0,1780650.0,0,9.475479195576699e-10,17081,0.6977585215753436,2647,0.5901203782852578,3301,0.5626686334818147,10248,0.38725338652977565,2294,0.5301643100777402,2809,0.707500826077303,2622,0.6787806355533174,3424,0.4539975128646335,2651,0.6602602848201913,895,0.6948664921183992,1837
5909450.0,1752850.0,0,0.0020139747593655843,6565,0.6533101540500942,4685,0.6180917475153697,2201,0.5795131730481242,5618,0.44230641237937923,1129,0.5374407952375844,2074,0.6831587764728905,3476,0.728726687433566,2210,0.5569345655095352,796,0.660253877585767,896,0.6624158586848781,2550
5906950.0,1753550.0,0,7.193756080108279e-07,13655,0.6253921688101197,6093,0.555539587028302,5481,0.5923756073578,2979,0.3924632358632801,2160,0.5478957769894078,1343,0.6337018739320114,5658,0.6687266926610173,3772,0.6485447361170581,330,0.6601152073069371,897,0.7236633138466808,1299
5984550.0,1750650.0,0,3.1068634660387477e-13,20089,0.6640958937798075,4112,0.5445546146378192,6313,0.5967158506014715,2302,0.4606604800485549,850,0.5359949555419282,2201,0.6834452475811388,3459,0.5374503253454365,9667,0.31865942065378783,8706,0.6600561199662415,898,0.43475744005190187,10412
5998750.0,1741850.0,0,7.245333786735231e-07,13646,0.6750622953737314,3562,0.5849547526958503,3579,0.5632158390298847,10065,0.49975694133011567,444,0.5339500013595517,2407,0.6776953453757735,3707,0.6955159740701066,2940,0.47201635124932784,2170,0.6599226613452323,899,0.7078775819123077,1587
6004350.0,1737750.0,0,5.700831021620869e-06,12287,0.3499997745982875,19726,0.3902671615950521,19130,0.6039113256788534,1491,0.47061196602070116,728,0.5760814532953649,459,0.3129198793224529,20050,0.3358298303148388,20153,0.2741660499175247,11795,0.6596862651888963,900,0.7139982788702062,1475
6040650.0,1734850.0,0,2.3284842732500374e-08,15565,0.34719776868400937,19866,0.40215746053399426,18466,0.5756884134625609,6590,0.45799161155985507,898,0.5429004768291984,1672,0.32171328838349267,19700,0.35640884031225406,19469,0.23720520480516738,14583,0.6596734048855775,901,0.3192922921232084,13457
5971250.0,1777850.0,0,6.691542224835031e-11,18257,0.3309547768605242,20530,0.3819564117491937,19559,0.5558680017883009,12868,0.4087564062863447,1782,0.5102295072807973,5680,0.3128118923699432,20055,0.369623519823677,18937,0.4050813845844229,4308,0.6596089746254551,902,0.5720383766680074,5730
6008150.0,1732950.0,0,0.001057716109782105,7244,0.476782034647518,13416,0.5359114809689142,7019,0.6204536262106779,608,0.4115615927801018,1723,0.593276324733725,251,0.4791590060681499,12681,0.546916457715313,9157,0.5819074501332129,625,0.6595344303669477,903,0.7917271971428854,450
5983450.0,1761950.0,0,0.020222386370518135,4191,0.6738089134767964,3632,0.6084312325290707,2540,0.5720954548943702,7578,0.4601152870402199,859,0.5556927669657657,979,0.6921391250884763,3140,0.7320081686635285,2151,0.7346723053970836,158,0.6595124695996504,904,0.8187916653772862,277
6037450.0,1695350.0,0,9.720862420375379e-06,11880,0.5378860378833297,10491,0.5195668294279268,8441,0.5821319626669846,5014,0.3940808208444638,2113,0.5503727255638896,1203,0.5209863931810585,10777,0.5627069429440932,8309,0.4931528796730308,1689,0.6593491864863219,905,0.7797081441515341,553
5981350.0,1753450.0,0,0.00011683236381511198,9571,0.3640933067256202,19003,0.43583762817164856,16005,0.5859376762741229,4188,0.48813533696461014,554,0.5593982441881283,850,0.3709393371972972,17613,0.44181900528174634,15270,0.5635411044772405,751,0.6593228302038587,906,0.7639152599129659,741
5908450.0,1755750.0,0,0.00010377847850927776,9697,0.6527532466588006,4714,0.5969550522968861,2981,0.5413496297313299,18003,0.4496308300338505,1006,0.5082303662029604,6072,0.6605170341758404,4444,0.6952087823152229,2948,0.44971630977589516,2773,0.6592466098105485,907,0.6080279790085428,4253
6041850.0,1736650.0,0,7.302314947122711e-06,12100,0.5363376077429398,10566,0.5332027056196045,7233,0.5758765076286212,6534,0.47703294297092025,658,0.5592348864753662,854,0.5312224810646332,10336,0.5537455164348416,8776,0.2642896665645075,12597,0.6592447419028725,908,0.35153708443137033,12617
5905050.0,1754250.0,0,2.8554188742433326e-12,19371,0.5453206183906947,10137,0.4913406343592308,11023,0.5634316589604352,10006,0.4676665908886494,761,0.5328927657718259,2507,0.5413865625016423,9909,0.5787896558526027,7555,0.5151796998362567,1288,0.6592317810214686,909,0.6110682452906999,4128
5963950.0,1738550.0,0,0.0025395692372223674,6322,0.3932624836928713,17571,0.48081119120073923,12030,0.5371747498004871,18834,0.4115555181695413,1724,0.5290484649136561,2921,0.36440701270604814,17923,0.4311245323559556,15894,0.39901025145876945,4567,0.6590905259207149,910,0.7487781312354873,928
6003650.0,1763950.0,0,0.0006898086592346132,7709,0.6008384509277241,7325,0.5983129111659381,2919,0.5761923229763235,6441,0.42498781829865184,1427,0.5505593683236177,1189,0.6046893185977638,6975,0.6583129234751174,4153,0.6091666513189269,483,0.6588665756267437,911,0.8104130226267445,332
5907950.0,1770050.0,0,3.071858991149233e-06,12716,0.6548429620694948,4592,0.5823611383037587,3720,0.5708584983389947,7929,0.4084318790609477,1790,0.5201133482389441,4073,0.6749052130393679,3816,0.7064822684315613,2644,0.4743580550918396,2106,0.6588331945320405,912,0.6690568678526525,2400
5944650.0,1762950.0,0,8.737769549668555e-05,9888,0.4777185819229414,13380,0.4850536520974928,11609,0.5955068404109491,2457,0.4076001707249202,1806,0.5599244285275479,832,0.44771406254350565,14114,0.4923726178319745,12295,0.4572690635428912,2554,0.6588066886691555,913,0.6743726547333725,2272
6006350.0,1736550.0,0,2.0322182114507774e-08,15654,0.6982714727848471,2630,0.5688188751406521,4586,0.6049364745840168,1400,0.4865444595254287,564,0.5754448633841375,470,0.7181381996941414,2329,0.6998928998925136,2809,0.32836755108682514,8108,0.6586401840632489,914,0.756222799692009,819
5906750.0,1754050.0,0,0.008411738877998114,5086,0.7053626544776859,2381,0.6398247091874156,1726,0.6109251726658506,1018,0.47069830134304447,727,0.5713156499239905,537,0.7161789076434579,2365,0.7518927247651492,1882,0.5045623899950531,1476,0.6584583245928572,915,0.6493099437078393,2908
5999250.0,1749650.0,0,6.281695520468649e-08,15050,0.4707163565197279,13736,0.4662459310768512,13366,0.6389813959492745,131,0.42693745347030304,1403,0.5806307237270506,392,0.4708535316397948,13048,0.5167333313724689,10835,0.6145578076315505,450,0.6583904565888801,916,0.59009040123459,4980
5948050.0,1792150.0,0,5.820776466876202e-05,10303,0.6382769041893428,5419,0.6019339361743957,2762,0.6233295389960432,521,0.4030448508021255,1888,0.5875126697899368,310,0.639019604663531,5433,0.6842626917040318,3261,0.7586932017537407,124,0.6582522825831881,917,0.8051871644737525,356
5905150.0,1759850.0,0,2.526629068502145e-13,20145,0.6426389399927599,5200,0.5340409725757618,7144,0.5749663751003261,6771,0.38370638677641367,2391,0.5183665149818959,4338,0.6316427761950043,5750,0.5382163816199834,9623,0.4396212441553641,3060,0.6580179268432853,918,0.5100216860543627,8038
5906150.0,1742450.0,1,0.9999999614566325,756,0.8873342033959691,907,0.7046915918861469,861,0.5669544884063998,8999,0.3816020941860926,2464,0.5352936948738178,2280,0.957646093842822,887,0.9355905158466736,218,0.5114003675959935,1345,0.6579942755930183,919,0.8471029325900659,147
5902450.0,1740150.0,0,8.568418313314784e-05,9906,0.534950313604221,10631,0.5306372508848823,7472,0.5771290283378397,6199,0.36938333002170665,2908,0.5341688129103646,2391,0.5429730299874518,9830,0.5796958411544187,7516,0.5073777327146158,1421,0.6579155379575714,920,0.7871537601085796,490
5909250.0,1750950.0,0,8.54120433486583e-07,13532,0.4734932816978026,13593,0.48406706137056016,11707,0.5571154678109935,12286,0.46098816238336116,844,0.515408981373691,4812,0.4570657720980861,13671,0.5093420284286194,11262,0.443759725659166,2953,0.6576480077637037,921,0.5952183633457105,4759
6001150.0,1724350.0,0,0.001076175869475695,7224,0.5309639293051096,10793,0.5509031838086497,5827,0.5521704620904195,14639,0.4487947522688643,1025,0.5426308412831212,1692,0.5455083258977872,9729,0.6019163924881886,6446,0.45102945280885653,2733,0.6575765135633631,922,0.7818536316756223,531
5901850.0,1758750.0,0,0.00014181613757619768,9372,0.3774075580202544,18384,0.44523781799853285,15224,0.5661615043858985,9231,0.4361053632339737,1233,0.5392355945082402,1938,0.3838225328564281,17027,0.4556019866827876,14459,0.5201131153210808,1213,0.6571095997269738,923,0.7851342207884053,506
5944150.0,1762950.0,0,2.0406185240729527e-06,12990,0.6778648180043925,3438,0.5941336048363736,3114,0.600380694620828,1857,0.3965582039577699,2045,0.5651724222872465,684,0.665633872750269,4225,0.6757821954053299,3522,0.5185233000539226,1236,0.6570860406582256,924,0.68934428182463,1942
6005750.0,1736550.0,0,9.489351131751701e-17,21487,0.6741966308905722,3611,0.5275797278256337,7748,0.6115340118170023,987,0.49899069458150175,450,0.5798429385386172,402,0.6951036359507816,3050,0.5613769022725024,8400,0.32510063042873816,8310,0.6569371576661566,925,0.5642339038336681,6038
6037050.0,1727450.0,0,1.997042403901591e-06,13005,0.604541786866407,7142,0.5456337072716042,6227,0.5990539069821482,2001,0.5017165866628208,425,0.571713148088445,531,0.6077502102876176,6851,0.6159965837848049,5816,0.28099392991180006,11350,0.6569292887066551,926,0.3510075875610501,12637
5984950.0,1753650.0,0,4.607093579698116e-12,19209,0.6651426648898341,4059,0.5634475358550474,4946,0.5679793180828107,8730,0.46117469692589563,843,0.5196738466846805,4139,0.6446422194092308,5174,0.6287027096688598,5306,0.4318708833520555,3328,0.6568144041998798,927,0.4668056762411964,9375
5909750.0,1749950.0,0,1.0993964540736181e-11,18887,0.5088882005729112,11857,0.43471610172826664,16100,0.537500775212067,18795,0.43705619007709096,1221,0.5180347510071961,4386,0.4774111229472202,12760,0.4746423685423886,13332,0.26108143942350415,12825,0.6567691731875844,928,0.6635309825719684,2525
5902950.0,1740750.0,1,0.999999993329098,610,0.8866580145104356,942,0.7093603055942703,778,0.5603670724730118,10930,0.40825764660929514,1794,0.5130921610231608,5199,0.9551019724697273,1027,0.9297401541379128,327,0.5041080051729429,1487,0.65675921085505,929,0.5769002379513355,5541
5971150.0,1774850.0,0,2.7380490519848866e-05,11035,0.3865990818342455,17912,0.4847317298486394,11644,0.5826459219731803,4897,0.451032228603774,992,0.5554439312002618,988,0.39285019955194156,16604,0.47722757746979005,13184,0.4396177133623207,3061,0.6566177196847918,930,0.6942659753144883,1847
6003250.0,1760250.0,0,7.383908083623839e-10,17200,0.3278380116783279,20637,0.36635671227897054,20266,0.5653458288934609,9470,0.3993089331973652,1979,0.529252244713315,2900,0.31873984967916713,19820,0.37296484312133005,18804,0.4201061399784505,3730,0.656567819490762,931,0.6881977430339277,1969
6001050.0,1767250.0,0,7.358051436534567e-05,10074,0.6845254350928335,3164,0.6248222701034335,2016,0.5029619386255683,21155,0.4171641650948188,1593,0.4835523209647306,10793,0.6922365407922071,3137,0.7199800402865266,2360,0.3195389622608188,8662,0.6565226246850987,932,0.6549030165792656,2745
5902850.0,1740350.0,1,0.9999999999398959,292,0.9151416022196506,31,0.7203477664421093,522,0.5645397625775139,9692,0.3748209741994294,2711,0.5294472750632994,2879,0.99223510748122,45,0.9601159884176325,47,0.5318700077782602,1048,0.6565154560337212,933,0.8404817338808614,169
5989450.0,1757050.0,1,0.9999999999504297,282,0.8884972743135758,850,0.7241019137394958,440,0.5798920046474346,5539,0.4102814274823424,1751,0.5548211864078177,1004,0.9658333220708307,473,0.9187663477019656,606,0.4677291913491942,2274,0.6565153303596698,934,0.8616358297982907,117
5986550.0,1750450.0,1,0.9999999985692358,514,0.8978029036896974,251,0.7311979787045678,286,0.6170945784047596,723,0.4163929921177741,1611,0.5724203051867143,520,0.9641613031312428,550,0.9203259200607496,556,0.733772510476052,162,0.6564143148158499,935,0.7918942723634184,447
5995050.0,1749650.0,0,8.799247669690048e-07,13517,0.5853316577577359,8084,0.5370096405994287,6926,0.6045519977788796,1430,0.49149997658085975,523,0.5761763932319244,455,0.592653959746706,7522,0.5980800715569955,6616,0.30268062264991946,9777,0.6563928749851569,936,0.5335524421617944,7233
5904350.0,1742050.0,1,0.9999999713882176,725,0.8850496842473201,1038,0.7051311469146826,851,0.5682242511699294,8662,0.41939960941404936,1551,0.5504022687187214,1199,0.9561335060618756,964,0.9360891015552713,211,0.44399346818766805,2947,0.6562451566747542,937,0.8593601740020621,121
5980050.0,1754050.0,0,4.3449478095585784e-17,21540,0.41549174798848637,16476,0.40219697623627904,18463,0.5520126798727886,14700,0.4260943828583636,1412,0.5043352478435671,6779,0.3632613756944316,17976,0.397762273302257,17683,0.2939077925041984,10423,0.656199033844367,938,0.42168146896348535,10794
5902650.0,1759050.0,0,0.0014914653818158946,6890,0.5792271484066073,8424,0.5515642886355846,5771,0.605852986061328,1321,0.4340026047108683,1270,0.5679596287401874,616,0.5752429148894984,8345,0.6069657153878083,6239,0.5671034049331449,728,0.6561493303353005,939,0.7810886198781182,542
5949450.0,1794650.0,0,3.5212976331124754e-13,20048,0.5620212994607848,9337,0.5134308493467663,8974,0.5758034163061556,6556,0.4131415432328323,1688,0.5202996341142522,4047,0.5408942230310503,9937,0.5745329098225852,7750,0.49982007745273593,1562,0.6561240432784253,940,0.632459965271071,3419
6036550.0,1715650.0,0,2.2248558128350785e-15,21140,0.6109089862920956,6810,0.49590107658865834,10589,0.5658723139971674,9307,0.43919293041531515,1191,0.5203801713087739,4036,0.6146702742739708,6540,0.551596986028366,8887,0.23218032394679966,15004,0.6561131508900343,941,0.40982909340863416,11157
6035650.0,1711450.0,0,2.269497686704034e-15,21137,0.4368980499188434,15373,0.40385177915841386,18370,0.5557747449898076,12915,0.4492111342308242,1014,0.4962037803537797,8317,0.3880266218571444,16821,0.39452211449407903,17838,0.3484939285345209,6931,0.6560205717051775,942,0.3577921140049115,12476
5982550.0,1754650.0,0,0.003422306868824841,5995,0.7142745702545813,2137,0.6385718678258533,1751,0.5619130787527576,10471,0.37008624260099804,2888,0.5423305989015973,1720,0.7482201361081101,1829,0.7758208211905985,1674,0.47875778371822264,1997,0.6559527808613086,943,0.8085173110003743,341
5903550.0,1740350.0,1,0.9999999999979667,105,0.9157736929939227,23,0.7335640897045879,242,0.5879720943579153,3754,0.3749600071073482,2707,0.5385331924752884,1984,0.9924907077058491,40,0.964369362178779,32,0.5801556802047948,635,0.6559160927814143,944,0.6683332803324863,2407
5940050.0,1768750.0,0,0.00031903294599854704,8459,0.41729892482590036,16396,0.45017493825589205,14763,0.5671769744860002,8935,0.3872071775276808,2295,0.5359931688924336,2202,0.4007815441530298,16242,0.442049945466091,15253,0.444832303111358,2918,0.655873278990223,945,0.680772409896762,2133
5903450.0,1741150.0,1,0.9999999720232328,723,0.8856923328018167,1002,0.7066045355355265,825,0.574027609284732,7037,0.37350491552328297,2758,0.5439664754006359,1613,0.9560364222775314,971,0.9336931972741209,248,0.5009527212604108,1538,0.6558517483972031,946,0.8606842485648096,119
6039350.0,1713650.0,0,0.009754731625766979,4954,0.7174577911835949,2071,0.6502737388003483,1509,0.5895935055964308,3473,0.4412731069062794,1148,0.5367811944228805,2132,0.7491481610750943,1813,0.7687210107305822,1717,0.46659046951403504,2305,0.655787653146789,947,0.4516019237592134,9877
5989850.0,1756850.0,1,0.9999999999914533,175,0.9202243094301403,5,0.7584020620620836,7,0.625249031177965,463,0.44783109679806243,1040,0.5882720389618066,303,0.9978514271128426,6,0.9863782482154285,5,0.826080604353961,47,0.6556370246049026,948,0.8603376402695675,120
6041150.0,1736150.0,0,2.3986470991660576e-07,14306,0.6384168165042304,5410,0.5697586875781175,4524,0.5761410024315133,6456,0.499888924102668,441,0.565484752632671,678,0.6351727548873066,5597,0.6282370704123202,5328,0.25495821826342524,13277,0.6551193879916682,949,0.35124699000682646,12628
6041550.0,1736650.0,0,3.5212862398577563e-10,17532,0.438559825415077,15302,0.446078821586673,15152,0.5787955758962657,5792,0.5077411224271906,369,0.555146267791317,995,0.40243664601219997,16154,0.42530138613407775,16243,0.2350827457243745,14758,0.655053675387851,950,0.31510546705787346,13569
5971950.0,1776250.0,0,2.524964234418786e-12,19406,0.34324912623753845,20034,0.3808588044808286,19616,0.5622122101045527,10384,0.4495619466261117,1007,0.5388222352963037,1963,0.3294105655586109,19421,0.3794521474916661,18531,0.3549220402145761,6576,0.6550333656323689,951,0.6545809147905217,2754
5943450.0,1762550.0,0,0.009517440758624639,4978,0.4460362747704269,14943,0.4942481900345773,10745,0.5585767555132354,11644,0.38926104217497814,2239,0.5408576750235039,1812,0.4537004229684385,13818,0.5113129253880948,11139,0.44074997602040655,3029,0.6547704705908712,952,0.7052600609388959,1639
5907150.0,1770450.0,0,3.1445170345724586e-06,12698,0.31300364497254585,21104,0.39839602206020347,18704,0.6161811448599368,757,0.4233475972973715,1463,0.5677632326998848,620,0.30238036405864344,20442,0.38457849327170734,18304,0.7105579148932847,192,0.6544837078435235,953,0.6913572137001197,1902
5904550.0,1740650.0,1,0.9999999998816116,320,0.9127953448545633,83,0.7217724403017337,495,0.5717004050328601,7688,0.4165777581200436,1607,0.5552158726203987,994,0.99232224228358,42,0.965819390499583,30,0.43695681786348706,3145,0.6543863489143846,954,0.8751062379154676,96
5971350.0,1772250.0,0,0.0029591509255921275,6151,0.6278334000741898,5962,0.6274969507166022,1951,0.62241945706975,542,0.39321545484725157,2135,0.5701891301359417,559,0.660897903617599,4424,0.7137291088994211,2488,0.6666465243300821,277,0.6543121184266123,955,0.6610491340916369,2593
5971250.0,1775050.0,0,7.082069426935374e-07,13665,0.6266404618368988,6016,0.5872664299784442,3461,0.5733610773171329,7224,0.39446300557128067,2093,0.5471694626507847,1393,0.6177683001426242,6405,0.6565896631865039,4218,0.48568085661100857,1852,0.6542969589878063,956,0.7839208098919294,515
5905450.0,1758350.0,0,1.690408424867073e-07,14515,0.5507291706404724,9904,0.5231343851667944,8122,0.5584131632663396,11703,0.3944562773246602,2094,0.5232799494073338,3655,0.5470533250074825,9661,0.5888005014641777,7039,0.4508196021505868,2740,0.6541437037933028,957,0.7841230400779053,513
5996750.0,1749250.0,0,9.06147418611953e-12,18960,0.47771558468923786,13381,0.46005095360611353,13883,0.609885349718775,1072,0.48471324934629395,580,0.569173029318641,585,0.44597731763807513,14186,0.4865892365773732,12639,0.526563152066683,1113,0.6539989957111505,958,0.5391476656583936,7030
5907750.0,1773850.0,0,0.0074014432428655495,5213,0.36897937350095444,18768,0.45375321211038594,14449,0.5354997744981161,19141,0.3763050477068333,2656,0.5156576043293365,4767,0.3572300801528612,18239,0.4309962439213958,15907,0.4357584729023012,3185,0.6539338027998445,959,0.7551426372855053,833
5943750.0,1762250.0,0,1.7182735061822308e-06,13119,0.7023773063367903,2472,0.5932919871775003,3158,0.575122334663837,6726,0.3877186836782353,2281,0.541938527070281,1744,0.70747161856916,2623,0.7072776353140284,2631,0.5175858346288786,1249,0.653741581101547,960,0.6896766228592077,1930
6009950.0,1760150.0,0,0.0005081123107894313,8024,0.325730743792592,20712,0.40975741566985907,17986,0.5458636608000011,16759,0.3953401806696793,2074,0.5069137125142099,6312,0.3248187642056384,19578,0.3862386480839579,18237,0.3814249851644289,5345,0.653706099590422,961,0.7168468584349872,1433
5905250.0,1741850.0,0,0.03302279739894938,3709,0.6541798765989186,4639,0.6241871391296665,2027,0.6148844772369361,806,0.41372173459369377,1670,0.5569454405654706,935,0.6846335564560738,3411,0.7315764188154569,2159,0.65032841748391,324,0.6536928266796314,962,0.5424360134227642,6900
5982150.0,1761850.0,0,0.00022625569819937643,8869,0.5469657480656981,10074,0.5612006955540998,5087,0.5299305622373853,19910,0.4547621763191528,944,0.5106421468321473,5603,0.547218845516221,9655,0.5919082325731982,6892,0.4475300988918385,2839,0.6536766689958765,963,0.7122429643704217,1513
5901250.0,1758550.0,0,0.0002863924267706236,8600,0.550276341042236,9923,0.5640252856308711,4899,0.5743439124619127,6953,0.4223924075907306,1489,0.5599095513616777,833,0.5704229020345728,8549,0.6291840987720766,5280,0.5577985044366709,786,0.6536423372710818,964,0.8049658331393152,357
5905350.0,1752850.0,0,0.00015079744321683038,9306,0.5257657904672778,11084,0.5226082490060632,8163,0.5722024125762581,7546,0.45555060514819545,936,0.5345168347170737,2358,0.5463823178399903,9694,0.6002744617858995,6515,0.4920005110675947,1714,0.6535772816909153,965,0.7754727794025342,607
5981150.0,1760850.0,0,7.1832003164777876e-09,16190,0.6637728883966272,4127,0.5629831699462505,4970,0.49873760746437457,21223,0.45180219733327076,983,0.46597920131647913,14083,0.6535660762389328,4777,0.6420395072083476,4769,0.3196720594908492,8652,0.653431980579561,966,0.4580942696297683,9658
5903250.0,1740950.0,1,0.9999999999955249,142,0.9154544619456109,29,0.7381853709000094,161,0.597164924750195,2254,0.41317939804682574,1685,0.5536402820733256,1061,0.9932110936420511,29,0.9697740942006909,17,0.5352784613331889,1011,0.6530491402384362,967,0.6583547180545573,2651
5907950.0,1742650.0,0,0.00022801587912719685,8863,0.653951597314032,4651,0.5848552171718086,3588,0.6072547736742696,1241,0.42484816885979304,1430,0.5754101956589863,472,0.6721659005908199,3930,0.699070051092774,2839,0.5687972636241447,712,0.6529255407595076,968,0.8038303955945859,366
6035750.0,1727550.0,0,2.4807239305958233e-12,19415,0.3192376216293654,20917,0.3364155638883182,21175,0.570020444229209,8159,0.438469014043194,1202,0.5405584864595334,1839,0.28433820924627473,20940,0.2927637168394399,21133,0.2198986294572436,15950,0.6528369180510556,969,0.4189713396816577,10877
5944450.0,1768650.0,0,4.524558779125865e-06,12451,0.6217143078603192,6295,0.5568871371167748,5390,0.5514601640227332,14926,0.45848548660123656,888,0.5317171823617326,2628,0.6358004277367504,5566,0.6505940094045537,4448,0.39776186579545425,4620,0.652748713804811,970,0.6738326263414909,2287
5903150.0,1740050.0,1,0.9999999999509137,281,0.9141116478799965,50,0.7293675912895727,315,0.58190037410833,5069,0.35388276221128145,3489,0.5541297071074716,1037,0.9927742081216411,37,0.9665860361748437,28,0.4708417029791583,2195,0.6525646160934839,971,0.8693114604073526,105
5904050.0,1741150.0,1,0.9999999999625,273,0.9136883403324232,61,0.7174721355233109,604,0.5669398840950841,9003,0.3808016925547773,2499,0.5272424307896517,3142,0.9914767421684328,60,0.958502049088299,54,0.5290186542425214,1088,0.6524902821720674,972,0.7530785466244079,863
5909550.0,1774950.0,0,6.504493461260055e-06,12179,0.7148986098134127,2123,0.6106016384908542,2468,0.5505922395276982,15234,0.40638969414683673,1830,0.5029572285646725,7008,0.7111961534996079,2512,0.7047879429607488,2695,0.4392913185624876,3072,0.6521231954017833,973,0.6833228407423972,2073
5904950.0,1740950.0,1,0.9999999999721125,254,0.9155876957824737,27,0.7332647777292489,248,0.5969542476134111,2278,0.35632074721479134,3388,0.5537484758841394,1053,0.9935179465110316,22,0.9679652535871238,25,0.5821339624037308,624,0.6519989945848023,974,0.8618284769184191,115
6041850.0,1736850.0,0,6.1628475756543e-13,19870,0.6364149816037497,5524,0.5384933798773257,6800,0.5863006877861184,4108,0.5116277394942298,335,0.5500666196953801,1224,0.6268453192621823,5972,0.5214029546712823,10547,0.24329301564873973,14126,0.6519574885896422,975,0.3048472793454059,13866
5984750.0,1750650.0,1,0.9999991332135084,1071,0.8826374294760005,1128,0.7199774745703675,534,0.6100634781164294,1063,0.4527874448337302,972,0.5644562181139238,700,0.9507501031029868,1131,0.903451568298005,1005,0.3706159842394605,5796,0.6519488150385105,976,0.5506483434850684,6576
5994150.0,1749150.0,0,0.002695792931941084,6258,0.3206283981172898,20877,0.42527955103816195,16861,0.6415473441999022,102,0.40873659377062505,1783,0.5907533925718045,272,0.2975553639544223,20598,0.37614464388576274,18674,0.6295353307123843,401,0.6517789491682544,977,0.7500517981736143,909
5900650.0,1743050.0,0,6.604633494991328e-05,10184,0.48234081438222515,13165,0.47533664026709777,12555,0.5529267247513057,14340,0.41504497653841654,1639,0.5013236695108078,7319,0.4749189187974663,12873,0.5174005311392658,10792,0.4029931160361053,4397,0.6517452686104498,978,0.6467934571956656,2982
5908550.0,1758350.0,0,6.589533450971423e-16,21294,0.38029336804358804,18225,0.33052476879011705,21294,0.5421902793532248,17809,0.4428961709236409,1119,0.497513025577909,8045,0.3330913064132319,19270,0.3313481568130259,20281,0.2259419704090022,15498,0.6515419731249723,979,0.4311744652598116,10522
5986750.0,1760050.0,0,4.5062394969778665e-08,15212,0.4437697422890567,15064,0.4678640231943889,13202,0.563589916285469,9961,0.4210697645864069,1511,0.5352644012628921,2283,0.4152297916630985,15571,0.47606739214623073,13246,0.4571289137429976,2558,0.6515365013574999,980,0.7502776423896985,907
5970550.0,1772550.0,0,1.543021854893738e-10,17901,0.41222791778158396,16657,0.4391853810593561,15728,0.5535934824167039,14027,0.4399113503245175,1175,0.5312155207161768,2678,0.3839567954302485,17022,0.43839688312088665,15468,0.3706187637679862,5794,0.6515053401469914,981,0.690928689249006,1910
5982350.0,1756250.0,0,0.2789837985962356,2143,0.7413022455781427,1635,0.6502390978734297,1511,0.550068420330915,15418,0.3942991497452326,2107,0.5229984403599706,3688,0.7704500865587784,1620,0.7935336734842622,1591,0.44934067094651786,2779,0.6514798766792823,982,0.7917286400280331,449
5985050.0,1751050.0,0,8.849230384419194e-10,17112,0.5201590900112324,11342,0.5103640827735352,9257,0.5984412319839907,2083,0.49889335214162084,451,0.5486858061432346,1296,0.48950319451011337,12189,0.5238420259830372,10407,0.2848308184742332,11064,0.6514207727595638,983,0.44562601156405424,10078
5986450.0,1756850.0,0,1.2556499395170641e-15,21219,0.500667605098653,12259,0.4569510749929322,14174,0.5655866269040077,9402,0.39663577291588276,2043,0.5218328113875147,3858,0.4790007271708825,12688,0.4892716935927742,12480,0.36784806902274103,5945,0.6512060131741522,984,0.496128412589837,8462
5983050.0,1753150.0,0,0.00018713675314898935,9094,0.4674928268739951,13887,0.4880183093380278,11351,0.565209598500056,9513,0.4309044507287152,1327,0.5150257686162597,4870,0.45214238843257293,13899,0.4991966134599769,11858,0.46514112348702263,2338,0.6510971543037892,985,0.6461312430967939,3006
5908850.0,1771750.0,0,1.436333185188011e-10,17939,0.41451732250129253,16537,0.4335661194648706,16201,0.5678669069096501,8761,0.45550925400726594,937,0.5064106865981536,6422,0.40727054881910196,15927,0.46124289834511156,14114,0.3795692868420647,5416,0.6510398129040488,986,0.4772232980340816,9050
6040050.0,1734250.0,0,3.251615168493963e-13,20070,0.4283609918040204,15817,0.42392754977398606,16964,0.5761840470051852,6445,0.5281594736170541,213,0.5445363939068558,1572,0.3770994040197675,17354,0.3931836445732072,17899,0.22672028783900033,15438,0.6509371089655258,987,0.30436440746295657,13885
5908750.0,1752950.0,0,0.0023639262741149843,6390,0.7047358693203303,2397,0.6140954524536812,2320,0.5602231072066255,10987,0.4836374190218328,594,0.5127030776522707,5254,0.7246832500150404,2185,0.7519770891469422,1878,0.48679619780919625,1837,0.6508578578300044,988,0.4911779778043125,8629
5903250.0,1770550.0,0,2.475268680356125e-07,14292,0.669612415068428,3831,0.5694781095662621,4545,0.5913354800542512,3167,0.3953076415908459,2075,0.5439952809375949,1610,0.6725503650495793,3916,0.6431940881919173,4717,0.6826816523076282,237,0.6508086097311437,989,0.6593222234933505,2632
6000950.0,1769750.0,0,1.1743212247492435e-05,11752,0.47516237882647777,13503,0.5044572953271936,9791,0.5079134557120415,21051,0.42828504487450286,1382,0.4833783933544755,10834,0.46494894260807085,13321,0.5034160565042126,11629,0.33526358232104014,7680,0.6507267177398324,990,0.46030373324961915,9597
5997450.0,1748050.0,0,0.005885386220876183,5456,0.33418679053474726,20410,0.43050725899533576,16434,0.6359134209496774,178,0.4672144457396518,768,0.6047244245689691,178,0.31226433386662245,20079,0.3886351119244169,18105,0.5439634168436422,919,0.6504823255058514,991,0.7569921157942852,809
6008550.0,1764850.0,0,3.0568731603712045e-12,19355,0.6408971071027927,5282,0.5035310346554468,9884,0.548649604886991,15858,0.4478824322354134,1039,0.4915768474325551,9206,0.6226514318476485,6190,0.5327612670475365,9887,0.19760031616485274,17669,0.650426463817892,992,0.4345296204106478,10418
5904650.0,1740750.0,1,0.9999999999973113,116,0.8862700256232007,964,0.6993139412105613,938,0.5576585647064751,12050,0.3956472964455131,2065,0.5349653127545114,2320,0.9613905806836534,688,0.8983640506841398,1066,0.45236316489380735,2692,0.650425114086007,993,0.8398221930676122,172
6035750.0,1693950.0,0,0.0001646224863819745,9224,0.6994399078334134,2585,0.6224203712378251,2076,0.5586743856915736,11598,0.4315188074638194,1319,0.5155884226167157,4781,0.7057671856092871,2676,0.7154263644781306,2448,0.3286254363733685,8086,0.6502745281699971,994,0.506943313666893,8126
5987450.0,1757450.0,0,3.9330260964868094e-05,10699,0.34969954523761754,19740,0.43514264691387844,16065,0.6238261782269495,506,0.4293836112927637,1355,0.5854556423124845,331,0.3244607993655604,19591,0.40991741445410357,17069,0.6424458852847343,350,0.6502452027349251,995,0.8040784790421824,364
5907550.0,1742850.0,1,0.9999994656430684,1024,0.885023739648192,1042,0.6970699835386301,969,0.5798277893946362,5552,0.37031862886026073,2874,0.5523157101922277,1113,0.9565167376809253,942,0.9331719432480095,256,0.592312900477864,558,0.6498007806182328,996,0.8377654172035041,183
5970250.0,1776050.0,0,1.2872555945963293e-08,15896,0.5642092258007653,9211,0.4976141576729588,10405,0.5460634383722291,16697,0.3955259460231806,2069,0.5120849789741243,5359,0.5403288146816349,9960,0.532118410902793,9933,0.2518132636610295,13527,0.649452796863889,997,0.7189702305370771,1397
5941250.0,1791050.0,0,1.36297549201965e-05,11635,0.7093862175176043,2265,0.6286391564978463,1926,0.5698023530097132,8223,0.36781036639739073,2958,0.5393620130150871,1929,0.7161773453728832,2366,0.7318750621171384,2156,0.45554810821358305,2615,0.6493484322354794,998,0.772377481635912,636
6031950.0,1714350.0,0,1.8610264666687645e-10,17816,0.44825518903243566,14848,0.45132541536885856,14665,0.563880084451049,9874,0.4643840823531768,797,0.5207551578867814,3986,0.42553381103072674,15117,0.4588631984140905,14258,0.3829538076141268,5260,0.6491349728422701,999,0.41605397680750156,10965
5905650.0,1754850.0,0,1.7112473490273724e-08,15732,0.5006198937862759,12263,0.4857637527044077,11544,0.5524929645979906,14511,0.45651170306793243,922,0.5102868116064988,5665,0.4863932210386077,12321,0.5304800558222538,10023,0.45261424808120587,2687,0.6491078348401801,1000,0.6568000798806248,2687
